id_x,endereco_x,id_lt_x,id_y,endereco_y,id_lt_y,score
488403,RAMA LPONTE COuBERTA 118228 BR 364 KM 58,0,488403,RAMAL PONTE COBERTA 118228 BR 364 KM 58,5346,0.07985602
488403,RAMA LPONTE COuBERTA 118228 BR 364 KM 58,0,533274,RODOVIA 364 16 RAMAL SAMAUMA,3303,0.13745284
488403,RAMA LPONTE COuBERTA 118228 BR 364 KM 58,0,735776,ESTRADA AM 254 1630 AUTAZES,4955,0.14130574
488403,RAMA LPONTE COuBERTA 118228 BR 364 KM 58,0,491670,RODOVIA BR 317 48 ORTIGRANJEIRA,4349,0.14311972
488403,RAMA LPONTE COuBERTA 118228 BR 364 KM 58,0,659181,RAMAL 16 3 BR 364,1116,0.14623003
743531,gC 110 UNIAO,1,831195,BECO 1 129 UNIAO,7030,0.11916101
743531,gC 110 UNIAO,1,743531,RUA C 110 UNIAO,4226,0.16582352
743531,gC 110 UNIAO,1,743489,RUA C 42 UNIAO,19,0.17218116
743531,gC 110 UNIAO,1,932044,BECO UNIAO 12 PETROPOLIS,2879,0.18185489
743531,gC 110 UNIAO,1,418154,TRAVESSAO C 18B 25 BUITIS,7220,0.1934086
229818,RUA RUA ANTONIO VIOLAO 2948 JûSCELINO KUBITSHEK,2,229818,RUA ANTONIO VIOLAO 2948 JUSCELINO KUBITSCHEK,4329,0.08386508
229818,RUA RUA ANTONIO VIOLAO 2948 JûSCELINO KUBITSHEK,2,235034,RUA BENEDITO INOCENCIO 8382 JUSCELINO KUBITSCHEK,1453,0.0844107
229818,RUA RUA ANTONIO VIOLAO 2948 JûSCELINO KUBITSHEK,2,256464,RUA FELIPE DOS SANTOS 8185 JUSCELINO KUBITSCHEK,9051,0.08813566
229818,RUA RUA ANTONIO VIOLAO 2948 JûSCELINO KUBITSHEK,2,310264,RUA TEOTONIO VILELA 7761 JUSCELINO KUBITSCHEK,5258,0.09051414
229818,RUA RUA ANTONIO VIOLAO 2948 JûSCELINO KUBITSHEK,2,310240,RUA TEOTONIO VILELA 3223 JUSCELINO KUBITSCHEK,1739,0.091071695
949932,tU A11 455 ALVORADA,3,967981,RUA 4 1152 ALVORADA,104,0.13493057
949932,tU A11 455 ALVORADA,3,947673,RUA 1 34 ALVORADA,426,0.13843687
949932,tU A11 455 ALVORADA,3,955485,RUA 17 295 ALVORADA,8517,0.14438021
949932,tU A11 455 ALVORADA,3,956183,RUA 18 322 ALVORADA,4127,0.14527553
949932,tU A11 455 ALVORADA,3,964955,RUA 29 137 TARUMA ACU,6308,0.14884663
566489,RUA DEZ DE JULHO 122 PLAAS,4,566489,RUA DEZ DE JULHO 122 PLACAS,3083,0.034672793
566489,RUA DEZ DE JULHO 122 PLAAS,4,566572,RUA DEZ DE JULHO 698 PLACAS,4239,0.038828712
566489,RUA DEZ DE JULHO 122 PLAAS,4,566535,RUA DEZ DE JULHO 428 PLACAS,3684,0.04367929
566489,RUA DEZ DE JULHO 122 PLAAS,4,1070198,RUA DEZ DE JULHO 172 COMPENSA,9334,0.059217297
566489,RUA DEZ DE JULHO 122 PLAAS,4,566635,RUA DEZ DE JUNHO 399 TROPICAL,234,0.061585434
668727,RUA PETROPOLIS 351 SIBERboA,5,668727,RUA PETROPOLIS 351 SIBERIA,542,0.04492613
668727,RUA PETROPOLIS 351 SIBERboA,5,668716,RUA PETROPOLIS 161 SIBERIA,8840,0.050975442
668727,RUA PETROPOLIS 351 SIBERboA,5,1123352,RUA ITUIUTABA 837 ALVORADA,5921,0.06795569
668727,RUA PETROPOLIS 351 SIBERboA,5,312562,RUA TUCUNARE 33 LAGOA,2637,0.074003726
668727,RUA PETROPOLIS 351 SIBERboA,5,1124673,RUA J G DE ABREU 382 PETROPOLIS,4598,0.07772942
376299,RUA CENTO E TRES 723 BãIRRO xAO JOSE,6,376299,RUA CENTO E TRES 723 BAIRRO SAO JOSE,6311,0.043368552
376299,RUA CENTO E TRES 723 BãIRRO xAO JOSE,6,88260,RUA JERUSALEM 2041 BAIRRO SAO JOSE,5507,0.07632059
376299,RUA CENTO E TRES 723 BãIRRO xAO JOSE,6,88256,RUA JERUSALEM 2026 BAIRRO SAO JOSE,3896,0.07829169
376299,RUA CENTO E TRES 723 BãIRRO xAO JOSE,6,823013,RUA CAMILO MORATO 2346 BAIRRO SAO JOSE,54,0.083888456
376299,RUA CENTO E TRES 723 BãIRRO xAO JOSE,6,427972,RUA TRINTA E DOIS 188 BAIRRO UNIAO,1284,0.08535711
442189,BECO CAMINHO DO CEU 5769 CENTRO,7,789819,RUA PRINCIPAL 345 CACAU PIRERA,8166,0.110037744
442189,BECO CAMINHO DO CEU 5769 CENTRO,7,1118393,RUA INDIO CRETA 2 COROADO,9673,0.11488106
442189,BECO CAMINHO DO CEU 5769 CENTRO,7,404735,RUA BOM FUTURO 3783 ALORADA,5642,0.11514269
442189,BECO CAMINHO DO CEU 5769 CENTRO,7,487286,RUA PROJETADA 11 884 CENTRO,7080,0.11785166
442189,BECO CAMINHO DO CEU 5769 CENTRO,7,611132,RUA X 845 NOVO CALAFATE,6984,0.120644934
502732,RUA NEWTON PRADO 676 JOAOw ALVES,8,502732,RUA NEWTON PRADO 676 JOAO ALVES,1741,0.016174689
502732,RUA NEWTON PRADO 676 JOAOw ALVES,8,502735,RUA NEWTON PRADO 694 JOAO ALVES,8083,0.021458272
502732,RUA NEWTON PRADO 676 JOAOw ALVES,8,655356,RUA NEWTON PRADO 746 CAFEZAL,2620,0.04489898
502732,RUA NEWTON PRADO 676 JOAOw ALVES,8,655344,RUA NEWTON PRADO 705 CAFEZAL,4250,0.04499903
502732,RUA NEWTON PRADO 676 JOAOw ALVES,8,655251,RUA NEWTON PRADO 6 CAFEZAL,9241,0.05028335
158144,RUA ALMIRANTE BARRO5O 1783 dASA RETA,9,58149,RUA PEDRO SPAGNOL 3985 TEIXEIRAO,4459,0.074730486
158144,RUA ALMIRANTE BARRO5O 1783 dASA RETA,9,58148,RUA PEDRO SPAGNOL 3982 TEIXEIRAO,9135,0.07641768
158144,RUA ALMIRANTE BARRO5O 1783 dASA RETA,9,57339,RUA MONTEIRO LOBATO 1768 TEIXEIRAO,382,0.08046809
158144,RUA ALMIRANTE BARRO5O 1783 dASA RETA,9,147124,RUA MARACATIARA 783 MARIO ANDREAZZA,7300,0.081508175
158144,RUA ALMIRANTE BARRO5O 1783 dASA RETA,9,145802,RUA LONDRINA 1698 VALPARAISO,9430,0.08292129
510752,AVENIDAINTERNACIONAL 269 CsNTRO,10,397405,AVENIDA MARECHAL RONDON 1197 CENTRO,2641,0.115130946
510752,AVENIDAINTERNACIONAL 269 CsNTRO,10,397418,AVENIDA MARECHAL RONDON 1294 CENTRO,1794,0.11859021
510752,AVENIDAINTERNACIONAL 269 CsNTRO,10,397495,AVENIDA MARECHAL RONDON 4616 CENTRO,2470,0.11966351
510752,AVENIDAINTERNACIONAL 269 CsNTRO,10,127557,AVENIDA MARECHAL RONDON 1203 CENTRO,3666,0.12326276
510752,AVENIDAINTERNACIONAL 269 CsNTRO,10,127568,AVENIDA MARECHAL RONDON 1219 CENTRO,5959,0.12369468
103607,AVENIDA D0UTOR LEWERGR 4865 GUAJARA MIRIM,11,103607,AVENIDA DOUTOR LEWERGER 4865 GUAJARA MIRIM,3237,0.029235408
103607,AVENIDA D0UTOR LEWERGR 4865 GUAJARA MIRIM,11,103632,AVENIDA DOUTOR LEWERGER 5154 GUAJARA MIRIM,9238,0.03584729
103607,AVENIDA D0UTOR LEWERGR 4865 GUAJARA MIRIM,11,855818,AVENIDA AUTAZ MIRIM 7204 TANCREDO NEVES,2572,0.05905301
103607,AVENIDA D0UTOR LEWERGR 4865 GUAJARA MIRIM,11,855802,AVENIDA AUTAZ MIRIM 7072 TANCREDO NEVES,7532,0.060771435
103607,AVENIDA D0UTOR LEWERGR 4865 GUAJARA MIRIM,11,101706,AVENIDA SALOMAO JUSTINIANO MELGAR 3778 GUAJARA MIRIM,5341,0.06092887
687789,RUA SAO SEBSTIAO 2 sCENRO,12,261309,RUA GIRUA 5552 SAO SEBASTIAO,6994,0.08672042
687789,RUA SAO SEBSTIAO 2 sCENRO,12,276789,RUA JURUA 1486 SAO SEBASTIAO,9998,0.09467013
687789,RUA SAO SEBSTIAO 2 sCENRO,12,345119,AVENIDA MACEIO 6226 SAO CRISTOVAO,6114,0.095771134
687789,RUA SAO SEBSTIAO 2 sCENRO,12,345062,AVENIDA MACEIO 5703 SAO CRISTOVAO,9779,0.09721879
687789,RUA SAO SEBSTIAO 2 sCENRO,12,276743,RUA JURUA 1197 SAO SEBASTIAO,8615,0.10034721
373686,RUw 347 491 VLIA iPERARIA,13,533274,RODOVIA 364 16 RAMAL SAMAUMA,3303,0.16252011
373686,RUw 347 491 VLIA iPERARIA,13,931897,BECO UIRAPURU 3 75 COROADO,3053,0.16271186
373686,RUw 347 491 VLIA iPERARIA,13,532223,RAMAL CEU ABERTO 5 COLONIA 3 IRMAOS,6612,0.17310272
373686,RUw 347 491 VLIA iPERARIA,13,508804,RAMAL TRES 44 BR364,1759,0.17771047
373686,RUw 347 491 VLIA iPERARIA,13,650108,RAMAL GLEBA F 4600 SENADOR GUIOMARD,5101,0.17861122
961181,RUA 219 99 NOVO ALEIXO,14,961181,RUA 219 99 NOVO ALEIXO,3136,1.0734505e-05
961181,RUA 219 99 NOVO ALEIXO,14,961146,RUA 219 59 NOVO ALEIXO,30,0.016229935
961181,RUA 219 99 NOVO ALEIXO,14,961169,RUA 219 81 NOVO ALEIXO,1523,0.017315049
961181,RUA 219 99 NOVO ALEIXO,14,961149,RUA 219 61 NOVO ALEIXO,9048,0.01980631
961181,RUA 219 99 NOVO ALEIXO,14,963222,RUA 248 89 NOVO ALEIXO,6405,0.021108057
694752,RUAU RUAU M 90 MONTE SINAI,15,694752,RUA UM 90 MONTE SINAI,6600,0.09909175
694752,RUAU RUAU M 90 MONTE SINAI,15,790716,RUA UIRAPURU 18 NOVO AMANHECER,8967,0.102753796
694752,RUAU RUAU M 90 MONTE SINAI,15,507243,AVENIDA RIO JURUA 1959 MIRITZAL,3750,0.10527649
694752,RUAU RUAU M 90 MONTE SINAI,15,1040232,RUA CINCO 89 PURAQUEQUARA,3491,0.105292365
694752,RUAU RUAU M 90 MONTE SINAI,15,330277,RUA 54A 10 NOVA MUTUM,5805,0.10647246
148586,RUA MNEZES FILO 2997 DO5 DE ABRIL,16,148586,RUA MENEZES FILHO 2997 DOIS DE ABRIL,1068,0.09281085
148586,RUA MNEZES FILO 2997 DO5 DE ABRIL,16,140689,RUA FLORES 490 DOIS DE ABRIL,8432,0.095375106
148586,RUA MNEZES FILO 2997 DO5 DE ABRIL,16,23436,RUA LAJES 5099 NOVE,3976,0.10146357
148586,RUA MNEZES FILO 2997 DO5 DE ABRIL,16,14230,RUA BRUSQUE 4984 NOVE,4056,0.10456315
148586,RUA MNEZES FILO 2997 DO5 DE ABRIL,16,291857,RUA PAULO LEAL 588 QUILMETRO UM,2267,0.105432555
496224,RUA AkFREO TELES 227 Noé,17,970588,RUA 5 69 COROADO,6778,0.09172728
496224,RUA AkFREO TELES 227 Noé,17,1130158,RUA JERUSALEM 41 COROADO,6093,0.105101585
496224,RUA AkFREO TELES 227 Noé,17,965248,RUA 3 18 COROADO,8288,0.10724066
496224,RUA AkFREO TELES 227 Noé,17,1129990,RUA JERUSALEM 18 COROADO,5934,0.1138638
496224,RUA AkFREO TELES 227 Noé,17,611132,RUA X 845 NOVO CALAFATE,6984,0.11925554
530273,RUA JOSE JOAQUI PEREIRA 1275 OLARIA,18,530273,RUA JOSE JOAQUIM PEREIRA 1275 OLARIA,122,0.0058033634
530273,RUA JOSE JOAQUI PEREIRA 1275 OLARIA,18,260765,RUA GERALDO SIQUEIRA 5723 CASTANHEIRA,2162,0.054110073
530273,RUA JOSE JOAQUI PEREIRA 1275 OLARIA,18,55560,RUA JOSE TOMAZ DE AQUINO 4194 JOSINO BRITO,3213,0.0570848
530273,RUA JOSE JOAQUI PEREIRA 1275 OLARIA,18,55354,RUA JOSE MARQUES DE OLIVEIRA 5063 RIOZINHO,8597,0.057810187
530273,RUA JOSE JOAQUI PEREIRA 1275 OLARIA,18,55521,RUA JOSE TOMAZ DE AQUINO 3915 JOSINO BRITO,8359,0.059392132
657331,RUA GOVERNADOR ORLEIR CAMELI 1 AsNá ALVES VIEIRA,19,657331,RUA GOVERNADOR ORLEIR CAMELI 1 ANA ALVES VIEIRA,5044,0.050888613
657331,RUA GOVERNADOR ORLEIR CAMELI 1 AsNá ALVES VIEIRA,19,320542,RUA GOVERNADOR ARI MARCOS 1280 AGENOR M DE CARVALHO,8360,0.0731566
657331,RUA GOVERNADOR ORLEIR CAMELI 1 AsNá ALVES VIEIRA,19,320661,RUA GOVERNADOR ARI MARCOS 2100 AGENOR M DE CARVALHO,3603,0.075751044
657331,RUA GOVERNADOR ORLEIR CAMELI 1 AsNá ALVES VIEIRA,19,1092201,RUA ENGENHEIRO VILAR FIUZA 3 SSO JOSE OPERARIO,1840,0.076423354
657331,RUA GOVERNADOR ORLEIR CAMELI 1 AsNá ALVES VIEIRA,19,223428,RUA ALEXANDRE GUIMARAES 4610 AGENOR M DE CARVALHO,1030,0.07902898
883933,AVENIDA MARGAITâ 2258 NOVA CIDADE,20,883933,AVENIDA MARGARITA 2258 NOVA CIDADE,9900,0.018555347
883933,AVENIDA MARGAITâ 2258 NOVA CIDADE,20,885947,AVENIDA NEPAL 290 NOVA CIDADE,7801,0.052689943
883933,AVENIDA MARGAITâ 2258 NOVA CIDADE,20,899150,AVENIDA TUCUMA 762 CIDADE NOVA,9308,0.05429625
883933,AVENIDA MARGAITâ 2258 NOVA CIDADE,20,855274,AVENIDA ATROARIS 55 CIDADE NOVA,407,0.059383094
883933,AVENIDA MARGAITâ 2258 NOVA CIDADE,20,855351,AVENIDA ATROARIS 119 CIDADE NOVA,4692,0.062087703
1042581,RUA CINCO DE SETEMBRO 709 JAPIIM,21,1042581,RUA CINCO DE SETEMBRO 709 JAPIIM,6539,4.8246034e-06
1042581,RUA CINCO DE SETEMBRO 709 JAPIIM,21,1042146,RUA CINCO DE SETEMBRO 27 JAPIIM,5569,0.023819005
1042581,RUA CINCO DE SETEMBRO 709 JAPIIM,21,1041914,RUA CINCO DE JUNHO 516 COROADO,3671,0.060565293
1042581,RUA CINCO DE SETEMBRO 709 JAPIIM,21,961948,RUA 23 DE SETEMBRO 1287 LAGO AZUL,9686,0.06530906
1042581,RUA CINCO DE SETEMBRO 709 JAPIIM,21,1041641,RUA CINCO DE FEVEREIRO 623 BETANIA,1164,0.07060115
912916,BECO BOA SORTE 4 317 PRESIDENTE,22,912916,BECO BOA SORTE 4 317 PRESIDENTE VARGAS,8438,0.0364315
912916,BECO BOA SORTE 4 317 PRESIDENTE,22,912896,BECO BOA SORTE 4 103 PRESIDENTE VARGAS,360,0.041940585
912916,BECO BOA SORTE 4 317 PRESIDENTE,22,934616,BECO SANTA RITA 1007 COROADO,7523,0.09723823
912916,BECO BOA SORTE 4 317 PRESIDENTE,22,930848,BECO SILVA 2 MAUAZINHO,7105,0.1030326
912916,BECO BOA SORTE 4 317 PRESIDENTE,22,924482,BECO NOVA JERUSALEM 23 JORGE TEIXEIRA 4 ETAPA,8344,0.10579583
565120,RA DAMA DA NOjTE 773 TROPCIL,23,535900,ALAMEDA MANACAIAS 358 CHACARA IPE,182,0.11325055
565120,RA DAMA DA NOjTE 773 TROPCIL,23,637662,RAMAL PICAREIRA 520 AMAPA,9958,0.1166286
565120,RA DAMA DA NOjTE 773 TROPCIL,23,851689,ALAMEDA ITALIA 82 CHAPADA,8757,0.11861709
565120,RA DAMA DA NOjTE 773 TROPCIL,23,625250,TRAVESSA DO DIVISOR 76 ELDORADO,8250,0.13152373
565120,RA DAMA DA NOjTE 773 TROPCIL,23,636897,RAMAL DOIS IRMAOS 63 TRANSACRIANA,3005,0.13181272
1026490,RUA CAJyBIA CAJyBIA ANTIGA RUA MARGINAL 63 SAO JOSE OPERARIO 2,24,1026490,RUA CAJUBIA ANTIGA RUA MARGINAL 63 SAO JOSE OPERARIO 2,8788,0.023268213
1026490,RUA CAJyBIA CAJyBIA ANTIGA RUA MARGINAL 63 SAO JOSE OPERARIO 2,24,1008200,RUA BARREIRINHA ANTIGA RUA J 4 SAO JOSE OPERARIO,492,0.050465345
1026490,RUA CAJyBIA CAJyBIA ANTIGA RUA MARGINAL 63 SAO JOSE OPERARIO 2,24,1008456,RUA BARREIRINHA ANTIGA RUA J 245 SAO JOSE OPERARIO,4729,0.050763093
1026490,RUA CAJyBIA CAJyBIA ANTIGA RUA MARGINAL 63 SAO JOSE OPERARIO 2,24,1052061,RUA CURIAU ANTIGA RUA RIO BRANCO 120 SAO JOSE OPERARIO,5802,0.060193382
1026490,RUA CAJyBIA CAJyBIA ANTIGA RUA MARGINAL 63 SAO JOSE OPERARIO 2,24,1008165,RUA BARREIRINHA (RUA J) 2 SAO JOSE OPERARIO 3,5479,0.06449469
840990,RUA VALDEMAR VENTURA 2383 SAOJOS,25,840990,RUA VALDEMAR VENTURA 2383 SAO JOSE,1471,0.027902037
840990,RUA VALDEMAR VENTURA 2383 SAOJOS,25,841033,RUA VALDEMAR VENTURA 2486 SAO JOSE,3912,0.049054258
840990,RUA VALDEMAR VENTURA 2383 SAOJOS,25,280768,RUA MANE GARRINCHA 3423 PORTO VELHO,7458,0.05713382
840990,RUA VALDEMAR VENTURA 2383 SAOJOS,25,310173,RUA TEOFILO OTONI 2906 LAGOINHA,6546,0.06025178
840990,RUA VALDEMAR VENTURA 2383 SAOJOS,25,315208,RUA VESPASIANO RAMOS 3018 NOVA PORTO VELHO,6604,0.06267473
103307,AVENIDA DOeUTOR LEWERGER 1248 CETNR0,26,210209,AVENIDA MAMORE 4362 TIRADENTES,5860,0.09514877
103307,AVENIDA DOeUTOR LEWERGER 1248 CETNR0,26,218491,ESTRADA DO BELMONT 2086 NACIONAL,5625,0.09522472
103307,AVENIDA DOeUTOR LEWERGER 1248 CETNR0,26,74860,AVENIDA TROMBETAS 4582 CRUZEIRO,2348,0.09540518
103307,AVENIDA DOeUTOR LEWERGER 1248 CETNR0,26,210405,AVENIDA MEXICO 3223 EMBRATEL,2210,0.097202785
103307,AVENIDA DOeUTOR LEWERGER 1248 CETNR0,26,218501,ESTRADA DO BELMONT 2358 NACIONAL,4548,0.09841688
66429,LINH â14 33 LIHNA 14,27,66429,LINHA 14 33 LINHA 14,3065,0.15740237
66429,LINH â14 33 LIHNA 14,27,423463,LINHA 02 17 None,3913,0.16661885
66429,LINH â14 33 LIHNA 14,27,173958,LINHA LJ 4 141 MACHADINHO,9817,0.1668123
66429,LINH â14 33 LIHNA 14,27,421154,LINHA 15 39 LINHA 615,1731,0.17231728
66429,LINH â14 33 LIHNA 14,27,473931,LINHA 202 FINAL 40 ESQUINA LH 153,8478,0.17569259
916711,BEC0 DA INDUSTRIA 96 NOSSA SENHORA APARECIDA,28,916711,BECO DA INDUSTRIA 96 NOSSA SENHORA APARECIDA,7650,0.015621225
916711,BEC0 DA INDUSTRIA 96 NOSSA SENHORA APARECIDA,28,917963,BECO DAS FLORES 15 NOSSA SENHORA APARECIDA,9527,0.063952886
916711,BEC0 DA INDUSTRIA 96 NOSSA SENHORA APARECIDA,28,772602,BECO CONCORDIA 86 NOSSA SENHORA DO CARMO,7476,0.084006846
916711,BEC0 DA INDUSTRIA 96 NOSSA SENHORA APARECIDA,28,903851,AVENIDA NOSSA SENHORA APARECIDA 147 CIDADE DE DEUS,2114,0.08430037
916711,BEC0 DA INDUSTRIA 96 NOSSA SENHORA APARECIDA,28,913845,BECO BRASIL 377 NOSSA SENHORA APARECIDA,1704,0.084526464
597425,RUA QUARUB 20 RES. SANT CRUZ/PLACAS,29,597425,RUA QUARUBA 20 RES. SANTA CRUZ/PLACAS,2203,0.022785386
597425,RUA QUARUB 20 RES. SANT CRUZ/PLACAS,29,562317,RUA CRUZEIRO DO SUL 136 PLACAS,7050,0.09998101
597425,RUA QUARUB 20 RES. SANT CRUZ/PLACAS,29,558080,RUA BOM JESUS 196 PLACAS/XAVIER MAIA,4047,0.10198328
597425,RUA QUARUB 20 RES. SANT CRUZ/PLACAS,29,573351,RUA FLAMINGO 96 PLACAS,8314,0.103128664
597425,RUA QUARUB 20 RES. SANT CRUZ/PLACAS,29,1050919,RUA CRUZEIRO DO SUL 1 ALVORADA,5965,0.10838039
865429,AVENIDA CONSTANTINO NERY 2229 CqHAPAfA,30,865268,AVENIDA CONSTANTINO NERY 2229 CAHAPADA,3926,0.038405906
865429,AVENIDA CONSTANTINO NERY 2229 CqHAPAfA,30,865429,AVENIDA CONSTANTINO NERY 2229 CAHAPADA,6884,0.040514685
865429,AVENIDA CONSTANTINO NERY 2229 CqHAPAfA,30,865287,AVENIDA CONSTANTINO NERY 2229 CAHAPADA,6050,0.04091544
865429,AVENIDA CONSTANTINO NERY 2229 CqHAPAfA,30,865458,AVENIDA CONSTANTINO NERY 2229 CHAPADA,4991,0.041420262
865429,AVENIDA CONSTANTINO NERY 2229 CqHAPAfA,30,866334,AVENIDA CONSTANTINO NERY 3451 CHAPADA,6386,0.049720213
801812,RUA HILARIO ANTUNES 1782 SANTO ANTNOIO,31,801812,RUA HILARIO ANTUNES 1782 SANTO ANTONIO,3791,0.014940491
801812,RUA HILARIO ANTUNES 1782 SANTO ANTNOIO,31,762497,RUA OLAVO BILAC 456 SANTO ANTONIO,1351,0.06775736
801812,RUA HILARIO ANTUNES 1782 SANTO ANTNOIO,31,823607,RUA EMILIO CANIZIO 1093 PANTANAL,5381,0.081194386
801812,RUA HILARIO ANTUNES 1782 SANTO ANTNOIO,31,804353,RUA OSCAR RAMOS 1737 SANTO ANTONIO,5677,0.0852536
801812,RUA HILARIO ANTUNES 1782 SANTO ANTNOIO,31,229857,RUA ANTONIO VIOLAO 3362 TANCREDO NEVES,3767,0.08586395
267902,RUA JACINTO 3016 ELETRONORTE,32,267902,RUA JACINTO 3016 ELETRONORTE,2141,1.6600712e-05
267902,RUA JACINTO 3016 ELETRONORTE,32,227905,RUA ANGICO 2720 ELETRONORTE,4213,0.024659622
267902,RUA JACINTO 3016 ELETRONORTE,32,276601,RUA JUNQUILHO 1336 ELETRONORTE,1259,0.031632457
267902,RUA JACINTO 3016 ELETRONORTE,32,308140,RUA TAMAREIRA 3167 ELETRONORTE,5134,0.033465263
267902,RUA JACINTO 3016 ELETRONORTE,32,276684,RUA JUPITER 3320 B ELETRONORTE,3274,0.03412283
181317,AqVENIDA DUQUED E CAXIAS 1455 BAIRRO NOVA OURO PRETO,33,181317,AVENIDA DUQUE DE CAXIAS 1455 BAIRRO NOVA OURO PRETO,3529,0.046408795
181317,AqVENIDA DUQUED E CAXIAS 1455 BAIRRO NOVA OURO PRETO,33,181348,AVENIDA DUQUE DE CAXIAS 1733 BAIRRO NOVA OURO PRETO,9228,0.04793907
181317,AqVENIDA DUQUED E CAXIAS 1455 BAIRRO NOVA OURO PRETO,33,181323,AVENIDA DUQUE DE CAXIAS 1509 BAIRRO NOVA OURO PRETO,354,0.05060199
181317,AqVENIDA DUQUED E CAXIAS 1455 BAIRRO NOVA OURO PRETO,33,372658,RUA 1504 OU DAS VINOLIAS 2776 JARDIM PRIMAVERA,7056,0.07901311
181317,AqVENIDA DUQUED E CAXIAS 1455 BAIRRO NOVA OURO PRETO,33,1092621,RUA ERICO VERISSIMO ANTIGA A4 150 NOVA REPUBLICA,5001,0.08520135
889216,AVENIDA PIST ADA RArQUETE 101 JROGE TEIXEIRA,34,895880,AVENIDA SUMARE 1433 JORGE TEIXEIRA COMUNIDADE VAL PARAISO,5082,0.08557058
889216,AVENIDA PIST ADA RArQUETE 101 JROGE TEIXEIRA,34,898545,AVENIDA TORQUATO TAPAJOS 840 FLORES,2497,0.10135816
889216,AVENIDA PIST ADA RArQUETE 101 JROGE TEIXEIRA,34,982878,RUA AGATA 20 TANCREDO NEVES,4381,0.10248144
889216,AVENIDA PIST ADA RArQUETE 101 JROGE TEIXEIRA,34,898712,AVENIDA TORQUATO TAPAJOS 6437 TARUMA,9777,0.10384528
889216,AVENIDA PIST ADA RArQUETE 101 JROGE TEIXEIRA,34,897329,AVENIDA TEFE 801 CACHOEIRINHA,1156,0.10448131
726724,RUA JiOA PONTES 1039 CANUTAMA,35,726724,RUA JOAO PONTES 1039 CANUTAMA,7072,0.045680027
726724,RUA JiOA PONTES 1039 CANUTAMA,35,726710,RUA JOAO PONTES 904 CANUTAMA,4760,0.060178295
726724,RUA JiOA PONTES 1039 CANUTAMA,35,726840,RUA PORFIRIO CHAGAS 1102 CANUTAMA,1225,0.076279014
726724,RUA JiOA PONTES 1039 CANUTAMA,35,571811,RUA EPAMINONDAS JACOME 2080 CADEIA VELHA,8411,0.07869579
726724,RUA JiOA PONTES 1039 CANUTAMA,35,836300,RUA ITACOATIARA 2158 UNIAO,4806,0.08278836
950737,RUA h12 481 AVORADA,36,950737,RUA 12 481 ALVORADA,1239,0.0320163
950737,RUA h12 481 AVORADA,36,970733,RUA 5 358 ALVORADA,7964,0.05142803
950737,RUA h12 481 AVORADA,36,973651,RUA 7 301 ALVORADA,817,0.052398354
950737,RUA h12 481 AVORADA,36,975048,RUA 8 435 ALVORADA,2946,0.054094184
950737,RUA h12 481 AVORADA,36,1004652,RUA B 28 3 ALVORADA,8252,0.05880722
380228,RU NOVECëNTOS E TRES 2097 BAIRRO NOVA ESPEANCA,37,380228,RUA NOVECENTOS E TRES 2097 BAIRRO NOVA ESPEANCA,9848,0.048191503
380228,RU NOVECëNTOS E TRES 2097 BAIRRO NOVA ESPEANCA,37,1082076,RUA DOIS RIACHOS ANTIGA A11 9 ALVORADA,6358,0.09172481
380228,RU NOVECëNTOS E TRES 2097 BAIRRO NOVA ESPEANCA,37,1092621,RUA ERICO VERISSIMO ANTIGA A4 150 NOVA REPUBLICA,5001,0.10261716
380228,RU NOVECëNTOS E TRES 2097 BAIRRO NOVA ESPEANCA,37,1092673,RUA ERICO VERISSIMO ANTIGA L4 543 NOVA REPUBLICA,8100,0.10790478
380228,RU NOVECëNTOS E TRES 2097 BAIRRO NOVA ESPEANCA,37,1031358,RUA CARLOS DRUMONDDE ANDRADE ANTIGA RUA G TRES 124 NOVA REPUBLICA,9232,0.10874337
1011292,RUA BLA BLA VISTA 400 GILBERTO MESTRINHO,38,1011292,RUA BELA VISTA 400 GILBERTO MESTRINHO,4747,0.03399533
1011292,RUA BLA BLA VISTA 400 GILBERTO MESTRINHO,38,1010839,RUA BELA VISTA 50 GILBERTO MESTRINHO,2022,0.03852027
1011292,RUA BLA BLA VISTA 400 GILBERTO MESTRINHO,38,988202,RUA AMATURA 174 GILBERTO MESTRINHO,6332,0.04677911
1011292,RUA BLA BLA VISTA 400 GILBERTO MESTRINHO,38,983113,RUA AGRESTINA 100 GILBERTO MESTRINHO,9572,0.04794424
1011292,RUA BLA BLA VISTA 400 GILBERTO MESTRINHO,38,1098587,RUA FILADELFIA 15 GILBERTO MESTRINHO,5458,0.051576093
426034,RuUA CASTELO BRANCO 653 BAIROR UNIAO,39,426034,RUA CASTELO BRANCO 653 BAIRRO UNIAO,4424,0.04644452
426034,RuUA CASTELO BRANCO 653 BAIROR UNIAO,39,426038,RUA CASTELO BRANCO 700 BAIRRO UNIAO,8234,0.055761322
426034,RuUA CASTELO BRANCO 653 BAIROR UNIAO,39,426074,RUA CASTELO BRANCO 1070 UNIAO,1243,0.07268497
426034,RuUA CASTELO BRANCO 653 BAIROR UNIAO,39,1131969,RUA JOAO LIBERAL 95 CIDADE NOVA,5617,0.074086554
426034,RuUA CASTELO BRANCO 653 BAIROR UNIAO,39,967192,RUA 38 121 COMUNIDADE PORTELINHA SAO JOSE 2,9806,0.0822732
6056,LpINHA 425 85 ZONA RURAL,40,6056,LINHA 42 5 85 ZONA RURAL,9852,0.03754598
6056,LpINHA 425 85 ZONA RURAL,40,120557,LINHA 619 20 ZONA RURAL,3640,0.05941565
6056,LpINHA 425 85 ZONA RURAL,40,120513,LINHA 619 6 ZONA RURAL,7412,0.06278799
6056,LpINHA 425 85 ZONA RURAL,40,120497,LINHA 619 2 ZONA RURAL,4045,0.064776674
6056,LpINHA 425 85 ZONA RURAL,40,436578,LINHA B 90 63 ZONA RURAL,9703,0.07531474
1128047,BOTANICO RU JARDIM 401 SAO OJRGqE,41,1126745,RUA JANAUACA 24 SAO JOSE OPERARIO 1,7503,0.09787364
1128047,BOTANICO RU JARDIM 401 SAO OJRGqE,41,297625,RUA QUINTINO BOCAIUVA 2899 SAO CRISTOVAO,3734,0.09934814
1128047,BOTANICO RU JARDIM 401 SAO OJRGqE,41,926425,BECO REGO BARROS 251 SAO RAIMUNDO,275,0.09939837
1128047,BOTANICO RU JARDIM 401 SAO OJRGqE,41,394434,AVENIDA SEBASTIAO JOAO CLIMACO 6343 SAO JOSE,7824,0.09990694
1128047,BOTANICO RU JARDIM 401 SAO OJRGqE,41,345119,AVENIDA MACEIO 6226 SAO CRISTOVAO,6114,0.103024796
393637,AVENIDA LUIS DE FRANCA TORRES 6360 SAO JOSE,42,393637,AVENIDA LUIS DE FRANCA TORRES 6360 SAO JOSE,9263,1.2004954e-05
393637,AVENIDA LUIS DE FRANCA TORRES 6360 SAO JOSE,42,537834,AVENIDA EDMUNDO PINTO 607 SAO FRANCISCO,7530,0.059578665
393637,AVENIDA LUIS DE FRANCA TORRES 6360 SAO JOSE,42,537810,AVENIDA EDMUNDO PINTO 473 SAO FRANCISCO,260,0.06080342
393637,AVENIDA LUIS DE FRANCA TORRES 6360 SAO JOSE,42,695085,AVENIDA MANOEL GUIMARAES 213 SAO FRANCISCO,4854,0.06467579
393637,AVENIDA LUIS DE FRANCA TORRES 6360 SAO JOSE,42,336605,AVENIDA SAO LUIZ 2088 ERNANDES GONCALVES,6694,0.06474195
489874,RUA ASLIM FARHAT 1643 CENTRO,43,489874,RUA SALIM FARHAT 1643 CENTRO,144,0.008888457
489874,RUA ASLIM FARHAT 1643 CENTRO,43,338292,RUA RICARDO SOMENSARI 2896 CENTRO,3428,0.062494054
489874,RUA ASLIM FARHAT 1643 CENTRO,43,274394,RUA JOSE CAUBY 249 CENTRO,2787,0.06390816
489874,RUA ASLIM FARHAT 1643 CENTRO,43,601385,RUA SALIM FAHAT 502 BAIRRO 15,3120,0.06407004
489874,RUA ASLIM FARHAT 1643 CENTRO,43,647943,RUA ROBERTO ROLA 1230 CENTRO,2094,0.06528427
1108319,RUA GUANABaARA 12 LIRIO DO VALE,44,1108319,RUA GUANABARA 12 LIRIO DO VALE,7969,0.040943857
1108319,RUA GUANABaARA 12 LIRIO DO VALE,44,1102652,RUA G 8 LIRIO DO VALE,3960,0.050770037
1108319,RUA GUANABaARA 12 LIRIO DO VALE,44,1118936,RUA IPANEMA 5 LIRIO DO VALE,3899,0.051752836
1108319,RUA GUANABaARA 12 LIRIO DO VALE,44,1034145,RUA CATORZE 17 LIRIO DO VALE,6270,0.05896364
1108319,RUA GUANABaARA 12 LIRIO DO VALE,44,1106440,RUA GIRASSOL 37 LIRIO DO VALE,764,0.06088577
408992,VAENIDA PORTO VELHO 2207 SETOR 4,45,408992,AVENIDA PORTO VELHO 2207 SETOR 4,8800,0.042275913
408992,VAENIDA PORTO VELHO 2207 SETOR 4,45,409008,AVENIDA PORTO VELHO 2261 SETOR 4,9200,0.05898981
408992,VAENIDA PORTO VELHO 2207 SETOR 4,45,409073,AVENIDA PORTO VELHO 2690 SETOR 05,6828,0.061328024
408992,VAENIDA PORTO VELHO 2207 SETOR 4,45,408886,AVENIDA PORTO VELHO 1579 ST 3,6840,0.06281688
408992,VAENIDA PORTO VELHO 2207 SETOR 4,45,114030,RUA MINERVINO VIANA 2609 SETOR 4,6042,0.077236265
298197,RUA RAFAEL VAZ E E SILVA 2991 LIBERDADEp,46,298197,RUA RAFAEL VAZ E SILVA 2991 LIBERDADE,7562,0.02045429
298197,RUA RAFAEL VAZ E E SILVA 2991 LIBERDADEp,46,298207,RUA RAFAEL VAZ E SILVA 3045 LIBERDADE,6529,0.021372566
298197,RUA RAFAEL VAZ E E SILVA 2991 LIBERDADEp,46,297896,RUA RAFAEL VAZ E SILVA 904 ROQUE,3442,0.05411193
298197,RUA RAFAEL VAZ E E SILVA 2991 LIBERDADEp,46,297897,RUA RAFAEL VAZ E SILVA 904 ROQUE,8663,0.054512873
298197,RUA RAFAEL VAZ E E SILVA 2991 LIBERDADEp,46,297893,RUA RAFAEL VAZ E SILVA 884 ROQUE,8297,0.05781555
687622,RUA RUA TRINTA E UMD E MARCO 686 CENTRO,47,687622,RUA TRINTA E UM DE MARCO 686 CENTRO,8888,0.04901716
687622,RUA RUA TRINTA E UMD E MARCO 686 CENTRO,47,687614,RUA TRINTA E UM DE MARCO 685 CENTRO,4970,0.054231584
687622,RUA RUA TRINTA E UMD E MARCO 686 CENTRO,47,1037023,RUA CENTO SETENTA E DOIS 45 NOVO ALEIXO,254,0.0849175
687622,RUA RUA TRINTA E UMD E MARCO 686 CENTRO,47,1035726,RUA CENTO E QUARENTA E DOIS 22 C NOVA,4785,0.08900582
687622,RUA RUA TRINTA E UMD E MARCO 686 CENTRO,47,1035746,RUA CENTO E QUARENTA E DOIS 44 C NOVA,249,0.09116034
945442,RUA 02 DE AGOSTO 1 FLkRpES,48,947926,RUA 1 102 ALEIXO,1807,0.1286456
945442,RUA 02 DE AGOSTO 1 FLkRpES,48,945130,RUA 01 229 NOVO ALEIXO,7478,0.12901837
945442,RUA 02 DE AGOSTO 1 FLkRpES,48,967121,RUA 38 6 PARQUE 10,8729,0.13078034
945442,RUA 02 DE AGOSTO 1 FLkRpES,48,329731,RUA 41 B 8 N0VA MUTUM,8357,0.13088414
945442,RUA 02 DE AGOSTO 1 FLkRpES,48,611132,RUA X 845 NOVO CALAFATE,6984,0.133636
961984,RUA 20 21 CIDADE NOVA,49,961984,RUA 230 21 CIDADE NOVA,1957,0.01615791
961984,RUA 20 21 CIDADE NOVA,49,964483,RUA 27 21 CIDADE NOVA,9000,0.026163217
961984,RUA 20 21 CIDADE NOVA,49,962798,RUA 242 20 CIDADE NOVA,9693,0.027805347
961984,RUA 20 21 CIDADE NOVA,49,962139,RUA 234 22 CIDADE NOVA,133,0.027891714
961984,RUA 20 21 CIDADE NOVA,49,957223,RUA 19 210 CIDADE NOVA,1378,0.02804551
505171,RUA DESEMBARGADOR TAVORrA 13 CENTR,50,505171,RUA DESEMBARGADOR TAVORA 13 CENTRO,1400,0.024856899
505171,RUA DESEMBARGADOR TAVORrA 13 CENTR,50,494652,AVENIDA DESEMBARGADOR TAVORA 230 CENTRO,2576,0.07259007
505171,RUA DESEMBARGADOR TAVORrA 13 CENTR,50,1068259,RUA DELMAR BRAS 15 CIDADE NOVA,1924,0.07888825
505171,RUA DESEMBARGADOR TAVORrA 13 CENTR,50,494656,AVENIDA DESEMBARGADOR TAVORA 282 CENTRO,5774,0.07939287
505171,RUA DESEMBARGADOR TAVORrA 13 CENTR,50,73177,RUA DEPUTADO JO SATO 2960 CENTRO,4710,0.08421376
1116749,RjA II 113 REDENrCAO REDENrCAO,51,1116749,RUA II 113 REDENCAO,7124,0.16808346
1116749,RjA II 113 REDENrCAO REDENrCAO,51,970335,RUA 5 13 REDENCAO,287,0.21707633
1116749,RjA II 113 REDENrCAO REDENrCAO,51,932346,BECO VIANA 391 REDENCAO,6537,0.23657061
1116749,RjA II 113 REDENrCAO REDENrCAO,51,1110079,RUA GURUPI 1685 REDENCAO,6052,0.23662338
1116749,RjA II 113 REDENrCAO REDENrCAO,51,1110348,RUA GURUPI 2350 REDENCAO,2350,0.243461
796929,RUA RUA LEITE 2751 IRAxY,52,796929,RUA ACACIO LEITE 2751 IRACY,6637,0.0494045
796929,RUA RUA LEITE 2751 IRAxY,52,799478,RUA BORBA 2720 IRACY,3843,0.07744759
796929,RUA RUA LEITE 2751 IRAxY,52,797623,RUA ALVARO MAIA 2959 IRACY,4195,0.08178207
796929,RUA RUA LEITE 2751 IRAxY,52,299736,RUA RINO LEVI 5235 TEIXEIRAO,1131,0.08627452
796929,RUA RUA LEITE 2751 IRAxY,52,1042832,RUA CINE IPIRANGA 2137 ALEIXO,1803,0.090432644
301612,RUA ROSALINA GOMéS 10211 MARANA,53,301616,RUA ROSALINA GOMES 10381 MARIANA,9147,0.050341677
301612,RUA ROSALINA GOMéS 10211 MARANA,53,301612,RUA ROSALINA GOMES 10211 MARIANA,1085,0.05406355
301612,RUA ROSALINA GOMéS 10211 MARANA,53,296702,RUA PROTASIO ALVES 10076 MARIANA,2441,0.06884677
301612,RUA ROSALINA GOMéS 10211 MARANA,53,301467,RUA ROSALINA GOMES 2000 MARIANA,3669,0.07075285
301612,RUA ROSALINA GOMéS 10211 MARANA,53,309957,RUA TEODORA LOPES 9527 MARIANA,1291,0.0708754
104310,AVENIDA PRINCESvA ISABL 1655 GmUAJARA,54,538106,AVENIDA EPAMINONDAS JACOME 1538 CADEIA VELHA,5216,0.094281614
104310,AVENIDA PRINCESvA ISABL 1655 GmUAJARA,54,888523,AVENIDA PENETRACAO UM 1311 JAPIIM,1022,0.09459212
104310,AVENIDA PRINCESvA ISABL 1655 GmUAJARA,54,537902,AVENIDA EPAMINONDAS JACOME 548 CADEIA VELHA,5205,0.09936021
104310,AVENIDA PRINCESvA ISABL 1655 GmUAJARA,54,125527,AVENIDA JI PARANA 21 URUPA,7191,0.10016328
104310,AVENIDA PRINCESvA ISABL 1655 GmUAJARA,54,125636,AVENIDA JI PARANA 988 URUPA,7675,0.10658934
507629,COMUNIcADE COMUNIcADE ESTIRAO 6731 ESTRADA VARoANTwE,55,507629,COMUNIDADE ESTIRAO 6731 ESTRADA VARIANTE,8587,0.08872707
507629,COMUNIcADE COMUNIcADE ESTIRAO 6731 ESTRADA VARoANTwE,55,507638,COMUNIDADE ESTIRAO 8757 ESTRADA VARIANTE,9082,0.091581136
507629,COMUNIcADE COMUNIcADE ESTIRAO 6731 ESTRADA VARoANTwE,55,507609,COMUNIDADE ESTIRAO 2723 ESTRADA VARIANTE,1440,0.09623871
507629,COMUNIcADE COMUNIcADE ESTIRAO 6731 ESTRADA VARoANTwE,55,659069,ESTRADA XIBUREMA 18 XIBUREMA,1224,0.15582205
507629,COMUNIcADE COMUNIcADE ESTIRAO 6731 ESTRADA VARoANTwE,55,437432,TRAVESSAO DO RIO PRETO A B 94 111 ZONA RURAL,4303,0.1600366
1109719,RúA GURUPI 17 BwIRRO DA PAzZ,56,806435,RUA UIRAPURU 129 DA PAZ,9465,0.103803925
1109719,RúA GURUPI 17 BwIRRO DA PAzZ,56,60887,RUA UIRAPURU 2999 TEIXEIRAO,5284,0.110641494
1109719,RúA GURUPI 17 BwIRRO DA PAzZ,56,235826,RUA BIDU SAIAO 6439 APONIA,3980,0.124301285
1109719,RúA GURUPI 17 BwIRRO DA PAzZ,56,235799,RUA BIDU SAIAO 6298 APONIA,4338,0.12452085
1109719,RúA GURUPI 17 BwIRRO DA PAzZ,56,235926,RUA BIDU SAIAO 7069 APONIA,5879,0.12740049
550388,RUA ADERBAL gRASoIL 29 MANOEL JUkIAO,57,1132875,RUA JOAO WALTER 44 COROADO,655,0.07053903
550388,RUA ADERBAL gRASoIL 29 MANOEL JUkIAO,57,1132021,RUA JOAO MEIRELES 8 COROADO,5066,0.07537657
550388,RUA ADERBAL gRASoIL 29 MANOEL JUkIAO,57,790298,RUA SEBASTIAO MAQUINE 50 LARANJAL,1652,0.07584393
550388,RUA ADERBAL gRASoIL 29 MANOEL JUkIAO,57,590134,RUA MONTEVIDEU 254 JOAO EDUARDO I,4133,0.082754694
550388,RUA ADERBAL gRASoIL 29 MANOEL JUkIAO,57,590145,RUA MONTEVIDEU 486 JOAO EDUARDO I,4883,0.08921806
565927,PLACAS RUA DAS 1684 WANDERLEY DNAyAS,58,1061454,RUA DALLAS 25 FLORES,8627,0.09447193
565927,PLACAS RUA DAS 1684 WANDERLEY DNAyAS,58,601665,RUA SANHASSU 56 PLACAS,4995,0.09995403
565927,PLACAS RUA DAS 1684 WANDERLEY DNAyAS,58,575563,RUA GAIVOTA 69 PLACAS,4903,0.104844145
565927,PLACAS RUA DAS 1684 WANDERLEY DNAyAS,58,575561,RUA GAIVOTA 58 PLACAS,288,0.105685055
565927,PLACAS RUA DAS 1684 WANDERLEY DNAyAS,58,1061411,RUA DALLAS 6 FLORES,7351,0.11032227
132552,UA CAETAO COSTA 127 URUPA,59,722079,RIO AUTAZ ACU 476 LIMAO,7705,0.1377796
132552,UA CAETAO COSTA 127 URUPA,59,925421,BECO PENETRACAO IV 132 NOVO ALEIXO,5201,0.14971407
132552,UA CAETAO COSTA 127 URUPA,59,888523,AVENIDA PENETRACAO UM 1311 JAPIIM,1022,0.15103403
132552,UA CAETAO COSTA 127 URUPA,59,930911,BECO SOLIMOES 10 ALEIXO,3457,0.15339938
132552,UA CAETAO COSTA 127 URUPA,59,652013,BECO DEOMIRO 30 PISTA,8680,0.15828317
977593,RUA A 1005 ADRIàNOPOLIS,60,977593,RUA A 1005 ADRIANOPOLIS,1072,0.035185035
977593,RUA A 1005 ADRIàNOPOLIS,60,1079242,RUA DOIS 11 ADRIANOPOLIS,5299,0.08052717
977593,RUA A 1005 ADRIàNOPOLIS,60,645795,RUA A 2539 AMOTI,2666,0.09622578
977593,RUA A 1005 ADRIàNOPOLIS,60,977790,RUA A 23 234 ALVORADA,5977,0.09645527
977593,RUA A 1005 ADRIàNOPOLIS,60,143214,RUA IPE 2741 VALPARAISO,4366,0.10317209
118963,RUA PADRE 1072 5TEOR 07,61,1053849,RUA D 6 COROADO,400,0.09752501
118963,RUA PADRE 1072 5TEOR 07,61,978106,RUA A DEZESSETE 1291 JAPIIM,2043,0.09995034
118963,RUA PADRE 1072 5TEOR 07,61,1149600,RUA M 2 COROADO,1507,0.100502454
118963,RUA PADRE 1072 5TEOR 07,61,976358,RUA A 7 COROADO,9790,0.102383286
118963,RUA PADRE 1072 5TEOR 07,61,1054983,RUA D 105 COROADO,4396,0.10369311
1103324,RUA G 576 BOM,62,645945,RUA B 2678 AMOTI,6220,0.08998914
1103324,RUA G 576 BOM,62,746285,RUA G 107 PERA 3,9923,0.09019715
1103324,RUA G 576 BOM,62,1103324,RUA G 576 BOM JARDIM,9723,0.10185721
1103324,RUA G 576 BOM,62,1003967,RUA B 109 COROADO,4091,0.10734828
1103324,RUA G 576 BOM,62,1022647,RUA C 1 PLANALTO,4261,0.114300095
556002,RUw BEïJA FLOR 44 TANCREDOmEVES,63,920140,BECO FLORES 15 ALVORADA,8293,0.116944015
556002,RUw BEïJA FLOR 44 TANCREDOmEVES,63,623090,TRAVESSA CARAMURU 167 BOSQUE,3581,0.117390126
556002,RUw BEïJA FLOR 44 TANCREDOmEVES,63,506379,TRAVESSA JOAQUIM ESTEVAO 22 SABOEIRO,5408,0.11991063
556002,RUw BEïJA FLOR 44 TANCREDOmEVES,63,920139,BECO FLORES 15 ALVORADA,6439,0.121721566
556002,RUw BEïJA FLOR 44 TANCREDOmEVES,63,817635,TRAVESSA RAMUNDO AMADEU MAIA 21 ACANAUE,9479,0.1322896
435143,RUA GRALHA-AZUL 1743 SETOR 1p,64,435143,RUA GRALHA-AZUL 1743 SETOR 1,6746,0.0112174945
435143,RUA GRALHA-AZUL 1743 SETOR 1p,64,435134,RUA GRALHA-AZUL 1702 SETOR 1,9160,0.02000831
435143,RUA GRALHA-AZUL 1743 SETOR 1p,64,113089,RUA MARANHAO 739 SETOR 4,9655,0.06907794
435143,RUA GRALHA-AZUL 1743 SETOR 1p,64,113152,RUA MARANHAO 1885 SETOR 04,1826,0.07244426
435143,RUA GRALHA-AZUL 1743 SETOR 1p,64,436348,RUA TUCANO 2481 SETOR 05,6142,0.07553695
701016,AVENIDAq 21 DE ABRIL 1252 CENTRO,65,701016,AVENIDA 21 DE ABRIL 1252 CENTRO,9070,0.015313581
701016,AVENIDAq 21 DE ABRIL 1252 CENTRO,65,333778,AVENIDA 30 DE JUNHO 1525 CENTRO,2198,0.05037465
701016,AVENIDAq 21 DE ABRIL 1252 CENTRO,65,960112,RUA 21 DE ABRIL 75 LAGO AZUL,4770,0.060129926
701016,AVENIDAq 21 DE ABRIL 1252 CENTRO,65,81577,AVENIDA DEZ DE ABRIL 1744 SETOR 0001,5257,0.06289394
701016,AVENIDAq 21 DE ABRIL 1252 CENTRO,65,166273,AVENIDA BRASIL 3343 CENTRO,5561,0.065179765
770452,RUA DO IGARAPE GRANDE 18 GUAJARA,66,770452,RUA DO IGARAPE GRANDE 18 GUAJARA,1884,5.50204e-06
770452,RUA DO IGARAPE GRANDE 18 GUAJARA,66,1077235,RUA DO IGARAPE 1290 NOVO ALEIXO,8818,0.070360154
770452,RUA DO IGARAPE GRANDE 18 GUAJARA,66,770957,RUA MINELVINA 27 GUAJARA,9128,0.07038704
770452,RUA DO IGARAPE GRANDE 18 GUAJARA,66,877910,AVENIDA IGARAPE DE MANAUS 34 CACHOERINHA,4092,0.072581194
770452,RUA DO IGARAPE GRANDE 18 GUAJARA,66,1107101,RUA GOIANIA 2019 TARUMA,8430,0.07599349
134362,RUA CASTRO ALVES 281 mARDIM DO SMIGRANTES,67,698241,AVENIDA TANCREDO NEVES 73 CAMETA DO RAMOS,5941,0.08053933
134362,RUA CASTRO ALVES 281 mARDIM DO SMIGRANTES,67,95652,AVENIDA CAMPOS SALES 808 TAMANDARE,1592,0.08120257
134362,RUA CASTRO ALVES 281 mARDIM DO SMIGRANTES,67,1147226,RUA LOPES CORDOVIL 483 ALVORADA,6385,0.081328794
134362,RUA CASTRO ALVES 281 mARDIM DO SMIGRANTES,67,756046,RUA ALFREDO DE SA ANTUNES 601 CODAJAS,3179,0.08237034
134362,RUA CASTRO ALVES 281 mARDIM DO SMIGRANTES,67,1147186,RUA LOPES CORDOVIL 425 ALVORADA,3115,0.082840934
980080,RUA ABRAAO tCARDOSO 106 CMPfNSA,68,980080,RUA ABRAAO CARDOSO 106 COMPENSA,8790,0.0820293
980080,RUA ABRAAO tCARDOSO 106 CMPfNSA,68,980062,RUA ABRAAO CARDOSO 82 COMPENSA,52,0.08680454
980080,RUA ABRAAO tCARDOSO 106 CMPfNSA,68,980282,RUA ABRAAO CARDOSO 604 COMPENSA,4486,0.08704537
980080,RUA ABRAAO tCARDOSO 106 CMPfNSA,68,980052,RUA ABRAAO CARDOSO 75 COMPENSA,5067,0.087728545
980080,RUA ABRAAO tCARDOSO 106 CMPfNSA,68,980007,RUA ABRAAO CARDOSO 24 COMPENSA,3483,0.08987847
205064,AVENIDA CALAMA 2097 JOAO SAO B0SCO,69,205064,AVENIDA CALAMA 2097 SAO JOAO BOSCO,4843,0.021569457
205064,AVENIDA CALAMA 2097 JOAO SAO B0SCO,69,205075,AVENIDA CALAMA 2112 SAO JOAO BOSCO,3023,0.032463774
205064,AVENIDA CALAMA 2097 JOAO SAO B0SCO,69,205025,AVENIDA CALAMA 1817 SAO JOAO BOSCO,7181,0.045786705
205064,AVENIDA CALAMA 2097 JOAO SAO B0SCO,69,253586,RUA EMIL GORAYEB 3720 SAO JOAO BOSCO,3157,0.07490915
205064,AVENIDA CALAMA 2097 JOAO SAO B0SCO,69,345062,AVENIDA MACEIO 5703 SAO CRISTOVAO,9779,0.075225726
558925,RUA BRASILIAO 82 BELO JARDIM,70,558925,RUA BRASILIANO 82 BELO JARDIM,1213,0.013821843
558925,RUA BRASILIAO 82 BELO JARDIM,70,553818,RUA APURINA 193 BELO JARDIM 1,4772,0.05813281
558925,RUA BRASILIAO 82 BELO JARDIM,70,596051,RUA PRIMAVERA 370 BELO JARDIM 1,955,0.06719977
558925,RUA BRASILIAO 82 BELO JARDIM,70,230887,RUA ARACAJU 81 PORTO VELHO,7081,0.07172777
558925,RUA BRASILIAO 82 BELO JARDIM,70,1010685,RUA BELA VISTA 29 NOVO ISRAEL,5156,0.075297326
140746,RUA FLORESTA 1381 NOVO HORIZONTE HORIZONTE,71,140746,RUA FLORESTA 1381 NOVO HORIZONTE,832,0.027157715
140746,RUA FLORESTA 1381 NOVO HORIZONTE HORIZONTE,71,468387,RUA OLAVO PIRES 1319 NOVO HORIZONTE,9596,0.0630552
140746,RUA FLORESTA 1381 NOVO HORIZONTE HORIZONTE,71,734372,RUA MARGARIDA 281 NOVO HORIZONTE,8509,0.06355157
140746,RUA FLORESTA 1381 NOVO HORIZONTE HORIZONTE,71,233664,RUA BARCELONA 3064 NOVO HORIZONTE,3246,0.06440512
140746,RUA FLORESTA 1381 NOVO HORIZONTE HORIZONTE,71,468613,RUA SELMA REGINA 1518 NOVO HORIZONTE,2239,0.066564724
89107,RU AAPRAIBA 1954 BAIRR OCAIXA D AGUA,72,89107,RUA PARAIBA 1954 BAIRRO CAIXA D AGUA,3286,0.07409759
89107,RU AAPRAIBA 1954 BAIRR OCAIXA D AGUA,72,88472,RUA MARANHAO 3335 BAIRRO CAIXA D AGUA,9364,0.08023459
89107,RU AAPRAIBA 1954 BAIRR OCAIXA D AGUA,72,88215,RUA ITAPORANGA 2222 BAIRRO CAIXA D AGUA,673,0.09243628
89107,RU AAPRAIBA 1954 BAIRR OCAIXA D AGUA,72,557837,RUA BOLIVIA 327 BAIXA DA CADEIA VELHA,5503,0.11545882
89107,RU AAPRAIBA 1954 BAIRR OCAIXA D AGUA,72,557881,RUA BOLIVIA 491 BAIXA DA CADEIA VELHA,3765,0.1182781
617456,RUA SAO CRISTOVAO 143 PASQUALE DáL,73,617456,RUA SAO CRISTOVAO 143 DAL PASQUALE,6757,0.021492332
617456,RUA SAO CRISTOVAO 143 PASQUALE DáL,73,797322,RUA ALDINO REIS 14 SAO CRISTOVAO,7522,0.07188271
617456,RUA SAO CRISTOVAO 143 PASQUALE DáL,73,797312,RUA ALDINO REIS 4 SAO CRISTOVAO,6876,0.0751227
617456,RUA SAO CRISTOVAO 143 PASQUALE DáL,73,617468,RUA SAO DAMIAO 66 RUI LINO II,9711,0.075387865
617456,RUA SAO CRISTOVAO 143 PASQUALE DáL,73,797357,RUA ALDINO REIS 49 SAO CRISTOVAO,5314,0.08621436
862714,AVENuIDA CENTRAL 5 LIRIOD O VLAE,74,73566,AVENIDA A 3037 ODILON NOIA,7692,0.124023855
862714,AVENuIDA CENTRAL 5 LIRIOD O VLAE,74,888523,AVENIDA PENETRACAO UM 1311 JAPIIM,1022,0.12751666
862714,AVENuIDA CENTRAL 5 LIRIOD O VLAE,74,538106,AVENIDA EPAMINONDAS JACOME 1538 CADEIA VELHA,5216,0.13745543
862714,AVENuIDA CENTRAL 5 LIRIOD O VLAE,74,372314,ESTRADA A 2 ORLEANS,515,0.13954946
862714,AVENuIDA CENTRAL 5 LIRIOD O VLAE,74,218491,ESTRADA DO BELMONT 2086 NACIONAL,5625,0.14072052
655356,RUANWTON PRADO 746 CAFEZAL,75,655356,RUA NEWTON PRADO 746 CAFEZAL,2620,0.0325998
655356,RUANWTON PRADO 746 CAFEZAL,75,655344,RUA NEWTON PRADO 705 CAFEZAL,4250,0.0430842
655356,RUANWTON PRADO 746 CAFEZAL,75,655251,RUA NEWTON PRADO 6 CAFEZAL,9241,0.043141525
655356,RUANWTON PRADO 746 CAFEZAL,75,577465,RUA HUGO CARNEIRO 724 BOSQUE,620,0.055663984
655356,RUANWTON PRADO 746 CAFEZAL,75,286061,RUA MONTEIRO LOBATO 5713 ELDORADO,5026,0.064391166
264691,RUA HOLMES ALMEIDA 3723 TANCREDO NEVES,76,264691,RUA HOLMES ALMEIDA 3723 TANCREDO NEVES,5005,5.0545286e-06
264691,RUA HOLMES ALMEIDA 3723 TANCREDO NEVES,76,225593,RUA AMELIA FARIAS 3755 TANCREDO NEVES,914,0.043456517
264691,RUA HOLMES ALMEIDA 3723 TANCREDO NEVES,76,229857,RUA ANTONIO VIOLAO 3362 TANCREDO NEVES,3767,0.0508911
264691,RUA HOLMES ALMEIDA 3723 TANCREDO NEVES,76,317523,RUA ZACARIAS BEZERRA 8518 TANCREDO NEVES,2294,0.053643785
264691,RUA HOLMES ALMEIDA 3723 TANCREDO NEVES,76,225045,RUA ALTEMAR DUTRA 3339 TANCREDO NEVES,9026,0.055700853
906030,AVENDA PRESIDENTE KENNEDY 398 EDUCANDOS,77,906030,AVENIDA PRESIDENTE KENNEDY 398 EDUCANDOS,7457,0.04149977
906030,AVENDA PRESIDENTE KENNEDY 398 EDUCANDOS,77,906115,AVENIDA PRESIDENTE KENNEDY 575 SANTA LUZIA,734,0.11006844
906030,AVENDA PRESIDENTE KENNEDY 398 EDUCANDOS,77,372107,AVENIDA PRESIDENTE TANCREDO NEVES 2640 BODANESE,1058,0.11042218
906030,AVENDA PRESIDENTE KENNEDY 398 EDUCANDOS,77,882163,AVENIDA LEOPOLDO PERES 922 EDUCANDOS,5902,0.11664855
906030,AVENDA PRESIDENTE KENNEDY 398 EDUCANDOS,77,402231,AVENIDA PRESIDENTE MEDICI 3183 VISTA ALEGRE,1252,0.12277971
220240,Rs 3 53 NOxVO HORIZONT,78,466745,TRAVESSAO 2 23 THEOBROMA,1670,0.1776362
220240,Rs 3 53 NOxVO HORIZONT,78,466761,TRAVESSAO C 02 10 6 THEOBROMA,2668,0.19130017
220240,Rs 3 53 NOxVO HORIZONT,78,216387,BECO DA BRASILLIA 1750 TUCUMANZAL,7440,0.19819686
220240,Rs 3 53 NOxVO HORIZONT,78,627658,TRAVESSA JERUSALEM 144 AIRTON SENA,4102,0.20324513
220240,Rs 3 53 NOxVO HORIZONT,78,920980,BECO IGARAPE 27 COMPENSA,7408,0.21093193
992618,RUA ANDERSON DE MEEZES 23 PETePOLIS,79,992618,RUA ANDERSON DE MENEZES 23 PETROPOLIS,6367,0.044524122
992618,RUA ANDERSON DE MEEZES 23 PETePOLIS,79,998217,RUA ARISTOTELES BONFIM 4 PETROPOLIS,9218,0.08053489
992618,RUA ANDERSON DE MEEZES 23 PETePOLIS,79,739029,RUA VALMIC NUNES 140 PURUPURU,4699,0.088949665
992618,RUA ANDERSON DE MEEZES 23 PETePOLIS,79,998028,RUA ARISTOFANO ANTONY 10 PETROPOLIS,7402,0.08970295
992618,RUA ANDERSON DE MEEZES 23 PETePOLIS,79,994525,RUA ANTONIO DOS PASSOS MIRANDA 3 PETROPOLIS,9891,0.09510049
345433,MAANUS 6493 SAO CRISTOVAO,80,345433,AVENIDA MANAUS 6493 SAO CRISTOVAO,9581,0.08130492
345433,MAANUS 6493 SAO CRISTOVAO,80,355916,RUA URUPA 6491 SAO CRISTOVAO,6433,0.094565526
345433,MAANUS 6493 SAO CRISTOVAO,80,345119,AVENIDA MACEIO 6226 SAO CRISTOVAO,6114,0.109376006
345433,MAANUS 6493 SAO CRISTOVAO,80,355836,RUA URUPA 5766 SAO CRISTOVAO,9376,0.11020414
345433,MAANUS 6493 SAO CRISTOVAO,80,346849,AVENIDA PARANA 6204 SAO CRISTOVAO,3440,0.11674001
558144,UA BONSAMIGOS 140 JORGE,81,623090,TRAVESSA CARAMURU 167 BOSQUE,3581,0.13200073
558144,UA BONSAMIGOS 140 JORGE,81,627658,TRAVESSA JERUSALEM 144 AIRTON SENA,4102,0.13262072
558144,UA BONSAMIGOS 140 JORGE,81,910349,BECO ANA NOGUEIRA 25 EDUCANDOS,2078,0.13334823
558144,UA BONSAMIGOS 140 JORGE,81,909532,BECO ADEMAR 110 MAUAZINHO,3840,0.14012778
558144,UA BONSAMIGOS 140 JORGE,81,924482,BECO NOVA JERUSALEM 23 JORGE TEIXEIRA 4 ETAPA,8344,0.14366236
855351,AVENIDA ATROARIS 119 CIDADE OVA,82,855351,AVENIDA ATROARIS 119 CIDADE NOVA,4692,0.012739812
855351,AVENIDA ATROARIS 119 CIDADE OVA,82,855274,AVENIDA ATROARIS 55 CIDADE NOVA,407,0.01563094
855351,AVENIDA ATROARIS 119 CIDADE OVA,82,855324,AVENIDA ATROARIS 93 CIDADE NOVA,7678,0.015960645
855351,AVENIDA ATROARIS 119 CIDADE OVA,82,899083,AVENIDA TUCUMA 192 CIDADE NOVA,9034,0.06567778
855351,AVENIDA ATROARIS 119 CIDADE OVA,82,857923,AVENIDA BEM TE VI 2 CIDADE NOVA,7534,0.075436845
148625,RUA FILHO FILHO 3296 BAIRRO CASA PkRéTA,83,148625,RUA MENEZES FILHO 3296 BAIRRO CASA PRETA,4566,0.06968859
148625,RUA FILHO FILHO 3296 BAIRRO CASA PkRéTA,83,253659,RUA EMILIO FEITOSA 3649 BAIRRO CIDADE DO LOBO,2623,0.08539982
148625,RUA FILHO FILHO 3296 BAIRRO CASA PkRéTA,83,261868,RUA GRAFITA 3337 BAIRRO CIDADE DO LOBO,8929,0.09307706
148625,RUA FILHO FILHO 3296 BAIRRO CASA PkRéTA,83,388360,AVENIDA CACOAL 3001 BAIRRO CRISTO REI,7763,0.09906443
148625,RUA FILHO FILHO 3296 BAIRRO CASA PkRéTA,83,49266,RUA ANTONIO DEODATO DURCE 3701 BAIRRO FLORESTA,5332,0.101931065
1151729,RUMA AGUARIBE 2 NOVO ALEIXO ALEIXO,84,1151842,RUA MAGUARIBE 302 NOVO ALEIXO,7661,0.16385107
1151729,RUMA AGUARIBE 2 NOVO ALEIXO ALEIXO,84,1151729,RUA MAGUARIBE 2 NOVO ALEIXO,7981,0.16405568
1151729,RUMA AGUARIBE 2 NOVO ALEIXO ALEIXO,84,1151791,RUA MAGUARIBE 92 NOVO ALEIXO,4031,0.17860287
1151729,RUMA AGUARIBE 2 NOVO ALEIXO ALEIXO,84,1026490,RUA CAJUBIA ANTIGA RUA MARGINAL 63 SAO JOSE OPERARIO 2,8788,0.18221718
1151729,RUMA AGUARIBE 2 NOVO ALEIXO ALEIXO,84,1031358,RUA CARLOS DRUMONDDE ANDRADE ANTIGA RUA G TRES 124 NOVA REPUBLICA,9232,0.19233862
877481,AVENIDA IGARAPE DE MANAUS 2 CENTRc,85,877481,AVENIDA IGARAPE DE MANAUS 2 CENTRO,9436,0.02075043
877481,AVENIDA IGARAPE DE MANAUS 2 CENTRc,85,877556,AVENIDA IGARAPE DE MANAUS 4 CENTRO,7607,0.033180736
877481,AVENIDA IGARAPE DE MANAUS 2 CENTRc,85,877758,AVENIDA IGARAPE DE MANAUS 10 CENTRO,8795,0.03913342
877481,AVENIDA IGARAPE DE MANAUS 2 CENTRc,85,877910,AVENIDA IGARAPE DE MANAUS 34 CACHOERINHA,4092,0.052532583
877481,AVENIDA IGARAPE DE MANAUS 2 CENTRc,85,877661,AVENIDA IGARAPE DE MANAUS 7 CACHOEIRINHA,4727,0.063788384
998835,RUA RAOEIRAS 191 MONTE DAS OLIVERAS,86,998835,RUA AROEIRAS 191 MONTE DAS OLIVEIRAS,8984,0.022364352
998835,RUA RAOEIRAS 191 MONTE DAS OLIVERAS,86,998809,RUA AROEIRAS 58 MONTE DAS OLIVEIRAS,878,0.031382874
998835,RUA RAOEIRAS 191 MONTE DAS OLIVERAS,86,998852,RUA AROEIRAS 399 MONTE DAS OLIVEIRA,9927,0.045295406
998835,RUA RAOEIRAS 191 MONTE DAS OLIVERAS,86,1022416,RUA BURITIZAL 8 MONTE DAS OLIVEIRAS,6627,0.05637827
998835,RUA RAOEIRAS 191 MONTE DAS OLIVERAS,86,993092,RUA ANDORINHA 458 MONTE DAS OLIVEIRAS,9136,0.060688574
448339,RUA BURITIS 2652 MONTE NEGtO,87,448339,RUA BURITIS 2652 MONTE NEGRO,5316,0.036289748
448339,RUA BURITIS 2652 MONTE NEGtO,87,448330,RUA BURITIS 2504 MONTE NEGRO,9089,0.04614482
448339,RUA BURITIS 2652 MONTE NEGtO,87,287429,RUA NICARAGUA 2916 PORTO VELHO,888,0.06418275
448339,RUA BURITIS 2652 MONTE NEGtO,87,77221,RUA NU ARUAGUES 2508 CRUZEIRO,7815,0.065545164
448339,RUA BURITIS 2652 MONTE NEGtO,87,59602,RUA RIO NEGRO 2093 TEIXEIRAO,2354,0.06846598
503557,RUA REGOSBARRO 1850 VA 25 DE AGOSTO,88,550117,RUA ADALBERTO SENA 259 SOBRAL,4270,0.09247817
503557,RUA REGOSBARRO 1850 VA 25 DE AGOSTO,88,1142368,RUA LAURA VINCUNA 50 C0ROADO,2580,0.09291704
503557,RUA REGOSBARRO 1850 VA 25 DE AGOSTO,88,1129990,RUA JERUSALEM 18 COROADO,5934,0.09368278
503557,RUA REGOSBARRO 1850 VA 25 DE AGOSTO,88,255758,RUA EURICO CARUSO 5968 APONIA,2935,0.09416294
503557,RUA REGOSBARRO 1850 VA 25 DE AGOSTO,88,756033,RUA ALFREDO DE SA ANTUNES 545 CODAJAS,2158,0.098522484
390110,RUA MARACATIARA 1675 CRISTO REî,89,390110,RUA MARACATIARA 1675 CRISTO REI,9601,0.049614727
390110,RUA MARACATIARA 1675 CRISTO REî,89,654759,RUA MARANHAO 8 CRISTO LIBERTADOR,8434,0.07823868
390110,RUA MARACATIARA 1675 CRISTO REî,89,1021507,RUA BRASILIA 134 COROADO,4885,0.081403695
390110,RUA MARACATIARA 1675 CRISTO REî,89,1106376,RUA GIRASSOL 20 COROADO,4528,0.08525644
390110,RUA MARACATIARA 1675 CRISTO REî,89,59602,RUA RIO NEGRO 2093 TEIXEIRAO,2354,0.08563398
813727,RUA MqRdILIO DANTAS 5 NOVO REMANSO,90,813727,RUA MARCILIO DANTAS 5 NOVO REMANSO,2982,0.048178785
813727,RUA MqRdILIO DANTAS 5 NOVO REMANSO,90,813538,RUA GUARANI 197 NOVO REMANSO,4452,0.08205863
813727,RUA MqRdILIO DANTAS 5 NOVO REMANSO,90,812874,RUA AMATARI 201 NOVO REMANSO,4257,0.082528636
813727,RUA MqRdILIO DANTAS 5 NOVO REMANSO,90,813483,RUA FLAVIO QUEIROZ 898 NOVO REMANSO,2157,0.08575547
813727,RUA MqRdILIO DANTAS 5 NOVO REMANSO,90,1090152,RUA EDSON VIEIRALVES 18 NOVO ALEIXO,6706,0.08833
165266,LINHA LINHAo QUARTA 2395 2 LsINHA GL G,91,165266,LINHA QUARTA 2395 2 LINHA GL G,7289,0.04002656
165266,LINHA LINHAo QUARTA 2395 2 LsINHA GL G,91,165264,LINHA QUARTA 2340 2 LINHA GL G,5655,0.04333055
165266,LINHA LINHAo QUARTA 2395 2 LsINHA GL G,91,455810,LINHA LH FA 12 LINHA F A,6287,0.090737775
165266,LINHA LINHAo QUARTA 2395 2 LsINHA GL G,91,164288,LINHA 206 25 GLEBA 31 E 32,6680,0.104911104
165266,LINHA LINHAo QUARTA 2395 2 LsINHA GL G,91,473931,LINHA 202 FINAL 40 ESQUINA LH 153,8478,0.115970835
370663,AVENIDA BARAO D0 RIO BRANCO 3842 CENTRO,92,370663,AVENIDA BARAO DO RIO BRANCO 3842 CENTRO,9653,0.016364574
370663,AVENIDA BARAO D0 RIO BRANCO 3842 CENTRO,92,370480,AVENIDA BARAO DO RIO BRANCO 2290 CENTRO,8276,0.038377866
370663,AVENIDA BARAO D0 RIO BRANCO 3842 CENTRO,92,370404,AVENIDA BARAO DO RIO BRANCO 530 CENTRO,6578,0.039019264
370663,AVENIDA BARAO D0 RIO BRANCO 3842 CENTRO,92,370534,AVENIDA BARAO DO RIO BRANCO 2800 CENTRO,790,0.044947103
370663,AVENIDA BARAO D0 RIO BRANCO 3842 CENTRO,92,830756,AVENIDA BARAO DO RIO BRANCO 249 CENTRO,5170,0.05069562
315208,RUA VESPASIANO RAMOS 3018 NOVA PORTO VeELHO,93,315208,RUA VESPASIANO RAMOS 3018 NOVA PORTO VELHO,6604,0.020286359
315208,RUA VESPASIANO RAMOS 3018 NOVA PORTO VeELHO,93,315200,RUA VESPASIANO RAMOS 2939 NOVA PORTO VELHO,2091,0.034878008
315208,RUA VESPASIANO RAMOS 3018 NOVA PORTO VeELHO,93,278974,RUA LUIS DE CAMOES 6659 PORTO VELHO,333,0.05848742
315208,RUA VESPASIANO RAMOS 3018 NOVA PORTO VeELHO,93,278940,RUA LUIS DE CAMOES 6449 PORTO VELHO,5389,0.059456386
315208,RUA VESPASIANO RAMOS 3018 NOVA PORTO VeELHO,93,255646,RUA EUDOXIA DE BARROS 6209 PORTO VELHO,4071,0.059626594
1070435,RUA DEZ ED SETEMBR 136 TEIXEIRA 4A ETAPA JORvE,94,978106,RUA A DEZESSETE 1291 JAPIIM,2043,0.09708166
1070435,RUA DEZ ED SETEMBR 136 TEIXEIRA 4A ETAPA JORvE,94,1071813,RUA DEZESSEIS 439 ALVORADA II,5421,0.10520181
1070435,RUA DEZ ED SETEMBR 136 TEIXEIRA 4A ETAPA JORvE,94,1071816,RUA DEZESSEIS 439 ALVORADA II,7095,0.108034715
1070435,RUA DEZ ED SETEMBR 136 TEIXEIRA 4A ETAPA JORvE,94,1069352,RUA DEZ 66 JORGE TEIXEIRA 4 ETAPA,3956,0.11133382
1070435,RUA DEZ ED SETEMBR 136 TEIXEIRA 4A ETAPA JORvE,94,607477,RUA TUKUNAGA OU DEZESEIS DE JULHO 341 SOBRAL,199,0.11395085
133442,RUA RUA CARAMûA 144 URUPhA URUPhA,95,133442,RUA CARAMUA 144 URUPA,2136,0.14796132
133442,RUA RUA CARAMûA 144 URUPhA URUPhA,95,133474,RUA CARAMUA 274 URUPA,5582,0.15437028
133442,RUA RUA CARAMûA 144 URUPhA URUPhA,95,133427,RUA CARAMUA 39 URUPA,3147,0.16028214
133442,RUA RUA CARAMûA 144 URUPhA URUPhA,95,742638,RUA AJURIMAUA 47 URUCU,1938,0.16143455
133442,RUA RUA CARAMûA 144 URUPhA URUPhA,95,468110,RUA MARACATIARA 3753 SUMAUMA,8810,0.16843215
27455,RUA PEDRO NAVA 3112 SETOR 06,96,27455,RUA PEDRO NAVA 3112 SETOR 06,8118,5.593193e-06
27455,RUA PEDRO NAVA 3112 SETOR 06,96,108803,RUA AFONSO JOSE 3248 SETOR 01,6143,0.06318235
27455,RUA PEDRO NAVA 3112 SETOR 06,96,436348,RUA TUCANO 2481 SETOR 05,6142,0.06603804
27455,RUA PEDRO NAVA 3112 SETOR 06,96,11507,RUA ABEL COUTO 2845 SETOR 08,2165,0.06959241
27455,RUA PEDRO NAVA 3112 SETOR 06,96,116215,RUA RAIMUNDO CATANHEDE 2566 SETOR 05,4188,0.07277721
1122461,RUA ITAPEMERIM 307 REDENCA,97,1122461,RUA ITAPEMERIM 307 REDENCAO,3144,0.020115653
1122461,RUA ITAPEMERIM 307 REDENCA,97,1122131,RUA ITAITUBA 697 REDENCAO,7436,0.040624753
1122461,RUA ITAPEMERIM 307 REDENCA,97,1122093,RUA ITAITUBA 479 REDENCAO,757,0.047246642
1122461,RUA ITAPEMERIM 307 REDENCA,97,610476,RUA VITORIA 780 CONQUISTA,788,0.0592761
1122461,RUA ITAPEMERIM 307 REDENCA,97,610460,RUA VITORIA 707 CONQUISTA,9604,0.06149494
585184,RUAwMACA 15 OCINHA MAGALHAES,98,585184,RUA MACA 15 MOCINHA MAGALHAES,6328,0.045158178
585184,RUAwMACA 15 OCINHA MAGALHAES,98,585657,RUA MAMAO 115 MOCINHA MAGALHAES,3480,0.06888944
585184,RUAwMACA 15 OCINHA MAGALHAES,98,308941,RUA TANGARA 1918 CASTANHEIRA,3969,0.07759428
585184,RUAwMACA 15 OCINHA MAGALHAES,98,848185,RUA SERAFIM CASTANHO 57 AJURICABA,1147,0.078248695
585184,RUAwMACA 15 OCINHA MAGALHAES,98,586684,RUA MARANHAO 118 BOSQUE,8384,0.082420975
963054,RtUA 247 46 CONJUNTO çIADAO VII,99,965248,RUA 3 18 COROADO,8288,0.14279276
963054,RtUA 247 46 CONJUNTO çIADAO VII,99,967121,RUA 38 6 PARQUE 10,8729,0.14606038
963054,RtUA 247 46 CONJUNTO çIADAO VII,99,645945,RUA B 2678 AMOTI,6220,0.15386613
963054,RtUA 247 46 CONJUNTO çIADAO VII,99,276684,RUA JUPITER 3320 B ELETRONORTE,3274,0.15661502
963054,RtUA 247 46 CONJUNTO çIADAO VII,99,970335,RUA 5 13 REDENCAO,287,0.15703243
546337,RAMAoL MpREIRA 444 SANTA MARIA,100,546337,RAMAL MOREIRA 444 SANTA MARIA,5429,0.06337417
546337,RAMAoL MpREIRA 444 SANTA MARIA,100,628291,TRAVESSA JURANDIR 1 128 SANTA MARIA,1409,0.088041246
546337,RAMAoL MpREIRA 444 SANTA MARIA,100,545701,RAMAL BRINDEIRO 762 SANTA MARIA,1931,0.09322605
546337,RAMAoL MpREIRA 444 SANTA MARIA,100,628302,TRAVESSA JURANDIR 2 69 SANTA MARIA,2378,0.09515242
546337,RAMAoL MpREIRA 444 SANTA MARIA,100,545470,RAMAL BEIRA DA JUDIA 1843 AREAL,7526,0.1026308
17312,RUAv DAS SAFIRAS 1216 PARQUE DAS GEMAS,101,17312,RUA DAS SAFIRAS 1216 PARQUE DAS GEMAS,2035,0.015575739
17312,RUAv DAS SAFIRAS 1216 PARQUE DAS GEMAS,101,17361,RUA DAS SAFIRAS 1634 PARQUE DAS GEMAS,9522,0.023435384
17312,RUAv DAS SAFIRAS 1216 PARQUE DAS GEMAS,101,17300,RUA DAS SAFIRAS 1062 PARQUE DAS GEMAS,7477,0.028354634
17312,RUAv DAS SAFIRAS 1216 PARQUE DAS GEMAS,101,17466,RUA DIAMANTES 1096 PARQUE DAS GEMAS,3199,0.0506467
17312,RUAv DAS SAFIRAS 1216 PARQUE DAS GEMAS,101,17472,RUA DIAMANTES 1197 PARQUE DAS GEMAS,3940,0.051485345
973240,RUA 77 1 COLONIA SANTO ANTONIO,102,973240,RUA 7 1 COLONIA SANTO ANTONIO,9910,0.008116399
973240,RUA 77 1 COLONIA SANTO ANTONIO,102,970329,RUA 5 12 COLONIA SANTO ANTONIO,7558,0.02302896
973240,RUA 77 1 COLONIA SANTO ANTONIO,102,1115409,RUA IANOMAMI 18 COLONIA SANTO ANTONIO,7726,0.054932483
973240,RUA 77 1 COLONIA SANTO ANTONIO,102,1134991,RUA JOSE BONIFACIO 22 COLONIA SANTO ANTONIO,835,0.0580672
973240,RUA 77 1 COLONIA SANTO ANTONIO,102,970598,RUA 5 71 COLONIA ANTONIO ALEIXO,2067,0.059489787
554634,RUA 121 JARDIM PRIMAVERA,103,554634,RUA AZALEIA 121 JARDIM PRIMAVERA,4360,0.034515023
554634,RUA 121 JARDIM PRIMAVERA,103,796740,RUA A 704 JARDIM FLORESTAL,884,0.06385023
554634,RUA 121 JARDIM PRIMAVERA,103,797680,RUA ALVORADA 159 JARDIM AMANDA,8718,0.06406176
554634,RUA 121 JARDIM PRIMAVERA,103,1111422,RUA HAITI 176 NOVA CIDADE,9775,0.06578511
554634,RUA 121 JARDIM PRIMAVERA,103,1001978,RUA AVEIRO 121 NOVA CIDADE,6097,0.06659785
425106,AVENIDA AIRTON SENNA 1061 UNîAO,104,425106,AVENIDA AIRTON SENNA 1061 UNIAO,3262,0.05129955
425106,AVENIDA AIRTON SENNA 1061 UNîAO,104,425088,AVENIDA AIRTON SENNA 846 UNIAO,9945,0.059438072
425106,AVENIDA AIRTON SENNA 1061 UNîAO,104,123052,AVENIDA ARACAJU 370 PRIMAVERA,3539,0.08001843
425106,AVENIDA AIRTON SENNA 1061 UNîAO,104,210209,AVENIDA MAMORE 4362 TIRADENTES,5860,0.08137803
425106,AVENIDA AIRTON SENNA 1061 UNîAO,104,210405,AVENIDA MEXICO 3223 EMBRATEL,2210,0.08193136
1062265,RUA DANILi CORREA 442 JAPIIM JAPIIM,105,1062265,RUA DANILO CORREA 442 JAPIIM,2746,0.0356367
1062265,RUA DANILi CORREA 442 JAPIIM JAPIIM,105,1062256,RUA DANILO CORREA 442 JAPIIM,8640,0.037953243
1062265,RUA DANILi CORREA 442 JAPIIM JAPIIM,105,1062117,RUA DANILO CORREA 93 JAPIIM,7735,0.04849092
1062265,RUA DANILi CORREA 442 JAPIIM JAPIIM,105,1126180,RUA JAIME REBELO 88 JAPIIM,7460,0.071914
1062265,RUA DANILi CORREA 442 JAPIIM JAPIIM,105,1135601,RUA JOSE DE LIMA 2 JAPIIM,7479,0.07317512
201175,RU RIO GRANDE DO NORTE 1099 NOVA PMIENTA,106,688108,RIO ITACOAI 18 REMANCINHO,9124,0.1864126
201175,RU RIO GRANDE DO NORTE 1099 NOVA PMIENTA,106,105911,RIO NEGRO SOTERIO 55 GUAJARA MIRIM,129,0.18667467
201175,RU RIO GRANDE DO NORTE 1099 NOVA PMIENTA,106,717076,RIO ACRE 15 SERINGAL SANTO ANTONIO,7211,0.18801433
201175,RU RIO GRANDE DO NORTE 1099 NOVA PMIENTA,106,739790,COMUNIDADE MONTE SINAI 2 3 RIO MUTUCA,6902,0.19151396
201175,RU RIO GRANDE DO NORTE 1099 NOVA PMIENTA,106,520086,RIO RIO ENVIRA 1 CURRALINHO,1051,0.22658923
102731,AVENIDA CAPITAO CAPITAO ALIPIO 1421 ONSSA SENHORA APARECIDA,107,102731,AVENIDA CAPITAO ALIPIO 1421 NOSSA SENHORA APARECIDA,8801,0.02403396
102731,AVENIDA CAPITAO CAPITAO ALIPIO 1421 ONSSA SENHORA APARECIDA,107,102732,AVENIDA CAPITAO ALIPIO 1431 NOSSA SENHORA APARECIDA,1736,0.026615234
102731,AVENIDA CAPITAO CAPITAO ALIPIO 1421 ONSSA SENHORA APARECIDA,107,101683,AVENIDA SALOMAO JUSTINIANO DE MELGAR 3105 NOSSA SENHORA APARECIDA,6027,0.09619342
102731,AVENIDA CAPITAO CAPITAO ALIPIO 1421 ONSSA SENHORA APARECIDA,107,10947,AVENIDA CAPITAO SILVIO 3254 SETOR GRANDES AREAS,2140,0.101597846
102731,AVENIDA CAPITAO CAPITAO ALIPIO 1421 ONSSA SENHORA APARECIDA,107,97362,AVENIDA ESTEVAO CORREA 5132 JARDIM DAS ESMERALDAS,1393,0.10243204
739572,CABEçEIRA CAMPNIA 15 RIO MUTUCA,108,739572,CABECEIRA CAMPINA 15 RIO MUTUCA,6490,0.04765166
739572,CABEçEIRA CAMPNIA 15 RIO MUTUCA,108,764218,RIO EIRU 16 SANTA LUCIA,2976,0.09546569
739572,CABEçEIRA CAMPNIA 15 RIO MUTUCA,108,1025822,RUA CACHOEIRA ALTA 275 TARUMA COMUNIDADE RIO SOLIMOES,9996,0.0975226
739572,CABEçEIRA CAMPNIA 15 RIO MUTUCA,108,527831,RIO BAJE 46 CAMPOS ELISIO,3538,0.10025411
739572,CABEçEIRA CAMPNIA 15 RIO MUTUCA,108,753485,FAZENDA IGAPO GRANDE 6 RIO URUCU,6080,0.10877033
1092086,RUA ENCONTRO DA SAGUAS 34 MAUAZINHO MAUAZINHO,109,1092086,RUA ENCONTRO DAS AGUAS 34 MAUAZINHO,4331,0.039204426
1092086,RUA ENCONTRO DA SAGUAS 34 MAUAZINHO MAUAZINHO,109,140147,RUA EQUADOR 1891 JARDIM DAS SERINGUEIRAS,9452,0.06867668
1092086,RUA ENCONTRO DA SAGUAS 34 MAUAZINHO MAUAZINHO,109,122798,RUA VISCONDE MAUA 4025 BAIRRO JARDIM DO ESTADOS,6453,0.07259247
1092086,RUA ENCONTRO DA SAGUAS 34 MAUAZINHO MAUAZINHO,109,138638,RUA DO JASMIM 2628 BAIRRO SANTIAGO,619,0.07805228
1092086,RUA ENCONTRO DA SAGUAS 34 MAUAZINHO MAUAZINHO,109,138611,RUA DO JASMIM 2501 BAIRRO SANTIAGO,1472,0.07830812
1150356,RUA MACJA ANTIGA DOZE A 63 SAO JOSE,110,1150356,RUA MACAJA ANTIGA RUA DOZE A 63 SAO JOSE,7498,0.02546092
1150356,RUA MACJA ANTIGA DOZE A 63 SAO JOSE,110,1150350,RUA MACAJA ANTIGA RUA DOZE A 31 SAO JOSE,851,0.027803151
1150356,RUA MACJA ANTIGA DOZE A 63 SAO JOSE,110,1008456,RUA BARREIRINHA ANTIGA RUA J 245 SAO JOSE OPERARIO,4729,0.058299657
1150356,RUA MACJA ANTIGA DOZE A 63 SAO JOSE,110,1026490,RUA CAJUBIA ANTIGA RUA MARGINAL 63 SAO JOSE OPERARIO 2,8788,0.05895421
1150356,RUA MACJA ANTIGA DOZE A 63 SAO JOSE,110,1000272,RUA ARUANA ANTIGA MARGINAL 20 SAO JOSE,7062,0.060303155
866538,AVENIDA CONTANTINO CONTANTINO NERY 3900 CHAPAsAm,111,866538,AVENIDA CONSTANTINO NERY 3900 CHAPADA,317,0.05388141
866538,AVENIDA CONTANTINO CONTANTINO NERY 3900 CHAPAsAm,111,865801,AVENIDA CONSTANTINO NERY 2525 CHAPADA,7789,0.074139565
866538,AVENIDA CONTANTINO CONTANTINO NERY 3900 CHAPAsAm,111,866292,AVENIDA CONSTANTINO NERY 3245 CHAPADA,2186,0.076038554
866538,AVENIDA CONTANTINO CONTANTINO NERY 3900 CHAPAsAm,111,865869,AVENIDA CONSTANTINO NERY 2525 CHAPADA,7129,0.0799039
866538,AVENIDA CONTANTINO CONTANTINO NERY 3900 CHAPAsAm,111,866334,AVENIDA CONSTANTINO NERY 3451 CHAPADA,6386,0.08128129
528705,RUA ALZIRA PEREIRA 191 MULTIRAO II,112,528705,RUA ALZIRA PEREIRA 191 MULTIRAO II,8112,4.514067e-06
528705,RUA ALZIRA PEREIRA 191 MULTIRAO II,112,530883,RUA MOACIR DE P. E SOUZA 180 MULTIRAO III,3540,0.062836155
528705,RUA ALZIRA PEREIRA 191 MULTIRAO II,112,530874,RUA MOACIR DE P. E SOUZA 130 MULTIRAO III,9988,0.064481094
528705,RUA ALZIRA PEREIRA 191 MULTIRAO II,112,118212,RUA TIAGO MOREIRA 1940 TARILANDIA,3326,0.069942184
528705,RUA ALZIRA PEREIRA 191 MULTIRAO II,112,667895,RUA EVARISTO S. DA SILVA 144 MULTIRAO,4300,0.07063678
483909,RAiU MARIA ESTER DE OLIVEIRA 210 BIARRO ELDOURADO,113,546271,RAMAL MARTINS BRUZUGU 156 SANTA MARIA,9898,0.107088275
483909,RAiU MARIA ESTER DE OLIVEIRA 210 BIARRO ELDOURADO,113,519003,TRAVESSA SAMUEL ELIAS DO NASCIMENTO 131 GENI NUNES,8968,0.10812569
483909,RAiU MARIA ESTER DE OLIVEIRA 210 BIARRO ELDOURADO,113,851625,ALAMEDA IBERE CAMARGO 8 PONTA NEGRA,9549,0.110237464
483909,RAiU MARIA ESTER DE OLIVEIRA 210 BIARRO ELDOURADO,113,626074,TRAVESSA FELISBELA NASCIMENTO 105 CAPOEIRA,795,0.11157247
483909,RAiU MARIA ESTER DE OLIVEIRA 210 BIARRO ELDOURADO,113,643137,RAMAL IGRARAPE DO MEIO 54 RODRIGUES ALVES,310,0.11877176
94891,AVENIDA AYRT0h SENNA 3771 JARDIM DAS ESMERALDAS,114,94891,AVENIDA AYRTON SENNA 3771 JARDIM DAS ESMERALDAS,5740,0.022652911
94891,AVENIDA AYRT0h SENNA 3771 JARDIM DAS ESMERALDAS,114,97362,AVENIDA ESTEVAO CORREA 5132 JARDIM DAS ESMERALDAS,1393,0.053782575
94891,AVENIDA AYRT0h SENNA 3771 JARDIM DAS ESMERALDAS,114,102289,AVENIDA TOUFIC MELHEN ABICHABIK 5961 JARDIM DAS ESMERALDAS,7339,0.06234882
94891,AVENIDA AYRT0h SENNA 3771 JARDIM DAS ESMERALDAS,114,102201,AVENIDA TOUFIC MELHEN ABICHABIK 5220 JARDIM DAS ESMERALDAS,8538,0.07178505
94891,AVENIDA AYRT0h SENNA 3771 JARDIM DAS ESMERALDAS,114,867357,AVENIDA COSME FERREIRA 5882 ZUMBI DOS PALMARES,2751,0.084153146
953282,jA 15 287 ALVORADA ALVORADA,115,956183,RUA 18 322 ALVORADA,4127,0.12518448
953282,jA 15 287 ALVORADA ALVORADA,115,967981,RUA 4 1152 ALVORADA,104,0.13474259
953282,jA 15 287 ALVORADA ALVORADA,115,947673,RUA 1 34 ALVORADA,426,0.13544849
953282,jA 15 287 ALVORADA ALVORADA,115,958448,RUA 2 422 ALVORADA,911,0.13763872
953282,jA 15 287 ALVORADA ALVORADA,115,953179,RUA 15 206 ALVORADA,8163,0.14021474
721811,LAGO DO PIAUsI 27 BOw EPERANCA,116,755390,RIO URUCU 6 IGARAPE DA MARTA,3391,0.12402988
721811,LAGO DO PIAUsI 27 BOw EPERANCA,116,728706,RIO MUCUIM 3 LAGO DO ACANIA,4291,0.12855668
721811,LAGO DO PIAUsI 27 BOw EPERANCA,116,688108,RIO ITACOAI 18 REMANCINHO,9124,0.13212083
721811,LAGO DO PIAUsI 27 BOw EPERANCA,116,754295,PARADOURO COPEA 18 NOVA JERUSALEM,4293,0.13557701
721811,LAGO DO PIAUsI 27 BOw EPERANCA,116,827100,ALDEIA JAPIIM 16 RIO PACIA,4457,0.13731536
1058978,RUA DA PAZ 53 COLONIA ANTONIO ALEIO,117,1058978,RUA DA PAZ 53 COLONIA ANTONIO ALEIXO,8151,0.0096823145
1058978,RUA DA PAZ 53 COLONIA ANTONIO ALEIO,117,1058787,RUA DA PAZ 32 COLONIA ANTONIO ALEIXO,5022,0.020700354
1058978,RUA DA PAZ 53 COLONIA ANTONIO ALEIO,117,1022216,RUA BURITI 55 COLONIA ANTONIO ALEIXO,8611,0.039618738
1058978,RUA DA PAZ 53 COLONIA ANTONIO ALEIO,117,1022074,RUA BURITI 16 COLONIA ANTONIO ALEIXO,6195,0.047179602
1058978,RUA DA PAZ 53 COLONIA ANTONIO ALEIO,117,970598,RUA 5 71 COLONIA ANTONIO ALEIXO,2067,0.05087989
715243,RUA TAPAUA 57 PRAIA DO GADO,118,715243,RUA TAPAUA 57 PRAIA DO GADO,1776,8.376235e-06
715243,RUA TAPAUA 57 PRAIA DO GADO,118,714324,RUA PAUINI 38 PRAIA DO GADO,3332,0.040512733
715243,RUA TAPAUA 57 PRAIA DO GADO,118,713649,RUA GAIVOTA 251 PRAIA DO GADO,2672,0.04464558
715243,RUA TAPAUA 57 PRAIA DO GADO,118,713081,RUA CAJAZEIRA 316 PRAIA DO GADO,6800,0.045123413
715243,RUA TAPAUA 57 PRAIA DO GADO,118,713351,RUA CURIO 197 PRAIA DO GADO,3388,0.0458553
55922,RUA LOUttIVAL MARTINS VIEIRA 3838 TEzIXEIRAO,119,55922,RUA LOURIVAL MARTINS VIEIRA 3838 TEIXEIRAO,7923,0.04564342
55922,RUA LOUttIVAL MARTINS VIEIRA 3838 TEzIXEIRAO,119,277531,RUA LEAO 2 11878 ULISSES GUIMARAES,4153,0.07249309
55922,RUA LOUttIVAL MARTINS VIEIRA 3838 TEzIXEIRAO,119,818183,RUA NAPOLEAO MONTEIRO 2 JURUA,8836,0.0734251
55922,RUA LOUttIVAL MARTINS VIEIRA 3838 TEzIXEIRAO,119,277542,RUA LEAO 2 11933 ULISSES GUIMARAES,2897,0.0742146
55922,RUA LOUttIVAL MARTINS VIEIRA 3838 TEzIXEIRAO,119,299736,RUA RINO LEVI 5235 TEIXEIRAO,1131,0.07579088
797680,RUA ALVORADA 159 JARDIM AMADA,120,797680,RUA ALVORADA 159 JARDIM AMANDA,8718,0.0122381095
797680,RUA ALVORADA 159 JARDIM AMADA,120,1011206,RUA BELA VISTA 350 ALVORADA,7886,0.06039325
797680,RUA ALVORADA 159 JARDIM AMADA,120,554634,RUA AZALEIA 121 JARDIM PRIMAVERA,4360,0.06277329
797680,RUA ALVORADA 159 JARDIM AMADA,120,1011026,RUA BELA VISTA 122 NOVO ALEIXO,9610,0.06650392
797680,RUA ALVORADA 159 JARDIM AMADA,120,1138171,RUA JUAREZ PRADO 53 NOVA CIDADE,2978,0.068584844
91472,RUA DOUTOR MIGUEL VFERREIRA OU qRUA DAS NACOES UNIDAS 1830 VISTA ALêGRE,121,91472,RUA DOUTOR MIGUEL V FERREIRA OU RUA DAS NACOES UNIDAS 1830 VISTA ALEGRE,9847,0.020821381
91472,RUA DOUTOR MIGUEL VFERREIRA OU qRUA DAS NACOES UNIDAS 1830 VISTA ALêGRE,121,901350,AVENIDA DESEMBARGADOR GASPAR GUIMARAES 8 BAIRRO DA UNIAO,4474,0.08726879
91472,RUA DOUTOR MIGUEL VFERREIRA OU qRUA DAS NACOES UNIDAS 1830 VISTA ALêGRE,121,425369,AVENIDA TANCREDO NEVES 1488 BAIRRO UNIAO,8613,0.09297141
91472,RUA DOUTOR MIGUEL VFERREIRA OU qRUA DAS NACOES UNIDAS 1830 VISTA ALêGRE,121,167934,AVENIDA JOAO BATISTA FIGUEIREDO 3348 BAIRRO UNIAO,5543,0.09484629
91472,RUA DOUTOR MIGUEL VFERREIRA OU qRUA DAS NACOES UNIDAS 1830 VISTA ALêGRE,121,160832,RUA PRESIDENTE JOAO BATISTA FIGUEIREDO 50 BAIRRO SANTIAGO,9348,0.096359015
624589,TRAVESSA DAb PISTA 306 AREAL,122,624589,TRAVESSA DA PISTA 306 AREAL,7599,0.032003
624589,TRAVESSA DAb PISTA 306 AREAL,122,630272,TRAVESSA PIAUI 27 MONTANHES,5880,0.082467556
624589,TRAVESSA DAb PISTA 306 AREAL,122,625250,TRAVESSA DO DIVISOR 76 ELDORADO,8250,0.09485706
624589,TRAVESSA DAb PISTA 306 AREAL,122,37342,TRAVESSAO SODAP 12 ARIQUEMES,4162,0.09840468
624589,TRAVESSA DAb PISTA 306 AREAL,122,621167,TRAVESSA ALTO VERDE 54 ELDORADO,7730,0.1111817
677986,RUA DE RIO 51 VILA DE NOGUEIRA,123,813782,RUA NATAL 166 VILA DE LINDOIA,5261,0.073890336
677986,RUA DE RIO 51 VILA DE NOGUEIRA,123,1048513,RUA CORUMBA 146 TERRA NOVA,603,0.07745421
677986,RUA DE RIO 51 VILA DE NOGUEIRA,123,576490,RUA GUARUJA 161 VILAGE,1812,0.079703495
677986,RUA DE RIO 51 VILA DE NOGUEIRA,123,1077090,RUA DO CUMARU 20 SANTA LUZIA,8147,0.08283241
677986,RUA DE RIO 51 VILA DE NOGUEIRA,123,585969,RUA MANGUEIRAL 1 31 CIDADE NOVA,3168,0.08286499
44815,AVENIDA PORTO ALEGRE 519 NOVO CACOAL,124,44815,AVENIDA PORTO ALEGRE 519 NOVO CACOAL,417,4.69305e-06
44815,AVENIDA PORTO ALEGRE 519 NOVO CACOAL,124,44826,AVENIDA PORTO ALEGRE 619 NOVO CACOAL,4413,0.004897657
44815,AVENIDA PORTO ALEGRE 519 NOVO CACOAL,124,44795,AVENIDA PORTO ALEGRE 315 NOVO CACOAL,9252,0.0085659865
44815,AVENIDA PORTO ALEGRE 519 NOVO CACOAL,124,44770,AVENIDA PORTO ALEGRE 111 NOVO CACOAL,7338,0.011097794
44815,AVENIDA PORTO ALEGRE 519 NOVO CACOAL,124,346890,AVENIDA PORTO ALEGRE 3162 CENTENARIO,5448,0.058887124
187748,RUA PORTO SEGURO 68 JARDIM AEROPORTO AEROPORTO,125,187748,RUA PORTO SEGURO 68 JARDIM AEROPORTO,7354,0.02646425
187748,RUA PORTO SEGURO 68 JARDIM AEROPORTO AEROPORTO,125,189797,RUA SANTO ANDRE 72 JARDIM AEROPORTO,5100,0.07692467
187748,RUA PORTO SEGURO 68 JARDIM AEROPORTO AEROPORTO,125,183542,RUA DO CACAU 331 JARDIM AEROPORTO,3817,0.07976839
187748,RUA PORTO SEGURO 68 JARDIM AEROPORTO AEROPORTO,125,189846,RUA SAO LUIZ 353 JARDIM AEROPORTO,9461,0.08140634
187748,RUA PORTO SEGURO 68 JARDIM AEROPORTO AEROPORTO,125,185074,RUA ITABIRA 391 JARDIM AEROPORTO,8625,0.085998304
605430,RUA TAMANDARE 236 BOSQUE,126,605430,RUA TAMANDARE 236 BOSQUE,4480,5.312688e-06
605430,RUA TAMANDARE 236 BOSQUE,126,605431,RUA TAMANDARE 243 BOSQUE,8620,0.008865869
605430,RUA TAMANDARE 236 BOSQUE,126,560316,RUA CANINDE 463 BOSQUE,1321,0.04174193
605430,RUA TAMANDARE 236 BOSQUE,126,656334,RUA SANTOS DUMONT 407 BOSQUE,4998,0.057491273
605430,RUA TAMANDARE 236 BOSQUE,126,1061661,RUA DAMASCO 23 PLANALTO,7802,0.05897093
570851,EDMUNDO RUA PINTO 108 AIMhNDO MELO,127,926136,BECO RAIMUNDO MONTEIRO 31 MAUAZINHO,4891,0.07832672
570851,EDMUNDO RUA PINTO 108 AIMhNDO MELO,127,608946,RUA VETERANO R PINTO 99 MANOEL JULIAO,6634,0.08954103
570851,EDMUNDO RUA PINTO 108 AIMhNDO MELO,127,922272,BECO JOSE DO PATROCINIO 30 ALEIXO,6608,0.09346911
570851,EDMUNDO RUA PINTO 108 AIMhNDO MELO,127,922261,BECO JOSE DO PATROCINIO 3 ALEIXO,3760,0.09447463
570851,EDMUNDO RUA PINTO 108 AIMhNDO MELO,127,919241,BECO EDUARDO RIBEIRO 45 CHAPADA,7188,0.095193475
240178,RUA CARDEAL 3619 CALADkNHO,128,240178,RUA CARDEAL 3619 CALADINHO,3885,0.03783726
240178,RUA CARDEAL 3619 CALADkNHO,128,232909,RUA AVAI 2602 CALADINHO,9657,0.07594441
240178,RUA CARDEAL 3619 CALADkNHO,128,299240,RUA RENASCER 4762 CALADINHO,7629,0.079337835
240178,RUA CARDEAL 3619 CALADkNHO,128,224732,RUA ALGODOEIRO 4840 CALADINHO,1620,0.08042082
240178,RUA CARDEAL 3619 CALADkNHO,128,284704,RUA MIGUEL CALMON 3162 CALADINHO,7883,0.08364587
317921,RUA ALMIRANTE BARROSO 2075 NOSSA SENHORA DAS GRACAS,129,317921,RUA ALMIRANTE BARROSO 2075 NOSSA SENHORA DAS GRACAS,7502,1.8698545e-05
317921,RUA ALMIRANTE BARROSO 2075 NOSSA SENHORA DAS GRACAS,129,317927,RUA ALMIRANTE BARROSO 2095 NOSSA SENHORA DAS GRACAS,1681,0.0021566632
317921,RUA ALMIRANTE BARROSO 2075 NOSSA SENHORA DAS GRACAS,129,317961,RUA ALMIRANTE BARROSO 2455 NOSSA SENHORA DAS GRACAS,4550,0.006123267
317921,RUA ALMIRANTE BARROSO 2075 NOSSA SENHORA DAS GRACAS,129,317965,RUA ALMIRANTE BARROSO 2455 NOSSA SENHORA DAS GRACAS,2108,0.0068408265
317921,RUA ALMIRANTE BARROSO 2075 NOSSA SENHORA DAS GRACAS,129,317863,RUA ALMIRANTE BARROSO 1713 NOSSA SENHORA DAS GRACAS,8158,0.008803964
259574,RúA GAROúPA 4414 NOVA PORTO VELHO,130,259574,RUA GAROUPA 4414 NOVA PORTO VELHO,1951,0.07252169
259574,RúA GAROúPA 4414 NOVA PORTO VELHO,130,287211,RUA NICARAGUA 1567 NOVA PORTO VELHO,2037,0.08726016
259574,RúA GAROúPA 4414 NOVA PORTO VELHO,130,754295,PARADOURO COPEA 18 NOVA JERUSALEM,4293,0.095032185
259574,RúA GAROúPA 4414 NOVA PORTO VELHO,130,268450,RUA JACY PARANA 3725 NOVA PORTO VELHO,4230,0.10006116
259574,RúA GAROúPA 4414 NOVA PORTO VELHO,130,405378,RUA MASSANGANA 2807 ALTO PARAISO,6249,0.10112536
119043,RUA PADRE CHIQUINHO 1736 SETOR 40,131,119043,RUA PADRE CHIQUINHO 1736 SETOR 04,7516,0.0074156327
119043,RUA PADRE CHIQUINHO 1736 SETOR 40,131,119041,RUA PADRE CHIQUINHO 1706 SETOR 07,869,0.016977806
119043,RUA PADRE CHIQUINHO 1736 SETOR 40,131,119209,RUA PADRE CHIQUINHO 4053 SETOR 02,8146,0.025421014
119043,RUA PADRE CHIQUINHO 1736 SETOR 40,131,118963,RUA PADRE CHIQUINHO 1072 SETOR 07,3296,0.027540237
119043,RUA PADRE CHIQUINHO 1736 SETOR 40,131,322057,RUA PADRE CHIQHINHO 2593 LIBERDADE,1329,0.05391352
618318,RUA RUA SAO JOSE 188 SkvRAL,132,618496,RUA SAO LUCAS 91 SOBRAL,1601,0.07663619
618318,RUA RUA SAO JOSE 188 SkvRAL,132,618318,RUA SAO JOSE I 188 SOBRAL,1535,0.07836253
618318,RUA RUA SAO JOSE 188 SkvRAL,132,1053888,RUA D 7 SAO JOSE OPERARIO 3,6305,0.08300165
618318,RUA RUA SAO JOSE 188 SkvRAL,132,1078920,RUA DOIS 4 SAO JOSE OPERARIIO,3255,0.085348494
618318,RUA RUA SAO JOSE 188 SkvRAL,132,1054504,RUA D 31 SAO JOSE OPERARIO 3,4022,0.08633937
1094863,RUA EdTRELA DALVA 100 JORGE TEIXEIRA,133,1094863,RUA ESTRELA DALVA 100 JORGE TEIXEIRA,7795,0.019628309
1094863,RUA EdTRELA DALVA 100 JORGE TEIXEIRA,133,1061609,RUA DALVA DE OLIVEIRA 74 JORGE TEIXEIRA,2795,0.055596348
1094863,RUA EdTRELA DALVA 100 JORGE TEIXEIRA,133,1029451,RUA CAPIM SANTO 55 JORGE TEIXEIRA,9166,0.060440645
1094863,RUA EdTRELA DALVA 100 JORGE TEIXEIRA,133,1006705,RUA BALEIA 8 JORGE TEIXEIRA,2712,0.06335564
1094863,RUA EdTRELA DALVA 100 JORGE TEIXEIRA,133,587494,RUA MARIA DE LURDES 106 TRIANGULO,2784,0.065813616
1085817,RUA DOZE 26 PARQUE 10 DE NOVEMBRO,134,1085817,RUA DOZE 26 PARQUE 10 DE NOVEMBRO,5671,6.6570647e-06
1085817,RUA DOZE 26 PARQUE 10 DE NOVEMBRO,134,1081685,RUA DOIS A 5 PARQUE 10 DE NOVEMBRO,4385,0.030528972
1085817,RUA DOZE 26 PARQUE 10 DE NOVEMBRO,134,1071100,RUA DEZENOVE 577 PARQUE 10 DE NOVEMBRO,8579,0.030653551
1085817,RUA DOZE 26 PARQUE 10 DE NOVEMBRO,134,1069834,RUA DEZ 356 PARQUE 10 DE NOVEMBRO,3257,0.03280455
1085817,RUA DOZE 26 PARQUE 10 DE NOVEMBRO,134,1088027,RUA E 4 PARQUE 10 DE NOVEMBRO,8351,0.035835754
277912,RA LIBEROBADARO LIBEROBADARO 3056 COiTA E SILVA,135,277912,RUA LIBEROBADARO 3056 COSTA E SILVA,9379,0.12603432
277912,RA LIBEROBADARO LIBEROBADARO 3056 COiTA E SILVA,135,277909,RUA LIBEROBADARO 3056 COSTA E SILVA,1144,0.12845011
277912,RA LIBEROBADARO LIBEROBADARO 3056 COiTA E SILVA,135,298197,RUA RAFAEL VAZ E SILVA 2991 LIBERDADE,7562,0.16440514
277912,RA LIBEROBADARO LIBEROBADARO 3056 COiTA E SILVA,135,298207,RUA RAFAEL VAZ E SILVA 3045 LIBERDADE,6529,0.16889265
277912,RA LIBEROBADARO LIBEROBADARO 3056 COiTA E SILVA,135,238247,RUA CACHOEIRA D ITAPEMIRIM 2464 MARCOS FREIRE,3850,0.181454
1018827,RUA BOM 748 ZUMBI DOS PáLMAES,136,1018827,RUA BOM JESUS 748 ZUMBI DOS PALMARES,7961,0.059230987
1018827,RUA BOM 748 ZUMBI DOS PáLMAES,136,1098556,RUA FIGUEREDO 18 ZUMBI DOS PALMARES,7729,0.07215571
1018827,RUA BOM 748 ZUMBI DOS PáLMAES,136,1128846,RUA JAURI 19 ZUMBI DOS PALMARES,1689,0.075071886
1018827,RUA BOM 748 ZUMBI DOS PáLMAES,136,980436,RUA ACAI 15 ZUMBI DOS PALMARES,2014,0.08157098
1018827,RUA BOM 748 ZUMBI DOS PáLMAES,136,1149282,RUA LUIZ VEZON 20 ZUMBI DOS PALMARES,8365,0.08291337
741200,BECO AGAMENON AGAMENON 70 URUCU,137,216387,BECO DA BRASILLIA 1750 TUCUMANZAL,7440,0.13954848
741200,BECO AGAMENON AGAMENON 70 URUCU,137,796063,BECO TEODORICO NUNES 538 JAUARY I,243,0.1419397
741200,BECO AGAMENON AGAMENON 70 URUCU,137,924312,BECO NONATO 2370 CACHOEIRINHA,8063,0.1434179
741200,BECO AGAMENON AGAMENON 70 URUCU,137,701208,BECO 30 101 JAVARIZINHO,7774,0.14406584
741200,BECO AGAMENON AGAMENON 70 URUCU,137,796049,BECO TEODORICO NUNES 482 JAUARY I,5773,0.14853595
613904,RUA MwARCHAL DEODORO 231 CENTRO,138,613904,RUA MARECHAL DEODORO 231 CENTRO,8528,0.042808086
613904,RUA MwARCHAL DEODORO 231 CENTRO,138,321351,RUA MARECHAL DEODORO 2581 CENTRO,8026,0.062808156
613904,RUA MwARCHAL DEODORO 231 CENTRO,138,390244,RUA NAPOLEAO BONAPARTE 2091 CENTRO,729,0.064125255
613904,RUA MwARCHAL DEODORO 231 CENTRO,138,515410,AVENIDA MARECHAL DEODORO 677 CENTRO,6221,0.06833465
613904,RUA MwARCHAL DEODORO 231 CENTRO,138,446192,RUA MARECHAL RONDON 2406 CENTRO,56,0.071512565
168067,AVENIDA MATO GROSSO 3559 BAIRRO UNIAO,139,168067,AVENIDA MATO GROSSO 3559 BAIRRO UNIAO,1796,6.2823565e-06
168067,AVENIDA MATO GROSSO 3559 BAIRRO UNIAO,139,168123,AVENIDA MATO GROSSO 4126 BAIRRO UNIAO,1479,0.032807678
168067,AVENIDA MATO GROSSO 3559 BAIRRO UNIAO,139,425369,AVENIDA TANCREDO NEVES 1488 BAIRRO UNIAO,8613,0.07420267
168067,AVENIDA MATO GROSSO 3559 BAIRRO UNIAO,139,350423,AVENIDA SAO LUIZ 5308 BAIRRO PLANALTO,189,0.080246985
168067,AVENIDA MATO GROSSO 3559 BAIRRO UNIAO,139,480761,AVENIDA MARINHO MONTE 1025 BAIRRO ELDORADO,1933,0.080603845
953761,15 NOVEMBOR DE RUA 233 ALViRAaDA,140,977790,RUA A 23 234 ALVORADA,5977,0.1303539
953761,15 NOVEMBOR DE RUA 233 ALViRAaDA,140,956183,RUA 18 322 ALVORADA,4127,0.13383844
953761,15 NOVEMBOR DE RUA 233 ALViRAaDA,140,977667,RUA A 14 155 ALVORADA,8363,0.1358991
953761,15 NOVEMBOR DE RUA 233 ALViRAaDA,140,967981,RUA 4 1152 ALVORADA,104,0.13715914
953761,15 NOVEMBOR DE RUA 233 ALViRAaDA,140,590484,RUA N DOIS 23 TUCUMA II,8320,0.15083835
91032,RUA VALE FORMOSO 1132 VISTA ALEGRE,141,91032,RUA VALE FORMOSO 1132 VISTA ALEGRE,5982,5.2368496e-06
91032,RUA VALE FORMOSO 1132 VISTA ALEGRE,141,91072,RUA VALE FORMOSO 1757 VISTA ALEGRE,845,0.020577153
91032,RUA VALE FORMOSO 1132 VISTA ALEGRE,141,91039,RUA VALE FORMOSO 1264 VISTA ALEGRE,9443,0.031100964
91032,RUA VALE FORMOSO 1132 VISTA ALEGRE,141,89510,RUA PETRONIO CAMARGO 2896 VISTA ALEGRE,7816,0.061332382
91032,RUA VALE FORMOSO 1132 VISTA ALEGRE,141,53373,RUA GUIMARAES ROSA 1127 JARDIM VISTA ALEGRE,4901,0.06459381
218808,ESTRADA DO CANIL CANIL 7494 NACIONgL,142,218808,ESTRADA DO CANIL 7494 NACIONAL,7604,0.06517288
218808,ESTRADA DO CANIL CANIL 7494 NACIONgL,142,218526,ESTRADA DO BELMONT 2609 NACIONAL,4776,0.09676443
218808,ESTRADA DO CANIL CANIL 7494 NACIONgL,142,218491,ESTRADA DO BELMONT 2086 NACIONAL,5625,0.09702866
218808,ESTRADA DO CANIL CANIL 7494 NACIONgL,142,218501,ESTRADA DO BELMONT 2358 NACIONAL,4548,0.105504096
218808,ESTRADA DO CANIL CANIL 7494 NACIONgL,142,218366,ESTRADA DO BELMONT 1999 NACIONAL,8366,0.1173272
1017026,RUA 3 VILA DA PjRATA,143,738414,RUA 1 10 VILA DO ARACA,9953,0.08541803
1017026,RUA 3 VILA DA PjRATA,143,738631,RUA CONTORNO 100 VILA DO ARACA,3836,0.088797055
1017026,RUA 3 VILA DA PjRATA,143,594363,RUA PERU 179 BAIXA DA HABITASA,5572,0.090042435
1017026,RUA 3 VILA DA PjRATA,143,812619,RUA 1 115 VILA DE LINDOIA,1124,0.09123865
1017026,RUA 3 VILA DA PjRATA,143,594357,RUA PERU 161 BAIXA DA HABITASA,5353,0.094015576
1043066,sRUA 81 AMAoZONINO,144,920980,BECO IGARAPE 27 COMPENSA,7408,0.16652668
1043066,sRUA 81 AMAoZONINO,144,932346,BECO VIANA 391 REDENCAO,6537,0.16773579
1043066,sRUA 81 AMAoZONINO,144,672888,RAMAL LINHA4 252 CAQUETA,7260,0.1722993
1043066,sRUA 81 AMAoZONINO,144,637662,RAMAL PICAREIRA 520 AMAPA,9958,0.17350924
1043066,sRUA 81 AMAoZONINO,144,851689,ALAMEDA ITALIA 82 CHAPADA,8757,0.17465207
188163,RUA RIO DE JANEIRO 150 JARDIM BNDEIRATE,145,188163,RUA RIO DE JANEIRO 150 JARDIM BANDEIRANTE,289,0.010515405
188163,RUA RIO DE JANEIRO 150 JARDIM BNDEIRATE,145,677986,RUA RIO DE JANEIRO 51 VILA DE NOGUEIRA,9634,0.053984717
188163,RUA RIO DE JANEIRO 150 JARDIM BNDEIRATE,145,500371,RUA DO RIO DE JANEIRO 660 BAIRRO CRUZEIRAO,8681,0.060353234
188163,RUA RIO DE JANEIRO 150 JARDIM BNDEIRATE,145,300102,RUA RIO DE JANEIRO 9290 PORTO VELHO,4648,0.07156792
188163,RUA RIO DE JANEIRO 150 JARDIM BNDEIRATE,145,476360,RUA RIO DE JANEIRO 2033 ACRELANDIA,9480,0.074922
869341,AVENIDA AVENIDADJALMA BATISTA 34 FLORES,146,869341,AVENIDA DJALMA BATISTA 34 FLORES,5991,0.035566423
869341,AVENIDA AVENIDADJALMA BATISTA 34 FLORES,146,869737,AVENIDA DJALMA BATISTA 2465 CHAPADA,7794,0.073391005
869341,AVENIDA AVENIDADJALMA BATISTA 34 FLORES,146,869310,AVENIDA DJALMA BATISTA 15 CHAPADA,2676,0.079070345
869341,AVENIDA AVENIDADJALMA BATISTA 34 FLORES,146,898545,AVENIDA TORQUATO TAPAJOS 840 FLORES,2497,0.081424385
869341,AVENIDA AVENIDADJALMA BATISTA 34 FLORES,146,895880,AVENIDA SUMARE 1433 JORGE TEIXEIRA COMUNIDADE VAL PARAISO,5082,0.088779084
516104,RUA BURITI 1338 ZENAIDE,147,516104,RUA BURITI 1338 ZENAIDE PAIVA,8413,0.02833957
516104,RUA BURITI 1338 ZENAIDE,147,559137,RUA BURITI 391 CONQUISTA,1762,0.050874837
516104,RUA BURITI 1338 ZENAIDE,147,517747,RUA TUCUMA 1339 ZENAIDE PAIVA,1932,0.05460678
516104,RUA BURITI 1338 ZENAIDE,147,157905,RUA XAPURI 1303 RIACHUELO,9578,0.05607703
516104,RUA BURITI 1338 ZENAIDE,147,578213,RUA ISAURA PARENTE 136 BOSQUE,1323,0.058168717
838346,RUA MARIO SgILVA DE ALMEIDA 163 TEjRRA PRETA,148,838346,RUA MARIO SILVA DE ALMEIDA 163 TERRA PRETA,1299,0.04689395
838346,RUA MARIO SgILVA DE ALMEIDA 163 TEjRRA PRETA,148,838322,RUA MARIO SILVA DE ALMEIDA 45 TERRA PRETA,9140,0.05016862
838346,RUA MARIO SgILVA DE ALMEIDA 163 TEjRRA PRETA,148,1092807,RUA ERMELINDA DE QUEIROZ 24 NOVA ESPERANCA,7854,0.071262114
838346,RUA MARIO SgILVA DE ALMEIDA 163 TEjRRA PRETA,148,581954,RUA JOSE P DE OLIVEIRA 115 NOVA ESPERANCA,789,0.075232714
838346,RUA MARIO SgILVA DE ALMEIDA 163 TEjRRA PRETA,148,588794,RUA MEIRE ALVES DA SILVA 305 TANCREDO NEVES,2903,0.077909485
154281,MADUREIRA RUA SENw 3641 JORGE TEIXEIRA,149,154281,RUA SENA MADUREIRA 3641 JORGE TEIXEIRA,8420,0.044593424
154281,MADUREIRA RUA SENw 3641 JORGE TEIXEIRA,149,154218,RUA SENA MADUREIRA 3165 JORGE TEIXEIRA,3433,0.049293146
154281,MADUREIRA RUA SENw 3641 JORGE TEIXEIRA,149,15291,RUA CARIMBO 3406 JORGE TEIXEIRA,593,0.057719097
154281,MADUREIRA RUA SENw 3641 JORGE TEIXEIRA,149,24498,RUA MARABA 3340 JORGE TEIXEIRA,8834,0.057739794
154281,MADUREIRA RUA SENw 3641 JORGE TEIXEIRA,149,77289,RUA NU ARUAGUES 3910 JORGE TEIXEIRA,9649,0.05897533
1148139,RUA LiURO TàCHI 245 MOjTE DAS OrLIVEIRAS,150,750556,RUA CAPITAO SILVA 513 TAUA MIRIM,7006,0.09490633
1148139,RUA LiURO TàCHI 245 MOjTE DAS OrLIVEIRAS,150,55922,RUA LOURIVAL MARTINS VIEIRA 3838 TEIXEIRAO,7923,0.095977604
1148139,RUA LiURO TàCHI 245 MOjTE DAS OrLIVEIRAS,150,299736,RUA RINO LEVI 5235 TEIXEIRAO,1131,0.0959974
1148139,RUA LiURO TàCHI 245 MOjTE DAS OrLIVEIRAS,150,768499,RUA GENIPAPO 129 MAE CREUZA,4218,0.099715665
1148139,RUA LiURO TàCHI 245 MOjTE DAS OrLIVEIRAS,150,1092673,RUA ERICO VERISSIMO ANTIGA L4 543 NOVA REPUBLICA,8100,0.10220977
303164,RUz kSALVADOR 340 PORTO VELHO,151,476921,PORTO DIAS 60 SERINGAL TRIUNFO,1772,0.120596156
303164,RUz kSALVADOR 340 PORTO VELHO,151,524077,RAMAL ALTO PENTENCOSTE 214 PARANA,5186,0.12116525
303164,RUz kSALVADOR 340 PORTO VELHO,151,621167,TRAVESSA ALTO VERDE 54 ELDORADO,7730,0.12256078
303164,RUz kSALVADOR 340 PORTO VELHO,151,754295,PARADOURO COPEA 18 NOVA JERUSALEM,4293,0.1253161
303164,RUz kSALVADOR 340 PORTO VELHO,151,358220,LINHA 200 NORTE LD ESQUERDO 7 ROLIM DE MOURA,1696,0.12656568
375032,RUA AMAPA 2186 PARQUE IDN NOVO TEMOP,152,375032,RUA AMAPA 2186 PARQUE IND NOVO TEMPO,1139,0.030879848
375032,RUA AMAPA 2186 PARQUE IDN NOVO TEMOP,152,375054,RUA AMAPA 2290 PARQUE IND NOVO TEMPO,3019,0.03932059
375032,RUA AMAPA 2186 PARQUE IDN NOVO TEMOP,152,375100,RUA AMAPA 2612 PARQUE IND NOVO TEMPO,6866,0.048752457
375032,RUA AMAPA 2186 PARQUE IDN NOVO TEMOP,152,376256,RUA CEARA 2493 PARQUE IND NOVO TEMPO,3242,0.053779036
375032,RUA AMAPA 2186 PARQUE IDN NOVO TEMOP,152,376266,RUA CEARA 2630 PARQUE IND NOVO TEMPO,8739,0.05545254
1037233,RUA CENTRjAL PARK 498 BAIRRO SAO FRANCISCO,153,1037233,RUA CENTRAL PARK 498 BAIRRO SAO FRANCISCO,5262,0.024798676
1037233,RUA CENTRjAL PARK 498 BAIRRO SAO FRANCISCO,153,540476,AVENIDA UM 580 BAIRRO SAO FRANCISCO,7715,0.06481142
1037233,RUA CENTRjAL PARK 498 BAIRRO SAO FRANCISCO,153,540487,AVENIDA UM 690 BAIRRO SAO FRANCISCO,2998,0.065519705
1037233,RUA CENTRjAL PARK 498 BAIRRO SAO FRANCISCO,153,690802,RUA NESTOR CORDOVIL 67 BAIRRO SAO JOSE,6478,0.06737301
1037233,RUA CENTRjAL PARK 498 BAIRRO SAO FRANCISCO,153,1132109,RUA JOAO MENDONCA 453 BAIRRO PETROPOLIS,5744,0.07276967
782376,RUA JOAO HERCULANO NETO 174 IPIXUAN,154,782376,RUA JOAO HERCULANO NETO 174 IPIXUNA,8200,0.009708893
782376,RUA JOAO HERCULANO NETO 174 IPIXUAN,154,782377,RUA JOAO HERCULANO NETO 218 IPIXUNA,5956,0.025283895
782376,RUA JOAO HERCULANO NETO 174 IPIXUAN,154,1112594,RUA HERMINIO BARBOSA 47 SAO LAZARO,5282,0.06763697
782376,RUA JOAO HERCULANO NETO 174 IPIXUAN,154,702479,RUA JOAO BERTOLDO 116 COIMBRA,2949,0.06852306
782376,RUA JOAO HERCULANO NETO 174 IPIXUAN,154,742759,RUA ALFREDO SEVERINO 63 URUCU,6748,0.07945088
6617,LINH P 44 10 ZONA RURAL RúRAL,155,6617,LINHA P 44 10 ZONA RURAL,7277,0.0852626
6617,LINH P 44 10 ZONA RURAL RúRAL,155,6614,LINHA P 44 8 ZONA RURAL,9193,0.09393301
6617,LINH P 44 10 ZONA RURAL RúRAL,155,463248,LINHA 16 DO 31 661 ZONA RURAL,9994,0.12052046
6617,LINH P 44 10 ZONA RURAL RúRAL,155,179035,LINHA 11O SUL 4 ZONA RURAL,8169,0.12446514
6617,LINH P 44 10 ZONA RURAL RúRAL,155,463282,LINHA 16 DO 31 1070 ZONA RURAL,9481,0.12642431
56320,RUA LUTHEt LUTHER KING 2176 JARDIM CL0DOALDO,156,1147186,RUA LOPES CORDOVIL 425 ALVORADA,3115,0.10466543
56320,RUA LUTHEt LUTHER KING 2176 JARDIM CL0DOALDO,156,571811,RUA EPAMINONDAS JACOME 2080 CADEIA VELHA,8411,0.10818748
56320,RUA LUTHEt LUTHER KING 2176 JARDIM CL0DOALDO,156,1147210,RUA LOPES CORDOVIL 445 ALVORADA,9675,0.108218044
56320,RUA LUTHEt LUTHER KING 2176 JARDIM CL0DOALDO,156,1147226,RUA LOPES CORDOVIL 483 ALVORADA,6385,0.11182929
56320,RUA LUTHEt LUTHER KING 2176 JARDIM CL0DOALDO,156,798604,RUA ARNOUD RUY 4212 TIRADENTES,1553,0.11462082
1085006,SAMARITANOS RU ADOS 16 ZUMBI 03,157,931897,BECO UIRAPURU 3 75 COROADO,3053,0.121191874
1085006,SAMARITANOS RU ADOS 16 ZUMBI 03,157,758567,COMUNIDADE ARPAUBA 2 PARANA BADAJOS,4846,0.13109472
1085006,SAMARITANOS RU ADOS 16 ZUMBI 03,157,532223,RAMAL CEU ABERTO 5 COLONIA 3 IRMAOS,6612,0.13343364
1085006,SAMARITANOS RU ADOS 16 ZUMBI 03,157,931908,BECO UIRAPURU 4 20 COROADO,3010,0.1354864
1085006,SAMARITANOS RU ADOS 16 ZUMBI 03,157,758575,COMUNIDADE ARPAUBA 10 PARANA BADAJOS,5292,0.1381462
895880,AVENDIA SUMARE 1433 JORGE TEIXEIRA COMUNIDADE VAL PARAISO,158,895880,AVENIDA SUMARE 1433 JORGE TEIXEIRA COMUNIDADE VAL PARAISO,5082,0.00763632
895880,AVENDIA SUMARE 1433 JORGE TEIXEIRA COMUNIDADE VAL PARAISO,158,990773,RUA AMBE 90 JORGE TEIXEIRA COMUNIDADE VAL PARAISO,4419,0.05976922
895880,AVENDIA SUMARE 1433 JORGE TEIXEIRA COMUNIDADE VAL PARAISO,158,1031655,RUA CARLOS SANTOS 60 JORGE TEIXEIRA COMUNIDADE VAL PARAISO,7877,0.06591351
895880,AVENDIA SUMARE 1433 JORGE TEIXEIRA COMUNIDADE VAL PARAISO,158,101705,AVENIDA SALOMAO JUSTINIANO MELGAR 3777 GUAJARA MIRIM,5614,0.07623385
895880,AVENDIA SUMARE 1433 JORGE TEIXEIRA COMUNIDADE VAL PARAISO,158,101706,AVENIDA SALOMAO JUSTINIANO MELGAR 3778 GUAJARA MIRIM,5341,0.07910228
128229,LINA ITAPIrREMA 50 LINHA ITsPIREMwA,159,175463,LINHA TB 12 110 MACHADIHO,5501,0.13874096
128229,LINA ITAPIrREMA 50 LINHA ITsPIREMwA,159,174072,LINHA LJ 9 270 MACHADIHO,2317,0.14364153
128229,LINA ITAPIrREMA 50 LINHA ITsPIREMwA,159,623090,TRAVESSA CARAMURU 167 BOSQUE,3581,0.14625812
128229,LINA ITAPIrREMA 50 LINHA ITsPIREMwA,159,627045,TRAVESSA IPE 35 SANTA INES,4809,0.15383863
128229,LINA ITAPIrREMA 50 LINHA ITsPIREMwA,159,418154,TRAVESSAO C 18B 25 BUITIS,7220,0.16766429
288120,RUA NOVA ESPERCA 4730 CALADNaHO,160,288120,RUA NOVA ESPERANCA 4730 CALADINHO,3679,0.04748508
288120,RUA NOVA ESPERCA 4730 CALADNaHO,160,288063,RUA NOVA ESPERANCA 4220 CALADINHO,5108,0.056799646
288120,RUA NOVA ESPERCA 4730 CALADNaHO,160,287984,RUA NOVA ESPERANCA 3721 CALADINHO,4407,0.05736704
288120,RUA NOVA ESPERCA 4730 CALADNaHO,160,241060,RUA CARTOLA 3294 LAGOINHA,3334,0.075170174
288120,RUA NOVA ESPERCA 4730 CALADNaHO,160,224732,RUA ALGODOEIRO 4840 CALADINHO,1620,0.07837582
358220,LINHA 200r ORTE LD ESQUERDO 7 ROLIM DE MOURA,161,358220,LINHA 200 NORTE LD ESQUERDO 7 ROLIM DE MOURA,1696,0.0127562005
358220,LINHA 200r ORTE LD ESQUERDO 7 ROLIM DE MOURA,161,358178,LINHA 200 NORTE 4 ROLIM DE MOURA,1956,0.042504326
358220,LINHA 200r ORTE LD ESQUERDO 7 ROLIM DE MOURA,161,358247,LINHA 200 SUL 5 ROLIM DE MOURA,6388,0.043966383
358220,LINHA 200r ORTE LD ESQUERDO 7 ROLIM DE MOURA,161,358270,LINHA 200 SUL 11 ROLIM DE MOURA,2831,0.04508531
358220,LINHA 200r ORTE LD ESQUERDO 7 ROLIM DE MOURA,161,358101,LINHA 196 NORTE 4 ROLIM DE MOURA,3201,0.06423032
791879,ESTRADA DO JANAUARI 43 COMUNIDADE SAO JOSE,162,791879,ESTRADA DO JANAUARI 43 COMUNIDADE SAO JOSE,8725,5.1918396e-06
791879,ESTRADA DO JANAUARI 43 COMUNIDADE SAO JOSE,162,967192,RUA 38 121 COMUNIDADE PORTELINHA SAO JOSE 2,9806,0.08239091
791879,ESTRADA DO JANAUARI 43 COMUNIDADE SAO JOSE,162,495146,ESTRADA DO AEROPORTO 12 RESIDENCIAL SAO SALVADOR,8055,0.083544545
791879,ESTRADA DO JANAUARI 43 COMUNIDADE SAO JOSE,162,710253,RUA NICOLAU VIANA 281 COMUNIDADE SAO BENEDITO,3585,0.08409651
791879,ESTRADA DO JANAUARI 43 COMUNIDADE SAO JOSE,162,1008456,RUA BARREIRINHA ANTIGA RUA J 245 SAO JOSE OPERARIO,4729,0.09035568
1069777,RUA DEkZ 316 ALVORADA,163,1069777,RUA DEZ 316 ALVORADA,9603,0.03152705
1069777,RUA DEkZ 316 ALVORADA,163,1069668,RUA DEZ 240 ALVORADA,3536,0.055381518
1069777,RUA DEkZ 316 ALVORADA,163,1069807,RUA DEZ 341 ALVORADA,3555,0.05598744
1069777,RUA DEkZ 316 ALVORADA,163,975048,RUA 8 435 ALVORADA,2946,0.064805426
1069777,RUA DEkZ 316 ALVORADA,163,979208,RUA A13 177 ALVORADA,8319,0.067192465
834439,RUA CAROLINA FERNANDES 1289 SAO JkSé,164,834439,RUA CAROLINA FERNANDES 1289 SAO JOSE,939,0.033190012
834439,RUA CAROLINA FERNANDES 1289 SAO JkSé,164,834419,RUA CAROLINA FERNANDES 1156 SAO JOSE,9442,0.041335873
834439,RUA CAROLINA FERNANDES 1289 SAO JkSé,164,301522,RUA ROSALINA GOMES 9191 SAO FRANCISCO,7194,0.064784184
834439,RUA CAROLINA FERNANDES 1289 SAO JkSé,164,309890,RUA TEODORA LOPES 8952 SAO FRANCISCO,1466,0.06555946
834439,RUA CAROLINA FERNANDES 1289 SAO JkSé,164,767294,RUA ARMANDO MENDES 264 SAO FRANCISCOII,2543,0.0669287
851689,AALMEDA ITAILA 82 CHPADA,165,851689,ALAMEDA ITALIA 82 CHAPADA,8757,0.050910816
851689,AALMEDA ITAILA 82 CHPADA,165,535900,ALAMEDA MANACAIAS 358 CHACARA IPE,182,0.1107385
851689,AALMEDA ITAILA 82 CHPADA,165,843400,TRAVESSA ALVARAES 330 APARECIDA,4953,0.12832774
851689,AALMEDA ITAILA 82 CHPADA,165,844280,TRAVESSA ALMIRANTE TAMANDARE 1186 APARECIDA,3556,0.12895861
851689,AALMEDA ITAILA 82 CHPADA,165,624589,TRAVESSA DA PISTA 306 AREAL,7599,0.13892522
511110,AVENIDA DUQUE DE CAXIAS 899 VoLA,166,511110,AVENIDA DUQUE DE CAXIAS 899 VILA MILITAR,8914,0.05384276
511110,AVENIDA DUQUE DE CAXIAS 899 VoLA,166,320113,RUA DUQUE DE CAXIAS 755 CAIARI,8331,0.065747455
511110,AVENIDA DUQUE DE CAXIAS 899 VoLA,166,657325,RUA DUQUE DE CAXIAS 1325 CSU,7642,0.07513338
511110,AVENIDA DUQUE DE CAXIAS 899 VoLA,166,61862,RUA DUQUE DE CAXIAS 2068 CENTRO,7747,0.075322956
511110,AVENIDA DUQUE DE CAXIAS 899 VoLA,166,205999,AVENIDA CAMPOS SALES 634 TUCUMANZAL,1982,0.08698979
554099,DA CAVáLCANTE SILVA RUA ARGEMIRO 129 VILA ACRE,167,554099,RUA ARGEMIRO CAVALCANTE DA SILVA 129 VILA ACRE,9298,0.06874076
554099,DA CAVáLCANTE SILVA RUA ARGEMIRO 129 VILA ACRE,167,554100,RUA ARGEMIRO CAVALCANTE DA SILVA 142 VILA ACRE,5053,0.079871766
554099,DA CAVáLCANTE SILVA RUA ARGEMIRO 129 VILA ACRE,167,564193,RUA DA OLARIA 157 TANCREDO NEVES,258,0.085868746
554099,DA CAVáLCANTE SILVA RUA ARGEMIRO 129 VILA ACRE,167,561250,RUA CICERO LEAO DE PAIVA 188 RESIDENCIAL IOLANDA,4028,0.088642776
554099,DA CAVáLCANTE SILVA RUA ARGEMIRO 129 VILA ACRE,167,1000627,RUA ATILEY DANTAS 49 NOVA ESPERANCA,2292,0.09063224
108227,AVENIDA APDRE AD0LPHO ROHL 2449 ET0R 01,168,108227,AVENIDA PADRE ADOLPHO ROHL 2449 SETOR 01,8500,0.10456762
108227,AVENIDA APDRE AD0LPHO ROHL 2449 ET0R 01,168,108138,AVENIDA PADRE ADOLPHO ROHL 2210 SETOR 01,5125,0.116280325
108227,AVENIDA APDRE AD0LPHO ROHL 2449 ET0R 01,168,218501,ESTRADA DO BELMONT 2358 NACIONAL,4548,0.13311641
108227,AVENIDA APDRE AD0LPHO ROHL 2449 ET0R 01,168,81860,AVENIDA HASSIB CURY 1406 SETOR0005,424,0.13611284
108227,AVENIDA APDRE AD0LPHO ROHL 2449 ET0R 01,168,218491,ESTRADA DO BELMONT 2086 NACIONAL,5625,0.13671476
575229,RUA FUTURO 147 AVIARIO,169,575229,RUA FUTURO 147 AVIARIO,5018,1.4618274e-05
575229,RUA FUTURO 147 AVIARIO,169,575241,RUA FUTURO 196 AVIARIO,5545,0.0048585096
575229,RUA FUTURO 147 AVIARIO,169,575248,RUA FUTURO 223 AVIARIO,1017,0.025915902
575229,RUA FUTURO 147 AVIARIO,169,549589,RUA A 225 PALHEIRAL,6256,0.07294871
575229,RUA FUTURO 147 AVIARIO,169,330417,RUA 56A 10 NOVA MUTUM,5004,0.079870224
30674,RUA SANTA CATARuINA 3667 STEOR 05,170,296702,RUA PROTASIO ALVES 10076 MARIANA,2441,0.09311081
30674,RUA SANTA CATARuINA 3667 STEOR 05,170,157147,RUA VILAGRAN CABRITA 2072 CASA PRETA,4305,0.09567668
30674,RUA SANTA CATARuINA 3667 STEOR 05,170,76102,RUA CASTANHEIRA 3487 JO SATO,6704,0.096677735
30674,RUA SANTA CATARuINA 3667 STEOR 05,170,571811,RUA EPAMINONDAS JACOME 2080 CADEIA VELHA,8411,0.096974164
30674,RUA SANTA CATARuINA 3667 STEOR 05,170,356143,RUA BARAO DE MELGACO 3638 PLANALTO,5997,0.09997609
298845,RUAR AoMUNDO PINHEIRO 2700 SAO JOAO BOSCO,171,298845,RUA RAIMUNDO PINHEIRO 2700 SAO JOAO BOSCO,656,0.046814725
298845,RUAR AoMUNDO PINHEIRO 2700 SAO JOAO BOSCO,171,1032661,RUA CASTANHO 6 SAO JOSE OPERARIO,6673,0.05613958
298845,RUAR AoMUNDO PINHEIRO 2700 SAO JOAO BOSCO,171,1025519,RUA CACAU PEREIRA 252 SAO JOSE OPERARIO,8310,0.05974377
298845,RUAR AoMUNDO PINHEIRO 2700 SAO JOAO BOSCO,171,274167,RUA JOSE CAMACHO 2115 SAO JOAO BOSCO,8341,0.061600678
298845,RUAR AoMUNDO PINHEIRO 2700 SAO JOAO BOSCO,171,287530,RUA NOEL ROSA 7 SAO SEBASTIAO,4383,0.06964004
123231,AVENIDA ARACAJU 2068 SAO PEDRO,172,123231,AVENIDA ARACAJU 2068 SAO PEDRO,937,7.108715e-06
123231,AVENIDA ARACAJU 2068 SAO PEDRO,172,123425,AVENIDA ARACAJU 4930 SAO PEDRO,2195,0.016279006
123231,AVENIDA ARACAJU 2068 SAO PEDRO,172,123200,AVENIDA ARACAJU 1682 SAO PEDRO,7438,0.024433069
123231,AVENIDA ARACAJU 2068 SAO PEDRO,172,908303,AVENIDA SAO PEDRO 140 TARUMA,8785,0.055332445
123231,AVENIDA ARACAJU 2068 SAO PEDRO,172,491966,AVENIDA AFONSO PENA 1131 JOAO ALVES,8986,0.06966634
837967,MANOEL BASTOS 275 TERRá PiRETA,173,924790,BECO OLARIA 235 PRESIDENTE VARGAS,3143,0.105665036
837967,MANOEL BASTOS 275 TERRá PiRETA,173,627658,TRAVESSA JERUSALEM 144 AIRTON SENA,4102,0.10775879
837967,MANOEL BASTOS 275 TERRá PiRETA,173,796063,BECO TEODORICO NUNES 538 JAUARY I,243,0.1157085
837967,MANOEL BASTOS 275 TERRá PiRETA,173,623847,TRAVESSA CONQUISTA 435 MANOEL JULIAO,6788,0.116596594
837967,MANOEL BASTOS 275 TERRá PiRETA,173,620989,TRAVESSA AIRTON SENA 84 TANCREDO NEVES,1642,0.11984345
651173,RODpVIA BR 317 6 RODOVIA BR 317,174,651173,RODOVIA BR 317 6 RODOVIA BR 317,4255,0.045306005
651173,RODpVIA BR 317 6 RODOVIA BR 317,174,738197,RODOVIA BR 319 76 BR 319,8110,0.07474339
651173,RODpVIA BR 317 6 RODOVIA BR 317,174,738141,RODOVIA BR 319 32 BR 319,9835,0.089282975
651173,RODpVIA BR 317 6 RODOVIA BR 317,174,509219,RODOVIA BR 364 10 BR 364,5877,0.099091396
651173,RODpVIA BR 317 6 RODOVIA BR 317,174,11390,RODOVIA BR 421 3 BR 421,2216,0.10187869
229654,RUrA ANTeONIO OLIMPIO 777 CêNTRO CENTRO,175,839582,RUA QUINTINO BOCAIUVA 1267 CENTRO,1971,0.10186702
229654,RUrA ANTeONIO OLIMPIO 777 CêNTRO CENTRO,175,823189,RUA DEOCLECIANO SAMPAIO 1027 PANTANAL,601,0.10576934
229654,RUrA ANTeONIO OLIMPIO 777 CêNTRO CENTRO,175,656334,RUA SANTOS DUMONT 407 BOSQUE,4998,0.10686292
229654,RUrA ANTeONIO OLIMPIO 777 CêNTRO CENTRO,175,655211,RUA NASER N JOSE 490 CRISTO LIBERTADOR,6744,0.10761922
229654,RUrA ANTeONIO OLIMPIO 777 CêNTRO CENTRO,175,427251,RUA LAERCIO NOBRE 591 SATELITE,8672,0.112521805
831243,BECOANTOmIO AFONSO 1649 PRETA,176,701208,BECO 30 101 JAVARIZINHO,7774,0.07063934
831243,BECOANTOmIO AFONSO 1649 PRETA,176,924312,BECO NONATO 2370 CACHOEIRINHA,8063,0.07161653
831243,BECOANTOmIO AFONSO 1649 PRETA,176,915196,BECO CELESTINO 23 CACHOEIRINHA,8479,0.0801394
831243,BECOANTOmIO AFONSO 1649 PRETA,176,701190,BECO 30 16 JAVARIZINHO,5786,0.08183846
831243,BECOANTOmIO AFONSO 1649 PRETA,176,831243,BECO ANTONIO AFONSO 1649 TERRA PRETA,4871,0.08632117
924312,BECOm ONATO 2370 CACHOEIRINHA,177,924312,BECO NONATO 2370 CACHOEIRINHA,8063,0.021437936
924312,BECOm ONATO 2370 CACHOEIRINHA,177,915196,BECO CELESTINO 23 CACHOEIRINHA,8479,0.055277593
924312,BECOm ONATO 2370 CACHOEIRINHA,177,701208,BECO 30 101 JAVARIZINHO,7774,0.057376765
924312,BECOm ONATO 2370 CACHOEIRINHA,177,701190,BECO 30 16 JAVARIZINHO,5786,0.060728163
924312,BECOm ONATO 2370 CACHOEIRINHA,177,909633,BECO AJURICABA 37 CACHOEIRINHA,301,0.064500235
907912,AVENIDA SAO JORGë 730 AO JOGRE,178,891633,AVENIDA RIO BRANCO 94 SAO JOSE OPERARIO,2080,0.08385202
907912,AVENIDA SAO JORGë 730 AO JOGRE,178,420467,AVENIDA JOAO FALCAO 2535 SETOR 1,6389,0.08997991
907912,AVENIDA SAO JORGë 730 AO JOGRE,178,1077340,RUA DO LIMAO 87 SAO JOSE OPERARIO,8298,0.09100124
907912,AVENIDA SAO JORGë 730 AO JOGRE,178,972022,RUA 6 10 SAO JOSE OPERARIO,5988,0.09309417
907912,AVENIDA SAO JORGë 730 AO JOGRE,178,1054504,RUA D 31 SAO JOSE OPERARIO 3,4022,0.09864321
1062363,RUA DANILO CORREA 1712 BAIRRO RAIZ,179,1062363,RUA DANILO CORREA 1712 BAIRRO RAIZ,3992,3.8895832e-06
1062363,RUA DANILO CORREA 1712 BAIRRO RAIZ,179,1061979,RUA DANILO CORREA 16 BAIRRO RAIZ,8770,0.018865231
1062363,RUA DANILO CORREA 1712 BAIRRO RAIZ,179,59979,RUA RUI BARBOSA 3115 BAIRRO FLORESTA,5164,0.04945303
1062363,RUA DANILO CORREA 1712 BAIRRO RAIZ,179,496383,RUA ALFREDO TELES 2590 BAIRRO VILA RICA,945,0.05505103
1062363,RUA DANILO CORREA 1712 BAIRRO RAIZ,179,48540,RUA ANITA GARIBALDI 2471 BAIRRO FLORESTA,2289,0.055642433
284465,RUA MIGUEL ANGELO 7363 CUNIA,180,284465,RUA MIGUEL ANGELO 7363 CUNIA,951,7.872268e-06
284465,RUA MIGUEL ANGELO 7363 CUNIA,180,284450,RUA MIGUEL ANGELO 7283 CUNIA,3270,0.025443666
284465,RUA MIGUEL ANGELO 7363 CUNIA,180,284704,RUA MIGUEL CALMON 3162 CALADINHO,7883,0.06596589
284465,RUA MIGUEL ANGELO 7363 CUNIA,180,284745,RUA MIGUEL CALMON 3706 CALADINHO,358,0.067029275
284465,RUA MIGUEL ANGELO 7363 CUNIA,180,321872,RUA PADRE ANGELO CERY 2365 LIBERDADE,8998,0.07094349
804938,dUA PEDRO FERNANDrS 3485 SANTO ANTONîO,181,934874,BECO SANTO ANTONIO 36 COROADO,2833,0.11947853
804938,dUA PEDRO FERNANDrS 3485 SANTO ANTONîO,181,925611,BECO PONTIGUARA 23 COLONIA SANTO ANTONIO,9280,0.123120785
804938,dUA PEDRO FERNANDrS 3485 SANTO ANTONîO,181,934894,BECO SANTO ANTONIO 55 BETANIA,6758,0.12541676
804938,dUA PEDRO FERNANDrS 3485 SANTO ANTONîO,181,934507,BECO SANTA RITA 8 SANTO AGOSTINHO,1179,0.12787381
804938,dUA PEDRO FERNANDrS 3485 SANTO ANTONîO,181,930509,BECO SERINGAL 106 SANTO AGOSTINHO,3752,0.12867385
684013,RUA DA LAGOA 905 CENTR,182,684013,RUA DA LAGOA 905 CENTRO,5534,0.02393281
684013,RUA DA LAGOA 905 CENTR,182,683987,RUA DA LAGOA 200 CENTRO,7962,0.053135738
684013,RUA DA LAGOA 905 CENTR,182,684082,RUA DA MORENA 835 CENTRO,3599,0.058576036
684013,RUA DA LAGOA 905 CENTR,182,90513,RUA SERGIPE 2046 MORADA DO SOL,5118,0.0667274
684013,RUA DA LAGOA 905 CENTR,182,247040,RUA DA VIOLA 2153 CASTANHEIRA,2231,0.06775236
718029,RUA COMANDANTE MOcESTO 1647 RIO PURUS,183,718029,RUA COMANDANTE MODESTO 1647 RIO PURUS,9341,0.024996841
718029,RUA COMANDANTE MOcESTO 1647 RIO PURUS,183,717958,RUA COMANDANTE MODESTO 1037 RIO PURUS,5330,0.035686858
718029,RUA COMANDANTE MOcESTO 1647 RIO PURUS,183,163117,RUA TENENTE ANTONIO JOAO 1388 PRIMAVERA,535,0.071107
718029,RUA COMANDANTE MOcESTO 1647 RIO PURUS,183,57339,RUA MONTEIRO LOBATO 1768 TEIXEIRAO,382,0.072932415
718029,RUA COMANDANTE MOcESTO 1647 RIO PURUS,183,286061,RUA MONTEIRO LOBATO 5713 ELDORADO,5026,0.07305186
245154,RA CRUEZIRO 3249 LAGOINHA,184,924312,BECO NONATO 2370 CACHOEIRINHA,8063,0.09083717
245154,RA CRUEZIRO 3249 LAGOINHA,184,134802,RUA CAUCHEIRO 2848 VALPARAISO,5080,0.09400257
245154,RA CRUEZIRO 3249 LAGOINHA,184,154957,RUA TARAUACA 3183 CAFEZINHO,1371,0.094133854
245154,RA CRUEZIRO 3249 LAGOINHA,184,643474,RAMAL PARANA DOS MOURAS 74 LUZEIRO2,72,0.09896623
245154,RA CRUEZIRO 3249 LAGOINHA,184,705317,BECO DO JUNHO 60 RIBERINHO,4035,0.0998417
549459,RUA 8 DE MARCO 96 TANCREDO NEVES,185,549459,RUA 8 DE MARCO 96 TANCREDO NEVES,6953,3.1076788e-06
549459,RUA 8 DE MARCO 96 TANCREDO NEVES,185,547767,RUA 08 DE MARCO 81 TANCREDO NEVES,8735,0.019043343
549459,RUA 8 DE MARCO 96 TANCREDO NEVES,185,1082103,RUA DOM BOSCO 7 TANCREDO NEVES,2748,0.053019196
549459,RUA 8 DE MARCO 96 TANCREDO NEVES,185,564193,RUA DA OLARIA 157 TANCREDO NEVES,258,0.05476107
549459,RUA 8 DE MARCO 96 TANCREDO NEVES,185,562044,RUA COXIM 10 TANCREDO NEVES,7373,0.062003374
27873,RUâ PIQUIà 1949 SETOR0 m1,186,688108,RIO ITACOAI 18 REMANCINHO,9124,0.16279915
27873,RUâ PIQUIà 1949 SETOR0 m1,186,694171,RIO RIO AUTAZ ACU 6 CURRUSA,7930,0.1635783
27873,RUâ PIQUIà 1949 SETOR0 m1,186,827100,ALDEIA JAPIIM 16 RIO PACIA,4457,0.16476825
27873,RUâ PIQUIà 1949 SETOR0 m1,186,60887,RUA UIRAPURU 2999 TEIXEIRAO,5284,0.16647087
27873,RUâ PIQUIà 1949 SETOR0 m1,186,527939,RIO JURUA 80 None,8698,0.17276177
1070259,RUA xEZ DE JULH0 567 CENTRO CENTRO,187,1072804,RUA DEZOITO 7 PLANALTO,1546,0.10749608
1070259,RUA xEZ DE JULH0 567 CENTRO CENTRO,187,398308,RUA ECA DE QUEIROZ 4658 CENTRO,2961,0.111634724
1070259,RUA xEZ DE JULH0 567 CENTRO CENTRO,187,287579,RUA NOROESTE 1717 CASTANHEIRA,2454,0.112307504
1070259,RUA xEZ DE JULH0 567 CENTRO CENTRO,187,221771,RUA AFONSO PENA 668 QUILMETRO UM,5792,0.11642114
1070259,RUA xEZ DE JULH0 567 CENTRO CENTRO,187,978106,RUA A DEZESSETE 1291 JAPIIM,2043,0.11888982
948981,RUâ 101 30 NiVA CIDDE,188,659388,RAMAL DO 25 10 CACIRIAN,5391,0.13570806
948981,RUâ 101 30 NiVA CIDDE,188,659396,RAMAL DO 25 33 CACIRIAN,3234,0.13670218
948981,RUâ 101 30 NiVA CIDDE,188,947926,RUA 1 102 ALEIXO,1807,0.14363515
948981,RUâ 101 30 NiVA CIDDE,188,965248,RUA 3 18 COROADO,8288,0.14617968
948981,RUâ 101 30 NiVA CIDDE,188,508246,RAMAL AGROVILA 1151 None,8474,0.1533375
975152,RUA 8 DE NOVEMBRO 4279 GILBERTO MESTRINHO,189,975152,RUA 8 DE NOVEMBRO 4279 GILBERTO MESTRINHO,4832,8.019691e-06
975152,RUA 8 DE NOVEMBRO 4279 GILBERTO MESTRINHO,189,970965,RUA 5 DE JUNHO 1080 GILBERTO MESTRINHO,7474,0.03756656
975152,RUA 8 DE NOVEMBRO 4279 GILBERTO MESTRINHO,189,972526,RUA 6 DE OUTUBRO 275 GILBERTO MESTRINHO,6387,0.038101546
975152,RUA 8 DE NOVEMBRO 4279 GILBERTO MESTRINHO,189,952059,RUA 14 ABRIL 982 GILBERTO MESTRINHO,2390,0.046662517
975152,RUA 8 DE NOVEMBRO 4279 GILBERTO MESTRINHO,189,952018,RUA 14 ABRIL 255 GILBERTO MESTRINHO,247,0.055850886
57595,RUA NOVO EnSTArDO 1057 BAIRRO DO INCAR,190,591274,RUA NETUNO 279 MORADADO SOL,8375,0.08608902
57595,RUA NOVO EnSTArDO 1057 BAIRRO DO INCAR,190,591271,RUA NETUNO 278 MORADADO SOL,4532,0.08730656
57595,RUA NOVO EnSTArDO 1057 BAIRRO DO INCAR,190,375054,RUA AMAPA 2290 PARQUE IND NOVO TEMPO,3019,0.08833302
57595,RUA NOVO EnSTArDO 1057 BAIRRO DO INCAR,190,1068253,RUA DELMAR BRAS 5 CIDADE NOVA,775,0.088964
57595,RUA NOVO EnSTArDO 1057 BAIRRO DO INCAR,190,1068259,RUA DELMAR BRAS 15 CIDADE NOVA,1924,0.0922706
1018434,RaUA BOM JESUyS 52 PETROPOLIS,191,1090650,RUA EFESIOS 21 PETROPOLIS,113,0.099959515
1018434,RaUA BOM JESUyS 52 PETROPOLIS,191,1018434,RUA BOM JESUS 52 PETROPOLIS,4201,0.10050408
1018434,RaUA BOM JESUyS 52 PETROPOLIS,191,1124673,RUA J G DE ABREU 382 PETROPOLIS,4598,0.104035996
1018434,RaUA BOM JESUyS 52 PETROPOLIS,191,1029211,RUA CANUMA 5 PETROPOLIS,6346,0.10696396
1018434,RaUA BOM JESUyS 52 PETROPOLIS,191,527831,RIO BAJE 46 CAMPOS ELISIO,3538,0.10785975
505487,RUA PADRE ALFREDO LEITE 34 AEROPORTO VELHO,192,505487,RUA PADRE ALFREDO LEITE 34 AEROPORTO VELHO,1595,6.12617e-06
505487,RUA PADRE ALFREDO LEITE 34 AEROPORTO VELHO,192,505510,RUA PADRE ALFREDO LEITE 290 AEROPORTO VELHO,4260,0.039813317
505487,RUA PADRE ALFREDO LEITE 34 AEROPORTO VELHO,192,575065,RUA FRANCISCO VIEIRA 26 AEROPORTO VELHO,279,0.05389033
505487,RUA PADRE ALFREDO LEITE 34 AEROPORTO VELHO,192,502070,RUA JOSE PEDRO CRUZ 101 AEROPORTO VELHO,5130,0.053907257
505487,RUA PADRE ALFREDO LEITE 34 AEROPORTO VELHO,192,229309,RUA ANTONIO MARIA VALENCA 6224 PORTO VELHO,8624,0.0542503
661299,RUA ALIPIO 111 LEAL AVLINO,193,661299,RUA ALIPIO ALVES 111 AVELINO LEAL,4788,0.047801845
661299,RUA ALIPIO 111 LEAL AVLINO,193,661297,RUA ALIPIO ALVES 91 AVELINO LEAL,1425,0.06063836
661299,RUA ALIPIO 111 LEAL AVLINO,193,661304,RUA ALIPIO ALVES 170 AVELINO LEAL,5430,0.061598163
661299,RUA ALIPIO 111 LEAL AVLINO,193,832716,RUA ANDRE VIDAL 119 APARECIDA,2564,0.073128276
661299,RUA ALIPIO 111 LEAL AVLINO,193,832731,RUA ANDRE VIDAL 147 APARECIDA,9733,0.078911304
921303,BECO IPIRANGA 79 RAîZf,194,921303,BECO IPIRANGA 79 RAIZ,8492,0.05994139
921303,BECO IPIRANGA 79 RAîZf,194,929852,BECO SARAIVA 86 ALEIXO,3902,0.10265025
921303,BECO IPIRANGA 79 RAîZf,194,917150,BECO DA PAZ 27 COROADO,1745,0.10303362
921303,BECO IPIRANGA 79 RAîZf,194,921343,BECO IPIRANGA 230 RAIZ,777,0.1097216
921303,BECO IPIRANGA 79 RAîZf,194,701190,BECO 30 16 JAVARIZINHO,5786,0.11317458
1114313,RUA HUMBERTO GOMES 10 lETROPOpIS,195,1114313,RUA HUMBERTO GOMES 10 PETROPOLIS,5870,0.06460398
1114313,RUA HUMBERTO GOMES 10 lETROPOpIS,195,1114308,RUA HUMBERTO GOMES 10 PETROPOLIS,2686,0.06506422
1114313,RUA HUMBERTO GOMES 10 lETROPOpIS,195,1106388,RUA GIRASSOL 23 TANCREDO NEVES,892,0.09618686
1114313,RUA HUMBERTO GOMES 10 lETROPOpIS,195,998217,RUA ARISTOTELES BONFIM 4 PETROPOLIS,9218,0.09644304
1114313,RUA HUMBERTO GOMES 10 lETROPOpIS,195,1142368,RUA LAURA VINCUNA 50 C0ROADO,2580,0.099198356
434031,AVENIDA ROUXINOL 2932 SETOR 01,196,434031,AVENIDA ROUXINOL 2932 SETOR 01,1616,4.7219496e-06
434031,AVENIDA ROUXINOL 2932 SETOR 01,196,433992,AVENIDA ROUXINOL 2121 SETOR 02,2890,0.016512405
434031,AVENIDA ROUXINOL 2932 SETOR 01,196,433342,AVENIDA CUJUBIM 3458 SETOR 06,9885,0.054534826
434031,AVENIDA ROUXINOL 2932 SETOR 01,196,433176,AVENIDA CUJUBIM 2091 SETOR 04,5857,0.05475939
434031,AVENIDA ROUXINOL 2932 SETOR 01,196,472004,AVENIDA PARAISO 2783 SETOR 1,5717,0.057891496
311941,RUA TREZE DE MAI 199 MOCAMO,197,311941,RUA TREZE DE MAIO 199 MOCAMBO,2685,0.03976153
311941,RUA TREZE DE MAI 199 MOCAMO,197,745301,RUA DOIS DE NOVEMBRO 43 TAUA MIRIM,1180,0.09997169
311941,RUA TREZE DE MAI 199 MOCAMO,197,607477,RUA TUKUNAGA OU DEZESEIS DE JULHO 341 SOBRAL,199,0.104910836
311941,RUA TREZE DE MAI 199 MOCAMO,197,745189,RUA DOIS DE DEZEMBRO 645 TAUA MIRIM,6099,0.105009675
311941,RUA TREZE DE MAI 199 MOCAMO,197,559521,RUA CAMBURIU 65 BOSQUE,4466,0.10541593
935182,BECO CAfLOS SAO 17 SANTO AGOSINHO,198,935182,BECO SAO CARLOS 17 SANTO AGOSTINHO,1605,0.046621222
935182,BECO CAfLOS SAO 17 SANTO AGOSINHO,198,937773,BECO SAO JOSE 114 GLORIA,5387,0.07824557
935182,BECO CAfLOS SAO 17 SANTO AGOSINHO,198,937083,BECO SAO JORGE 161 SAO RAIMUNDO,2943,0.079458766
935182,BECO CAfLOS SAO 17 SANTO AGOSINHO,198,936743,BECO SAO JOAO 104 SANTO AGOSTINHO,8499,0.0832825
935182,BECO CAfLOS SAO 17 SANTO AGOSINHO,198,927497,BECO SANTA LUCIA 8 SAO LAZARO,2643,0.08384314
999947,VIRGILIO ARTUR RUA 165 SAO JORG,199,999947,RUA ARTUR VIRGILIO 165 SAO JORGE,3001,0.054080583
999947,VIRGILIO ARTUR RUA 165 SAO JORG,199,804852,RUA PAULO MENEZES 19 SAO CRISTOVAO,3162,0.09687261
999947,VIRGILIO ARTUR RUA 165 SAO JORG,199,994860,RUA ANTONIO MATIAS 21 SAO JOSE OPERARIO,3748,0.097907305
999947,VIRGILIO ARTUR RUA 165 SAO JORG,199,923905,BECO MOSSORO 100 SAO FRANCISCO,5834,0.099372126
999947,VIRGILIO ARTUR RUA 165 SAO JORG,199,602264,RUA SAO JOSE 79 JORGE LAVOCAT,9370,0.10113369
573351,RUA FLAMINGO 96 LACAS,200,832604,RUA ALVARAES 195 APARECIDA,9641,0.06397929
573351,RUA FLAMINGO 96 LACAS,200,1061454,RUA DALLAS 25 FLORES,8627,0.06473051
573351,RUA FLAMINGO 96 LACAS,200,782111,RUA DOMINGOS BARROSO 64 IPIXUNA,5418,0.070876196
573351,RUA FLAMINGO 96 LACAS,200,312552,RUA TUCUNARE 24 LAGOA,5171,0.072547875
573351,RUA FLAMINGO 96 LACAS,200,1055603,RUA D LOURDES 35 ALVORADA,451,0.073490694
1081191,URA 339 GILBERTO MESTRINHO,201,1081274,RUA DOIS 387 GILBERTO MESTRINHO,7166,0.10160271
1081191,URA 339 GILBERTO MESTRINHO,201,1081191,RUA DOIS 339 GILBERTO MESTRINHO,889,0.10433194
1081191,URA 339 GILBERTO MESTRINHO,201,1053116,RUA CURITIBA 593 GILBERTO MESTRINHO,7941,0.108269274
1081191,URA 339 GILBERTO MESTRINHO,201,1053139,RUA CURITIBA 659 GILBERTO MESTRINHO,1313,0.11039882
1081191,URA 339 GILBERTO MESTRINHO,201,1139334,RUA JURUA 243 GILBERTO MESTRINHO,8562,0.11043145
846494,RUA DOS IGAS 705 VILA DO JACARE,202,846494,RUA DOS INGAS 705 VILA DO JACARE,7217,0.02235492
846494,RUA DOS IGAS 705 VILA DO JACARE,202,738631,RUA CONTORNO 100 VILA DO ARACA,3836,0.080701165
846494,RUA DOS IGAS 705 VILA DO JACARE,202,674158,RUA DO CEDRO 132 VILA DO V,8813,0.09161997
846494,RUA DOS IGAS 705 VILA DO JACARE,202,673780,RUA DA MACA 271 VILA DO V,4889,0.095772296
846494,RUA DOS IGAS 705 VILA DO JACARE,202,90513,RUA SERGIPE 2046 MORADA DO SOL,5118,0.09910463
805797,URA RIO SOILMOES 4087 MAMOUD MAMOU DAMED,203,805797,RUA RIO SOLIMOES 4087 MAMOUD AMED,7038,0.097670496
805797,URA RIO SOILMOES 4087 MAMOUD MAMOU DAMED,203,808162,RUA SANTA ETELVINA 3596 MAMOUD AMED,7749,0.13346624
805797,URA RIO SOILMOES 4087 MAMOUD MAMOU DAMED,203,805618,RUA RIO HONDIRA 408 MAMOUD AMED,3024,0.13998854
805797,URA RIO SOILMOES 4087 MAMOUD MAMOU DAMED,203,60887,RUA UIRAPURU 2999 TEIXEIRAO,5284,0.14716078
805797,URA RIO SOILMOES 4087 MAMOUD MAMOU DAMED,203,297625,RUA QUINTINO BOCAIUVA 2899 SAO CRISTOVAO,3734,0.14762402
585657,RyA MAMAO 115 MOCINHA MGAALHAES,204,768706,RUA MAMAO 124 MAE CREUZA,9456,0.14434189
585657,RyA MAMAO 115 MOCINHA MGAALHAES,204,585657,RUA MAMAO 115 MOCINHA MAGALHAES,3480,0.14435156
585657,RyA MAMAO 115 MOCINHA MGAALHAES,204,788583,RUA J 47 MUTIRAO CACAU,6078,0.14841418
585657,RyA MAMAO 115 MOCINHA MGAALHAES,204,698955,RUA MOURAO VIERA 156 CAMETA DO RAMOS,3297,0.15683413
585657,RyA MAMAO 115 MOCINHA MGAALHAES,204,851808,ALAMEDA OASIS 21 COROADO,8964,0.16486847
663750,OLIMPIAv MORAIS RUA 70 BAIRRO BAIRRO NOVO,205,663750,RUA OLIMPIA MORAIS 70 BAIRRO NOVO,1386,0.040587857
663750,OLIMPIAv MORAIS RUA 70 BAIRRO BAIRRO NOVO,205,663744,RUA OLIMPIA MORAIS 40 BAIRRO NOVO,9164,0.046425
663750,OLIMPIAv MORAIS RUA 70 BAIRRO BAIRRO NOVO,205,653069,RUA AURINDO BRITO 41 BAIRRO VITORIA,1953,0.06464782
663750,OLIMPIAv MORAIS RUA 70 BAIRRO BAIRRO NOVO,205,172535,RUA SABIA 3784 BAIRRO BOM FUTURO,9819,0.06905726
663750,OLIMPIAv MORAIS RUA 70 BAIRRO BAIRRO NOVO,205,784833,AVENIDA SOLIMOES 100 BAIRRO BARRO ALTO,5239,0.07610658
661829,RUA ELCIAS C ALBUQUERUEQ 250 AVELINO LEA1,206,661829,RUA ELCIAS C ALBUQUERQUE 250 AVELINO LEAL,7976,0.027333591
661829,RUA ELCIAS C ALBUQUERUEQ 250 AVELINO LEA1,206,661796,RUA ELCIAS C ALBUQUERQUE 13 AVELINO LEAL,1186,0.029183751
661829,RUA ELCIAS C ALBUQUERUEQ 250 AVELINO LEA1,206,661869,RUA ELCIAS CUNHA DE ALBUQUERQUE 65 AVELINO LEAL,6206,0.06901053
661829,RUA ELCIAS C ALBUQUERUEQ 250 AVELINO LEA1,206,790298,RUA SEBASTIAO MAQUINE 50 LARANJAL,1652,0.07643366
661829,RUA ELCIAS C ALBUQUERUEQ 250 AVELINO LEA1,206,577031,RUA HENRIQUE ALFANE 150 BOSQUE,4134,0.077979945
373345,RU A2q513 3554 JARDIM SOCIAL,207,373345,RUA 2513 3554 JARDIM SOCIAL,1223,0.09212535
373345,RU A2q513 3554 JARDIM SOCIAL,207,31257,RUA SIRIUS 4907 RURAL,5021,0.13899034
373345,RU A2q513 3554 JARDIM SOCIAL,207,373316,RUA 2504 3910 JARDIM UNIVERSITARIO,4549,0.1432465
373345,RU A2q513 3554 JARDIM SOCIAL,207,105119,RUA V4 3223 CAETANO,6862,0.1497491
373345,RU A2q513 3554 JARDIM SOCIAL,207,227117,RUA ANARI 5549 ELDORADO,646,0.15085307
711485,AVENIDA NZIIO LIMA 385 PLATO DO PkQUIA,208,711485,AVENIDA NIZIO LIMA 385 PLATO DO PIQUIA,4248,0.027749944
711485,AVENIDA NZIIO LIMA 385 PLATO DO PkQUIA,208,711864,AVENIDA TREZE 247 PLATO DO PIQUIA,1872,0.05048044
711485,AVENIDA NZIIO LIMA 385 PLATO DO PkQUIA,208,493392,AVENIDA LEOPOLDO BULHOES 85 BAIRRO DO ALUMNIO,8555,0.064625084
711485,AVENIDA NZIIO LIMA 385 PLATO DO PkQUIA,208,39865,AVENIDA ANTONIO JOAO 347 NOVO CACOAL,7658,0.06913318
711485,AVENIDA NZIIO LIMA 385 PLATO DO PkQUIA,208,894323,AVENIDA RODRIGO OTAVIO 6374 COROADOI,9577,0.07609173
175734,17 LINHâ TB 5 MACHAIDNnO,209,175554,LINHA TB 10 869 MACHADIHO,4766,0.08281459
175734,17 LINHâ TB 5 MACHAIDNnO,209,175463,LINHA TB 12 110 MACHADIHO,5501,0.08621089
175734,17 LINHâ TB 5 MACHAIDNnO,209,175691,LINHA TB 16 140 MACHADIHO,7844,0.09425102
175734,17 LINHâ TB 5 MACHAIDNnO,209,175734,LINHA TB 17 5 MACHADINHO,7085,0.096945845
175734,17 LINHâ TB 5 MACHAIDNnO,209,175701,LINHA TB 16 168 MACHADIHO,2937,0.0981787
786466,RUA 6 208 PIRERA CCA,210,786466,RUA 6 208 CACA PIRERA,222,0.043287084
786466,RUA 6 208 PIRERA CCA,210,955518,RUA 17 318 ALVORADA,8446,0.061484564
786466,RUA 6 208 PIRERA CCA,210,955542,RUA 17 337 ALVORADA,6344,0.061831243
786466,RUA 6 208 PIRERA CCA,210,785619,RUA 06 264 CACAU PIRERA,1973,0.06323279
786466,RUA 6 208 PIRERA CCA,210,975048,RUA 8 435 ALVORADA,2946,0.06721213
148183,RUA MATO RGOSSO 1019 CENTRO,211,148183,RUA MATO GROSSO 1019 CENTRO,5297,0.026849685
148183,RUA MATO RGOSSO 1019 CENTRO,211,148196,RUA MATO GROSSO 1218 CENTRO,1614,0.0442995
148183,RUA MATO RGOSSO 1019 CENTRO,211,1098381,RUA FERREIRA PENA 1194 CENTRO,1052,0.0690614
148183,RUA MATO RGOSSO 1019 CENTRO,211,1098359,RUA FERREIRA PENA 1079 CENTRO,6940,0.07059534
148183,RUA MATO RGOSSO 1019 CENTRO,211,236605,RUA BOM SOSSEGO 218 CENTRO,5783,0.07289974
998852,RUA AROEIRAS 399 MONTE DAS OLIVEIRA,212,998852,RUA AROEIRAS 399 MONTE DAS OLIVEIRA,9927,6.2089994e-06
998852,RUA AROEIRAS 399 MONTE DAS OLIVEIRA,212,998809,RUA AROEIRAS 58 MONTE DAS OLIVEIRAS,878,0.021212414
998852,RUA AROEIRAS 399 MONTE DAS OLIVEIRA,212,998835,RUA AROEIRAS 191 MONTE DAS OLIVEIRAS,8984,0.023698632
998852,RUA AROEIRAS 399 MONTE DAS OLIVEIRA,212,993092,RUA ANDORINHA 458 MONTE DAS OLIVEIRAS,9136,0.036555745
998852,RUA AROEIRAS 399 MONTE DAS OLIVEIRA,212,1037381,RUA CEREJEIRA 311 MONTE DAS OLIVEIRAS,6723,0.04725049
272752,RUA JAQUIMN ABUCO 457 TUçUMANZAL,213,272752,RUA JOAQUIM NABUCO 457 TUCUMANZAL,1514,0.049735874
272752,RUA JAQUIMN ABUCO 457 TUçUMANZAL,213,272738,RUA JOAQUIM NABUCO 392 TUCUMANZAL,9004,0.058935013
272752,RUA JAQUIMN ABUCO 457 TUçUMANZAL,213,584151,RUA LOURIVAL RIBEIRO 387 TAQUARI,7142,0.06800699
272752,RUA JAQUIMN ABUCO 457 TUçUMANZAL,213,839582,RUA QUINTINO BOCAIUVA 1267 CENTRO,1971,0.07163227
272752,RUA JAQUIMN ABUCO 457 TUçUMANZAL,213,801105,RUA ERNESTO THALHEIMER 1287 JAUARI II,6422,0.08000209
294054,dRUà PINHEIRO 2247 NOVA FLORESTA FLOnRESTA,214,216190,BECO ACARA 2346 NOVA FLORESTA,1475,0.11257066
294054,dRUà PINHEIRO 2247 NOVA FLORESTA FLOnRESTA,214,294054,RUA PINHEIRO 2247 NOVA FLORESTA,1573,0.14098927
294054,dRUà PINHEIRO 2247 NOVA FLORESTA FLOnRESTA,214,307432,RUA SUCUPIRA 2914 NOVA FLORESTA,3122,0.14118573
294054,dRUà PINHEIRO 2247 NOVA FLORESTA FLOnRESTA,214,238247,RUA CACHOEIRA D ITAPEMIRIM 2464 MARCOS FREIRE,3850,0.14548372
294054,dRUà PINHEIRO 2247 NOVA FLORESTA FLOnRESTA,214,216960,BECO MARANHENSE 2611 NOVA FLORESTA,6562,0.15180936
34140,RUA SANTO MIGUEL 1596 URRAL URRAL,215,34140,RUA SANTO MIGUEL 1596 RURAL,1029,0.0505523
34140,RUA SANTO MIGUEL 1596 URRAL URRAL,215,150954,RUA PORTO ALEGRE 1551 VALPARAISO,6803,0.09501342
34140,RUA SANTO MIGUEL 1596 URRAL URRAL,215,150967,RUA PORTO ALEGRE 1681 VALPARAISO,2656,0.0989949
34140,RUA SANTO MIGUEL 1596 URRAL URRAL,215,287429,RUA NICARAGUA 2916 PORTO VELHO,888,0.09996614
34140,RUA SANTO MIGUEL 1596 URRAL URRAL,215,296873,RUA PRUDENTE DE MORAIS 1592 AREAL,5841,0.10182192
141691,RUA GOIANIA 2578 NOVA BRAeILIA,216,141691,RUA GOIANIA 2578 NOVA BRASILIA,9091,0.041560795
141691,RUA GOIANIA 2578 NOVA BRAeILIA,216,141565,RUA GOIANIA 1536 NOVA BRASILIA,9899,0.05088309
141691,RUA GOIANIA 2578 NOVA BRAeILIA,216,141535,RUA GOIANIA 1284 NOVA BRASILIA,9484,0.059201933
141691,RUA GOIANIA 2578 NOVA BRAeILIA,216,141545,RUA GOIANIA 1398 NOVA BRASILIA,9162,0.059753794
141691,RUA GOIANIA 2578 NOVA BRAeILIA,216,141598,RUA GOIANIA 1872 NOVA BRASILIA,1226,0.061255388
773067,BECO SANTcO ANTONIO 129 SANTO ANTONIO,217,773067,BECO SANTO ANTONIO 129 SANTO ANTONIO,9208,0.020484127
773067,BECO SANTcO ANTONIO 129 SANTO ANTONIO,217,524719,RAMAL SANTO ANTONIO 58 SANTO ANTONIO,9633,0.07824699
773067,BECO SANTcO ANTONIO 129 SANTO ANTONIO,217,934894,BECO SANTO ANTONIO 55 BETANIA,6758,0.098459154
773067,BECO SANTcO ANTONIO 129 SANTO ANTONIO,217,934874,BECO SANTO ANTONIO 36 COROADO,2833,0.09908459
773067,BECO SANTcO ANTONIO 129 SANTO ANTONIO,217,925611,BECO PONTIGUARA 23 COLONIA SANTO ANTONIO,9280,0.10227412
806317,RUA UATUMA 1046 SANTA LUZIA,218,806317,RUA UATUMA 1046 SANTA LUZIA,1935,5.555358e-06
806317,RUA UATUMA 1046 SANTA LUZIA,218,1077090,RUA DO CUMARU 20 SANTA LUZIA,8147,0.056093644
806317,RUA UATUMA 1046 SANTA LUZIA,218,798570,RUA ARMINDO AUZIER 1233 SANTA LUZIA,6360,0.06450892
806317,RUA UATUMA 1046 SANTA LUZIA,218,806371,RUA UATUMA 1527 ARAUJO COSTA,1964,0.07020973
806317,RUA UATUMA 1046 SANTA LUZIA,218,76797,RUA HUMAITA 3230 CRUZEIRO,9215,0.071602784
927497,BECO SANTA LUCIA 8 SAOu LAAZRO,219,921086,BECO INGA 76 SANTA ETELVINA,3068,0.08216621
927497,BECO SANTA LUCIA 8 SAOu LAAZRO,219,932334,BECO VENTURA 159 SANTA LUZIA,5925,0.09074256
927497,BECO SANTA LUCIA 8 SAOu LAAZRO,219,934354,BECO SANTA MARIA 15 ALVORADA,9170,0.09246387
927497,BECO SANTA LUCIA 8 SAOu LAAZRO,219,929852,BECO SARAIVA 86 ALEIXO,3902,0.093142584
927497,BECO SANTA LUCIA 8 SAOu LAAZRO,219,934616,BECO SANTA RITA 1007 COROADO,7523,0.09373206
401081,RODOVIAB R 4o29 24 ALVORADA DO OESTE,220,401081,RODOVIA BR 429 24 ALVORADA DO OESTE,2364,0.09629169
401081,RODOVIAB R 4o29 24 ALVORADA DO OESTE,220,400855,LINHA T 07 39 ALVORADA DO OESTE R0,2279,0.1066349
401081,RODOVIAB R 4o29 24 ALVORADA DO OESTE,220,666574,RODOVIA BR 364 2465 CORCOVADO,4015,0.110225774
401081,RODOVIAB R 4o29 24 ALVORADA DO OESTE,220,400252,LINHA 72 19 ALVORADA DO OESTE,1127,0.11393114
401081,RODOVIAB R 4o29 24 ALVORADA DO OESTE,220,652473,RODOVIA BR 364 320 CRISTO LIBERTADOR,2607,0.116566226
1071816,RUA DEZESSEIS 439 ALVdORADA II,221,1071816,RUA DEZESSEIS 439 ALVORADA II,7095,0.023020588
1071816,RUA DEZESSEIS 439 ALVdORADA II,221,1071813,RUA DEZESSEIS 439 ALVORADA II,5421,0.025696099
1071816,RUA DEZESSEIS 439 ALVdORADA II,221,1073398,RUA DEZOITO 499 ALVORADA,2324,0.06640807
1071816,RUA DEZESSEIS 439 ALVdORADA II,221,1069777,RUA DEZ 316 ALVORADA,9603,0.07005364
1071816,RUA DEZESSEIS 439 ALVdORADA II,221,1069807,RUA DEZ 341 ALVORADA,3555,0.07577349
175104,LINHA LINHA MP169 244 MACHADIHNO,222,175104,LINHA MP169 244 MACHADINHO,6831,0.03269475
175104,LINHA LINHA MP169 244 MACHADIHNO,222,175554,LINHA TB 10 869 MACHADIHO,4766,0.07574826
175104,LINHA LINHA MP169 244 MACHADIHNO,222,173958,LINHA LJ 4 141 MACHADINHO,9817,0.077035606
175104,LINHA LINHA MP169 244 MACHADIHNO,222,174027,LINHA LJ 5 214 MACHADINHO,9098,0.080529615
175104,LINHA LINHA MP169 244 MACHADIHNO,222,173938,LINHA LJ 4 51 MACHADINHO,4482,0.09189809
656476,RUA SEM DENOMINACAO 5 20 ELGENI ALGUSTO AREAL,223,656476,RUA SEM DENOMINACAO 5 20 ELGENIO ALGUSTO AREAL,3775,0.0057028374
656476,RUA SEM DENOMINACAO 5 20 ELGENI ALGUSTO AREAL,223,481177,CAMINHO SEM DENOMINACAO 1112 BAIRRO LEONARDO BARBOSA,8268,0.09549442
656476,RUA SEM DENOMINACAO 5 20 ELGENI ALGUSTO AREAL,223,305503,RUA SEM DENOMINACAO 685 NOVA ESPERANCA,1948,0.09731047
656476,RUA SEM DENOMINACAO 5 20 ELGENI ALGUSTO AREAL,223,930044,BECO SEM DENOMINACAO 5 COLONIA ANTONIO ALEIXO,8689,0.09733909
656476,RUA SEM DENOMINACAO 5 20 ELGENI ALGUSTO AREAL,223,940688,ESCADA SEM DENOMINACAO 66 COLONIA OLIVEIRA MACHADO,7125,0.102386266
448462,RUA CARLO SG0MES 2813 MONTE NEGRO,224,448462,RUA CARLOS GOMES 2813 MONTE NEGRO,79,0.05399546
448462,RUA CARLO SG0MES 2813 MONTE NEGRO,224,448339,RUA BURITIS 2652 MONTE NEGRO,5316,0.06547119
448462,RUA CARLO SG0MES 2813 MONTE NEGRO,224,449151,RUA SAMUEL M LOPES 3767 MONTE NEGRO,29,0.06633593
448462,RUA CARLO SG0MES 2813 MONTE NEGRO,224,448330,RUA BURITIS 2504 MONTE NEGRO,9089,0.06690669
448462,RUA CARLO SG0MES 2813 MONTE NEGRO,224,577465,RUA HUGO CARNEIRO 724 BOSQUE,620,0.07201412
689243,RUA ANGELO PORTUGAL 561 BAIRRO OjLINDA DE,225,689243,RUA ANGELO PORTUGAL 561 BAIRRO DE OLINDA,1218,0.023256581
689243,RUA ANGELO PORTUGAL 561 BAIRRO OjLINDA DE,225,691470,RUA CORONEL SOARES 600 BAIRRO DE OLINDA,8560,0.07486528
689243,RUA ANGELO PORTUGAL 561 BAIRRO OjLINDA DE,225,689090,RUA ABEL SENA 441 BAIRRO DE OLINDA,8695,0.07742368
689243,RUA ANGELO PORTUGAL 561 BAIRRO OjLINDA DE,225,160813,RUA PRESIDENTE GEISEL 234 BAIRRO SANTIAGO,2174,0.08242902
689243,RUA ANGELO PORTUGAL 561 BAIRRO OjLINDA DE,225,570380,RUA DOUTOR JOSE L. DE AGUIAR 243 BELA VISTA,6572,0.08675728
558656,RUA BOULEVARD AUGUSTO MONTEIRO 1019 TRIANGULO VELH,226,558656,RUA BOULEVARD AUGUSTO MONTEIRO 1019 TRIANGULO VELHO,4904,0.007455661
558656,RUA BOULEVARD AUGUSTO MONTEIRO 1019 TRIANGULO VELH,226,558713,RUA BOULEVARD AUGUSTO MONTEIRO 1241 TRIANGULO VELHO,5808,0.01325011
558656,RUA BOULEVARD AUGUSTO MONTEIRO 1019 TRIANGULO VELH,226,558605,RUA BOULEVARD AUGUSTO MONTEIRO 768 QUINZE,337,0.032682024
558656,RUA BOULEVARD AUGUSTO MONTEIRO 1019 TRIANGULO VELH,226,558621,RUA BOULEVARD AUGUSTO MONTEIRO 838 QUINZE,4454,0.03915566
558656,RUA BOULEVARD AUGUSTO MONTEIRO 1019 TRIANGULO VELH,226,558604,RUA BOULEVARD AUGUSTO MONTEIRO 758 QUINZE,2465,0.043019608
60024,RUA RUA RUI BARBOSA 3526 BAIthRO DO INCRA,227,60024,RUA RUI BARBOSA 3526 BAIRRO DO INCRA,3256,0.06000994
60024,RUA RUA RUI BARBOSA 3526 BAIthRO DO INCRA,227,503590,RUA REGOS BARROS 4640 MORRO DA GLORIA,6083,0.09990558
60024,RUA RUA RUI BARBOSA 3526 BAIthRO DO INCRA,227,503506,RUA REGOS BARROS 1092 MORRO DA GLORIA,5061,0.100789145
60024,RUA RUA RUI BARBOSA 3526 BAIthRO DO INCRA,227,675081,RUA PASTOR BERNARDES 131 VILA DO INCRA,4468,0.10095051
60024,RUA RUA RUI BARBOSA 3526 BAIthRO DO INCRA,227,44729,AVENIDA PINHEIRO MACHADO 1181 BAIRRO DO INCRA,1346,0.102100536
392592,AVENIDA ANTONIO PEREIRA DE SOUiZA 6905 ENTRO,228,392592,AVENIDA ANTONIO PEREIRA DE SOUZA 6905 CENTRO,9516,0.045236863
392592,AVENIDA ANTONIO PEREIRA DE SOUiZA 6905 ENTRO,228,875750,AVENIDA GONZAGA PINHEIRO 60 CENTRO,5686,0.05986836
392592,AVENIDA ANTONIO PEREIRA DE SOUiZA 6905 ENTRO,228,393243,AVENIDA EDUARDO CORREIA DE ARAUJO 4385 PLANALTO,7850,0.0649808
392592,AVENIDA ANTONIO PEREIRA DE SOUiZA 6905 ENTRO,228,106515,AVENIDA FRANCISCO VIEIRA DE SOUZA 3950 TARILANDIA,1421,0.06827924
392592,AVENIDA ANTONIO PEREIRA DE SOUiZA 6905 ENTRO,228,829597,AVENIDA EDUARDO RIBEIRO 56 CENTRO,4971,0.068616524
174508,LINHA MA 28 191 ACHADINHO,229,174544,LINHA MA 32 21 MACHADINHO,4881,0.040295932
174508,LINHA MA 28 191 ACHADINHO,229,174348,LINHA MA 16 1 MACHADINHO,7026,0.04498543
174508,LINHA MA 28 191 ACHADINHO,229,174508,LINHA MA 28 191 MACHADINHO,73,0.044998907
174508,LINHA MA 28 191 ACHADINHO,229,173239,LINHA 50 273 MACHADINHO,1432,0.04630333
174508,LINHA MA 28 191 ACHADINHO,229,174747,LINHA MC 07 10 MACHADINHO,4210,0.057562985
744287,UA COSTA SILVA E 219 DUQUE DE DE CXAIAS,230,519003,TRAVESSA SAMUEL ELIAS DO NASCIMENTO 131 GENI NUNES,8968,0.1297214
744287,UA COSTA SILVA E 219 DUQUE DE DE CXAIAS,230,156972,RUA VICENTE SABORA CAVALCANTE 1260 DUQUE DE CAXIAS,7759,0.13254811
744287,UA COSTA SILVA E 219 DUQUE DE DE CXAIAS,230,744287,RUA COSTA E SILVA 219 DUQUE DE CAXIAS,6335,0.13567927
744287,UA COSTA SILVA E 219 DUQUE DE DE CXAIAS,230,318874,RUA CAPITAO NATANAEL AGUILAR 1631 AGENOR M DE CARVALHO,4435,0.13862845
744287,UA COSTA SILVA E 219 DUQUE DE DE CXAIAS,230,532008,TRAVESSA RAIMUNDO DO T. DE CARVALHO 40 CAGEACRE,3944,0.14187568
708632,AVENvIDA SEBASTIAO SAO 1850 NOSSA SENHORA DE FATIMA,231,708632,AVENIDA SAO SEBASTIAO 1850 NOSSA SENHORA DE FATIMA,6717,0.030087434
708632,AVENvIDA SEBASTIAO SAO 1850 NOSSA SENHORA DE FATIMA,231,342044,AVENIDA BOA VISTA 6478 SAO CRISTOVAO,9146,0.09456359
708632,AVENvIDA SEBASTIAO SAO 1850 NOSSA SENHORA DE FATIMA,231,342022,AVENIDA BOA VISTA 6226 SAO CRISTOVAO,1335,0.09783298
708632,AVENvIDA SEBASTIAO SAO 1850 NOSSA SENHORA DE FATIMA,231,793131,RUA ESPERANCA 10 COM SAO SEBASTIAO DA SERRA BAIXA,1271,0.09887262
708632,AVENvIDA SEBASTIAO SAO 1850 NOSSA SENHORA DE FATIMA,231,336449,AVENIDA SAO JOAO BATISTA 592 CUNHA E SILVA,9266,0.102030344
262107,RUA GRANDE 3243 ZONA LETSE,232,262107,RUA GRANDE OTELO 3243 ZONA LESTE,383,0.049398854
262107,RUA GRANDE 3243 ZONA LETSE,232,254394,RUA ERECHIM 4272 ZONA LESTE,3032,0.06364145
262107,RUA GRANDE 3243 ZONA LETSE,232,312788,RUA TURMALINA 9723 ZONA LESTE,3869,0.064199254
262107,RUA GRANDE 3243 ZONA LETSE,232,320335,RUA FREI CANECA 8676 ZONA LESTE,2995,0.06885786
262107,RUA GRANDE 3243 ZONA LETSE,232,312627,RUA TUCURUI 5176 ZONA SUL,838,0.06925131
1003950,RUA B 107 CIDADE NOVA,233,1003950,RUA B 107 CIDADE NOVA,5800,7.932674e-06
1003950,RUA B 107 CIDADE NOVA,233,1004107,RUA B 182 CIDADE NOVA,7878,0.01948617
1003950,RUA B 107 CIDADE NOVA,233,1003882,RUA B 81 CIDADE NOVA,3859,0.02091125
1003950,RUA B 107 CIDADE NOVA,233,971034,RUA 50 75 CIDADE NOVA,3799,0.0369312
1003950,RUA B 107 CIDADE NOVA,233,1111096,RUA H 64 CIDADE NOVA,2914,0.041513145
982349,RUA ADRIANO 125 MRRO DA kIBERDADE,234,982349,RUA ADRIANO JORGE 125 MORRO DA LIBERDADE,4752,0.06734569
982349,RUA ADRIANO 125 MRRO DA kIBERDADE,234,789503,RUA PAUDERNEI AVELINO 20 MORADA DO SOL,6672,0.080719516
982349,RUA ADRIANO 125 MRRO DA kIBERDADE,234,188796,RUA SIDNEY GIRAO 345 DA LIBERDADE,5075,0.08113718
982349,RUA ADRIANO 125 MRRO DA kIBERDADE,234,839836,RUA RAIMUNDO DIAS 1982 LIBERDADE,6747,0.081923276
982349,RUA ADRIANO 125 MRRO DA kIBERDADE,234,668456,RUA MARIA DE BRITO 67 SIBERIA,9792,0.0821753
536486,AVENIDA ANTONIO DA ROCHA VIANA 3252 VILA IVONETE,235,536486,AVENIDA ANTONIO DA ROCHA VIANA 3252 VILA IVONETE,4940,7.137843e-06
536486,AVENIDA ANTONIO DA ROCHA VIANA 3252 VILA IVONETE,235,536406,AVENIDA ANTONIO DA ROCHA VIANA 2686 VILA IVONETE,1600,0.009909142
536486,AVENIDA ANTONIO DA ROCHA VIANA 3252 VILA IVONETE,235,125995,AVENIDA JOSE ANTONIO DA SILVA 1001 NOVA COLINA,4660,0.053143773
536486,AVENIDA ANTONIO DA ROCHA VIANA 3252 VILA IVONETE,235,538910,AVENIDA GETULIO VARGAS 3001 VILA IVONETE,1679,0.05598277
536486,AVENIDA ANTONIO DA ROCHA VIANA 3252 VILA IVONETE,235,456588,AVENIDA TANCREDO DE ALMEIDA NEVES 3619 CIDADE BAIXA,1920,0.06439704
1033303,dRUA CASTELO BRANC0 92 d0ROqDO,236,665253,TRAVESSA HILTON LESSA CATAO 1610 COPACABANA,3897,0.1754511
1033303,dRUA CASTELO BRANC0 92 d0ROqDO,236,650108,RAMAL GLEBA F 4600 SENADOR GUIOMARD,5101,0.17907044
1033303,dRUA CASTELO BRANC0 92 d0ROqDO,236,216387,BECO DA BRASILLIA 1750 TUCUMANZAL,7440,0.17933694
1033303,dRUA CASTELO BRANC0 92 d0ROqDO,236,218491,ESTRADA DO BELMONT 2086 NACIONAL,5625,0.18335775
1033303,dRUA CASTELO BRANC0 92 d0ROqDO,236,329459,RUA 32 D0 01 A0 11 P2 33 DO 22 12 2 NOVA MUTUN,6278,0.18643853
167976,AVENIAD JOSE LOPES DE OLIVEIRA 2614 CENTRO,237,475117,RUA ADENILSOM ROGERIO DE OLIVEIRA 1563 ACRELANDIA,9871,0.100435466
167976,AVENIAD JOSE LOPES DE OLIVEIRA 2614 CENTRO,237,730735,RUA LAIDE ALVES DE OLIVEIRA 392 SAMUEL AMARAL,9904,0.10534877
167976,AVENIAD JOSE LOPES DE OLIVEIRA 2614 CENTRO,237,837974,RUA MANOEL GONCALVES BASTOS 366 TERRA PRETA,4074,0.10664718
167976,AVENIAD JOSE LOPES DE OLIVEIRA 2614 CENTRO,237,474353,AVENIDA ADENILSOM ROGERIO DE OLIVEIRA 826 ACRELANDIA,6280,0.11154427
167976,AVENIAD JOSE LOPES DE OLIVEIRA 2614 CENTRO,237,98186,AVENIDA JOSE CARDOSO ALVES 2313 GUAJARA MIRIM,3171,0.11157901
408033,RODOVIA BR 364 7 None,238,408033,RODOVIA BR 364 7 None,478,1.9172243e-05
408033,RODOVIA BR 364 7 None,238,421722,RODOVIA BR 364 1 None,8756,0.018464562
408033,RODOVIA BR 364 7 None,238,424858,RODOVIA BR 421 171 None,9794,0.042106956
408033,RODOVIA BR 364 7 None,238,509219,RODOVIA BR 364 10 BR 364,5877,0.076910846
408033,RODOVIA BR 364 7 None,238,533538,RODOVIA AC 40 3 POLO 2,6442,0.087491095
572314,RUA EUCIDES TEIXEIRA 559 RESIDêCIAL SANTO AFONSO,239,572314,RUA EUCIDES TEIXEIRA 559 RESIDENCIAL SANTO AFONSO,6549,0.017227456
572314,RUA EUCIDES TEIXEIRA 559 RESIDêCIAL SANTO AFONSO,239,57102,RUA MARTINS FREDERICO 626 RESIDENCIAL PARQUE BRIZON,4733,0.0640279
572314,RUA EUCIDES TEIXEIRA 559 RESIDêCIAL SANTO AFONSO,239,255778,RUA EUSTAQUIO SILVESTRE 4478 NOVA ESPERANCA,2130,0.07378198
572314,RUA EUCIDES TEIXEIRA 559 RESIDêCIAL SANTO AFONSO,239,575350,RUA GABINO BESOURO 1620 PREVENTORIO,2422,0.07538375
572314,RUA EUCIDES TEIXEIRA 559 RESIDêCIAL SANTO AFONSO,239,185117,RUA ITAMAURU GOES DE SIQUEIRA 292 JARDIM AEROPORTO,6510,0.0779499
30840,RUA SAO PAULO 3434 SETO 05,240,30840,RUA SAO PAULO 3434 SETOR 05,2332,0.02202266
30840,RUA SAO PAULO 3434 SETO 05,240,119533,RUA SAO PAULO 2775 SETOR 05,9031,0.041469645
30840,RUA SAO PAULO 3434 SETO 05,240,30982,RUA SAO VICENTE 2974 SETOR 3,9305,0.067228585
30840,RUA SAO PAULO 3434 SETO 05,240,92157,RUA SAO PAULO 2634 CENTRO,5825,0.072096944
30840,RUA SAO PAULO 3434 SETO 05,240,414923,RUA SAO GABRIEL 3610 SETOR 06,7788,0.07870023
973259,RA7  4 PnARQUE 10 SHANGRI LA 4,241,973259,RUA 7 4 PARQUE 10 CONJ SHANGRI LA 4,6573,0.09236163
973259,RA7  4 PnARQUE 10 SHANGRI LA 4,241,931897,BECO UIRAPURU 3 75 COROADO,3053,0.15601131
973259,RA7  4 PnARQUE 10 SHANGRI LA 4,241,931908,BECO UIRAPURU 4 20 COROADO,3010,0.1604618
973259,RA7  4 PnARQUE 10 SHANGRI LA 4,241,922548,BECO LADISLAU 18 REDENCAO,6034,0.16242632
973259,RA7  4 PnARQUE 10 SHANGRI LA 4,241,532223,RAMAL CEU ABERTO 5 COLONIA 3 IRMAOS,6612,0.1738797
635411,ESTRADA AC 10 KM19 POLO HELIO PIMENTA 276 RAMAL ELIO PIMENTA,242,249630,RUA DO ESTANHO 4385 FLODOALDO PONTES PINTO,6725,0.096243516
635411,ESTRADA AC 10 KM19 POLO HELIO PIMENTA 276 RAMAL ELIO PIMENTA,242,205350,AVENIDA CALAMA 4715 FLODOALDO PONTES PINTO,3372,0.09672122
635411,ESTRADA AC 10 KM19 POLO HELIO PIMENTA 276 RAMAL ELIO PIMENTA,242,213729,AVENIDA RIO MADEIRA 2452 FLODOALDO PONTES PINTO,3060,0.09740637
635411,ESTRADA AC 10 KM19 POLO HELIO PIMENTA 276 RAMAL ELIO PIMENTA,242,280571,RUA MALTA 5035 FLODOALDO PONTES PINTO,3959,0.098313235
635411,ESTRADA AC 10 KM19 POLO HELIO PIMENTA 276 RAMAL ELIO PIMENTA,242,296655,RUA PRODUCAO 2836 FLODOALDO PONTES PINTO,5810,0.10365079
183463,DAS FLORES 110 JARDIM AEROPORTO,243,183463,RUA DAS FLORES 110 JARDIM AEROPORTO,8232,0.053312674
183463,DAS FLORES 110 JARDIM AEROPORTO,243,23219,RUA LAJES 3480 JARDIM DAS FLORES,7355,0.07322319
183463,DAS FLORES 110 JARDIM AEROPORTO,243,247893,RUA DAS FLORES 114 B FLORESTA,3822,0.074309
183463,DAS FLORES 110 JARDIM AEROPORTO,243,701303,BECO DAS FLORES 73 CENTRO,4640,0.07596619
183463,DAS FLORES 110 JARDIM AEROPORTO,243,248017,RUA DAS FLORES 514 B FLORESTA,7938,0.084328756
54841,RUA JOSE BONIFACIO 3838 VILAGE DO SOL,244,54841,RUA JOSE BONIFACIO 3838 VILAGE DO SOL,1998,5.3167087e-06
54841,RUA JOSE BONIFACIO 3838 VILAGE DO SOL,244,273732,RUA JOSE BONIFACIO 845 OLARIA,5735,0.0479832
54841,RUA JOSE BONIFACIO 3838 VILAGE DO SOL,244,47921,RUA AMILTON BOLSSO 4040 VILAGE DO SOL,4446,0.04921895
54841,RUA JOSE BONIFACIO 3838 VILAGE DO SOL,244,273796,RUA JOSE BONIFACIO 1257 OLARIA,1558,0.052661493
54841,RUA JOSE BONIFACIO 3838 VILAGE DO SOL,244,47275,RUA 0LINTO FOLI 4013 VILAGE DO SOL,9964,0.059318487
408522,AVENIDA MONTE NEGRO 1500 SETR c5,245,893564,AVENIDA RIO NEGRO 78 JAPIIM,5489,0.083325565
408522,AVENIDA MONTE NEGRO 1500 SETR c5,245,855274,AVENIDA ATROARIS 55 CIDADE NOVA,407,0.08378093
408522,AVENIDA MONTE NEGRO 1500 SETR c5,245,866804,AVENIDA CONTORNO NORTE 25 ARMANDO MENDES,1624,0.08448622
408522,AVENIDA MONTE NEGRO 1500 SETR c5,245,539741,AVENIDA NORDESTE 366 TUCUMA,9385,0.08871729
408522,AVENIDA MONTE NEGRO 1500 SETR c5,245,855351,AVENIDA ATROARIS 119 CIDADE NOVA,4692,0.089535534
378716,RUA JOSE GOMES FILHO 899 BODANESE,246,378716,RUA JOSE GOMES FILHO 899 BODANESE,527,5.766825e-06
378716,RUA JOSE GOMES FILHO 899 BODANESE,246,1031481,RUA CARLOS GOMES 667 COMPENSA,5837,0.057931177
378716,RUA JOSE GOMES FILHO 899 BODANESE,246,837232,RUA JOSE FERNANDES 968 BIRIBIRI,4597,0.059181012
378716,RUA JOSE GOMES FILHO 899 BODANESE,246,653037,RUA AUGUSTO VASCONCELOS 391 CAFEZAL,5432,0.06366281
378716,RUA JOSE GOMES FILHO 899 BODANESE,246,653531,RUA CUNHA VASCONCELOS 978 BOSQUE,2156,0.0637452
1089045,UA E 67 COLONIA OILVEIRA MACHADO,247,1089045,RUA E 67 COLONIA OLIVEIRA MACHADO,2489,0.068697006
1089045,UA E 67 COLONIA OILVEIRA MACHADO,247,919557,BECO ESPERANCA 39 COLONIA OLIVEIRA MACHADO,3743,0.08549985
1089045,UA E 67 COLONIA OILVEIRA MACHADO,247,1038194,RUA CHICO QUEIROZ 5 COLONIA OLIVEIRA MACHADO,1474,0.10077034
1089045,UA E 67 COLONIA OILVEIRA MACHADO,247,920749,BECO HELENA DE MOURA 23 ALVORADA,1635,0.105433576
1089045,UA E 67 COLONIA OILVEIRA MACHADO,247,851625,ALAMEDA IBERE CAMARGO 8 PONTA NEGRA,9549,0.110143006
492750,AVENIDA GETULIO VARGAS 380 CdTROS,248,492750,AVENIDA GETULIO VARGAS 380 CENTROS,4242,0.053645574
492750,AVENIDA GETULIO VARGAS 380 CdTROS,248,538894,AVENIDA GETULIO VARGAS 2406 BOSQUE,3161,0.06420969
492750,AVENIDA GETULIO VARGAS 380 CdTROS,248,718454,AVENIDA GETULIO VARGAS 153 RECREIO,7352,0.064288914
492750,AVENIDA GETULIO VARGAS 380 CdTROS,248,492791,AVENIDA GETULIO VARGAS 1163 VARZEA,6941,0.06566379
492750,AVENIDA GETULIO VARGAS 380 CdTROS,248,167652,AVENIDA GETULIO VARGAS 3701 CENTRO,6501,0.06651014
978156,RUA A DOIS 20 SAO JOSE JOSE OPERRAIO,249,978156,RUA A DOIS 20 SAO JOSE OPERARIO,8728,0.021855239
978156,RUA A DOIS 20 SAO JOSE JOSE OPERRAIO,249,1078920,RUA DOIS 4 SAO JOSE OPERARIIO,3255,0.03912227
978156,RUA A DOIS 20 SAO JOSE JOSE OPERRAIO,249,1079072,RUA DOIS 8 SAO JOSE OPERARIIO,1219,0.042269
978156,RUA A DOIS 20 SAO JOSE JOSE OPERRAIO,249,1079859,RUA DOIS 34 SAO JOSE OPERARIO,6128,0.042670134
978156,RUA A DOIS 20 SAO JOSE JOSE OPERRAIO,249,978928,RUA A UM 5 SAO JOSE OPERARIO,1445,0.04271397
1052978,dRoUA CURITIBA 242 GILBERTO MESTRINHO,250,1053116,RUA CURITIBA 593 GILBERTO MESTRINHO,7941,0.0973628
1052978,dRoUA CURITIBA 242 GILBERTO MESTRINHO,250,1053139,RUA CURITIBA 659 GILBERTO MESTRINHO,1313,0.09948435
1052978,dRoUA CURITIBA 242 GILBERTO MESTRINHO,250,1052978,RUA CURITIBA 242 GILBERTO MESTRINHO,4117,0.103341065
1052978,dRoUA CURITIBA 242 GILBERTO MESTRINHO,250,1081274,RUA DOIS 387 GILBERTO MESTRINHO,7166,0.115507
1052978,dRoUA CURITIBA 242 GILBERTO MESTRINHO,250,899786,AVENIDA VENEZUELA 200 TANCREDO NEVES GILBERTO MESTRINHO,7195,0.123581976
111286,RAFLORIANOPOLIS 2204 SETOR 03,251,111286,RUA FLORIANOPOLIS 2204 SETOR 03,7623,0.094693646
111286,RAFLORIANOPOLIS 2204 SETOR 03,251,111296,RUA FLORIANOPOLIS 2265 SETOR 03,320,0.114434585
111286,RAFLORIANOPOLIS 2204 SETOR 03,251,111232,RUA FLORIANOPOLIS 1835 SETOR 03,894,0.11587148
111286,RAFLORIANOPOLIS 2204 SETOR 03,251,111230,RUA FLORIANOPOLIS 1826 SETOR 03,9420,0.116084285
111286,RAFLORIANOPOLIS 2204 SETOR 03,251,31747,RUA TOPAZIO 1420 RURAL,8972,0.12925112
354774,RUA RIi MADEIRá 6955 BOA ESPERANCA,252,354774,RUA RIO MADEIRA 6955 BOA ESPERANCA,8516,0.034794174
354774,RUA RIi MADEIRá 6955 BOA ESPERANCA,252,351753,RUA CAPIBARIBE 6827 BOA ESPERANCA,2431,0.05916962
354774,RUA RIi MADEIRá 6955 BOA ESPERANCA,252,345594,AVENIDA MARINGA 5546 BOA ESPERANCA,420,0.059433002
354774,RUA RIi MADEIRá 6955 BOA ESPERANCA,252,287429,RUA NICARAGUA 2916 PORTO VELHO,888,0.065176055
354774,RUA RIi MADEIRá 6955 BOA ESPERANCA,252,287984,RUA NOVA ESPERANCA 3721 CALADINHO,4407,0.065577134
964152,wUA 260 43 CIDADE NOVA,253,964152,RUA 260 43 CIDADE NOVA,6398,0.044209488
964152,wUA 260 43 CIDADE NOVA,253,967444,RUA 39 26 CIDADE NOVA,4425,0.05348996
964152,wUA 260 43 CIDADE NOVA,253,961984,RUA 230 21 CIDADE NOVA,1957,0.057477355
964152,wUA 260 43 CIDADE NOVA,253,960324,RUA 211 28 CIDADE NOVA 3,4993,0.061851386
964152,wUA 260 43 CIDADE NOVA,253,966963,RUA 36 38 CIDADE NOVA,4963,0.06246927
266460,RjUA INTERNACIONAL 3460 LAGOjNHA,254,510394,TRAVESSA RIO JURUA 3 1181 MIRITIZAL,7704,0.12474198
266460,RjUA INTERNACIONAL 3460 LAGOjNHA,254,476921,PORTO DIAS 60 SERINGAL TRIUNFO,1772,0.133379
266460,RjUA INTERNACIONAL 3460 LAGOjNHA,254,524077,RAMAL ALTO PENTENCOSTE 214 PARANA,5186,0.1381202
266460,RjUA INTERNACIONAL 3460 LAGOjNHA,254,637402,RAMAL OLHO DAGUA 12596 TRANSA ACREANA,1849,0.14497909
266460,RjUA INTERNACIONAL 3460 LAGOjNHA,254,692781,LAGO CARAPANATUBA 21333 ZONA RURAL,1292,0.14577758
643435,RAMAL PARANA DOS MOhRAS 54 FO ZDO lARANA,255,643474,RAMAL PARANA DOS MOURAS 74 LUZEIRO2,72,0.075221464
643435,RAMAL PARANA DOS MOhRAS 54 FO ZDO lARANA,255,643536,RAMAL PARANA DOS MOURAS 124 FOZ DO PARANA,4896,0.12122995
643435,RAMAL PARANA DOS MOhRAS 54 FO ZDO lARANA,255,930939,BECO SOLIMOES 34 ZUMBI DOS PALMARES,6981,0.1239201
643435,RAMAL PARANA DOS MOhRAS 54 FO ZDO lARANA,255,758567,COMUNIDADE ARPAUBA 2 PARANA BADAJOS,4846,0.1241676
643435,RAMAL PARANA DOS MOhRAS 54 FO ZDO lARANA,255,650108,RAMAL GLEBA F 4600 SENADOR GUIOMARD,5101,0.12749693
1076519,RUA DO COnERCIO 475 COMUNIeADE DE SAO PEDRi,256,1100972,RUA FOZ DO IGUACU 345 TARUMA COMUNIDADE RIO SOLIMOES,3110,0.09587097
1076519,RUA DO COnERCIO 475 COMUNIeADE DE SAO PEDRi,256,1078315,RUA DO ROSARIO 408 SAO RAIMUNDO,3074,0.10360789
1076519,RUA DO COnERCIO 475 COMUNIeADE DE SAO PEDRi,256,776875,RUA MUNICIPAL II 1669 SAO CRISTOVAO,7027,0.10460144
1076519,RUA DO COnERCIO 475 COMUNIeADE DE SAO PEDRi,256,753221,COMUNIDADE SAO RAIMUNDO 3 RIO SOLIMOES,9009,0.108421944
1076519,RUA DO COnERCIO 475 COMUNIeADE DE SAO PEDRi,256,783392,COMUNIDADE SAO RAIMUNDO 25 RIO LIBERDADE,7028,0.1104542
315410,RhA VICENTE DE FONTOURA 8466 PORTO PORTO VELHO,257,314781,RUA VENEZUELA 1713 NOVA PORTO VELHO,3949,0.10040912
315410,RhA VICENTE DE FONTOURA 8466 PORTO PORTO VELHO,257,314649,RUA VENEZUELA 1179 NOVA PORTO VELHO,5585,0.10065384
315410,RhA VICENTE DE FONTOURA 8466 PORTO PORTO VELHO,257,284176,RUA MEXICO 2332 NOVA PORTO VELHO,2921,0.11034526
315410,RhA VICENTE DE FONTOURA 8466 PORTO PORTO VELHO,257,242276,RUA CHEGUEVARA 8845 PORTO VELHO,9870,0.11464741
315410,RhA VICENTE DE FONTOURA 8466 PORTO PORTO VELHO,257,91072,RUA VALE FORMOSO 1757 VISTA ALEGRE,845,0.119849846
671161,AVENIDA CENTRAL 8 AGROVILA,258,671161,AVENIDA CENTRAL 8 AGROVILA,8466,1.0532796e-05
671161,AVENIDA CENTRAL 8 AGROVILA,258,855193,AVENIDA ATLANTICA 71 RAIZ,2863,0.06435242
671161,AVENIDA CENTRAL 8 AGROVILA,258,671149,AVENIDA BR 317 20732 AGROVILA,572,0.071950585
671161,AVENIDA CENTRAL 8 AGROVILA,258,855274,AVENIDA ATROARIS 55 CIDADE NOVA,407,0.07965364
671161,AVENIDA CENTRAL 8 AGROVILA,258,207629,AVENIDA FARQUAR 7286 NACIONAL,9614,0.08495435
17049,RA DA BANDEIRAS 761 MUTIRAO,259,17049,RUA DAS BANDEIRAS 761 MUTIRAO,7892,0.09142529
17049,RA DA BANDEIRAS 761 MUTIRAO,259,105267,TRAVESSA MUTIRAO 02 98 GUAJARA MIRIM,2697,0.10746629
17049,RA DA BANDEIRAS 761 MUTIRAO,259,938855,BECO SAO MIGUEL 373 MORRO DA LIBERDADE,7988,0.11358054
17049,RA DA BANDEIRAS 761 MUTIRAO,259,216801,BECO DO MACIEL 937 BAIXA UNIAO,2665,0.114309914
17049,RA DA BANDEIRAS 761 MUTIRAO,259,741662,BECO SANTA LUZIA 122 TAUA MIRIM,3423,0.11836466
62303,RUA MARECHAL DEODORO DA FONSECA 2021 CENTRO,260,62303,RUA MARECHAL DEODORO DA FONSECA 2021 CENTRO,7055,6.949723e-06
62303,RUA MARECHAL DEODORO DA FONSECA 2021 CENTRO,260,178640,RUA MARECHAL DEODORO DA FONSECA 3356 SETOR 14,4821,0.043484922
62303,RUA MARECHAL DEODORO DA FONSECA 2021 CENTRO,260,178630,RUA MARECHAL DEODORO DA FONSECA 3141 SETOR 13,8971,0.046481762
62303,RUA MARECHAL DEODORO DA FONSECA 2021 CENTRO,260,669807,RUA MARECHAL FLORIANO PEIXOTO 105 CENTRO,628,0.053881977
62303,RUA MARECHAL DEODORO DA FONSECA 2021 CENTRO,260,815429,RUA MANOEL CIPRIANO VITAL 463 CIDADE ALTA,5731,0.07175188
910,AVENIDA BRASIL 3616 CENTRO,261,910,AVENIDA BRASIL 3616 CENTRO,6112,8.07866e-06
910,AVENIDA BRASIL 3616 CENTRO,261,1008,AVENIDA BRASIL 4260 CENTRO,1890,0.02984602
910,AVENIDA BRASIL 3616 CENTRO,261,1004,AVENIDA BRASIL 4228 CENTRO,8425,0.032501396
910,AVENIDA BRASIL 3616 CENTRO,261,166281,AVENIDA BRASIL 3469 CENTRO,8134,0.033285603
910,AVENIDA BRASIL 3616 CENTRO,261,67892,AVENIDA BRASIL 3096 CENTRO,4897,0.03680478
1034372,fUA CAVALO MARINHO 464 DI5TRITO íI,262,149063,RUA MOGNO 2905 VALPARAISO,3189,0.12777556
1034372,fUA CAVALO MARINHO 464 DI5TRITO íI,262,1034327,RUA CAUERES 121 JAPIIM,560,0.12969986
1034372,fUA CAVALO MARINHO 464 DI5TRITO íI,262,134802,RUA CAUCHEIRO 2848 VALPARAISO,5080,0.13042329
1034372,fUA CAVALO MARINHO 464 DI5TRITO íI,262,468110,RUA MARACATIARA 3753 SUMAUMA,8810,0.13134877
1034372,fUA CAVALO MARINHO 464 DI5TRITO íI,262,290331,RUA PANTEON 7205 TEIXEIRAO,6697,0.13326362
626681,TRAVESSA GUARANI 417 AVIARíO,263,626681,TRAVESSA GUARANI 417 AVIARIO,4537,0.017598122
626681,TRAVESSA GUARANI 417 AVIARíO,263,626583,TRAVESSA GUAPORE 58 AVIARIO,7304,0.071631014
626681,TRAVESSA GUARANI 417 AVIARíO,263,620905,TRAVESSA ACRE 195 AEROPORTO VELHO,6743,0.0793935
626681,TRAVESSA GUARANI 417 AVIARíO,263,631710,TRAVESSA SANTOS DUMOND 14 AEROPORTO VELHO,3118,0.08418779
626681,TRAVESSA GUARANI 417 AVIARíO,263,628002,TRAVESSA JOAQUIM CHAVES 2175 AVIARIO,335,0.09535814
656241,ROxIMEIRE TEXEIRA RUA M 249 âNA ALVES VIEIRA,264,656241,RUA ROSIMEIRE M TEXEIRA 249 ANA ALVES VIEIRA,6382,0.051335763
656241,ROxIMEIRE TEXEIRA RUA M 249 âNA ALVES VIEIRA,264,656263,RUA ROSIMEIRE M TEXEIRA 481 ANA ALVES VIEIRA,481,0.059609838
656241,ROxIMEIRE TEXEIRA RUA M 249 âNA ALVES VIEIRA,264,55922,RUA LOURIVAL MARTINS VIEIRA 3838 TEIXEIRAO,7923,0.070774965
656241,ROxIMEIRE TEXEIRA RUA M 249 âNA ALVES VIEIRA,264,439593,RUA CEDRO 7217 GOV JORGE TEIXEIRA,8350,0.08037023
656241,ROxIMEIRE TEXEIRA RUA M 249 âNA ALVES VIEIRA,264,641836,RUA SENA MADUREIRA 431 RODRIGUES AVES,6091,0.08535214
212945,AVENIDA IO DE JANIRO 4350 NOVA PORTO VELHO,265,212945,AVENIDA RIO DE JANEIRO 4350 NOVA PORTO VELHO,2190,0.05776704
212945,AVENIDA IO DE JANIRO 4350 NOVA PORTO VELHO,265,213575,AVENIDA RIO MADEIRA 1263 NOVA PORTO VELHO,136,0.06372364
212945,AVENIDA IO DE JANIRO 4350 NOVA PORTO VELHO,265,211663,AVENIDA RAIMUNDO CANTUARIA 3141 NOVA PORTO VELHO,6728,0.06445051
212945,AVENIDA IO DE JANIRO 4350 NOVA PORTO VELHO,265,215258,AVENIDA URUGUAI 853 NOVA PORTO VELHO,1411,0.06838993
212945,AVENIDA IO DE JANIRO 4350 NOVA PORTO VELHO,265,213857,AVENIDA RIO MADEIRA 3167 PORTO VELHO,9928,0.06904358
174216,LINH ALU 62 MACHADINHO DO OETE,266,174216,LINHA LU 2 62 MACHADINHO DO OETE,1756,0.05608936
174216,LINH ALU 62 MACHADINHO DO OETE,266,174166,LINHA LU 2 7 MACHADINHO DO OETE,7109,0.06156644
174216,LINH ALU 62 MACHADINHO DO OETE,266,174211,LINHA LU 2 52 MACHADINHO DO OETE,1166,0.06768531
174216,LINH ALU 62 MACHADINHO DO OETE,266,174172,LINHA LU 2 12 MACHADINHO DO OETE,9949,0.07272069
174216,LINH ALU 62 MACHADINHO DO OETE,266,173631,LINHA LH MP 101 20 MACHADINHO DO OETE,4714,0.07582059
34903,TRAVESSA VIOLETA 3851 SETbOR 4,267,34903,TRAVESSA VIOLETA 3851 SETOR 4,4064,0.054611146
34903,TRAVESSA VIOLETA 3851 SETbOR 4,267,627658,TRAVESSA JERUSALEM 144 AIRTON SENA,4102,0.09997694
34903,TRAVESSA VIOLETA 3851 SETbOR 4,267,466761,TRAVESSAO C 02 10 6 THEOBROMA,2668,0.10158984
34903,TRAVESSA VIOLETA 3851 SETbOR 4,267,630173,TRAVESSA PEDRO 33 TRIANGULO,5924,0.1114295
34903,TRAVESSA VIOLETA 3851 SETbOR 4,267,418154,TRAVESSAO C 18B 25 BUITIS,7220,0.112479046
1071758,RUA DEZESSEIS 345 JAIIM,268,1071758,RUA DEZESSEIS 345 JAPIIM,2304,0.010384377
1071758,RUA DEZESSEIS 345 JAIIM,268,1071722,RUA DEZESSEIS 221 JAPIIM,9506,0.03258378
1071758,RUA DEZESSEIS 345 JAIIM,268,1071530,RUA DEZESSEIS 58 JAPIIM,1480,0.03925327
1071758,RUA DEZESSEIS 345 JAIIM,268,1005591,RUA B VINTE 1568 JAPIIM,9784,0.054888353
1071758,RUA DEZESSEIS 345 JAIIM,268,978050,RUA A DEZESSEIS 1270 JAPIIM,1431,0.058753304
417732,RUAQUINZE DE N0VEMBRO 883 8 SETOdR,269,1097025,RUA F 143 PARQUE DEZ DE NOVEMBROL,9613,0.09698397
417732,RUAQUINZE DE N0VEMBRO 883 8 SETOdR,269,1088027,RUA E 4 PARQUE 10 DE NOVEMBRO,8351,0.099755034
417732,RUAQUINZE DE N0VEMBRO 883 8 SETOdR,269,178120,RUA RIACHUELO 2799 SETOR 13,7302,0.101006076
417732,RUAQUINZE DE N0VEMBRO 883 8 SETOdR,269,1072190,RUA DEZESSETE 5 PLANALTO,6923,0.10222398
417732,RUAQUINZE DE N0VEMBRO 883 8 SETOdR,269,1088781,RUA E 38 PQ DEZ DE NOVEMBRO,7790,0.102837056
1139816,tuUA K 20 ARaMANDO MENDES,270,915117,BECO CCE 91 ARMANDO MENDES,7666,0.1198553
1139816,tuUA K 20 ARaMANDO MENDES,270,909532,BECO ADEMAR 110 MAUAZINHO,3840,0.12820944
1139816,tuUA K 20 ARaMANDO MENDES,270,768499,RUA GENIPAPO 129 MAE CREUZA,4218,0.13696095
1139816,tuUA K 20 ARaMANDO MENDES,270,926136,BECO RAIMUNDO MONTEIRO 31 MAUAZINHO,4891,0.14275119
1139816,tuUA K 20 ARaMANDO MENDES,270,505850,TRAVESSA CARLOS O. DE FARIAS 1198 CRUZEIRAO,8278,0.1457836
653765,RUA FLORNETINO MORENO 646 B0M SUCESSO,271,653765,RUA FLORENTINO MORENO 646 BOM SUCESSO,9595,0.044189952
653765,RUA FLORNETINO MORENO 646 B0M SUCESSO,271,558713,RUA BOULEVARD AUGUSTO MONTEIRO 1241 TRIANGULO VELHO,5808,0.070042685
653765,RUA FLORNETINO MORENO 646 B0M SUCESSO,271,606418,RUA TIAO NATUREZA 454 CHICO MENDES,4791,0.07082003
653765,RUA FLORNETINO MORENO 646 B0M SUCESSO,271,404660,RUA ARLINDO MOREIRA 3180 ALTO PARAISO,1361,0.07084093
653765,RUA FLORNETINO MORENO 646 B0M SUCESSO,271,558656,RUA BOULEVARD AUGUSTO MONTEIRO 1019 TRIANGULO VELHO,4904,0.07151643
883751,AVENIDA MARCOS CAVALCANTE 820 DEUS DE CIDADE,272,883751,AVENIDA MARCOS CAVALCANTE 820 CIDADE DE DEUS,9724,0.03265641
883751,AVENIDA MARCOS CAVALCANTE 820 DEUS DE CIDADE,272,212209,AVENIDA RAIMUNDO CANTUARIA 7740 TANCREDO NEVES,3308,0.06941866
883751,AVENIDA MARCOS CAVALCANTE 820 DEUS DE CIDADE,272,528267,AVENIDA DIAMANTINO AUGUSTO DE MACEDO 1580 CAGEACRE,2214,0.07692895
883751,AVENIDA MARCOS CAVALCANTE 820 DEUS DE CIDADE,272,869579,AVENIDA DJALMA BATISTA 735 CHAPADA,5374,0.077420816
883751,AVENIDA MARCOS CAVALCANTE 820 DEUS DE CIDADE,272,43553,AVENIDA JACOB MOREIRA LIMA 207 SAUDE,8830,0.07964405
633515,TRAVESSA SANTA SANTA CALRA 55 GERALDO FLEMING,273,633515,TRAVESSA SANTA CLARA 55 GERALDO FLEMING,3062,0.03873508
633515,TRAVESSA SANTA SANTA CALRA 55 GERALDO FLEMING,273,621330,TRAVESSA ANA MARIA 79 DOCA FURTADO,8228,0.10229994
633515,TRAVESSA SANTA SANTA CALRA 55 GERALDO FLEMING,273,628174,TRAVESSA JOSE CARLOS 11 SANTA INES,2967,0.10616162
633515,TRAVESSA SANTA SANTA CALRA 55 GERALDO FLEMING,273,620989,TRAVESSA AIRTON SENA 84 TANCREDO NEVES,1642,0.107092924
633515,TRAVESSA SANTA SANTA CALRA 55 GERALDO FLEMING,273,625233,TRAVESSA DO CARLOS 506 SANTA MARIA,4058,0.10923738
1052581,RU ACURIO ACURIO 216 JORGEn TEIXEIRA TEIXEIRA,274,658217,TRAVESSA CICERO MORREIRA 3 JORGE ALVES JUNIOR,1545,0.122685134
1052581,RU ACURIO ACURIO 216 JORGEn TEIXEIRA TEIXEIRA,274,922209,BECO JORGE TEIXEIRA 17 ALEIXO,3982,0.12467189
1052581,RU ACURIO ACURIO 216 JORGEn TEIXEIRA TEIXEIRA,274,932543,BECO VINTE 45 JORGE TEIXEIRA,7232,0.12963855
1052581,RU ACURIO ACURIO 216 JORGEn TEIXEIRA TEIXEIRA,274,628654,TRAVESSA MADUREIRA 710 MAURI SERGIO,2703,0.13338935
1052581,RU ACURIO ACURIO 216 JORGEn TEIXEIRA TEIXEIRA,274,55922,RUA LOURIVAL MARTINS VIEIRA 3838 TEIXEIRAO,7923,0.13926104
253024,RUA ELIENE 5IQUEIA 172 ORQEU,275,578238,RUA ISAURA PARENTE 292 BOSQUE,650,0.0735465
253024,RUA ELIENE 5IQUEIA 172 ORQEU,275,599122,RUA RIACHUELO 367 BOSQUE,1242,0.0770217
253024,RUA ELIENE 5IQUEIA 172 ORQEU,275,578213,RUA ISAURA PARENTE 136 BOSQUE,1323,0.07768436
253024,RUA ELIENE 5IQUEIA 172 ORQEU,275,312552,RUA TUCUNARE 24 LAGOA,5171,0.08032169
253024,RUA ELIENE 5IQUEIA 172 ORQEU,275,559521,RUA CAMBURIU 65 BOSQUE,4466,0.0827731
968844,RUà 7 1 CONJUNTOw AMAZONINO MENDES,276,968358,RUA 40 C 18 AMAZONINO MENDES I,6742,0.098319925
968844,RUà 7 1 CONJUNTOw AMAZONINO MENDES,276,968844,RUA 43 7 CONJUNTO AMAZONINO MENDES 1,3812,0.09860232
968844,RUà 7 1 CONJUNTOw AMAZONINO MENDES,276,968348,RUA 40 C 10 AMAZONINO MENDES I,6007,0.10042185
968844,RUà 7 1 CONJUNTOw AMAZONINO MENDES,276,964385,RUA 27 2 AMAZONINO MENDES I,3451,0.107472315
968844,RUà 7 1 CONJUNTOw AMAZONINO MENDES,276,1045408,RUA CIRCULAR II 209 AMAZONINO MENDES,1994,0.109864354
44078,MALAQUuTA AVENIDA 2728 NOVOH ORIZONTE,277,205807,AVENIDA CALAMA 7444 TEIXEIRAO,6288,0.075485796
44078,MALAQUuTA AVENIDA 2728 NOVOH ORIZONTE,277,290331,RUA PANTEON 7205 TEIXEIRAO,6697,0.079085976
44078,MALAQUuTA AVENIDA 2728 NOVOH ORIZONTE,277,210271,AVENIDA MAMORE 5162 TEIXEIRAO,8807,0.085340574
44078,MALAQUuTA AVENIDA 2728 NOVOH ORIZONTE,277,1151729,RUA MAGUARIBE 2 NOVO ALEIXO,7981,0.08739008
44078,MALAQUuTA AVENIDA 2728 NOVOH ORIZONTE,277,1151842,RUA MAGUARIBE 302 NOVO ALEIXO,7661,0.08860808
634953,VA VERDEo 1585 VIA VERDE,278,634953,VIA VERDE 1585 VIA VERDE,7748,0.05429078
634953,VA VERDEo 1585 VIA VERDE,278,634965,VIA VERDE 1877 VIA VERDE,4853,0.07383823
634953,VA VERDEo 1585 VIA VERDE,278,634966,VIA VERDE 1897 VIA VERDE,1477,0.07437208
634953,VA VERDEo 1585 VIA VERDE,278,634940,VIA VERDE 1345 VIA VERDE,5635,0.09262821
634953,VA VERDEo 1585 VIA VERDE,278,621167,TRAVESSA ALTO VERDE 54 ELDORADO,7730,0.13308267
323722,RUA SANTO DUMONT DUMONT 53 ACLAMA,279,323722,RUA SANTO DUMONT 53 CALAMA,959,0.05209202
323722,RUA SANTO DUMONT DUMONT 53 ACLAMA,279,60189,RUA SANTOS DUMONT 2787 NOVO CACOAL,3279,0.07899704
323722,RUA SANTO DUMONT DUMONT 53 ACLAMA,279,656304,RUA SANTOS DUMONT 9 CSU,2698,0.089535706
323722,RUA SANTO DUMONT DUMONT 53 ACLAMA,279,808162,RUA SANTA ETELVINA 3596 MAMOUD AMED,7749,0.093993284
323722,RUA SANTO DUMONT DUMONT 53 ACLAMA,279,749863,RUA SANTOS DUMONT 554 ITAMARATI,1415,0.094854794
1130448,RUA JESUS DA LIBERTACAO 66 PARQUEj SAO PEDR,280,1130448,RUA JESUS DA LIBERTACAO 66 PARQUE SAO PEDRO,4041,0.022243595
1130448,RUA JESUS DA LIBERTACAO 66 PARQUEj SAO PEDR,280,1132362,RUA JOAO PESSOA 170 SAO LAZARO,4905,0.073379606
1130448,RUA JESUS DA LIBERTACAO 66 PARQUEj SAO PEDR,280,513609,RUA SAO JOAO DELREY 135 LIBERDADE,9467,0.07735224
1130448,RUA JESUS DA LIBERTACAO 66 PARQUEj SAO PEDR,280,141934,RUA GRECIA 1056 JARDIM SAO CRISTOVAO,5120,0.082142286
1130448,RUA JESUS DA LIBERTACAO 66 PARQUEj SAO PEDR,280,1066065,RUA DAS PALMEIRAS 61 SAO JOSE OPERARIIO,7622,0.08438176
196991,AVENIhDA PRESIDENTE MEDICI 173 ALVORfAA,281,722079,RIO AUTAZ ACU 476 LIMAO,7705,0.21505475
196991,AVENIhDA PRESIDENTE MEDICI 173 ALVORfAA,281,694171,RIO RIO AUTAZ ACU 6 CURRUSA,7930,0.21532711
196991,AVENIhDA PRESIDENTE MEDICI 173 ALVORfAA,281,747651,RUA LEONCIO SALINGNAC 199 TAUA MIRIM,724,0.2171275
196991,AVENIhDA PRESIDENTE MEDICI 173 ALVORfAA,281,628557,TRAVESSA LUA NOVA 46 BOSQUE,280,0.23088823
196991,AVENIhDA PRESIDENTE MEDICI 173 ALVORfAA,281,629634,TRAVESSA NETO 98 SANTA INES,6946,0.23486406
585862,RUA MANCI0LIMA 28 BAIvRRO DA AZ,282,806435,RUA UIRAPURU 129 DA PAZ,9465,0.10548837
585862,RUA MANCI0LIMA 28 BAIvRRO DA AZ,282,60887,RUA UIRAPURU 2999 TEIXEIRAO,5284,0.10632388
585862,RUA MANCI0LIMA 28 BAIvRRO DA AZ,282,235826,RUA BIDU SAIAO 6439 APONIA,3980,0.10754753
585862,RUA MANCI0LIMA 28 BAIvRRO DA AZ,282,235926,RUA BIDU SAIAO 7069 APONIA,5879,0.108834654
585862,RUA MANCI0LIMA 28 BAIvRRO DA AZ,282,590484,RUA N DOIS 23 TUCUMA II,8320,0.11414367
1085753,RUA DpZE 19 LIRIO DO VALE,283,1085753,RUA DOZE 19 LIRIO DO VALE,3266,0.044732533
1085753,RUA DpZE 19 LIRIO DO VALE,283,1085872,RUA DOZE 31 LIRIO DO VALE,2826,0.054910272
1085753,RUA DpZE 19 LIRIO DO VALE,283,1072983,RUA DEZOITO 24 LIRIO DO VALE,857,0.055859074
1085753,RUA DpZE 19 LIRIO DO VALE,283,1070826,RUA DEZENOVE 49 LIRIO DO VALE,2651,0.060955137
1085753,RUA DpZE 19 LIRIO DO VALE,283,1070934,RUA DEZENOVE 98 LIRIO DO VALE,3176,0.06411977
952945,RUA 15 25 NOVO,284,952945,RUA 15 25 NOVO ALEIXO,8024,0.052024715
952945,RUA 15 25 NOVO,284,949347,RUA 11 25 ALVORADA,1173,0.075881906
952945,RUA 15 25 NOVO,284,966792,RUA 35 16 NOVO ALEIXO,5560,0.07607998
952945,RUA 15 25 NOVO,284,952910,RUA 15 20 PARQUE 10,4180,0.0768074
952945,RUA 15 25 NOVO,284,976989,RUA A 40 COMPENSA,5964,0.07747069
971664,RUAv 57 35 NOVO ALEIXO,285,971664,RUA 57 35 NOVO ALEIXO,6497,0.012480791
971664,RUAv 57 35 NOVO ALEIXO,285,966792,RUA 35 16 NOVO ALEIXO,5560,0.023262281
971664,RUAv 57 35 NOVO ALEIXO,285,972942,RUA 67 19 NOVO ALEIXO,6873,0.026012994
971664,RUAv 57 35 NOVO ALEIXO,285,955804,RUA 176 43 NOVO ALEIXO,4112,0.02808191
971664,RUAv 57 35 NOVO ALEIXO,285,957765,RUA 196 104 NOVO ALEIXO,1804,0.03246212
107352,TIRADENTES AVENIDA 1959 SwTRO 01,286,107352,AVENIDA TIRADENTES 1959 SETOR 01,1768,0.070532136
107352,TIRADENTES AVENIDA 1959 SwTRO 01,286,107283,AVENIDA TIRADENTES 1098 SETOR 2,9562,0.0849798
107352,TIRADENTES AVENIDA 1959 SwTRO 01,286,107269,AVENIDA TIRADENTES 1083 SETOR 2,4909,0.08650756
107352,TIRADENTES AVENIDA 1959 SwTRO 01,286,107497,AVENIDA TIRADENTES 3086 SETOR 05,2444,0.08702026
107352,TIRADENTES AVENIDA 1959 SwTRO 01,286,855274,AVENIDA ATROARIS 55 CIDADE NOVA,407,0.09466717
1095989,RUA EZEQUIEL 71 NOVO ISRAtEL,287,1095989,RUA EZEQUIEL 71 NOVO ISRAEL,1490,0.03563965
1095989,RUA EZEQUIEL 71 NOVO ISRAtEL,287,1096032,RUA EZEQUIEL 90 NOVO ISRAEL,8704,0.043017138
1095989,RUA EZEQUIEL 71 NOVO ISRAtEL,287,1096099,RUA EZEQUIEL 447 NOVO ISRAEL,1603,0.05032509
1095989,RUA EZEQUIEL 71 NOVO ISRAtEL,287,1095896,RUA EZEQUIEL 18 NOVO ISRAEL,3660,0.051872693
1095989,RUA EZEQUIEL 71 NOVO ISRAtEL,287,1151791,RUA MAGUARIBE 92 NOVO ALEIXO,4031,0.07125972
11682,RUA ALAGOAS 4061 SEuTOR 05,288,11682,RUA ALAGOAS 4061 SETOR 05,6976,0.06404213
11682,RUA ALAGOAS 4061 SEuTOR 05,288,436348,RUA TUCANO 2481 SETOR 05,6142,0.08220391
11682,RUA ALAGOAS 4061 SEuTOR 05,288,436118,RUA TANGARA 1465 SETOR 02,893,0.08277294
11682,RUA ALAGOAS 4061 SEuTOR 05,288,591271,RUA NETUNO 278 MORADADO SOL,4532,0.08555937
11682,RUA ALAGOAS 4061 SEuTOR 05,288,591274,RUA NETUNO 279 MORADADO SOL,8375,0.0858617
835493,RUA ELADIO ALBUQUERQUE 951 NOVA MANACA,289,835493,RUA ELADIO ALBUQUERQUE 951 NOVA MANACA,4405,8.542684e-06
835493,RUA ELADIO ALBUQUERQUE 951 NOVA MANACA,289,841661,RUA ZORAIDA ALEXANDRE 890 NOVA MANACA,4461,0.058478028
835493,RUA ELADIO ALBUQUERQUE 951 NOVA MANACA,289,761999,RUA JULIETA ALBUQUERQUE 509 SANTO ANTONIO,3502,0.06352998
835493,RUA ELADIO ALBUQUERQUE 951 NOVA MANACA,289,834589,RUA CLAUDIONOR VASCONCELOS 482 NOVO MANACA,5422,0.068051904
835493,RUA ELADIO ALBUQUERQUE 951 NOVA MANACA,289,838307,RUA MARIO DE ALMEIDA 741 NOVA MANACA,2508,0.06819348
969420,RUã 44 C 70 NOVO ALEIXO,290,611132,RUA X 845 NOVO CALAFATE,6984,0.12669562
969420,RUã 44 C 70 NOVO ALEIXO,290,946338,RUA 06 18 NOVO ALEIXO,8553,0.12795356
969420,RUã 44 C 70 NOVO ALEIXO,290,813860,RUA PARA 366 NOVO REMANSO,3240,0.13117988
969420,RUã 44 C 70 NOVO ALEIXO,290,957765,RUA 196 104 NOVO ALEIXO,1804,0.13434452
969420,RUã 44 C 70 NOVO ALEIXO,290,945130,RUA 01 229 NOVO ALEIXO,7478,0.1376788
746202,RUA FRANCISCO SILVA 107 SANTAH ELENA,291,746202,RUA FRANCISCO SILVA 107 SANTA HELENA,195,0.021266218
746202,RUA FRANCISCO SILVA 107 SANTAH ELENA,291,1105162,RUA GEISILENE FERREIRA 20 SANTA ETELVINA,8121,0.046879653
746202,RUA FRANCISCO SILVA 107 SANTAH ELENA,291,1121000,RUA ISAIAS FILHO 14 SANTA ETELVINA,2353,0.048569087
746202,RUA FRANCISCO SILVA 107 SANTAH ELENA,291,981375,RUA ADAILSON LOPES 129 SANTA ETELVINA,5334,0.05329945
746202,RUA FRANCISCO SILVA 107 SANTAH ELENA,291,735377,RUA SANTA HELENA 70 SEBASTIAO BORGES,7920,0.056297127
751447,RUwA oADRE VICTOR 536 fSPIRITOSANTO,292,532024,TRAVESSA SEBASTIAO PEIXOTO 398 SERRARIA,2234,0.16208532
751447,RUwA oADRE VICTOR 536 fSPIRITOSANTO,292,722079,RIO AUTAZ ACU 476 LIMAO,7705,0.16388856
751447,RUwA oADRE VICTOR 536 fSPIRITOSANTO,292,922548,BECO LADISLAU 18 REDENCAO,6034,0.16483907
751447,RUwA oADRE VICTOR 536 fSPIRITOSANTO,292,627658,TRAVESSA JERUSALEM 144 AIRTON SENA,4102,0.1691328
751447,RUwA oADRE VICTOR 536 fSPIRITOSANTO,292,924790,BECO OLARIA 235 PRESIDENTE VARGAS,3143,0.16946486
709798,AGLOMERADO DO PERPETUO SOCORO DO BACBAL 1100 COMUNIDADE PERPETUO SOCORRO DO BACABAL,293,709798,AGLOMERADO DO PERPETUO SOCORRO DO BACABAL 1100 COMUNIDADE PERPETUO SOCORRO DO BACABAL,9444,0.016372617
709798,AGLOMERADO DO PERPETUO SOCORO DO BACBAL 1100 COMUNIDADE PERPETUO SOCORRO DO BACABAL,293,754343,RAMAL DO CORUJA 9 ESTRADA DO AEROPORTO,2077,0.14653116
709798,AGLOMERADO DO PERPETUO SOCORO DO BACBAL 1100 COMUNIDADE PERPETUO SOCORRO DO BACABAL,293,737124,RAMAL CABECEIRA DO PURUPURU 10220 RAMAL DA CABECEIRA DO PURUPURU,1907,0.14790538
709798,AGLOMERADO DO PERPETUO SOCORO DO BACBAL 1100 COMUNIDADE PERPETUO SOCORRO DO BACABAL,293,78628,LINHA 02 RO 485 RUMO ESCONDIDO 2 TERRA RICA RUMO ESCONDIDO,1148,0.15424082
709798,AGLOMERADO DO PERPETUO SOCORO DO BACBAL 1100 COMUNIDADE PERPETUO SOCORRO DO BACABAL,293,386553,TRAVESSA 308 7318 PARQUE INDUSTRIAL TRANCREDO NEVES,3653,0.15433301
994860,RUA ANTONIO MATIS 21 SAO JOSE OPERARíO OPERARIO,294,994860,RUA ANTONIO MATIAS 21 SAO JOSE OPERARIO,3748,0.031914487
994860,RUA ANTONIO MATIS 21 SAO JOSE OPERARíO OPERARIO,294,1032661,RUA CASTANHO 6 SAO JOSE OPERARIO,6673,0.057409633
994860,RUA ANTONIO MATIS 21 SAO JOSE OPERARíO OPERARIO,294,1025519,RUA CACAU PEREIRA 252 SAO JOSE OPERARIO,8310,0.059164666
994860,RUA ANTONIO MATIS 21 SAO JOSE OPERARíO OPERARIO,294,963362,RUA 25 34 SAO JOSE OPERARIO,4637,0.059498746
994860,RUA ANTONIO MATIS 21 SAO JOSE OPERARíO OPERARIO,294,1032743,RUA CASTANHO 28 SAO JOSE OPERARIO,5726,0.0601335
975227,RUA 3 8 NOO ALEIXO,295,975227,RUA 83 8 NOVO ALEIXO,1959,0.033923253
975227,RUA 3 8 NOO ALEIXO,295,973551,RUA 7 89 ALEIXO,909,0.039158616
975227,RUA 3 8 NOO ALEIXO,295,945130,RUA 01 229 NOVO ALEIXO,7478,0.05124325
975227,RUA 3 8 NOO ALEIXO,295,966143,RUA 31 22 NOVO ALEIXO,6702,0.05268732
975227,RUA 3 8 NOO ALEIXO,295,957765,RUA 196 104 NOVO ALEIXO,1804,0.05958815
609461,RAUV INTE DE NOVEMBRO 712 UNIAO BiA,296,932346,BECO VIANA 391 REDENCAO,6537,0.13624254
609461,RAUV INTE DE NOVEMBRO 712 UNIAO BiA,296,216648,BECO DA UNIAO 698 B FLORESTA,1230,0.1388053
609461,RAUV INTE DE NOVEMBRO 712 UNIAO BiA,296,216801,BECO DO MACIEL 937 BAIXA UNIAO,2665,0.1482456
609461,RAUV INTE DE NOVEMBRO 712 UNIAO BiA,296,931528,BECO TODOS OS SANTOS 515 REDENCAO,718,0.1583106
609461,RAUV INTE DE NOVEMBRO 712 UNIAO BiA,296,925421,BECO PENETRACAO IV 132 NOVO ALEIXO,5201,0.15986806
503536,RUA iRGOS BARROS 1411 25 DE AGOSTO,297,503536,RUA REGOS BARROS 1411 25 DE AGOSTO,9328,0.020254212
503536,RUA iRGOS BARROS 1411 25 DE AGOSTO,297,503557,RUA REGOS BARROS 1850 AV 25 DE AGOSTO,9745,0.083828524
503536,RUA iRGOS BARROS 1411 25 DE AGOSTO,297,498556,RUA DE SERGIPE 460 25 DE AGOSTO,3117,0.08661209
503536,RUA iRGOS BARROS 1411 25 DE AGOSTO,297,141398,RUA GIRASSOL 130 DOIS DE ABRIL,4170,0.09579459
503536,RUA iRGOS BARROS 1411 25 DE AGOSTO,297,141400,RUA GIRASSOL 146 DOIS DE ABRIL,5597,0.09600401
606979,RUA TREZE DE MAIO 23 BOA UNIwO,298,606979,RUA TREZE DE MAIO 23 BOA UNIAO,7690,0.03729999
606979,RUA TREZE DE MAIO 23 BOA UNIwO,298,596073,RUA PRIMEIRO DE ABRIL 168 BOA UNIAO,9682,0.06425318
606979,RUA TREZE DE MAIO 23 BOA UNIwO,298,607098,RUA TREZE DE MAIO 1270 BOA UNIAO,8092,0.07389709
606979,RUA TREZE DE MAIO 23 BOA UNIwO,298,609474,RUA VINTE DE SETEMBRO 433 BOA UNIAO,3437,0.074102715
606979,RUA TREZE DE MAIO 23 BOA UNIwO,298,1131969,RUA JOAO LIBERAL 95 CIDADE NOVA,5617,0.08451569
455142,RUA PINCESA IZAEL 770 NOVA ESPéRANAC,299,455142,RUA PRINCESA IZABEL 770 NOVA ESPERANCA,7553,0.07350151
455142,RUA PINCESA IZAEL 770 NOVA ESPéRANAC,299,1147107,RUA LOPES CORDOVIL 39 NOVA ESPERANCA,1376,0.07708419
455142,RUA PINCESA IZAEL 770 NOVA ESPéRANAC,299,1104353,RUA GALILEIA 32 NOVO ISRAEL,1336,0.0853266
455142,RUA PINCESA IZAEL 770 NOVA ESPéRANAC,299,319673,RUA DONA LEOPOLDINA 4592 NOVA ESPERANCA,963,0.085840546
455142,RUA PINCESA IZAEL 770 NOVA ESPéRANAC,299,1047042,RUA CONDE DE SERGUIMIRIM 14 CIDADE NOVA,2690,0.09041174
1143299,RUA LEONARDO MALCHER 101 NOSSA SENHOA APARECIDA,300,1143299,RUA LEONARDO MALCHER 101 NOSSA SENHORA APARECIDA,9754,0.023126777
1143299,RUA LEONARDO MALCHER 101 NOSSA SENHOA APARECIDA,300,1143359,RUA LEONARDO MALCHER 201 NOSSA SENHORA APARECIDA,4882,0.02594604
1143299,RUA LEONARDO MALCHER 101 NOSSA SENHOA APARECIDA,300,1143346,RUA LEONARDO MALCHER 146 NOSSA SENHORA APARECIDA,132,0.032834854
1143299,RUA LEONARDO MALCHER 101 NOSSA SENHOA APARECIDA,300,1143422,RUA LEONARDO MALCHER 324 NOSSA SENHORA APARECIDA,473,0.041732263
1143299,RUA LEONARDO MALCHER 101 NOSSA SENHOA APARECIDA,300,1143418,RUA LEONARDO MALCHER 318 NOSSA SENHORA APARECIDA,7415,0.042218972
606555,RUA TIRADENTES 339 BAyIROR 15,301,606555,RUA TIRADENTES 339 BAIRRO 15,2283,0.054494895
606555,RUA TIRADENTES 339 BAyIROR 15,301,606590,RUA TIRADENTES 503 BAIRRO 15,3716,0.057553448
606555,RUA TIRADENTES 339 BAyIROR 15,301,432105,RUA TIRADENTES 1147 CENTRO,1520,0.07252652
606555,RUA TIRADENTES 339 BAyIROR 15,301,1123352,RUA ITUIUTABA 837 ALVORADA,5921,0.07890011
606555,RUA TIRADENTES 339 BAyIROR 15,301,225501,RUA AMARELO MANGA 8069 TIRADENTES,3401,0.083822735
1057594,RUA DA LIBERTACAO 38 COLONIA TERRA TERRA NOVw,302,1057594,RUA DA LIBERTACAO 38 COLONIA TERRA NOVA,5016,0.03073379
1057594,RUA DA LIBERTACAO 38 COLONIA TERRA TERRA NOVw,302,1057600,RUA DA LIBERTACAO 115 COLONIA TERRA NOVA,2847,0.04213682
1057594,RUA DA LIBERTACAO 38 COLONIA TERRA TERRA NOVw,302,1057272,RUA DA ILUSAO 35 COLONIA TERRA NOVA,2592,0.059351724
1057594,RUA DA LIBERTACAO 38 COLONIA TERRA TERRA NOVw,302,1057229,RUA DA ILUSAO 14 COLONIA TERRA NOVA,7096,0.05965034
1057594,RUA DA LIBERTACAO 38 COLONIA TERRA TERRA NOVw,302,137198,RUA DA PROCLAMACAO 708 PRIMAVERA,5966,0.10022897
864591,AVENIDA CONSTANTINO NERY 138 CENTRO,303,864591,AVENIDA CONSTANTINO NERY 138 CENTRO,4219,7.4127784e-06
864591,AVENIDA CONSTANTINO NERY 138 CENTRO,303,864570,AVENIDA CONSTANTINO NERY 110 CENTRO,2358,0.015323786
864591,AVENIDA CONSTANTINO NERY 138 CENTRO,303,864623,AVENIDA CONSTANTINO NERY 199 CENTRO,2120,0.016896809
864591,AVENIDA CONSTANTINO NERY 138 CENTRO,303,864563,AVENIDA CONSTANTINO NERY 68 CENTRO,8920,0.02088139
864591,AVENIDA CONSTANTINO NERY 138 CENTRO,303,864629,AVENIDA CONSTANTINO NERY 211 CENTRO,2376,0.03025189
156875,RUA VENCESLAU BRAS BRAS BRAS 1115 SAOo PEDRO,304,156875,RUA VENCESLAU BRAS 1115 SAO PEDRO,3736,0.048336774
156875,RUA VENCESLAU BRAS BRAS BRAS 1115 SAOo PEDRO,304,156866,RUA VENCESLAU BRAS 1008 SAO PEDRO,5213,0.057912003
156875,RUA VENCESLAU BRAS BRAS BRAS 1115 SAOo PEDRO,304,156881,RUA VENCESLAU BRAS 1483 SAO PEDRO,6971,0.058283024
156875,RUA VENCESLAU BRAS BRAS BRAS 1115 SAOo PEDRO,304,1052061,RUA CURIAU ANTIGA RUA RIO BRANCO 120 SAO JOSE OPERARIO,5802,0.117235705
156875,RUA VENCESLAU BRAS BRAS BRAS 1115 SAOo PEDRO,304,297625,RUA QUINTINO BOCAIUVA 2899 SAO CRISTOVAO,3734,0.11858963
819622,RUA BELO FERREIRA 359 CENTRO,305,819622,RUA BELO FERREIRA 359 CENTRO,1384,2.3347675e-05
819622,RUA BELO FERREIRA 359 CENTRO,305,819695,RUA BELO FERREIRA 840 CENTRO,8589,0.01619759
819622,RUA BELO FERREIRA 359 CENTRO,305,281118,RUA MANOEL FERREIRA 257 CENTRO,7271,0.048315145
819622,RUA BELO FERREIRA 359 CENTRO,305,463528,RUA LUIZ BORGES 1179 CENTRO,2925,0.055421706
819622,RUA BELO FERREIRA 359 CENTRO,305,668039,RUA GUILHERME FERREIRA 99 CENTRO,9374,0.05874508
140076,RUA EDUARDO DA SILVA 1973 UNIAO2 ,306,142624,RUA IDELFONSO DA SILVA 2018 NOVA BRASILIA,3958,0.05547905
140076,RUA EDUARDO DA SILVA 1973 UNIAO2 ,306,140076,RUA EDUARDO BARROSO DA SILVA 1973 UNIAO 2,3424,0.05722636
140076,RUA EDUARDO DA SILVA 1973 UNIAO2 ,306,667895,RUA EVARISTO S. DA SILVA 144 MULTIRAO,4300,0.06000696
140076,RUA EDUARDO DA SILVA 1973 UNIAO2 ,306,530883,RUA MOACIR DE P. E SOUZA 180 MULTIRAO III,3540,0.06955941
140076,RUA EDUARDO DA SILVA 1973 UNIAO2 ,306,530874,RUA MOACIR DE P. E SOUZA 130 MULTIRAO III,9988,0.0720897
301616,RUA ROSALINA GOMES 10381 MARIANA,307,301616,RUA ROSALINA GOMES 10381 MARIANA,9147,5.316723e-06
301616,RUA ROSALINA GOMES 10381 MARIANA,307,301612,RUA ROSALINA GOMES 10211 MARIANA,1085,0.0075028045
301616,RUA ROSALINA GOMES 10381 MARIANA,307,301584,RUA ROSALINA GOMES 9691 MARIANA,2970,0.022574086
301616,RUA ROSALINA GOMES 10381 MARIANA,307,301467,RUA ROSALINA GOMES 2000 MARIANA,3669,0.038121663
301616,RUA ROSALINA GOMES 10381 MARIANA,307,835072,RUA DANIEL SIMOES 3195 APARECIDA,7773,0.066545546
1038116,RUA fCHICO MENEDS 196 COLONIA TmERRA NOVAx,308,1152859,RUA MANANCIAL 166 COLONIA TERRA NOVA,1150,0.05795575
1038116,RUA fCHICO MENEDS 196 COLONIA TmERRA NOVAx,308,1147107,RUA LOPES CORDOVIL 39 NOVA ESPERANCA,1376,0.06724551
1038116,RUA fCHICO MENEDS 196 COLONIA TmERRA NOVAx,308,1032476,RUA CASSITERITA 119 TANCREDO NEVES,5339,0.06810701
1038116,RUA fCHICO MENEDS 196 COLONIA TmERRA NOVAx,308,606418,RUA TIAO NATUREZA 454 CHICO MENDES,4791,0.07036838
1038116,RUA fCHICO MENEDS 196 COLONIA TmERRA NOVAx,308,1130507,RUA JESUS DE NAZARE 138 COLONIA TERRA NOVA,8302,0.074191704
880366,AVENIDA JERUZALEM 168 xOLONIA TEhRRA NOVA,309,537902,AVENIDA EPAMINONDAS JACOME 548 CADEIA VELHA,5205,0.092259005
880366,AVENIDA JERUZALEM 168 xOLONIA TEhRRA NOVA,309,538106,AVENIDA EPAMINONDAS JACOME 1538 CADEIA VELHA,5216,0.095072635
880366,AVENIDA JERUZALEM 168 xOLONIA TEhRRA NOVA,309,205807,AVENIDA CALAMA 7444 TEIXEIRAO,6288,0.096529365
880366,AVENIDA JERUZALEM 168 xOLONIA TEhRRA NOVA,309,888523,AVENIDA PENETRACAO UM 1311 JAPIIM,1022,0.10036515
880366,AVENIDA JERUZALEM 168 xOLONIA TEhRRA NOVA,309,210271,AVENIDA MAMORE 5162 TEIXEIRAO,8807,0.10165033
329459,RUA 32 D0 01 A0 11 P2 33 DO 22 12 2 NpVA MUUN,310,329459,RUA 32 D0 01 A0 11 P2 33 DO 22 12 2 NOVA MUTUN,6278,0.04685248
329459,RUA 32 D0 01 A0 11 P2 33 DO 22 12 2 NpVA MUUN,310,329469,RUA 32 D0 01 A0 11 P2 33 DO 22 12 12 NOVA MUTUN,4737,0.054956816
329459,RUA 32 D0 01 A0 11 P2 33 DO 22 12 2 NpVA MUUN,310,329731,RUA 41 B 8 N0VA MUTUM,8357,0.13191167
329459,RUA 32 D0 01 A0 11 P2 33 DO 22 12 2 NpVA MUUN,310,1053711,RUA D 1 TARUMA ACU,6023,0.16333869
329459,RUA 32 D0 01 A0 11 P2 33 DO 22 12 2 NpVA MUUN,310,590484,RUA N DOIS 23 TUCUMA II,8320,0.18164521
805975,RUA RORAIMA 220 SAO FRANCISCO,311,805975,RUA RORAIMA 220 SAO FRANCISCO,6959,9.650572e-06
805975,RUA RORAIMA 220 SAO FRANCISCO,311,805906,RUA RONDONIA 219 SAO FRANCISCO,8088,0.024963181
805975,RUA RORAIMA 220 SAO FRANCISCO,311,840641,RUA TAPAJOS 749 SAO FRANCISCO,8270,0.040113557
805975,RUA RORAIMA 220 SAO FRANCISCO,311,696108,RUA AMIZADE 208 SAO FRANCISCO,9476,0.041642856
805975,RUA RORAIMA 220 SAO FRANCISCO,311,805133,RUA PRIMAVERA 3468 SAO FRANCISCO,2366,0.04398799
223386,RUA ALEXANDRE GUIMARAES 4130 NOVA PORTOV ELHO,312,223386,RUA ALEXANDRE GUIMARAES 4130 NOVA PORTO VELHO,3095,0.037289508
223386,RUA ALEXANDRE GUIMARAES 4130 NOVA PORTOV ELHO,312,56148,RUA LUIZ FERNANDES ALEXANDRE 3792 VILLAGE DO SOL II,2743,0.06196802
223386,RUA ALEXANDRE GUIMARAES 4130 NOVA PORTOV ELHO,312,297640,RUA QUINTINO BOCAIUVA 3196 PORTO VELHO,8153,0.06289179
223386,RUA ALEXANDRE GUIMARAES 4130 NOVA PORTOV ELHO,312,151429,RUA RAIMUNDO GOMES ALVARENGA 2618 NOVO JIPARANA,3701,0.06361459
223386,RUA ALEXANDRE GUIMARAES 4130 NOVA PORTOV ELHO,312,286061,RUA MONTEIRO LOBATO 5713 ELDORADO,5026,0.06568244
68654,qVENIDA AO PAULO 456 CENjRO,313,500051,RUA DO PARA 2063 CRUZEIRAO,3460,0.15206248
68654,qVENIDA AO PAULO 456 CENjRO,313,978106,RUA A DEZESSETE 1291 JAPIIM,2043,0.15237457
68654,qVENIDA AO PAULO 456 CENjRO,313,290240,RUA PANTEON 6538 IGARAPE,746,0.154748
68654,qVENIDA AO PAULO 456 CENjRO,313,500117,RUA DO PARA 6710 COBAL,571,0.15515953
68654,qVENIDA AO PAULO 456 CENjRO,313,1054983,RUA D 105 COROADO,4396,0.15523463
1132877,RUA JOAO WALTER 46 COMPENSA,314,1132877,RUA JOAO WALTER 46 COMPENSA,446,6.2505724e-06
1132877,RUA JOAO WALTER 46 COMPENSA,314,1132875,RUA JOAO WALTER 44 COROADO,655,0.024975248
1132877,RUA JOAO WALTER 46 COMPENSA,314,1132021,RUA JOAO MEIRELES 8 COROADO,5066,0.05318903
1132877,RUA JOAO WALTER 46 COMPENSA,314,980052,RUA ABRAAO CARDOSO 75 COMPENSA,5067,0.060956318
1132877,RUA JOAO WALTER 46 COMPENSA,314,980007,RUA ABRAAO CARDOSO 24 COMPENSA,3483,0.061711583
891763,AVENIDA RI BRANCO 493 $AO RAuMUNDO,315,867920,AVENIDA CRISTO REI 49 COROADO III,5691,0.089204624
891763,AVENIDA RI BRANCO 493 $AO RAuMUNDO,315,899284,AVENIDA UIRAPURU 32 COROADO,3930,0.08981984
891763,AVENIDA RI BRANCO 493 $AO RAuMUNDO,315,976358,RUA A 7 COROADO,9790,0.09290512
891763,AVENIDA RI BRANCO 493 $AO RAuMUNDO,315,868065,AVENIDA CRISTO REI 167 COROADO III,2908,0.09448822
891763,AVENIDA RI BRANCO 493 $AO RAuMUNDO,315,891322,AVENIDA RIACHO FUNDO 10 TARUMA ACU,6429,0.099011526
286791,RUA NEúSA 7306 IGARPE,316,286791,RUA NEUSA 7306 IGARAPE,3654,0.052747503
286791,RUA NEúSA 7306 IGARPE,316,286718,RUA NEUSA 6373 IGARAPE,5306,0.061308272
286791,RUA NEúSA 7306 IGARPE,316,143292,RUA IPE 3826 VALPARAISO,2840,0.0719395
286791,RUA NEúSA 7306 IGARPE,316,286811,RUA NEUSA 7436 IGARAPE,8043,0.0719502
286791,RUA NEúSA 7306 IGARPE,316,286678,RUA NEUSA 5977 IGARAPE,4948,0.07384477
218526,ESTRADA DO BELMONT 2609 NyACwIONAL,317,218526,ESTRADA DO BELMONT 2609 NACIONAL,4776,0.054085158
218526,ESTRADA DO BELMONT 2609 NyACwIONAL,317,218491,ESTRADA DO BELMONT 2086 NACIONAL,5625,0.061061367
218526,ESTRADA DO BELMONT 2609 NyACwIONAL,317,218501,ESTRADA DO BELMONT 2358 NACIONAL,4548,0.07108985
218526,ESTRADA DO BELMONT 2609 NyACwIONAL,317,218366,ESTRADA DO BELMONT 1999 NACIONAL,8366,0.089827396
218526,ESTRADA DO BELMONT 2609 NyACwIONAL,317,218808,ESTRADA DO CANIL 7494 NACIONAL,7604,0.1036108
884904,AVNEIDA MAX gEIXEIRA 144 FLORES,318,884904,AVENIDA MAX TEIXEIRA 144 FLORES,2371,0.08629978
884904,AVNEIDA MAX gEIXEIRA 144 FLORES,318,920140,BECO FLORES 15 ALVORADA,8293,0.10539384
884904,AVNEIDA MAX gEIXEIRA 144 FLORES,318,920139,BECO FLORES 15 ALVORADA,6439,0.10617099
884904,AVNEIDA MAX gEIXEIRA 144 FLORES,318,910349,BECO ANA NOGUEIRA 25 EDUCANDOS,2078,0.12256564
884904,AVNEIDA MAX gEIXEIRA 144 FLORES,318,586910,RUA MARFIM 81 PLACAS/XAVIER MAIA,7371,0.13386182
491932,AkVENIDA AFONSO ENA 640 JOAO ALVES,319,491932,AVENIDA AFONSO PENA 640 JOAO ALVES,6029,0.056382816
491932,AkVENIDA AFONSO ENA 640 JOAO ALVES,319,491966,AVENIDA AFONSO PENA 1131 JOAO ALVES,8986,0.06785352
491932,AkVENIDA AFONSO ENA 640 JOAO ALVES,319,501003,RUA FELIX GASPAR 1590 JOAO ALVES,983,0.07802378
491932,AkVENIDA AFONSO ENA 640 JOAO ALVES,319,496215,RUA ALFREDO TELES 192 JOAO ALVES,8572,0.07886058
491932,AkVENIDA AFONSO ENA 640 JOAO ALVES,319,499251,RUA DO BREU 325 JOAO ALVES,2327,0.08169291
986343,RUA ALFREDO MOREIR 44 SANTO zrANTONIO,320,986343,RUA ALFREDO MOREIRA 44 SANTO ANTONIO,6772,0.06586525
986343,RUA ALFREDO MOREIR 44 SANTO zrANTONIO,320,999754,RUA ARTUR REIS 366 SANTO ANTONIO,882,0.070511624
986343,RUA ALFREDO MOREIR 44 SANTO zrANTONIO,320,1134991,RUA JOSE BONIFACIO 22 COLONIA SANTO ANTONIO,835,0.07052094
986343,RUA ALFREDO MOREIR 44 SANTO zrANTONIO,320,987472,RUA ALVARAES 122 GILBERTO MESTRIHO,4433,0.073805846
986343,RUA ALFREDO MOREIR 44 SANTO zrANTONIO,320,1022216,RUA BURITI 55 COLONIA ANTONIO ALEIXO,8611,0.074364915
920715,BECO GUARIûBA 28 AS OLIVEIRAS,321,920716,BECO GUARIUBA 36 MONTE DAS OLIVEIRAS,8358,0.06465643
920715,BECO GUARIûBA 28 AS OLIVEIRAS,321,920715,BECO GUARIUBA 28 MONTE DAS OLIVEIRAS,1095,0.070347205
920715,BECO GUARIûBA 28 AS OLIVEIRAS,321,643474,RAMAL PARANA DOS MOURAS 74 LUZEIRO2,72,0.09705931
920715,BECO GUARIûBA 28 AS OLIVEIRAS,321,846805,BECO LARANJEIRA 156 AJURICABA,6208,0.10150218
920715,BECO GUARIûBA 28 AS OLIVEIRAS,321,652085,BECO FRANCISQUINHO 48 VITORIA,1990,0.10720959
531431,RUA PROJEATDA 9 292 ARPIRAR II,322,531431,RUA PROJETADA 9 292 RAPIRRA II,7010,0.04200971
531431,RUA PROJEATDA 9 292 ARPIRAR II,322,531234,RUA PANTANAL 568 RAPIRRA II,6371,0.08132256
531431,RUA PROJEATDA 9 292 ARPIRAR II,322,597198,RUA PROJETADA 710 143 AIRTON SENA,7683,0.08549988
531431,RUA PROJEATDA 9 292 ARPIRAR II,322,597244,RUA PROJETADA 714 92 AIRTON SENA,3800,0.085760206
531431,RUA PROJEATDA 9 292 ARPIRAR II,322,31747,RUA TOPAZIO 1420 RURAL,8972,0.094702415
122798,RUA VISCONDE MAUA 4025 BAIRRO JARDIM DO ESTADOS,323,122798,RUA VISCONDE MAUA 4025 BAIRRO JARDIM DO ESTADOS,6453,5.464381e-06
122798,RUA VISCONDE MAUA 4025 BAIRRO JARDIM DO ESTADOS,323,122560,RUA TANGUA 3353 BAIRRO JARDIM DO ESTADOS,6661,0.034961075
122798,RUA VISCONDE MAUA 4025 BAIRRO JARDIM DO ESTADOS,323,122210,RUA MARCILIO DIAS 3898 BAIRRO JARDIM DO ESTADOS,4750,0.04603485
122798,RUA VISCONDE MAUA 4025 BAIRRO JARDIM DO ESTADOS,323,121923,RUA AYRTON SENNA 4042 BAIRRO JARDIM DO ESTADOS,5276,0.04792405
122798,RUA VISCONDE MAUA 4025 BAIRRO JARDIM DO ESTADOS,323,122133,RUA JEAN CARLOS 3788 BAIRRO JARDIM DO ESTADOS,6786,0.055051807
839724,RUA RAIMUNsDA RUjZ 2409 oLIBERDDE,324,805797,RUA RIO SOLIMOES 4087 MAMOUD AMED,7038,0.12291019
839724,RUA RAIMUNsDA RUjZ 2409 oLIBERDDE,324,60887,RUA UIRAPURU 2999 TEIXEIRAO,5284,0.12527439
839724,RUA RAIMUNsDA RUjZ 2409 oLIBERDDE,324,48598,RUA ANITA GARIBALDI 2970 TEIXEIRAO,7224,0.12762333
839724,RUA RAIMUNsDA RUjZ 2409 oLIBERDDE,324,290331,RUA PANTEON 7205 TEIXEIRAO,6697,0.13260102
839724,RUA RAIMUNsDA RUjZ 2409 oLIBERDDE,324,235926,RUA BIDU SAIAO 7069 APONIA,5879,0.13321203
521024,AVENIDA JAPfIIM 336 GAUyRANI,325,521024,AVENIDA JAPIIM 336 GUARANI,4324,0.066065826
521024,AVENIDA JAPfIIM 336 GAUyRANI,325,520925,AVENIDA JAPIIM 51 GUARANI,1161,0.07671368
521024,AVENIDA JAPfIIM 336 GAUyRANI,325,521395,AVENIDA JAPIIM 7440 GUARANI,8765,0.0771679
521024,AVENIDA JAPfIIM 336 GAUyRANI,325,897192,AVENIDA TEFE 533 JAPIIM,5579,0.084821075
521024,AVENIDA JAPfIIM 336 GAUyRANI,325,897168,AVENIDA TEFE 522 JAPIIM,116,0.09144306
253207,RUA ELkZIO BRANDA 4887 IARAPE,326,253207,RUA ELIZIO BRANDAO 4887 IGARAPE,7750,0.070304
253207,RUA ELkZIO BRANDA 4887 IARAPE,326,768584,RUA JENIPAPO 283 MAE CREUZA,2069,0.09304992
253207,RUA ELkZIO BRANDA 4887 IARAPE,326,299736,RUA RINO LEVI 5235 TEIXEIRAO,1131,0.09474354
253207,RUA ELkZIO BRANDA 4887 IARAPE,326,823189,RUA DEOCLECIANO SAMPAIO 1027 PANTANAL,601,0.09592539
253207,RUA ELkZIO BRANDA 4887 IARAPE,326,1062256,RUA DANILO CORREA 442 JAPIIM,8640,0.10282843
678727,RUA PLIhNIO COELHO COELHO 1314 AMTARA,327,678727,RUA PLINIO COELHO 1314 AMATURA,828,0.063776635
678727,RUA PLIhNIO COELHO COELHO 1314 AMTARA,327,757178,RUA PLINIO COELHO 113 CODAJAS,472,0.073836625
678727,RUA PLIhNIO COELHO COELHO 1314 AMTARA,327,823189,RUA DEOCLECIANO SAMPAIO 1027 PANTANAL,601,0.08101664
678727,RUA PLIhNIO COELHO COELHO 1314 AMTARA,327,299736,RUA RINO LEVI 5235 TEIXEIRAO,1131,0.086965
678727,RUA PLIhNIO COELHO COELHO 1314 AMTARA,327,338751,RUA PADRE ADOLPHO RHOL 2880 CENTRO,9685,0.09496862
309634,RUuA TENREIR ARANHA 1971 ARL,328,722079,RIO AUTAZ ACU 476 LIMAO,7705,0.15775087
309634,RUuA TENREIR ARANHA 1971 ARL,328,173465,LINHA GLEBA 04 OU R0 133 11 MACHADINHO,6438,0.15832411
309634,RUuA TENREIR ARANHA 1971 ARL,328,235926,RUA BIDU SAIAO 7069 APONIA,5879,0.16725567
309634,RUuA TENREIR ARANHA 1971 ARL,328,164456,LINHA 3 2680 GLEBA G,8988,0.17325026
309634,RUuA TENREIR ARANHA 1971 ARL,328,431129,TRAVESSAO SONIA BALAL 11 RURAL,7077,0.17326331
10310,AVENID TABAOPA 3113 3,329,897329,AVENIDA TEFE 801 CACHOEIRINHA,1156,0.085696705
10310,AVENID TABAOPA 3113 3,329,897349,AVENIDA TEFE 840 JAPIIM,8799,0.09548777
10310,AVENID TABAOPA 3113 3,329,897192,AVENIDA TEFE 533 JAPIIM,5579,0.097858876
10310,AVENID TABAOPA 3113 3,329,307764,RUA TABAJARA 1013 OLARIA,7875,0.102160655
10310,AVENID TABAOPA 3113 3,329,671149,AVENIDA BR 317 20732 AGROVILA,572,0.1080176
961365,RUA 22 36 CIDADE hOVA,330,961365,RUA 22 36 CIDADE NOVA,9571,0.079168424
961365,RUA 22 36 CIDADE hOVA,330,968495,RUA 41 24 NOVA CIDADE,2154,0.08176324
961365,RUA 22 36 CIDADE hOVA,330,955296,RUA 17 22 CIDADE NOVA,9677,0.08382959
961365,RUA 22 36 CIDADE hOVA,330,972646,RUA 62 8 CIDADE NOVA,3688,0.08461579
961365,RUA 22 36 CIDADE hOVA,330,959417,RUA 205 A 42 NOVA CIDADE,408,0.08814054
468652,RUA SELMA RGEINà 1968 NOVO HORIZNTE,331,468652,RUA SELMA REGINA 1968 NOVO HORIZONTE,4581,0.03618802
468652,RUA SELMA RGEINà 1968 NOVO HORIZNTE,331,157554,RUA VITORIA REGES 1995 NOVO HORIZONTE,177,0.047410972
468652,RUA SELMA RGEINà 1968 NOVO HORIZNTE,331,734354,RUA MARGARIDA 201 NOVO HORIZONTE,7079,0.050878517
468652,RUA SELMA RGEINà 1968 NOVO HORIZNTE,331,734372,RUA MARGARIDA 281 NOVO HORIZONTE,8509,0.05490507
468652,RUA SELMA RGEINà 1968 NOVO HORIZNTE,331,589861,RUA MOGNO 38 NOVO HORIZONTE,2269,0.058693886
799182,RUA BENJAMIN 2993 COSAT,332,797623,RUA ALVARO MAIA 2959 IRACY,4195,0.08169807
799182,RUA BENJAMIN 2993 COSAT,332,286678,RUA NEUSA 5977 IGARAPE,4948,0.086482234
799182,RUA BENJAMIN 2993 COSAT,332,286811,RUA NEUSA 7436 IGARAPE,8043,0.09056954
799182,RUA BENJAMIN 2993 COSAT,332,235615,RUA BERIMBAU 1713 CASTANHEIRA,6169,0.09085141
799182,RUA BENJAMIN 2993 COSAT,332,33564,RUA ZELIA GATAI 3376 COLONIAL,1656,0.09380229
757613,RO RUA BADAJOS 416 CODAJAS,333,757613,RUA RIO BADAJOS 416 CODAJAS,759,0.03254666
757613,RO RUA BADAJOS 416 CODAJAS,333,1147226,RUA LOPES CORDOVIL 483 ALVORADA,6385,0.074801706
757613,RO RUA BADAJOS 416 CODAJAS,333,1147186,RUA LOPES CORDOVIL 425 ALVORADA,3115,0.07587164
757613,RO RUA BADAJOS 416 CODAJAS,333,1147210,RUA LOPES CORDOVIL 445 ALVORADA,9675,0.079281464
757613,RO RUA BADAJOS 416 CODAJAS,333,797071,RUA ACACIO LEITE 4351 TIRADENTES,3658,0.08402936
244184,RUA CONSTELACAO 10331 MARkANA,334,244184,RUA CONSTELACAO 10331 MARIANA,8453,0.027231392
244184,RUA CONSTELACAO 10331 MARkANA,334,834751,RUA CODAJAS 84 UNIAO,8378,0.083336785
244184,RUA CONSTELACAO 10331 MARkANA,334,992393,RUA ANAPOLIS 1165 REDENCAO,5433,0.085768715
244184,RUA CONSTELACAO 10331 MARkANA,334,980282,RUA ABRAAO CARDOSO 604 COMPENSA,4486,0.08675906
244184,RUA CONSTELACAO 10331 MARkANA,334,1006328,RUA BAGE 433 REDENCAO,6689,0.08871884
568578,URA DO PAdSSEIO 275 TAUARI,335,405378,RUA MASSANGANA 2807 ALTO PARAISO,6249,0.10374415
568578,URA DO PAdSSEIO 275 TAUARI,335,524077,RAMAL ALTO PENTENCOSTE 214 PARANA,5186,0.10689036
568578,URA DO PAdSSEIO 275 TAUARI,335,510394,TRAVESSA RIO JURUA 3 1181 MIRITIZAL,7704,0.10692175
568578,URA DO PAdSSEIO 275 TAUARI,335,621679,TRAVESSA BAGUARI 228 TAQUARI,8651,0.10723346
568578,URA DO PAdSSEIO 275 TAUARI,335,754295,PARADOURO COPEA 18 NOVA JERUSALEM,4293,0.10963538
281118,RUA MANOEL FERREIRA 257 CENTRO,336,281118,RUA MANOEL FERREIRA 257 CENTRO,7271,1.5013982e-05
281118,RUA MANOEL FERREIRA 257 CENTRO,336,1091521,RUA EMILIO MOREIRA 247 CENTRO,7814,0.039765723
281118,RUA MANOEL FERREIRA 257 CENTRO,336,1091754,RUA EMILIO MOREIRA 977 CENTRO,2164,0.04347869
281118,RUA MANOEL FERREIRA 257 CENTRO,336,72716,RUA ROBISON FERREIRA 3032 CENTRO,8943,0.043556154
281118,RUA MANOEL FERREIRA 257 CENTRO,336,463528,RUA LUIZ BORGES 1179 CENTRO,2925,0.045194663
67144,INHA 54 CACOAL,337,67144,LINHA 9 54 CACOAL,2244,0.13639484
67144,INHA 54 CACOAL,337,67145,LINHA 9 55 CACOAL,5756,0.14240551
67144,INHA 54 CACOAL,337,64997,LINHA 06 40 CACOAL,7560,0.14942993
67144,INHA 54 CACOAL,337,66769,LINHA 4 11 CACOAL,4100,0.15045775
67144,INHA 54 CACOAL,337,64816,LINHA 05 26 CACOAL,2328,0.15357906
916450,BEC ODq ESPERANCA 75 CIDADr DE DEUS,338,916450,BECO DA ESPERANCA 75 CIDADE DE DEUS,1000,0.09116194
916450,BEC ODq ESPERANCA 75 CIDADr DE DEUS,338,927291,BECO SANHACU 52 CIDADE DE DEUS,6054,0.10544497
916450,BEC ODq ESPERANCA 75 CIDADr DE DEUS,338,923361,BECO MARFIM 34 CIDADE DE DEUS,4478,0.12375454
916450,BEC ODq ESPERANCA 75 CIDADr DE DEUS,338,917158,BECO DA PAZ 30 NOVA ESPERANCA,7905,0.12928213
916450,BEC ODq ESPERANCA 75 CIDADr DE DEUS,338,916833,BECO DA PACIENCIA 12 EDUCANDOS,8318,0.15578517
993485,RUA ANhELIMz 101 SANTá,339,235826,RUA BIDU SAIAO 6439 APONIA,3980,0.11734275
993485,RUA ANhELIMz 101 SANTá,339,235799,RUA BIDU SAIAO 6298 APONIA,4338,0.119039044
993485,RUA ANhELIMz 101 SANTá,339,996627,RUA ARAPARIS 82 COROADO,7910,0.12103387
993485,RUA ANhELIMz 101 SANTá,339,992743,RUA ANDIRA 72 JAPIIM,8130,0.12247604
993485,RUA ANhELIMz 101 SANTá,339,235926,RUA BIDU SAIAO 7069 APONIA,5879,0.12672684
907824,AVENIDA SAO JOGE 545 SAO JORE,340,907824,AVENIDA SAO JORGE 545 SAO JORGE,925,0.05008505
907824,AVENIDA SAO JOGE 545 SAO JORE,340,907743,AVENIDA SAO JORGE 207 SAO GERALDO,4479,0.06581998
907824,AVENIDA SAO JOGE 545 SAO JORE,340,895020,AVENIDA SAO VICENTE 90 SAO LAZARO,7743,0.077664785
907824,AVENIDA SAO JOGE 545 SAO JORE,340,493944,AVENIDA SAO PAULO 1148 CRUZEIRAO,9812,0.07969198
907824,AVENIDA SAO JOGE 545 SAO JORE,340,891633,AVENIDA RIO BRANCO 94 SAO JOSE OPERARIO,2080,0.084991515
78628,LINHA 02 02 RO 485 RUMO ESCONDIDhO 2 TERRA RICA RUMO,341,78628,LINHA 02 RO 485 RUMO ESCONDIDO 2 TERRA RICA RUMO ESCONDIDO,1148,0.05639538
78628,LINHA 02 02 RO 485 RUMO ESCONDIDhO 2 TERRA RICA RUMO,341,358220,LINHA 200 NORTE LD ESQUERDO 7 ROLIM DE MOURA,1696,0.10054226
78628,LINHA 02 02 RO 485 RUMO ESCONDIDhO 2 TERRA RICA RUMO,341,218123,ESTRADA DE FERRO MADEIRA MAMORE 1211 TRIANGULO,8308,0.11930704
78628,LINHA 02 02 RO 485 RUMO ESCONDIDhO 2 TERRA RICA RUMO,341,446622,LINHA 52 611 LH 52 KM 02 SENTIDO A SERRA,8592,0.12211473
78628,LINHA 02 02 RO 485 RUMO ESCONDIDhO 2 TERRA RICA RUMO,341,415219,ENTRADA ENTRADA LC 34 1 PA RIO ALTO,4309,0.13148148
745578,RUA EDUARDO RBEIR 478 CENTRO,342,745578,RUA EDUARDO RIBEIRO 478 CENTRO,414,0.024678245
745578,RUA EDUARDO RBEIR 478 CENTRO,342,745541,RUA EDUARDO RIBEIRO 348 CENTRO,3646,0.04401104
745578,RUA EDUARDO RBEIR 478 CENTRO,342,871678,AVENIDA EDUARDO RIBEIRO 629 CENTRO,9396,0.05834036
745578,RUA EDUARDO RBEIR 478 CENTRO,342,432046,RUA OSVALDO CRUZ 3690 CENTRO,4236,0.06764576
745578,RUA EDUARDO RBEIR 478 CENTRO,342,1143528,RUA LEONARDO MALCHER 854 CENTRO,3648,0.07129578
44170,AVENIDA MARGINAL 484 SUDE,343,44170,AVENIDA MARGINAL 484 SAUDE,1172,0.027704442
44170,AVENIDA MARGINAL 484 SUDE,343,44167,AVENIDA MARGINAL 464 SAUDE,490,0.051003806
44170,AVENIDA MARGINAL 484 SUDE,343,44151,AVENIDA MARGINAL 225 SAUDE,1463,0.052841138
44170,AVENIDA MARGINAL 484 SUDE,343,539949,AVENIDA OESTE 624 TUCUMA,2638,0.07577956
44170,AVENIDA MARGINAL 484 SUDE,343,97875,AVENIDA GUAPORE 907 SURPRESA,4712,0.07960413
554499,RUA AURELIANO LOPES 228 MANOEL JULIâO,344,554499,RUA AURELIANO LOPES 228 MANOEL JULIAO,6141,0.012631079
554499,RUA AURELIANO LOPES 228 MANOEL JULIâO,344,609057,RUA VETERANO R PINTO 285 MANOEL JULIAO,3739,0.05234884
554499,RUA AURELIANO LOPES 228 MANOEL JULIâO,344,598601,RUA RAIMUNDO MATOS DE MELO 474 MANOEL JULIAO,1709,0.05371347
554499,RUA AURELIANO LOPES 228 MANOEL JULIâO,344,620530,RUA VETERANO R PINTO 228 MANOEL JULIAO,5619,0.05373768
554499,RUA AURELIANO LOPES 228 MANOEL JULIâO,344,598540,RUA RAIMUNDO MATOS DE MELO 448 MANOEL JULIAO,1198,0.057283998
886905,OITIS AVENDIA 37 ARMAmsO MENDES,345,886905,AVENIDA OITIS 37 ARMANDO MENDES,3989,0.06415253
886905,OITIS AVENDIA 37 ARMAmsO MENDES,345,968358,RUA 40 C 18 AMAZONINO MENDES I,6742,0.06611651
886905,OITIS AVENDIA 37 ARMAmsO MENDES,345,968348,RUA 40 C 10 AMAZONINO MENDES I,6007,0.06884635
886905,OITIS AVENDIA 37 ARMAmsO MENDES,345,539949,AVENIDA OESTE 624 TUCUMA,2638,0.0708578
886905,OITIS AVENDIA 37 ARMAmsO MENDES,345,895588,AVENIDA SOLIMOES 100 MAUAZINHO,6620,0.07359719
662156,RUA FLORIAN PEXOTO 17 CENTRO,346,662156,RUA FLORIANO PEIXOTO 17 CENTRO,503,0.015636541
662156,RUA FLORIAN PEXOTO 17 CENTRO,346,662251,RUA FLORIANO PEIXOTO 717 CENTRO,4994,0.034067646
662156,RUA FLORIAN PEXOTO 17 CENTRO,346,662184,RUA FLORIANO PEIXOTO 243 CENTRO,8336,0.035686616
662156,RUA FLORIAN PEXOTO 17 CENTRO,346,669807,RUA MARECHAL FLORIANO PEIXOTO 105 CENTRO,628,0.038867824
662156,RUA FLORIAN PEXOTO 17 CENTRO,346,644517,RUA PORFIRIO DE MOURA 6 CENTRO,5254,0.04812055
695233,AVwNIDA MARIyA 513 NOSSA SNEHORA DE APAtECIDA,347,811035,LAGO COMUNIDADE SANTISSIMA TRINDADE 27 AMATARI,564,0.17167026
695233,AVwNIDA MARIyA 513 NOSSA SNEHORA DE APAtECIDA,347,468138,RUA MARACATIARA 4546 SANTISSIMA TRINDADE,3084,0.18152504
695233,AVwNIDA MARIyA 513 NOSSA SNEHORA DE APAtECIDA,347,741662,BECO SANTA LUZIA 122 TAUA MIRIM,3423,0.18547362
695233,AVwNIDA MARIyA 513 NOSSA SNEHORA DE APAtECIDA,347,927291,BECO SANHACU 52 CIDADE DE DEUS,6054,0.18796827
695233,AVwNIDA MARIyA 513 NOSSA SNEHORA DE APAtECIDA,347,739856,COMUNIDADE NOVA ALIANCA 20 PARANA DE AUTAZ MIRIM,2713,0.18927094
549728,RAU A 1126 NOVO HORIZOgNTE,348,978106,RUA A DEZESSETE 1291 JAPIIM,2043,0.12806599
549728,RAU A 1126 NOVO HORIZOgNTE,348,575229,RUA FUTURO 147 AVIARIO,5018,0.13250525
549728,RAU A 1126 NOVO HORIZOgNTE,348,575241,RUA FUTURO 196 AVIARIO,5545,0.13431388
549728,RAU A 1126 NOVO HORIZOgNTE,348,330277,RUA 54A 10 NOVA MUTUM,5805,0.13560955
549728,RAU A 1126 NOVO HORIZOgNTE,348,276629,RUA JUPITER 3041 B ELETRONORTE,8820,0.13711733
385293,RAU UM MIL QUINHENTOS E QUATRO 2134 CRISxT REI,349,385293,RUA UM MIL QUINHENTOS E QUATRO 2134 CRISTO REI,4837,0.07803184
385293,RAU UM MIL QUINHENTOS E QUATRO 2134 CRISxT REI,349,385164,RUA UM MIL QUINHENTOS E DOIS 2329 CRISTO REI,207,0.08236499
385293,RAU UM MIL QUINHENTOS E QUATRO 2134 CRISxT REI,349,387150,TRAVESSA UM MIL QUINHENTOS E DOZE 2062 CRISTO REI,9117,0.08974805
385293,RAU UM MIL QUINHENTOS E QUATRO 2134 CRISxT REI,349,369664,AVENIDA UM MIL QUINHENTOS E TRES 1207 CRISTO REI,5462,0.09392739
385293,RAU UM MIL QUINHENTOS E QUATRO 2134 CRISxT REI,349,369489,AVENIDA UM MIL QUINHENTOS E SETE 65 CRISTO REI,1510,0.10614559
38825,LuNHA 12 4091 CABIXI,350,38825,LINHA 12 4091 CABIXI,2310,0.079849906
38825,LuNHA 12 4091 CABIXI,350,92813,LINHA 40 175 PACARANA,4536,0.11319153
38825,LuNHA 12 4091 CABIXI,350,924312,BECO NONATO 2370 CACHOEIRINHA,8063,0.12884209
38825,LuNHA 12 4091 CABIXI,350,175554,LINHA TB 10 869 MACHADIHO,4766,0.13235922
38825,LuNHA 12 4091 CABIXI,350,121213,LINHA 632 2610 TARILANDIA,4345,0.13406183
47921,RUA AMILTON BOLSSO 4040 VILAGE VILAGE DO,351,47921,RUA AMILTON BOLSSO 4040 VILAGE DO SOL,4446,0.036799144
47921,RUA AMILTON BOLSSO 4040 VILAGE VILAGE DO,351,54841,RUA JOSE BONIFACIO 3838 VILAGE DO SOL,1998,0.073320076
47921,RUA AMILTON BOLSSO 4040 VILAGE VILAGE DO,351,838723,RUA NAZARE CAVALCANTE 2608 MORADA DO SOL,5983,0.0769307
47921,RUA AMILTON BOLSSO 4040 VILAGE VILAGE DO,351,47275,RUA 0LINTO FOLI 4013 VILAGE DO SOL,9964,0.083604716
47921,RUA AMILTON BOLSSO 4040 VILAGE VILAGE DO,351,789505,RUA PAUDERNEI AVELINO 137 MORADA DO SOL,6303,0.08744153
1130400,RUA JERUSALEM 560 CIDADE NOVA,352,1130400,RUA JERUSALEM 560 CIDADE NOVA,2146,6.1795154e-06
1130400,RUA JERUSALEM 560 CIDADE NOVA,352,1130381,RUA JERUSALEM 476 CIDADE NOVA,900,0.030386617
1130400,RUA JERUSALEM 560 CIDADE NOVA,352,1139390,RUA JURUNAS 490 CIDADE NOVA,4371,0.06626697
1130400,RUA JERUSALEM 560 CIDADE NOVA,352,1005427,RUA B TRES 301 CIDADE NOVA,8697,0.07031781
1130400,RUA JERUSALEM 560 CIDADE NOVA,352,1072947,RUA DEZOITO 20 CIDADE NOVA,9962,0.07061109
336449,AVENIDA SAO JOAO BATISTA 592 CUNHA E E SILVA,353,336449,AVENIDA SAO JOAO BATISTA 592 CUNHA E SILVA,9266,0.006864495
336449,AVENIDA SAO JOAO BATISTA 592 CUNHA E E SILVA,353,334719,AVENIDA JOAO PESSOA 1212 CUNHA E SILVA,7669,0.07484981
336449,AVENIDA SAO JOAO BATISTA 592 CUNHA E E SILVA,353,167934,AVENIDA JOAO BATISTA FIGUEIREDO 3348 BAIRRO UNIAO,5543,0.07782365
336449,AVENIDA SAO JOAO BATISTA 592 CUNHA E E SILVA,353,867365,AVENIDA COSME FERREIRA 5939 SAO JOSE OPERARIO,4815,0.08344334
336449,AVENIDA SAO JOAO BATISTA 592 CUNHA E E SILVA,353,695523,AVENIDA DOM BOSCO 163 SAO SEBASTIAO,3694,0.088646494
493392,AVENIDA LEOPOLDO UBLHOES 85 BAIRRO DO ALUMNIO,354,493392,AVENIDA LEOPOLDO BULHOES 85 BAIRRO DO ALUMNIO,8555,0.008306885
493392,AVENIDA LEOPOLDO UBLHOES 85 BAIRRO DO ALUMNIO,354,784833,AVENIDA SOLIMOES 100 BAIRRO BARRO ALTO,5239,0.052274074
493392,AVENIDA LEOPOLDO UBLHOES 85 BAIRRO DO ALUMNIO,354,362571,AVENIDA BENNO LUIS GRAEBIM 7 JARDIM ELDORADO,3784,0.054307356
493392,AVENIDA LEOPOLDO UBLHOES 85 BAIRRO DO ALUMNIO,354,816550,AVENIDA SENADOR LEOPOLDO PERES 35 BAIRRO CHICO VIEIRA,4582,0.05497995
493392,AVENIDA LEOPOLDO UBLHOES 85 BAIRRO DO ALUMNIO,354,480667,AVENIDA MARINHO MONTE 423 BAIRRO ELDORADO,8710,0.059016444
365398,JURACI CORREIA MULLER 5866 JARDIM ELDkRADO,355,365398,AVENIDA JURACI CORREIA MULLER 5866 JARDIM ELDORADO,9599,0.075278796
365398,JURACI CORREIA MULLER 5866 JARDIM ELDkRADO,355,1113670,RUA HUMBERTO CALDERARO FILHO 624 ADRIANOPOLIS,2375,0.10282153
365398,JURACI CORREIA MULLER 5866 JARDIM ELDkRADO,355,943164,IGARAPE DO MINDU 3 TANCREDO NEVES,7644,0.107753724
365398,JURACI CORREIA MULLER 5866 JARDIM ELDkRADO,355,298725,RUA RAIMUNDO CAPA GRANDE 7836 TANCREDO NEVES,1025,0.11202118
365398,JURACI CORREIA MULLER 5866 JARDIM ELDkRADO,355,101705,AVENIDA SALOMAO JUSTINIANO MELGAR 3777 GUAJARA MIRIM,5614,0.11681765
283937,RUA MESTRE VALENTIM 5428 TEIEIRAO TEIXEIRAO,356,283937,RUA MESTRE VALENTIM 5428 TEIXEIRAO,9837,0.039625186
283937,RUA MESTRE VALENTIM 5428 TEIEIRAO TEIXEIRAO,356,55922,RUA LOURIVAL MARTINS VIEIRA 3838 TEIXEIRAO,7923,0.0794612
283937,RUA MESTRE VALENTIM 5428 TEIEIRAO TEIXEIRAO,356,149385,RUA NITEROI 3970 JORGE TEIXEIRA,3616,0.08240519
283937,RUA MESTRE VALENTIM 5428 TEIEIRAO TEIXEIRAO,356,86795,RUA CAMPO MOURAO 2183 JORGE TEIXEIRA,812,0.08304168
283937,RUA MESTRE VALENTIM 5428 TEIEIRAO TEIXEIRAO,356,154281,RUA SENA MADUREIRA 3641 JORGE TEIXEIRA,8420,0.084854275
162230,RUA SãO LUIZ 2707 BRASILIA OVA,357,162230,RUA SAO LUIZ 2707 NOVA BRASILIA,2199,0.03862825
162230,RUA SãO LUIZ 2707 BRASILIA OVA,357,162093,RUA SAO LUIZ 1569 NOVA BRASILIA,3833,0.055737928
162230,RUA SãO LUIZ 2707 BRASILIA OVA,357,162021,RUA SAO LUIZ 841 NOVA BRASILIA,9602,0.057864066
162230,RUA SãO LUIZ 2707 BRASILIA OVA,357,162013,RUA SAO LUIZ 738 NOVA BRASILIA,1743,0.06310548
162230,RUA SãO LUIZ 2707 BRASILIA OVA,357,76383,RUA FERNAO DIAS 4654 SANTA LUZIA,2418,0.082991295
571234,RUA EDSONF ERREIRA 92 SAO FRANCISCO,358,571234,RUA EDSON FERREIRA 92 SAO FRANCISCO,3104,0.012730901
571234,RUA EDSONF ERREIRA 92 SAO FRANCISCO,358,580725,RUA JOAQUIM MACEDO 73 SAO FRANCISCO,1750,0.04716359
571234,RUA EDSONF ERREIRA 92 SAO FRANCISCO,358,697284,RUA ROBERTO TEIXEIRA 92 SAO FRANCISCO,768,0.04869304
571234,RUA EDSONF ERREIRA 92 SAO FRANCISCO,358,767365,RUA BARNABE GOMES 55 SAO FRANCISCO II,4432,0.050700165
571234,RUA EDSONF ERREIRA 92 SAO FRANCISCO,358,572677,RUA F FERREIRA 262 SAO FRANCISCO,8439,0.05158062
155810,RUA TRuEZE DE SETEMBRO 560 MIGRANTES DO JARDIM,359,155810,RUA TREZE DE SETEMBRO 560 JARDIM DOS MIGRANTES,3770,0.059758827
155810,RUA TRuEZE DE SETEMBRO 560 MIGRANTES DO JARDIM,359,152458,RUA RIO NEGRO 119 JARDIM DOS MIGRANTES,387,0.08965475
155810,RUA TRuEZE DE SETEMBRO 560 MIGRANTES DO JARDIM,359,1042581,RUA CINCO DE SETEMBRO 709 JAPIIM,6539,0.093383804
155810,RUA TRuEZE DE SETEMBRO 560 MIGRANTES DO JARDIM,359,148505,RUA MENEZES FILHO 2142 JARDIM DOS MIGRANTES,5748,0.09360699
155810,RUA TRuEZE DE SETEMBRO 560 MIGRANTES DO JARDIM,359,757430,RUA QUINZE DE NOVEMBRO 148 CODAJAS,6524,0.09388709
7612,AVrNIDA ANAA 1958 SETOR 01,360,7398,ALAMEDA PIQUIA 1890 SETOR 01,3078,0.13580337
7612,AVrNIDA ANAA 1958 SETOR 01,360,7231,ALAMEDA DO IPE 1818 SETOR 01,611,0.1483076
7612,AVrNIDA ANAA 1958 SETOR 01,360,73566,AVENIDA A 3037 ODILON NOIA,7692,0.1598187
7612,AVrNIDA ANAA 1958 SETOR 01,360,850333,ALAMEDA A 102 LAGO AZUL,8172,0.16142777
7612,AVrNIDA ANAA 1958 SETOR 01,360,739535,ALDEIA CESSAIMA 12 CABICEIRA DO CESSAIMA,2788,0.18522811
31972,RUA TRIyNFO 4241 SETOR 09,361,31972,RUA TRIUNFO 4241 SETOR 09,3849,0.053526267
31972,RUA TRIyNFO 4241 SETOR 09,361,32037,RUA TRIUNFO 4610 SETOR 09,3139,0.065467715
31972,RUA TRIyNFO 4241 SETOR 09,361,23274,RUA LAJES 4218 SETOR 09,1579,0.08170631
31972,RUA TRIyNFO 4241 SETOR 09,361,26992,RUA PARANA 3104 SETOR 05,1856,0.08629617
31972,RUA TRIyNFO 4241 SETOR 09,361,12002,RUA ALTO PARAISO 2067 SETOR 04,9279,0.08765344
899604,AVENIxA URUCAA 1416 CACHOEIRINHhA,362,722079,RIO AUTAZ ACU 476 LIMAO,7705,0.1302208
899604,AVENIxA URUCAA 1416 CACHOEIRINHhA,362,888523,AVENIDA PENETRACAO UM 1311 JAPIIM,1022,0.13872562
899604,AVENIxA URUCAA 1416 CACHOEIRINHhA,362,973259,RUA 7 4 PARQUE 10 CONJ SHANGRI LA 4,6573,0.14924857
899604,AVENIxA URUCAA 1416 CACHOEIRINHhA,362,924312,BECO NONATO 2370 CACHOEIRINHA,8063,0.15263167
899604,AVENIxA URUCAA 1416 CACHOEIRINHhA,362,694171,RIO RIO AUTAZ ACU 6 CURRUSA,7930,0.15902968
353283,RUA JAwGUARkBE 4698 CENTOR,363,645945,RUA B 2678 AMOTI,6220,0.1263355
353283,RUA JAwGUARkBE 4698 CENTOR,363,290331,RUA PANTEON 7205 TEIXEIRAO,6697,0.12642238
353283,RUA JAwGUARkBE 4698 CENTOR,363,801696,RUA GASPAR MAIA 782 JAUARY I,497,0.13235529
353283,RUA JAwGUARkBE 4698 CENTOR,363,654954,RUA MARANHAO 1667 CSU,8467,0.1363326
353283,RUA JAwGUARkBE 4698 CENTOR,363,60887,RUA UIRAPURU 2999 TEIXEIRAO,5284,0.13871549
358865,wAVENIDA B1 B1 35 BAIRROD  ASAUDE,364,537154,AVENIDA CEARA 506 HABITASA,5085,0.09302232
358865,wAVENIDA B1 B1 35 BAIRROD  ASAUDE,364,537378,AVENIDA CEARA 2994 BOSQUE,2876,0.09880953
358865,wAVENIDA B1 B1 35 BAIRROD  ASAUDE,364,537361,AVENIDA CEARA 2657 ABRAAO ALAB,5139,0.100950465
358865,wAVENIDA B1 B1 35 BAIRROD  ASAUDE,364,9118,AVENIDA JARU 3083 BNH,9956,0.10433681
358865,wAVENIDA B1 B1 35 BAIRROD  ASAUDE,364,9113,AVENIDA JARU 3083 BNH,6024,0.106263444
459073,RUA PRINCESA IZABEL 4648 CIDADE kALfA,365,459073,RUA PRINCESA IZABEL 4648 CIDADE ALTA,9520,0.04065241
459073,RUA PRINCESA IZABEL 4648 CIDADE kALfA,365,516039,RUA ARICURI 1512 ZENAIDE PAIVA,830,0.068465844
459073,RUA PRINCESA IZABEL 4648 CIDADE kALfA,365,48254,RUA ANISIO SERRAO 976 PRINCESA ISABEL,1927,0.0742823
459073,RUA PRINCESA IZABEL 4648 CIDADE kALfA,365,48279,RUA ANISIO SERRAO 1190 PRINCESA ISABEL,2434,0.074350595
459073,RUA PRINCESA IZABEL 4648 CIDADE kALfA,365,296702,RUA PROTASIO ALVES 10076 MARIANA,2441,0.08404508
436029,RUw SABIã 2654 SETOR 07,366,235912,RUA BIDU SAIAO 7005 APONIA,7921,0.1141755
436029,RUw SABIã 2654 SETOR 07,366,235926,RUA BIDU SAIAO 7069 APONIA,5879,0.11658325
436029,RUw SABIã 2654 SETOR 07,366,235826,RUA BIDU SAIAO 6439 APONIA,3980,0.11798908
436029,RUw SABIã 2654 SETOR 07,366,235799,RUA BIDU SAIAO 6298 APONIA,4338,0.11805111
436029,RUw SABIã 2654 SETOR 07,366,143292,RUA IPE 3826 VALPARAISO,2840,0.12870887
365263,AVENIDA JOSE JOSE DO PATROxINIO 4381 xENTRO,367,100432,AVENIDA PEDRO ELEOTHERIO 1328 TAMANDARE,6837,0.07812224
365263,AVENIDA JOSE JOSE DO PATROxINIO 4381 xENTRO,367,538894,AVENIDA GETULIO VARGAS 2406 BOSQUE,3161,0.081757426
365263,AVENIDA JOSE JOSE DO PATROxINIO 4381 xENTRO,367,797071,RUA ACACIO LEITE 4351 TIRADENTES,3658,0.08623482
365263,AVENIDA JOSE JOSE DO PATROxINIO 4381 xENTRO,367,894323,AVENIDA RODRIGO OTAVIO 6374 COROADOI,9577,0.08659609
365263,AVENIDA JOSE JOSE DO PATROxINIO 4381 xENTRO,367,553571,RUA ANTONIO P DA SILVA 417 JORGE LAVOCAT,3244,0.08919819
1124496,dUA J 131 NOVO TEIXEIRA JORGE BAIRO COMUNIDADE,368,1124496,RUA J 131 JORGE TEIXEIRA COMUNIDADE BAIRRO NOVO,458,0.05579786
1124496,dUA J 131 NOVO TEIXEIRA JORGE BAIRO COMUNIDADE,368,1149753,RUA M 16 JORGE TEIXEIRA COMUNIDADE BAIRRO NOVO,9010,0.07797372
1124496,dUA J 131 NOVO TEIXEIRA JORGE BAIRO COMUNIDADE,368,1074096,RUA DIANA 288 TANCREDO NEVES COMUNIDADE NOVO REINO,6480,0.080676466
1124496,dUA J 131 NOVO TEIXEIRA JORGE BAIRO COMUNIDADE,368,1017442,RUA BOCA DO ACRE 64 TANCREDO NEVES COMUNIDADE NOVA CONQUIST,8829,0.08071153
1124496,dUA J 131 NOVO TEIXEIRA JORGE BAIRO COMUNIDADE,368,967192,RUA 38 121 COMUNIDADE PORTELINHA SAO JOSE 2,9806,0.08183417
950263,RUA 114 19 NOVrA CIDADE,369,950263,RUA 114 19 NOVA CIDADE,8582,0.047650237
950263,RUA 114 19 NOVrA CIDADE,369,972944,RUA 67 19 NOVA CIDADE,1581,0.06190189
950263,RUA 114 19 NOVrA CIDADE,369,957002,RUA 19 9 CIDADE NOVA,4051,0.06574914
950263,RUA 114 19 NOVrA CIDADE,369,955226,RUA 17 2 CIDADE NOVA,9071,0.06607258
950263,RUA 114 19 NOVrA CIDADE,369,959417,RUA 205 A 42 NOVA CIDADE,408,0.06659922
343626,AVENIDA FORTALEZA 3497 CENTEARkO,370,343626,AVENIDA FORTALEZA 3497 CENTENARIO,6152,0.02677812
343626,AVENIDA FORTALEZA 3497 CENTEARkO,370,343713,AVENIDA FORTALEZA 4815 CENTRO,7252,0.056150295
343626,AVENIDA FORTALEZA 3497 CENTEARkO,370,343799,AVENIDA FORTALEZA 5477 CENTRO,8306,0.058805633
343626,AVENIDA FORTALEZA 3497 CENTEARkO,370,348628,AVENIDA TEREZINA 5435 PLANALTO,2769,0.06255144
343626,AVENIDA FORTALEZA 3497 CENTEARkO,370,348119,AVENIDA SALVADOR 5474 PLANALTO,6740,0.071417645
195085,VAENIDA RAIMUNDO RAIMUNDO SOARES 1084 VILA NOVA,371,195085,AVENIDA RAIMUNDO SOARES 1084 VILA NOVA,5206,0.053499464
195085,VAENIDA RAIMUNDO RAIMUNDO SOARES 1084 VILA NOVA,371,195077,AVENIDA RAIMUNDO SOARES 1020 VILA NOVA,8652,0.06235438
195085,VAENIDA RAIMUNDO RAIMUNDO SOARES 1084 VILA NOVA,371,211663,AVENIDA RAIMUNDO CANTUARIA 3141 NOVA PORTO VELHO,6728,0.09768824
195085,VAENIDA RAIMUNDO RAIMUNDO SOARES 1084 VILA NOVA,371,536486,AVENIDA ANTONIO DA ROCHA VIANA 3252 VILA IVONETE,4940,0.10052696
195085,VAENIDA RAIMUNDO RAIMUNDO SOARES 1084 VILA NOVA,371,368083,AVENIDA SABINO B. DE QUEIROZ 3060 JARDIM AMERICA,7148,0.10342699
138536,RúA DO DO JASMIM 2052 BAIRRO5ANTIAGO,372,1077235,RUA DO IGARAPE 1290 NOVO ALEIXO,8818,0.08666247
138536,RúA DO DO JASMIM 2052 BAIRRO5ANTIAGO,372,142556,RUA IAPU 1785 NOVO JIPARANA,4665,0.09315269
138536,RúA DO DO JASMIM 2052 BAIRRO5ANTIAGO,372,1122711,RUA ITAPIRAPUA 28 NOVO ALEIXO,9462,0.093278244
138536,RúA DO DO JASMIM 2052 BAIRRO5ANTIAGO,372,770452,RUA DO IGARAPE GRANDE 18 GUAJARA,1884,0.09510985
138536,RúA DO DO JASMIM 2052 BAIRRO5ANTIAGO,372,1082076,RUA DOIS RIACHOS ANTIGA A11 9 ALVORADA,6358,0.09586876
542528,BCEO SEM DENOMINACAO 2 392 6 DE BAIRRO AGOSTO,373,542528,BECO SEM DENOMINACAO 2 392 BAIRRO 6 DE AGOSTO,413,0.046689548
542528,BCEO SEM DENOMINACAO 2 392 6 DE BAIRRO AGOSTO,373,489086,BECO SEM DENOMINACAO 306 PARAISO,5784,0.065822914
542528,BCEO SEM DENOMINACAO 2 392 6 DE BAIRRO AGOSTO,373,416989,LINHA SEM DENOMINACAO 112 PA RIO ALTO,4927,0.08274247
542528,BCEO SEM DENOMINACAO 2 392 6 DE BAIRRO AGOSTO,373,35935,LINHA SEM DENOMINACAO 3 POVOADO D 4 CACHOEIRA,3087,0.08814366
542528,BCEO SEM DENOMINACAO 2 392 6 DE BAIRRO AGOSTO,373,417065,LINHA SEM DENOMINACAO 7 67 PA BURITIS,3562,0.09651887
596073,RUA PRIMEIRO DE ABRIL 168 BAO UNíAO,374,596073,RUA PRIMEIRO DE ABRIL 168 BOA UNIAO,9682,0.055377755
596073,RUA PRIMEIRO DE ABRIL 168 BAO UNíAO,374,1020861,RUA BRASIL 140 SAO LAZARO,8550,0.08423728
596073,RUA PRIMEIRO DE ABRIL 168 BAO UNíAO,374,586353,RUA MANOEL RIBEIRO 40 BOA UNIAO,7912,0.08594923
596073,RUA PRIMEIRO DE ABRIL 168 BAO UNíAO,374,606979,RUA TREZE DE MAIO 23 BOA UNIAO,7690,0.08718406
596073,RUA PRIMEIRO DE ABRIL 168 BAO UNíAO,374,804852,RUA PAULO MENEZES 19 SAO CRISTOVAO,3162,0.092984796
188874,RUA SOBRAL PINTO 67 BELA FOLRSTA,375,188874,RUA SOBRAL PINTO 67 BELA FLORESTA,7685,0.028902894
188874,RUA SOBRAL PINTO 67 BELA FOLRSTA,375,47275,RUA 0LINTO FOLI 4013 VILAGE DO SOL,9964,0.0946972
188874,RUA SOBRAL PINTO 67 BELA FOLRSTA,375,1147107,RUA LOPES CORDOVIL 39 NOVA ESPERANCA,1376,0.099543594
188874,RUA SOBRAL PINTO 67 BELA FOLRSTA,375,698955,RUA MOURAO VIERA 156 CAMETA DO RAMOS,3297,0.10091004
188874,RUA SOBRAL PINTO 67 BELA FOLRSTA,375,47225,RUA 0LINTO FOLI 3567 VILAGE DO SOL,6905,0.10377612
937069,BECO BECO JORGE 92 ALVORADA,376,937069,BECO SAO JORGE 92 ALVORADA,2737,0.06711137
937069,BECO BECO JORGE 92 ALVORADA,376,929852,BECO SARAIVA 86 ALEIXO,3902,0.09053714
937069,BECO BECO JORGE 92 ALVORADA,376,934616,BECO SANTA RITA 1007 COROADO,7523,0.09557034
937069,BECO BECO JORGE 92 ALVORADA,376,701190,BECO 30 16 JAVARIZINHO,5786,0.099933974
937069,BECO BECO JORGE 92 ALVORADA,376,652085,BECO FRANCISQUINHO 48 VITORIA,1990,0.105960205
118722,RUA GOVERNADORw JORGE TEXIEIRA 1046 SETOR 03,377,320542,RUA GOVERNADOR ARI MARCOS 1280 AGENOR M DE CARVALHO,8360,0.07730974
118722,RUA GOVERNADORw JORGE TEXIEIRA 1046 SETOR 03,377,1092201,RUA ENGENHEIRO VILAR FIUZA 3 SSO JOSE OPERARIO,1840,0.07775301
118722,RUA GOVERNADORw JORGE TEXIEIRA 1046 SETOR 03,377,320661,RUA GOVERNADOR ARI MARCOS 2100 AGENOR M DE CARVALHO,3603,0.07968331
118722,RUA GOVERNADORw JORGE TEXIEIRA 1046 SETOR 03,377,620131,RUA SENADOR MARIO MAIA 197 JORGE LAVOCAT,2502,0.08371546
118722,RUA GOVERNADORw JORGE TEXIEIRA 1046 SETOR 03,377,1152022,RUA MALVARISCO 14 JORGE TEIXEIRA,4934,0.08456172
430970,LNIHA 3 ZONA RURAL,378,430970,LINHA PEMAZA 3 ZONA RURAL,9081,0.065287024
430970,LNIHA 3 ZONA RURAL,378,462506,LINHA 101 5 ZONA RURAL,5632,0.077276394
430970,LNIHA 3 ZONA RURAL,378,120557,LINHA 619 20 ZONA RURAL,3640,0.082628906
430970,LNIHA 3 ZONA RURAL,378,120497,LINHA 619 2 ZONA RURAL,4045,0.08350144
430970,LNIHA 3 ZONA RURAL,378,121056,LINHA 630 8500 ZONA RURAL,1710,0.086538464
245317,RUAi CURITIBA 2942 CALADINHO,379,245317,RUA CURITIBA 2942 CALADINHO,7846,0.024581801
245317,RUAi CURITIBA 2942 CALADINHO,379,245517,RUA CURITIBA 4103 CALADINHO,7548,0.040645175
245317,RUAi CURITIBA 2942 CALADINHO,379,245501,RUA CURITIBA 4013 CALADINHO,4439,0.051559776
245317,RUAi CURITIBA 2942 CALADINHO,379,265847,RUA IMBITUBA 2953 CALADINHO,9984,0.053132284
245317,RUAi CURITIBA 2942 CALADINHO,379,245335,RUA CURITIBA 3072 CALADINHO,9230,0.05348197
344818,AVENIDA MACpAPA 6214 SAO CRI5TOVAO,380,344818,AVENIDA MACAPA 6214 SAO CRISTOVAO,7303,0.052269742
344818,AVENIDA MACpAPA 6214 SAO CRI5TOVAO,380,345119,AVENIDA MACEIO 6226 SAO CRISTOVAO,6114,0.058122132
344818,AVENIDA MACpAPA 6214 SAO CRI5TOVAO,380,345062,AVENIDA MACEIO 5703 SAO CRISTOVAO,9779,0.07394107
344818,AVENIDA MACpAPA 6214 SAO CRI5TOVAO,380,341194,AVENIDA ARACAJU 6172 SAO CRISTOVAO,5755,0.07416577
344818,AVENIDA MACpAPA 6214 SAO CRI5TOVAO,380,345433,AVENIDA MANAUS 6493 SAO CRISTOVAO,9581,0.07441166
156341,RUA TUBARAO 1740 CAFEZINnHO,381,156341,RUA TUBARAO 1740 CAFEZINHO,9291,0.026415125
156341,RUA TUBARAO 1740 CAFEZINnHO,381,290331,RUA PANTEON 7205 TEIXEIRAO,6697,0.06448969
156341,RUA TUBARAO 1740 CAFEZINnHO,381,286825,RUA NEUSA 7609 TEIXEIRAO,8367,0.0657399
156341,RUA TUBARAO 1740 CAFEZINnHO,381,154957,RUA TARAUACA 3183 CAFEZINHO,1371,0.06834742
156341,RUA TUBARAO 1740 CAFEZINnHO,381,500051,RUA DO PARA 2063 CRUZEIRAO,3460,0.07356447
936933,BEiO SAO JOAQUIM 9 MORRO DA LIBEDADE,382,936933,BECO SAO JOAQUIM 9 MORRO DA LIBEDADE,9121,0.0143484995
936933,BEiO SAO JOAQUIM 9 MORRO DA LIBEDADE,382,936961,BECO SAO JOAQUIM 22 MORRO DA LIBEDADE,1438,0.022193458
936933,BEiO SAO JOAQUIM 9 MORRO DA LIBEDADE,382,937341,BECO SAO JOSE 20 MORRO DA LIBERDADE,782,0.044216894
936933,BEiO SAO JOAQUIM 9 MORRO DA LIBEDADE,382,935356,BECO SAO DOMINGOS 20 MORRO DA LIBERDADE,1500,0.057370067
936933,BEiO SAO JOAQUIM 9 MORRO DA LIBEDADE,382,937919,BECO SAO JOSE 369 MORRO DA LIBERDADE,9307,0.07751264
332841,STîO DO JOSIAS 13 TRAVESSA EUCLIDES CUNHA,383,332841,SITIO DO JOSIAS 13 TRAVESSA EUCLIDES DA CUNHA,5180,0.06157823
332841,STîO DO JOSIAS 13 TRAVESSA EUCLIDES CUNHA,383,332687,SITIO ALTO ALEGRE 8 TRAVESSA EUCLIDES DA CUNHA,4512,0.1020166
332841,STîO DO JOSIAS 13 TRAVESSA EUCLIDES CUNHA,383,627948,TRAVESSA JOAO QUEIROZ 80 WANDERLEY DANTAS,3903,0.10427244
332841,STîO DO JOSIAS 13 TRAVESSA EUCLIDES CUNHA,383,630918,TRAVESSA RAIMUNDO MELO 106 CONJUNTO ESPERANCA,6345,0.105270594
332841,STîO DO JOSIAS 13 TRAVESSA EUCLIDES CUNHA,383,709687,TRAVESSA ANTONIO PAULINO 88 MENINO DEUS DO RIO CURUCA,4746,0.11355499
679646,NOVA IiTALIA 83 IGARAPE ACURUI,384,827100,ALDEIA JAPIIM 16 RIO PACIA,4457,0.11322713
679646,NOVA IiTALIA 83 IGARAPE ACURUI,384,740614,RIO APIPICA 2 ALDEIA JUTAI,5232,0.113250524
679646,NOVA IiTALIA 83 IGARAPE ACURUI,384,783689,IGARAPE RIOZINHO 46 ALDEIA INDIGENA PIAU,6855,0.11456906
679646,NOVA IiTALIA 83 IGARAPE ACURUI,384,694171,RIO RIO AUTAZ ACU 6 CURRUSA,7930,0.11834945
679646,NOVA IiTALIA 83 IGARAPE ACURUI,384,754295,PARADOURO COPEA 18 NOVA JERUSALEM,4293,0.12215003
884655,AVENIDA MAUES 1136 CACHOERINHA,385,884655,AVENIDA MAUES 1136 CACHOERINHA,1121,3.7342934e-06
884655,AVENIDA MAUES 1136 CACHOERINHA,385,884534,AVENIDA MAUES 608 CACHOEIRINHA,5992,0.017635364
884655,AVENIDA MAUES 1136 CACHOERINHA,385,884561,AVENIDA MAUES 702 CACHOEIRINHA,8167,0.019072015
884655,AVENIDA MAUES 1136 CACHOERINHA,385,884416,AVENIDA MAUES 237 CACHOEIRINHA,1662,0.01936353
884655,AVENIDA MAUES 1136 CACHOERINHA,385,884729,AVENIDA MAUES 1695 CACHOEIRINHA,9231,0.021827154
1011021,RUA EBA VISTA 117 CIcADED E DEUS,386,330277,RUA 54A 10 NOVA MUTUM,5805,0.11992347
1011021,RUA EBA VISTA 117 CIcADED E DEUS,386,1085979,RUA DOZE 49 ALVORADA I,7276,0.12160922
1011021,RUA EBA VISTA 117 CIcADED E DEUS,386,1054983,RUA D 105 COROADO,4396,0.12411994
1011021,RUA EBA VISTA 117 CIcADED E DEUS,386,978106,RUA A DEZESSETE 1291 JAPIIM,2043,0.12486614
1011021,RUA EBA VISTA 117 CIcADED E DEUS,386,330417,RUA 56A 10 NOVA MUTUM,5004,0.1268013
78902,LIHA QUATRO 9 LINH QUATRO,387,78902,LINHA QUATRO 9 LINHA QUATRO,9966,0.05234208
78902,LIHA QUATRO 9 LINH QUATRO,387,78912,LINHA QUATRO 11 LINHA QUATRO,5873,0.06718605
78902,LIHA QUATRO 9 LINH QUATRO,387,165370,LINHA QUINTA 79 LINHA QUARTINHA,8285,0.09201656
78902,LIHA QUATRO 9 LINH QUATRO,387,78969,LINHA SEGUNDA EIXO 13 SEGUNDA EIXO,7959,0.13717595
78902,LIHA QUATRO 9 LINH QUATRO,387,78956,LINHA SEGUNDA EIXO 12 SEGUNDA EIXO,2824,0.1399
968443,RUA 41 6 NOVACIDAD,388,947673,RUA 1 34 ALVORADA,426,0.058297034
968443,RUA 41 6 NOVACIDAD,388,967981,RUA 4 1152 ALVORADA,104,0.059775986
968443,RUA 41 6 NOVACIDAD,388,965248,RUA 3 18 COROADO,8288,0.06238753
968443,RUA 41 6 NOVACIDAD,388,947974,RUA 1 120 ALVORADA,7045,0.062994555
968443,RUA 41 6 NOVACIDAD,388,947956,RUA 1 114 ALVORADA,864,0.063901335
172995,TRAVESSA TERRA 2832 ByAIRRO BOM FUTURO,389,172995,TRAVESSA TERRA 2832 BAIRRO BOM FUTURO,6190,0.050265253
172995,TRAVESSA TERRA 2832 ByAIRRO BOM FUTURO,389,721261,TRAVESSA MONSENHOR COUTINHO 94 BAIRRO IPIRANGA,411,0.07847856
172995,TRAVESSA TERRA 2832 ByAIRRO BOM FUTURO,389,622629,TRAVESSA BURITI 277 BAIRRO VILA ACRE,7782,0.08163173
172995,TRAVESSA TERRA 2832 ByAIRRO BOM FUTURO,389,630451,TRAVESSA PRAXEDES 79 BAIRRO 6 DE AGOSTO,853,0.08587062
172995,TRAVESSA TERRA 2832 ByAIRRO BOM FUTURO,389,1089550,RUA E CASSIA PISTOLO 79 CIDADE NOVA,9233,0.087694354
747743,RUA LEONILHA DOS SANTOS 542 LIBERDADE,390,747743,RUA LEONILHA DOS SANTOS 542 LIBERDADE,4225,8.2844135e-06
747743,RUA LEONILHA DOS SANTOS 542 LIBERDADE,390,90972,RUA VALDA VIEIRA DOS SANTOS 2089 LIBERDADE,6464,0.056364894
747743,RUA LEONILHA DOS SANTOS 542 LIBERDADE,390,838756,RUA NINFAIDE CASTRO 1020 LIBERDADE,7430,0.07506274
747743,RUA LEONILHA DOS SANTOS 542 LIBERDADE,390,273382,RUA JOSE AMADOR DOS REIS 765 CASCALHEIRA,2629,0.075224556
747743,RUA LEONILHA DOS SANTOS 542 LIBERDADE,390,142611,RUA IDELFONSO DA SILVA 1882 NOVA BRASILIA,8191,0.075403035
687136,RUA COSToA E SILVA 221 CETNRO,391,687136,RUA COSTA E SILVA 221 CENTRO,6584,0.038156345
687136,RUA COSToA E SILVA 221 CETNRO,391,687141,RUA COSTA E SILVA 227 CENTRO,2886,0.040232718
687136,RUA COSToA E SILVA 221 CETNRO,391,646331,RUA COSTA E SILVA 1270 CENTRO,4926,0.044323564
687136,RUA COSToA E SILVA 221 CETNRO,391,646338,RUA COSTA E SILVA 1270 CENTRO,9629,0.046141315
687136,RUA COSToA E SILVA 221 CETNRO,391,439873,AVENIDA COSTA E SILVA 2266 CENTRO,3726,0.0593534
1136665,RUA JOSE LINDOSO 152 CIDADE NOVA,392,1136665,RUA JOSE LINDOSO 152 CIDADE NOVA,9184,5.2546848e-06
1136665,RUA JOSE LINDOSO 152 CIDADE NOVA,392,1097347,RUA FABIO LUCENA 75 CIDADE NOVA,8878,0.036329567
1136665,RUA JOSE LINDOSO 152 CIDADE NOVA,392,1007104,RUA BARBOSA FILHO 138 CIDADE NOVA,146,0.041473906
1136665,RUA JOSE LINDOSO 152 CIDADE NOVA,392,790456,RUA SILVINO SANTOS 145 CIDADE NOVA,6665,0.041542184
1136665,RUA JOSE LINDOSO 152 CIDADE NOVA,392,1138171,RUA JUAREZ PRADO 53 NOVA CIDADE,2978,0.043009218
541082,BECO CANTINHO DO AMOR 25 AVIARIO,393,541082,BECO CANTINHO DO AMOR 25 AVIARIO,2435,1.1905781e-05
541082,BECO CANTINHO DO AMOR 25 AVIARIO,393,916250,BECO DA AMIZADE 8 PETROPLIS,918,0.10754821
541082,BECO CANTINHO DO AMOR 25 AVIARIO,393,917150,BECO DA PAZ 27 COROADO,1745,0.11657721
541082,BECO CANTINHO DO AMOR 25 AVIARIO,393,911592,BECO BECO BURITI 20 COMPENSA,737,0.12080141
541082,BECO CANTINHO DO AMOR 25 AVIARIO,393,922751,BECO LIVRAMENTO 79 GLORIA,9145,0.12125014
194476,AVENIDAJ OAO PESSOA 1333 NOVA,394,74522,AVENIDA SOLIMOES 3613 JO SATO,5869,0.083273865
194476,AVENIDAJ OAO PESSOA 1333 NOVA,394,394434,AVENIDA SEBASTIAO JOAO CLIMACO 6343 SAO JOSE,7824,0.10074927
194476,AVENIDAJ OAO PESSOA 1333 NOVA,394,345119,AVENIDA MACEIO 6226 SAO CRISTOVAO,6114,0.10358848
194476,AVENIDAJ OAO PESSOA 1333 NOVA,394,345062,AVENIDA MACEIO 5703 SAO CRISTOVAO,9779,0.106807
194476,AVENIDAJ OAO PESSOA 1333 NOVA,394,781194,AVENIDA JOAO HERCULANO PRIMO 18 IPIXUNA,6085,0.109406084
966935,RUA 36 23 NOVA CIDADE,395,966935,RUA 36 23 CIDADE NOVA,6722,0.016032983
966935,RUA 36 23 NOVA CIDADE,395,972835,RUA 66 6 NOVA CIDADE,713,0.029635295
966935,RUA 36 23 NOVA CIDADE,395,966578,RUA 33 20 NOVA CIDADE,6669,0.030600766
966935,RUA 36 23 NOVA CIDADE,395,962519,RUA 24 12 NOVA CIDADE,5777,0.031565383
966935,RUA 36 23 NOVA CIDADE,395,966963,RUA 36 38 CIDADE NOVA,4963,0.033648636
532854,RAMAL EIPTACIi 32 COMUNïDADE SOA VICENTE,396,758981,COMUNIDADE TAPIIRA 1 21 CODAJAS,1947,0.11578949
532854,RAMAL EIPTACIi 32 COMUNïDADE SOA VICENTE,396,759493,LAGO MIUA 5 COMUNIDADE COPO,675,0.11579633
532854,RAMAL EIPTACIi 32 COMUNïDADE SOA VICENTE,396,704088,COMUNIDADE BOM PASTOR 2 24 SURURUA,4877,0.1170746
532854,RAMAL EIPTACIi 32 COMUNïDADE SOA VICENTE,396,532223,RAMAL CEU ABERTO 5 COLONIA 3 IRMAOS,6612,0.11758603
532854,RAMAL EIPTACIi 32 COMUNïDADE SOA VICENTE,396,754295,PARADOURO COPEA 18 NOVA JERUSALEM,4293,0.13062434
961602,R0UA 225 31 CIDADE NOVA,397,960209,RUA 210 9 NOVA CIDADE,723,0.07365863
961602,R0UA 225 31 CIDADE NOVA,397,961984,RUA 230 21 CIDADE NOVA,1957,0.07569701
961602,R0UA 225 31 CIDADE NOVA,397,960700,RUA 216 1 NOVA CIDADE,3352,0.07718103
961602,R0UA 225 31 CIDADE NOVA,397,947415,RUA 1 2 CIDADE NOVA,101,0.08116269
961602,R0UA 225 31 CIDADE NOVA,397,960809,RUA 217 6 NOVA CIDADE,7146,0.08425798
650055,RAMAL GADELHA 102 None,398,650055,RAMAL GADELHA 102 None,8429,3.6244906e-05
650055,RAMAL GADELHA 102 None,398,650267,RAMAL MULUNGU 1 None,1099,0.09606491
650055,RAMAL GADELHA 102 None,398,650304,RAMAL MULUNGU 37 None,3026,0.10427968
650055,RAMAL GADELHA 102 None,398,508246,RAMAL AGROVILA 1151 None,8474,0.105109975
650055,RAMAL GADELHA 102 None,398,650924,RAMAL TREIS MARIA 3662 None,3404,0.10857415
767365,RUA BARNABE BARmNABE GOMES 55 FRANCISpCO II SAO,399,767365,RUA BARNABE GOMES 55 SAO FRANCISCO II,4432,0.07811448
767365,RUA BARNABE BARmNABE GOMES 55 FRANCISpCO II SAO,399,534202,RUA ESTEVAO BARBARY 54 PORTO WALTER,638,0.08194455
767365,RUA BARNABE BARmNABE GOMES 55 FRANCISpCO II SAO,399,767577,RUA BELARMINO LINS 26 SAO FRANCISCO II,5438,0.08502724
767365,RUA BARNABE BARmNABE GOMES 55 FRANCISpCO II SAO,399,534208,RUA ESTEVAO BARBARY 91 PORTO WALTER,2311,0.08709255
767365,RUA BARNABE BARmNABE GOMES 55 FRANCISpCO II SAO,399,790298,RUA SEBASTIAO MAQUINE 50 LARANJAL,1652,0.08923893
1118652,RUA INGLATERRA 1211 FLORES,400,1118652,RUA INGLATERRA 1211 FLORES,6509,9.119544e-06
1118652,RUA INGLATERRA 1211 FLORES,400,1122261,RUA ITALIA 321 FLORES,3612,0.054549046
1118652,RUA INGLATERRA 1211 FLORES,400,1001781,RUA AUSTRIA 430 FLORES,4010,0.06457264
1118652,RUA INGLATERRA 1211 FLORES,400,266389,RUA INGLATERRA 4173 IGARAPE,5580,0.069286235
1118652,RUA INGLATERRA 1211 FLORES,400,1122259,RUA ITALIA 300 FLORES,2996,0.072108336
93600,AVENIAD 13 DE SETEMBRO 576 TAMANDARE,401,119713,TRAVESSA PRIMEIRO DE MAIO 2160 TARILANDIA,3105,0.08919073
93600,AVENIAD 13 DE SETEMBRO 576 TAMANDARE,401,795294,AVENIDA SETE DE SETEMBRO 1385 IRACY,1846,0.09467392
93600,AVENIAD 13 DE SETEMBRO 576 TAMANDARE,401,915579,BECO CINCO DE SETEMBRO 2 386 JAPIIM,4017,0.09559552
93600,AVENIAD 13 DE SETEMBRO 576 TAMANDARE,401,701241,BECO 5 DE SETEMBRO 103 JAVARIZINHO,59,0.104006864
93600,AVENIAD 13 DE SETEMBRO 576 TAMANDARE,401,675145,TRAVESSA 13 DE MAIO 642 AGROVILA,5963,0.11567804
224640,RUâ ALGODOsIRO 4010 SUL,402,476921,PORTO DIAS 60 SERINGAL TRIUNFO,1772,0.11887463
224640,RUâ ALGODOsIRO 4010 SUL,402,524077,RAMAL ALTO PENTENCOSTE 214 PARANA,5186,0.1249286
224640,RUâ ALGODOsIRO 4010 SUL,402,358247,LINHA 200 SUL 5 ROLIM DE MOURA,6388,0.1290372
224640,RUâ ALGODOsIRO 4010 SUL,402,754295,PARADOURO COPEA 18 NOVA JERUSALEM,4293,0.13086887
224640,RUâ ALGODOsIRO 4010 SUL,402,360553,LINHA 192 SUL 4 RURAL,3205,0.14272124
364485,AVENIDA FLORIANOPOLIS OU 2005 7809 SETOR ZICO OUg 26,403,364485,AVENIDA FLORIANOPOLIS OU 2005 7809 SETOR ZICO OU 26,8975,0.015226334
364485,AVENIDA FLORIANOPOLIS OU 2005 7809 SETOR ZICO OUg 26,403,364470,AVENIDA FLORIANOPOLIS OU 2005 7528 SETOR ZICO OU 26,9477,0.022692122
364485,AVENIDA FLORIANOPOLIS OU 2005 7809 SETOR ZICO OUg 26,403,364596,AVENIDA GOIAS OU 2009 7646 SETOR ZICO OU 26,6851,0.05949319
364485,AVENIDA FLORIANOPOLIS OU 2005 7809 SETOR ZICO OUg 26,403,364782,AVENIDA JASMIM OU 1703 2093 JARDIM PRIMAVERA,1163,0.091815285
364485,AVENIDA FLORIANOPOLIS OU 2005 7809 SETOR ZICO OUg 26,403,378581,RUA JOSE BONIFACIO 2312 SETOR ZICO OU 26,8018,0.099681355
110008,RU CASTRO ALVESf 3537 S T60,404,643729,RAMAL TIRIRICA 2280 R0DRIGUES ALVES,5283,0.12431858
110008,RU CASTRO ALVESf 3537 S T60,404,643703,RAMAL TIRIRICA 12 R0DRIGUES ALVES,1410,0.13449383
110008,RU CASTRO ALVESf 3537 S T60,404,358247,LINHA 200 SUL 5 ROLIM DE MOURA,6388,0.14008546
110008,RU CASTRO ALVESf 3537 S T60,404,623090,TRAVESSA CARAMURU 167 BOSQUE,3581,0.14193895
110008,RU CASTRO ALVESf 3537 S T60,404,532008,TRAVESSA RAIMUNDO DO T. DE CARVALHO 40 CAGEACRE,3944,0.14196205
1055368,RUA D CINCO CImCO 1966 JAIPM,405,1055368,RUA D CINCO 1966 JAPIIM,6185,0.06964054
1055368,RUA D CINCO CImCO 1966 JAIPM,405,1024981,RUA C SEIS 1732 JAPIIM,432,0.10521519
1055368,RUA D CINCO CImCO 1966 JAIPM,405,1024876,RUA C NOVE 1770 JAPIIM,8942,0.112429276
1055368,RUA D CINCO CImCO 1966 JAIPM,405,561623,RUA COLOMBIA A 657 BOSQUE,3226,0.12077014
1055368,RUA D CINCO CImCO 1966 JAIPM,405,1053849,RUA D 6 COROADO,400,0.122606754
599814,RUA RI0 GRANDE DO SULu 1327 PREVENOfRIO,406,599814,RUA RIO GRANDE DO SUL 1327 PREVENTORIO,1003,0.06854724
599814,RUA RI0 GRANDE DO SULu 1327 PREVENOfRIO,406,599872,RUA RIO GRANDE DO SUL 2013 PREVENTORIO,6892,0.081029356
599814,RUA RI0 GRANDE DO SULu 1327 PREVENOfRIO,406,599758,RUA RIO GRANDE DO SUL 962 PREVENTORIO,9431,0.08861693
599814,RUA RI0 GRANDE DO SULu 1327 PREVENOfRIO,406,599699,RUA RIO GRANDE DO SUL 400 PREVENTORIO,5526,0.09358676
599814,RUA RI0 GRANDE DO SULu 1327 PREVENOfRIO,406,379397,RUA MARANHAO 2197 PARQUE IND NOVO TEMPO,4038,0.1063833
800135,RUA CHBILY ABARHIM 1254 JAUARIc II,407,800135,RUA CHIBLY ABRAHIM 1254 JAUARI II,7601,0.018616078
800135,RUA CHBILY ABARHIM 1254 JAUARIc II,407,801105,RUA ERNESTO THALHEIMER 1287 JAUARI II,6422,0.058322765
800135,RUA CHBILY ABARHIM 1254 JAUARIc II,407,48598,RUA ANITA GARIBALDI 2970 TEIXEIRAO,7224,0.08096989
800135,RUA CHBILY ABARHIM 1254 JAUARIc II,407,747651,RUA LEONCIO SALINGNAC 199 TAUA MIRIM,724,0.081263125
800135,RUA CHBILY ABARHIM 1254 JAUARIc II,407,138189,RUA DIVINO TAQUARI 1758 NOVA BRASILIA,3330,0.08559525
267943,RUãp JACO AIRES 4219 CALwADINHO CALwADINHO,408,267943,RUA JACO AIRES 4219 CALADINHO,1594,0.16718996
267943,RUãp JACO AIRES 4219 CALwADINHO CALwADINHO,408,643474,RAMAL PARANA DOS MOURAS 74 LUZEIRO2,72,0.17318602
267943,RUãp JACO AIRES 4219 CALwADINHO CALwADINHO,408,944453,RAMAL DO IPIRANGUINHA 4720 JORGE TEIXEIRA,806,0.17649236
267943,RUãp JACO AIRES 4219 CALwADINHO CALwADINHO,408,541918,BECO MARACUJA 69 MOCINHA MAGALHAES,6726,0.17996365
267943,RUãp JACO AIRES 4219 CALwADINHO CALwADINHO,408,705317,BECO DO JUNHO 60 RIBERINHO,4035,0.18042293
926590,BECOg RO MAR 84 COnL0NIA ANTONIO ALEIXO,409,926590,BECO RIO MAR 84 COLONIA ANTONIO ALEIXO,9177,0.08402193
926590,BECOg RO MAR 84 COnL0NIA ANTONIO ALEIXO,409,926582,BECO RIO MAR 4 COLONIA ANTONIO ALEIXO,5687,0.09170758
926590,BECOg RO MAR 84 COnL0NIA ANTONIO ALEIXO,409,914242,BECO BURITI 219 COLONIA ANTONIO ALEIXO,8868,0.11887282
926590,BECOg RO MAR 84 COnL0NIA ANTONIO ALEIXO,409,915253,BECO CENTRAL 16 COLONIA ANTONIO ALEIXO,5637,0.12550423
926590,BECOg RO MAR 84 COnL0NIA ANTONIO ALEIXO,409,915264,BECO CENTRAL 34 COLONIA ANTONIO ALEIXO,1782,0.12834379
322112,RUA PADRE CHIQHINHO 2693 LIBRDADE,410,322112,RUA PADRE CHIQHINHO 2693 LIBERDADE,5122,0.0013554299
322112,RUA PADRE CHIQHINHO 2693 LIBRDADE,410,322057,RUA PADRE CHIQHINHO 2593 LIBERDADE,1329,0.007014389
322112,RUA PADRE CHIQHINHO 2693 LIBRDADE,410,322046,RUA PADRE CHIQHINHO 2494 LIBERDADE,4098,0.012533849
322112,RUA PADRE CHIQHINHO 2693 LIBRDADE,410,322321,RUA PADRE CHIQUINHO 1221 PEDRINHAS,6931,0.038448337
322112,RUA PADRE CHIQHINHO 2693 LIBRDADE,410,322317,RUA PADRE CHIQUINHO 935 PEDRINHAS,2909,0.043675646
9408,AVENIDA JUSCELINO KUBITSCHEK 4054 SETOR 06,411,9408,AVENIDA JUSCELINO KUBITSCHEK 4054 SETOR 06,1906,7.0989295e-06
9408,AVENIDA JUSCELINO KUBITSCHEK 4054 SETOR 06,411,396810,AVENIDA JUSCELINO KUBITSCHEK 5954 CENTRO,6373,0.032330167
9408,AVENIDA JUSCELINO KUBITSCHEK 4054 SETOR 06,411,396770,AVENIDA JUSCELINO KUBITSCHEK 5458 CENTRO,9323,0.040717743
9408,AVENIDA JUSCELINO KUBITSCHEK 4054 SETOR 06,411,11150,AVENIDA PRESIDENTE JUSCELINO KUBTSCHEK 2352 SETOR 4,8148,0.044734873
9408,AVENIDA JUSCELINO KUBITSCHEK 4054 SETOR 06,411,401780,AVENIDA JUSCELINO KUBISTCHEK 3393 CENTRO,7207,0.044870935
755326,RIO SOLIMOES 82 LAUR0 SORDE,412,755326,RIO SOLIMOES 82 LAURO SODRE,8262,0.060682725
755326,RIO SOLIMOES 82 LAUR0 SORDE,412,849769,RIO SOLIMOES 19780 COSTA DO ARUANA,4508,0.092093006
755326,RIO SOLIMOES 82 LAUR0 SORDE,412,754997,RIO SOLIMOES 13 COSTA DO TROCARIS,1145,0.093142875
755326,RIO SOLIMOES 82 LAUR0 SORDE,412,643474,RAMAL PARANA DOS MOURAS 74 LUZEIRO2,72,0.11193736
755326,RIO SOLIMOES 82 LAUR0 SORDE,412,849623,RIO SOLIMOES 272 ENSEADA DO JANAUACA,5426,0.120286055
1004525,RUpA 659 JROGE TEIXEIRASANTA INES,413,808853,TRAVESSA ARAUJO COSTA 710 JAUARI II,9024,0.12767187
1004525,RUpA 659 JROGE TEIXEIRASANTA INES,413,643703,RAMAL TIRIRICA 12 R0DRIGUES ALVES,1410,0.12795183
1004525,RUpA 659 JROGE TEIXEIRASANTA INES,413,627658,TRAVESSA JERUSALEM 144 AIRTON SENA,4102,0.13245365
1004525,RUpA 659 JROGE TEIXEIRASANTA INES,413,796049,BECO TEODORICO NUNES 482 JAUARY I,5773,0.13486665
1004525,RUpA 659 JROGE TEIXEIRASANTA INES,413,924482,BECO NOVA JERUSALEM 23 JORGE TEIXEIRA 4 ETAPA,8344,0.13492236
367991,AVENIDA ROSALINDA A. MARANGONI 2985 JRDïM AMERICA,414,367991,AVENIDA ROSALINDA A. MARANGONI 2985 JARDIM AMERICA,5046,0.03660556
367991,AVENIDA ROSALINDA A. MARANGONI 2985 JRDïM AMERICA,414,507492,AVENIDA MADRE ADELGUNDES 468 MIRITIZAL,5007,0.069652826
367991,AVENIDA ROSALINDA A. MARANGONI 2985 JRDïM AMERICA,414,682785,AVENIDA MARIO ANDREAZZA 1125 CENTRO,9097,0.072007194
367991,AVENIDA ROSALINDA A. MARANGONI 2985 JRDïM AMERICA,414,835158,RUA DANIEL SIMOES 3453 APARECIDA,4511,0.076123305
367991,AVENIDA ROSALINDA A. MARANGONI 2985 JRDïM AMERICA,414,790772,RUA VANESSA GRAZIOTTIN 51 MORADA DO SOL,9553,0.07640968
395083,RUA TERSINA V DO NASCIMENTO 4935 PANALTOh,415,395083,RUA TERSINA V DO NASCIMENTO 4935 PLANALTO,8839,0.009149026
395083,RUA TERSINA V DO NASCIMENTO 4935 PANALTOh,415,395021,RUA TERSINA V DO NASCIMENTO 3980 SAO JOSE,3595,0.05252471
395083,RUA TERSINA V DO NASCIMENTO 4935 PANALTOh,415,220804,RUA ABILIO NASCIMENTO 4469 CALADINHO,8128,0.063581124
395083,RUA TERSINA V DO NASCIMENTO 4935 PANALTOh,415,285274,RUA MILTON COSTA 7819 TEIXEIRAO,6925,0.070166185
395083,RUA TERSINA V DO NASCIMENTO 4935 PANALTOh,415,823189,RUA DEOCLECIANO SAMPAIO 1027 PANTANAL,601,0.07172927
967043,tRUuA 37 13 CIDãDENOVA,416,1053711,RUA D 1 TARUMA ACU,6023,0.20024881
967043,tRUuA 37 13 CIDãDENOVA,416,722079,RIO AUTAZ ACU 476 LIMAO,7705,0.2027165
967043,tRUuA 37 13 CIDãDENOVA,416,694171,RIO RIO AUTAZ ACU 6 CURRUSA,7930,0.21067291
967043,tRUuA 37 13 CIDãDENOVA,416,527939,RIO JURUA 80 None,8698,0.22291414
967043,tRUuA 37 13 CIDãDENOVA,416,768264,RUA DOIS [2] 134 PAI SABA,6599,0.22705849
1149205,RUA LUIZ MONTE NEGRO 143 JORGE TêIXEIRA 4 wTP,417,1149205,RUA LUIZ MONTE NEGRO 143 JORGE TEIXEIRA 4 ETP,5488,0.016375327
1149205,RUA LUIZ MONTE NEGRO 143 JORGE TêIXEIRA 4 wTP,417,1149190,RUA LUIZ MONTE NEGRO 50 JORGE TEIXEIRA 4 ETP,3348,0.036506873
1149205,RUA LUIZ MONTE NEGRO 143 JORGE TêIXEIRA 4 wTP,417,1012113,RUA BELFORD ROXO 690 JORGE TEIXEIRA 4 ETP,8245,0.04739891
1149205,RUA LUIZ MONTE NEGRO 143 JORGE TêIXEIRA 4 wTP,417,1012109,RUA BELFORD ROXO 645 JORGE TEIXEIRA 4 ETP,5799,0.053337894
1149205,RUA LUIZ MONTE NEGRO 143 JORGE TêIXEIRA 4 wTP,417,1148280,RUA LUIS MONTENEGRO 373 JORGE TEIXEIRA,4469,0.06605411
923592,BECO MAUA 200 CORODAO,418,923592,BECO MAUA 200 COROADO,9186,0.036666777
923592,BECO MAUA 200 CORODAO,418,923580,BECO MAUA 170 COROADO,221,0.047011912
923592,BECO MAUA 200 CORODAO,418,931643,BECO TRES IRMAOS 1527 COROADO,7173,0.09859131
923592,BECO MAUA 200 CORODAO,418,910931,BECO ARUANA 16 COMPENSA,4966,0.109633714
923592,BECO MAUA 200 CORODAO,418,216801,BECO DO MACIEL 937 BAIXA UNIAO,2665,0.11294107
492852,AVErNIDA GETULIOV ARGAS 1832 REMANSO,419,535900,ALAMEDA MANACAIAS 358 CHACARA IPE,182,0.14190058
492852,AVErNIDA GETULIOV ARGAS 1832 REMANSO,419,627658,TRAVESSA JERUSALEM 144 AIRTON SENA,4102,0.15125465
492852,AVErNIDA GETULIOV ARGAS 1832 REMANSO,419,643703,RAMAL TIRIRICA 12 R0DRIGUES ALVES,1410,0.1591278
492852,AVErNIDA GETULIOV ARGAS 1832 REMANSO,419,626871,TRAVESSA HEROS 14 ADALBERTO ARAGAO,9144,0.16253118
492852,AVErNIDA GETULIOV ARGAS 1832 REMANSO,419,650108,RAMAL GLEBA F 4600 SENADOR GUIOMARD,5101,0.17824438
107752,AVENIA DOM PEDRO PRIMEIOR 2575 SETOR 5,420,1081451,RUA DOIS 621 GRANDE VITORIA,9367,0.13802382
107752,AVENIA DOM PEDRO PRIMEIOR 2575 SETOR 5,420,1074009,RUA DIAMANTINA 256 GRANDE VITORIA,5457,0.13952568
107752,AVENIA DOM PEDRO PRIMEIOR 2575 SETOR 5,420,1071813,RUA DEZESSEIS 439 ALVORADA II,5421,0.14498553
107752,AVENIA DOM PEDRO PRIMEIOR 2575 SETOR 5,420,575229,RUA FUTURO 147 AVIARIO,5018,0.14686304
107752,AVENIA DOM PEDRO PRIMEIOR 2575 SETOR 5,420,575241,RUA FUTURO 196 AVIARIO,5545,0.14943275
915196,BEC0 CtELESTINO 23 CACHOEIRINHA,421,915196,BECO CELESTINO 23 CACHOEIRINHA,8479,0.07008262
915196,BEC0 CtELESTINO 23 CACHOEIRINHA,421,924312,BECO NONATO 2370 CACHOEIRINHA,8063,0.09753414
915196,BEC0 CtELESTINO 23 CACHOEIRINHA,421,701208,BECO 30 101 JAVARIZINHO,7774,0.106912136
915196,BEC0 CtELESTINO 23 CACHOEIRINHA,421,701190,BECO 30 16 JAVARIZINHO,5786,0.10889809
915196,BEC0 CtELESTINO 23 CACHOEIRINHA,421,506227,TRAVESSA DO FLAMENGO 473 CRUZEIRAO,2315,0.14335549
367830,AVENIDA ROSA DE SAROM 1769 PRIMAVEAR,422,367830,AVENIDA ROSA DE SAROM 1769 JARDIM PRIMAVERA,153,0.047712382
367830,AVENIDA ROSA DE SAROM 1769 PRIMAVEAR,422,367807,AVENIDA ROSA DE SAROM 1173 JARDIM PRIMAVERA,3137,0.050480533
367830,AVENIDA ROSA DE SAROM 1769 PRIMAVEAR,422,210405,AVENIDA MEXICO 3223 EMBRATEL,2210,0.06113223
367830,AVENIDA ROSA DE SAROM 1769 PRIMAVEAR,422,209932,AVENIDA LAURO SODRE 1799 PEDRINHAS,4912,0.06385988
367830,AVENIDA ROSA DE SAROM 1769 PRIMAVEAR,422,73722,AVENIDA GUAPORE 2755 SANTA LUZIA,2261,0.06515401
841720,ALMIRANTE TàMANDARE RUA 658 LIBERDAD,423,841720,RUA ALMIRANTE TAMANDARE 658 LIBERDADE,4262,0.06493903
841720,ALMIRANTE TàMANDARE RUA 658 LIBERDAD,423,1147210,RUA LOPES CORDOVIL 445 ALVORADA,9675,0.098041445
841720,ALMIRANTE TàMANDARE RUA 658 LIBERDAD,423,840367,RUA SAMAUMA 1354 LIBERDADE,9084,0.098615795
841720,ALMIRANTE TàMANDARE RUA 658 LIBERDAD,423,1147226,RUA LOPES CORDOVIL 483 ALVORADA,6385,0.10453508
841720,ALMIRANTE TàMANDARE RUA 658 LIBERDAD,423,282027,RUA MARECHAL RONDON 343 PEDRINHAS,833,0.10787767
827478,IGARAPE yPRETO 6 ALDEIA INDIGENA SAO FRANCISCO,424,827478,IGARAPE PRETO 6 ALDEIA INDIGENA SAO FRANCISCO,7299,0.04633846
827478,IGARAPE yPRETO 6 ALDEIA INDIGENA SAO FRANCISCO,424,510440,TRAVESSA SAO FRANCISCO 106 MIRITIZAL,641,0.08103696
827478,IGARAPE yPRETO 6 ALDEIA INDIGENA SAO FRANCISCO,424,716843,IGARAPE SAO FRANCISCO 10 RIO INAUINI,9209,0.08142562
827478,IGARAPE yPRETO 6 ALDEIA INDIGENA SAO FRANCISCO,424,728176,PROJETO SAO FRANCISC0 LINHA 2 50 SITIO NOVA ALIANCA,8249,0.09483145
827478,IGARAPE yPRETO 6 ALDEIA INDIGENA SAO FRANCISCO,424,325038,TRAVESSIA SAO FRANCISCO 7998 NACIONAL,5575,0.1002886
911592,BEOC BECOB URITI 20 COMPENSA,425,911592,BECO BECO BURITI 20 COMPENSA,737,0.07833567
911592,BEOC BECOB URITI 20 COMPENSA,425,912290,BECO BELEM 60 COMPENSA,2983,0.088991046
911592,BEOC BECOB URITI 20 COMPENSA,425,912310,BECO BELEM 63 COMPENSA,393,0.09725459
911592,BEOC BECOB URITI 20 COMPENSA,425,912320,BECO BELEM 68 COMPENSA,9672,0.09775413
911592,BEOC BECOB URITI 20 COMPENSA,425,920980,BECO IGARAPE 27 COMPENSA,7408,0.10099541
934874,BECO SANO ANONIO 36 COROADrO,426,934874,BECO SANTO ANTONIO 36 COROADO,2833,0.08791503
934874,BECO SANO ANONIO 36 COROADrO,426,934762,BECO SANTO AMARO 23 REDENCAO,8907,0.10804387
934874,BECO SANO ANONIO 36 COROADrO,426,917150,BECO DA PAZ 27 COROADO,1745,0.10820679
934874,BECO SANO ANONIO 36 COROADrO,426,931643,BECO TRES IRMAOS 1527 COROADO,7173,0.11168171
934874,BECO SANO ANONIO 36 COROADrO,426,851808,ALAMEDA OASIS 21 COROADO,8964,0.12502888
805388,RUA RAIMUNDO GARCIA AGMA 1019 SO JORGE,427,298581,RUA RAIMUNDO CANTUARIA 4799 AGENOR M DE CARVALHO,2583,0.06493205
805388,RUA RAIMUNDO GARCIA AGMA 1019 SO JORGE,427,823189,RUA DEOCLECIANO SAMPAIO 1027 PANTANAL,601,0.06771732
805388,RUA RAIMUNDO GARCIA AGMA 1019 SO JORGE,427,571459,RUA ELDORADO 378 JORGE LAVOCAT,1593,0.06846057
805388,RUA RAIMUNDO GARCIA AGMA 1019 SO JORGE,427,298602,RUA RAIMUNDO CANTUARIA 4871 AGENOR M DE CARVALHO,9630,0.07160583
805388,RUA RAIMUNDO GARCIA AGMA 1019 SO JORGE,427,553571,RUA ANTONIO P DA SILVA 417 JORGE LAVOCAT,3244,0.07414612
532942,RAMAL MENDES fARLS I 177 COLONIA SAO PEDRO,428,532942,RAMAL MENDES CARLOS I 177 COLONIA SAO PEDRO,5984,0.06086269
532942,RAMAL MENDES fARLS I 177 COLONIA SAO PEDRO,428,508281,RAMAL BURITIRANA 90 COLONIA SAO PEDRO,349,0.10500293
532942,RAMAL MENDES fARLS I 177 COLONIA SAO PEDRO,428,915277,BECO CENTRAL 58 SAO RAIMUNDO,1107,0.117338024
532942,RAMAL MENDES fARLS I 177 COLONIA SAO PEDRO,428,626456,TRAVESSA GUANABARA 19 JOAO EDUARDO I,2898,0.11877073
532942,RAMAL MENDES fARLS I 177 COLONIA SAO PEDRO,428,931528,BECO TODOS OS SANTOS 515 REDENCAO,718,0.11979678
903690,AVENIDA MADRE TEREZA 24 NOVA CIDADE,429,903690,AVENIDA MADRE TEREZA 24 NOVA CIDADE,6064,9.007225e-06
903690,AVENIDA MADRE TEREZA 24 NOVA CIDADE,429,884890,AVENIDA MAX TEIXEIRA 29 CIDADE NOVA,6047,0.040769253
903690,AVENIDA MADRE TEREZA 24 NOVA CIDADE,429,884960,AVENIDA MAX TEIXEIRA 2314 CIDADE NOVA,2796,0.05450274
903690,AVENIDA MADRE TEREZA 24 NOVA CIDADE,429,863252,AVENIDA CHICO MENDES 184 COLONIA TERRA NOVA,924,0.061105542
903690,AVENIDA MADRE TEREZA 24 NOVA CIDADE,429,393480,AVENIDA JOSAIR DE ARAUJO 1000 NOVA DIMENSAO,6519,0.06256473
863252,AVENIDA CHICO MENDES 184 nCOLONI ATERRA NOVA,430,863252,AVENIDA CHICO MENDES 184 COLONIA TERRA NOVA,924,0.036223013
863252,AVENIDA CHICO MENDES 184 nCOLONI ATERRA NOVA,430,425277,AVENIDA TANCREDO NEVES 70 SATELITE,3155,0.06182757
863252,AVENIDA CHICO MENDES 184 nCOLONI ATERRA NOVA,430,39506,AVENIDA AGLAIR NOGUEIRA 1955 RIOZINHO,3290,0.06288229
863252,AVENIDA CHICO MENDES 184 nCOLONI ATERRA NOVA,430,392959,AVENIDA CECILIA MEIRELES 6885 PLANALTO,7445,0.06519047
863252,AVENIDA CHICO MENDES 184 nCOLONI ATERRA NOVA,430,853202,AVENIDA ADOLFO DUCKE 540 COROADO,6404,0.066182435
633624,TRAVSSA ANTA IZABEL 117 SOA FRANCI$CO,431,621330,TRAVESSA ANA MARIA 79 DOCA FURTADO,8228,0.10085123
633624,TRAVSSA ANTA IZABEL 117 SOA FRANCI$CO,431,665253,TRAVESSA HILTON LESSA CATAO 1610 COPACABANA,3897,0.11382486
633624,TRAVSSA ANTA IZABEL 117 SOA FRANCI$CO,431,532024,TRAVESSA SEBASTIAO PEIXOTO 398 SERRARIA,2234,0.11585477
633624,TRAVSSA ANTA IZABEL 117 SOA FRANCI$CO,431,843400,TRAVESSA ALVARAES 330 APARECIDA,4953,0.12156583
633624,TRAVSSA ANTA IZABEL 117 SOA FRANCI$CO,431,632091,TRAVESSA SENA MADUREIRA 140 ADALBERTO ARAGAO,1101,0.12449053
851591,ALAMEDA ESCOCIA 56 PONTA NEGRA RESIDENCIAL EUORPA 01,432,1096315,RUA F 8 TARUMA PONTA NEGRA RESIDENCIAL 1,8345,0.0946979
851591,ALAMEDA ESCOCIA 56 PONTA NEGRA RESIDENCIAL EUORPA 01,432,560869,RUA CEDRO 121 RESIDENCIAL JOAFRA,2017,0.09553221
851591,ALAMEDA ESCOCIA 56 PONTA NEGRA RESIDENCIAL EUORPA 01,432,564377,RUA DA PAZ 178 RESIDENCIAL JOAFRA,856,0.104580216
851591,ALAMEDA ESCOCIA 56 PONTA NEGRA RESIDENCIAL EUORPA 01,432,1077750,RUA DO PLATINA 111 TANCREDO NEVES COMUNIDADE NOVA FLORESTA,3771,0.10601902
851591,ALAMEDA ESCOCIA 56 PONTA NEGRA RESIDENCIAL EUORPA 01,432,789819,RUA PRINCIPAL 345 CACAU PIRERA,8166,0.11164123
1028100,RUAC AMPOS SALLéS 36 COMPENSA,433,1028100,RUA CAMPOS SALLES 36 COMPENSA,3236,0.09688279
1028100,RUAC AMPOS SALLéS 36 COMPENSA,433,1106376,RUA GIRASSOL 20 COROADO,4528,0.10385271
1028100,RUAC AMPOS SALLéS 36 COMPENSA,433,1023945,RUA C 289 CAMPOS SALES,3954,0.110289596
1028100,RUAC AMPOS SALLéS 36 COMPENSA,433,976766,RUA A 22 TARUMA CAMPO SALES,5801,0.11553079
1028100,RUAC AMPOS SALLéS 36 COMPENSA,433,1142368,RUA LAURA VINCUNA 50 C0ROADO,2580,0.116392225
153374,ALCANTARA RUA 2349 NOVA LONDRINA LONDRINA,434,153374,RUA SAULO ALCANTARA 2349 NOVA LONDRINA,2679,0.05439777
153374,ALCANTARA RUA 2349 NOVA LONDRINA LONDRINA,434,153356,RUA SAULO ALCANTARA 2177 NOVA LONDRINA,4445,0.06291336
153374,ALCANTARA RUA 2349 NOVA LONDRINA LONDRINA,434,153401,RUA SAULO ALCANTARA 2701 NOVA LONDRINA,4702,0.067656875
153374,ALCANTARA RUA 2349 NOVA LONDRINA LONDRINA,434,145802,RUA LONDRINA 1698 VALPARAISO,9430,0.091783606
153374,ALCANTARA RUA 2349 NOVA LONDRINA LONDRINA,434,153427,RUA SEABRA VIEIRA 1119 NOVA COLINA,9789,0.10039353
410110,RUA CACOAL 1272 ST 02,435,410110,RUA CACOAL 1272 ST 02,5664,1.126329e-05
410110,RUA CACOAL 1272 ST 02,435,113311,RUA MARANHAO 3555 ST 06,8230,0.07529596
410110,RUA CACOAL 1272 ST 02,435,113323,RUA MARANHAO 3666 ST 06,6724,0.0804459
410110,RUA CACOAL 1272 ST 02,435,785452,RUA 02 132 CACAU PIRERA,7461,0.082864046
410110,RUA CACOAL 1272 ST 02,435,1021569,RUA BRASILIA 223 COROADO,6548,0.085903004
988522,RUA AMAZONw 7 MORRO DA LIlBERDADE,436,988522,RUA AMAZONAS 7 MORRO DA LIBERDADE,9656,0.06902681
988522,RUA AMAZONw 7 MORRO DA LIlBERDADE,436,988593,RUA AMAZONAS 11 MORRO DA LIBERDADE,7205,0.07375805
988522,RUA AMAZONw 7 MORRO DA LIlBERDADE,436,789503,RUA PAUDERNEI AVELINO 20 MORADA DO SOL,6672,0.09486784
988522,RUA AMAZONw 7 MORRO DA LIlBERDADE,436,1050919,RUA CRUZEIRO DO SUL 1 ALVORADA,5965,0.09727194
988522,RUA AMAZONw 7 MORRO DA LIlBERDADE,436,890492,AVENIDA RAMOS D 190 NOVO ALEIXO,7272,0.097739086
283684,RUA MAURICIO FREIRE 3736 NEVES NEVES,437,283684,RUA MAURICIO FREIRE 3736 TANCREDO NEVES,4003,0.019665204
283684,RUA MAURICIO FREIRE 3736 NEVES NEVES,437,289064,RUA ORLANDO FERREIRA 8542 TANCREDO NEVES,9698,0.04978507
283684,RUA MAURICIO FREIRE 3736 NEVES NEVES,437,225579,RUA AMELIA FARIAS 3684 TANCREDO NEVES,7552,0.052512117
283684,RUA MAURICIO FREIRE 3736 NEVES NEVES,437,225593,RUA AMELIA FARIAS 3755 TANCREDO NEVES,914,0.053992864
283684,RUA MAURICIO FREIRE 3736 NEVES NEVES,437,317523,RUA ZACARIAS BEZERRA 8518 TANCREDO NEVES,2294,0.05590825
552301,RUA ALV0RADA 253 IVTORIA,438,552301,RUA ALVORADA 253 VITORIA,9834,0.067779064
552301,RUA ALV0RADA 253 IVTORIA,438,975048,RUA 8 435 ALVORADA,2946,0.07653943
552301,RUA ALV0RADA 253 IVTORIA,438,977790,RUA A 23 234 ALVORADA,5977,0.07907098
552301,RUA ALV0RADA 253 IVTORIA,438,973651,RUA 7 301 ALVORADA,817,0.08143893
552301,RUA ALV0RADA 253 IVTORIA,438,949932,RUA 11 455 ALVORADA,3625,0.08264987
345119,AVENIDA MACEIO 6226 SA0 CRISTVAO,439,345119,AVENIDA MACEIO 6226 SAO CRISTOVAO,6114,0.06540687
345119,AVENIDA MACEIO 6226 SA0 CRISTVAO,439,235912,RUA BIDU SAIAO 7005 APONIA,7921,0.06938271
345119,AVENIDA MACEIO 6226 SA0 CRISTVAO,439,74522,AVENIDA SOLIMOES 3613 JO SATO,5869,0.06966011
345119,AVENIDA MACEIO 6226 SA0 CRISTVAO,439,235926,RUA BIDU SAIAO 7069 APONIA,5879,0.0738914
345119,AVENIDA MACEIO 6226 SA0 CRISTVAO,439,235799,RUA BIDU SAIAO 6298 APONIA,4338,0.07744056
449151,RA SAMlUEL M LOPES 3767 MNTE NEGRO,440,658606,TRAVESSA RAIMUNDO NONATO RAULINO 39 BOSQUE,652,0.1268995
449151,RA SAMlUEL M LOPES 3767 MNTE NEGRO,440,488324,RAMAL LINHA NOVA UM 711623 SERINGAL MERCEDES,6098,0.12783484
449151,RA SAMlUEL M LOPES 3767 MNTE NEGRO,440,943164,IGARAPE DO MINDU 3 TANCREDO NEVES,7644,0.13024276
449151,RA SAMlUEL M LOPES 3767 MNTE NEGRO,440,796063,BECO TEODORICO NUNES 538 JAUARY I,243,0.13578583
449151,RA SAMlUEL M LOPES 3767 MNTE NEGRO,440,643703,RAMAL TIRIRICA 12 R0DRIGUES ALVES,1410,0.13630155
453453,AVEIDz GETULIO VARGAS 4152 CENTRO,441,875709,AVENIDA GETULIO VARGAS 1817 CENTRO,7592,0.068194844
453453,AVEIDz GETULIO VARGAS 4152 CENTRO,441,822192,BECO GETULIO VARGAS 350 CENTRO,7551,0.072368376
453453,AVEIDz GETULIO VARGAS 4152 CENTRO,441,875414,AVENIDA GETULIO VARGAS 341 CENTRO,1403,0.072557636
453453,AVEIDz GETULIO VARGAS 4152 CENTRO,441,396414,AVENIDA GETULHO VARGAS 4458 CENTRO,2675,0.07286979
453453,AVEIDz GETULIO VARGAS 4152 CENTRO,441,875403,AVENIDA GETULIO VARGAS 275 CENTRO,2706,0.07306587
543854,ESTRADA DA USINA 888 MORADA DO DO SOL,442,543854,ESTRADA DA USINA 888 MORADA DO SOL,4625,0.008843346
543854,ESTRADA DA USINA 888 MORADA DO DO SOL,442,543796,ESTRADA DA USINA 148 MORADA DO SOL,9722,0.031293593
543854,ESTRADA DA USINA 888 MORADA DO DO SOL,442,543682,ESTRADA DA SOBRAL 3100 SOBRAL,6810,0.08661148
543854,ESTRADA DA USINA 888 MORADA DO DO SOL,442,543588,ESTRADA DA SOBRAL 2267 AIRTON SENA,8122,0.08737296
543854,ESTRADA DA USINA 888 MORADA DO DO SOL,442,430450,ESTRADA RAMAL DO PEDRO 11 ZONA RURAL,9570,0.09185702
980823,RAU ACARI BpDO 14 JORE TEIXEIRA,443,923296,BECO MARANHAO 45 JORGE TEIXEIRA,3112,0.09591822
980823,RAU ACARI BpDO 14 JORE TEIXEIRA,443,980823,RUA ACARI BODO 14 JORGE TEIXEIRA,7234,0.09614059
980823,RAU ACARI BpDO 14 JORE TEIXEIRA,443,922209,BECO JORGE TEIXEIRA 17 ALEIXO,3982,0.1025697
980823,RAU ACARI BpDO 14 JORE TEIXEIRA,443,910349,BECO ANA NOGUEIRA 25 EDUCANDOS,2078,0.10349785
980823,RAU ACARI BpDO 14 JORE TEIXEIRA,443,932543,BECO VINTE 45 JORGE TEIXEIRA,7232,0.10442822
621639,TRAVESSs BAGUARî 32 TAQUARI,444,621639,TRAVESSA BAGUARI 32 TAQUARI,4211,0.053808518
621639,TRAVESSs BAGUARî 32 TAQUARI,444,621655,TRAVESSA BAGUARI 127 TAQUARI,8428,0.057628185
621639,TRAVESSs BAGUARî 32 TAQUARI,444,621679,TRAVESSA BAGUARI 228 TAQUARI,8651,0.063125625
621639,TRAVESSs BAGUARî 32 TAQUARI,444,630272,TRAVESSA PIAUI 27 MONTANHES,5880,0.0881532
621639,TRAVESSs BAGUARî 32 TAQUARI,444,627658,TRAVESSA JERUSALEM 144 AIRTON SENA,4102,0.095918395
822335,CAMINHO RAMA BOA VSITA 1265 ADEIA BOA BOA VISTA,445,822335,CAMINHO RAMA BOA VISTA 1265 ALDEIA BOA VISTA,5471,0.040582083
822335,CAMINHO RAMA BOA VSITA 1265 ADEIA BOA BOA VISTA,445,849466,RIO CASTANHO 33 BOA VISTA,1997,0.13442065
822335,CAMINHO RAMA BOA VSITA 1265 ADEIA BOA BOA VISTA,445,721814,LAGO DO PIAUI 32 BOA ESPERANCA,6427,0.1369568
822335,CAMINHO RAMA BOA VSITA 1265 ADEIA BOA BOA VISTA,445,751859,BEIRA BOM JARDIM 22 ILHA DO BARBADO DO CATUA,7784,0.14550233
822335,CAMINHO RAMA BOA VSITA 1265 ADEIA BOA BOA VISTA,445,857967,AVENIDA BEM TE VI 20 CIDADE NOVA,5780,0.14623135
1145081,LERA CHINESA 173 DISTRITO IpNDUSTRrIAL,446,535415,SERINGAL HUMAITA 58 SEGUNDO DISTRITO,4859,0.14531842
1145081,LERA CHINESA 173 DISTRITO IpNDUSTRrIAL,446,1145081,RUA LETRA CHINESA 173 DISTRITO INDUSTRIAL,9676,0.1475523
1145081,LERA CHINESA 173 DISTRITO IpNDUSTRrIAL,446,944617,RAMAL IPIRANGA 250 DISTRITO INDUSTRAL 2,6914,0.16206996
1145081,LERA CHINESA 173 DISTRITO IpNDUSTRrIAL,446,625250,TRAVESSA DO DIVISOR 76 ELDORADO,8250,0.17562601
1145081,LERA CHINESA 173 DISTRITO IpNDUSTRrIAL,446,476921,PORTO DIAS 60 SERINGAL TRIUNFO,1772,0.18108581
802365,RUA JAPIM 1620 D APAZ,447,802365,RUA JAPIM 1620 DA PAZ,3291,0.06862883
802365,RUA JAPIM 1620 D APAZ,447,129244,RUA AMAPA 2303 JK,923,0.10600476
802365,RUA JAPIM 1620 D APAZ,447,235926,RUA BIDU SAIAO 7069 APONIA,5879,0.11067554
802365,RUA JAPIM 1620 D APAZ,447,996627,RUA ARAPARIS 82 COROADO,7910,0.11562109
802365,RUA JAPIM 1620 D APAZ,447,235826,RUA BIDU SAIAO 6439 APONIA,3980,0.116362706
704659,RUA aAMUEL aAMUEL TEJADA 38103 ALDEIA INDIGtENA ASNTO ANTONIO,448,704659,RUA SAMUEL TEJADA 38103 ALDEIA INDIGENA SANTO ANTONIO,9161,0.06569794
704659,RUA aAMUEL aAMUEL TEJADA 38103 ALDEIA INDIGtENA ASNTO ANTONIO,448,528267,AVENIDA DIAMANTINO AUGUSTO DE MACEDO 1580 CAGEACRE,2214,0.09886049
704659,RUA aAMUEL aAMUEL TEJADA 38103 ALDEIA INDIGtENA ASNTO ANTONIO,448,226186,RUA ANA CAUCAIA 6870 LAGOINHA,9204,0.09976657
704659,RUA aAMUEL aAMUEL TEJADA 38103 ALDEIA INDIGtENA ASNTO ANTONIO,448,309214,RUA TARTARUGA 2096 RONALDO ARAGAO,5095,0.10348538
704659,RUA aAMUEL aAMUEL TEJADA 38103 ALDEIA INDIGtENA ASNTO ANTONIO,448,147124,RUA MARACATIARA 783 MARIO ANDREAZZA,7300,0.10366039
154957,RUA TARAUACA 3183 CAEZINHO,449,154957,RUA TARAUACA 3183 CAFEZINHO,1371,0.0050311806
154957,RUA TARAUACA 3183 CAEZINHO,449,308330,RUA TAMAREIRA 4668 CALADINHO,3934,0.038751654
154957,RUA TARAUACA 3183 CAEZINHO,449,245517,RUA CURITIBA 4103 CALADINHO,7548,0.04583071
154957,RUA TARAUACA 3183 CAEZINHO,449,245154,RUA CRUZEIRO 3249 LAGOINHA,6333,0.04677169
154957,RUA TARAUACA 3183 CAEZINHO,449,287429,RUA NICARAGUA 2916 PORTO VELHO,888,0.04721605
642031,ARRAIAL SAO PAULO 22 wAO PAULO,450,476378,RUA SAO PAULO 7 ACRELANDIA,691,0.13514242
642031,ARRAIAL SAO PAULO 22 wAO PAULO,450,162653,RUA SAO PAULO 1411 NOVA BRASILIA,4398,0.13583782
642031,ARRAIAL SAO PAULO 22 wAO PAULO,450,476388,RUA SAO PAULO 171 ACRELANDIA,7419,0.13764046
642031,ARRAIAL SAO PAULO 22 wAO PAULO,450,1077340,RUA DO LIMAO 87 SAO JOSE OPERARIO,8298,0.13929862
642031,ARRAIAL SAO PAULO 22 wAO PAULO,450,261309,RUA GIRUA 5552 SAO SEBASTIAO,6994,0.14228159
628557,TRAVESSA LUA NOVA 46 BOSuQkUE,451,628557,TRAVESSA LUA NOVA 46 BOSQUE,280,0.050659847
628557,TRAVESSA LUA NOVA 46 BOSuQkUE,451,628555,TRAVESSA LUA NOVA 13 BOSQUE,823,0.057249546
628557,TRAVESSA LUA NOVA 46 BOSuQkUE,451,623090,TRAVESSA CARAMURU 167 BOSQUE,3581,0.1003447
628557,TRAVESSA LUA NOVA 46 BOSuQkUE,451,519190,TRAVESSA WALDEMAR PROBLEM ALBUQUEQUE 107 CIDADE NOVA,2104,0.13253912
628557,TRAVESSA LUA NOVA 46 BOSuQkUE,451,542034,BECO PROJETADA 41 TAQUARI,4654,0.14551833
1128275,RUaA JARxIM PRIMAVERA 384 TAUMA,452,722079,RIO AUTAZ ACU 476 LIMAO,7705,0.14768815
1128275,RUaA JARxIM PRIMAVERA 384 TAUMA,452,694171,RIO RIO AUTAZ ACU 6 CURRUSA,7930,0.15888181
1128275,RUaA JARxIM PRIMAVERA 384 TAUMA,452,627658,TRAVESSA JERUSALEM 144 AIRTON SENA,4102,0.17191702
1128275,RUaA JARxIM PRIMAVERA 384 TAUMA,452,722616,RIO IGAPO ACU 348 JUTAI,2448,0.17227094
1128275,RUaA JARxIM PRIMAVERA 384 TAUMA,452,850367,ALAMEDA A 367 LAGO AZUL,8949,0.17576617
696108,RUA RUA AMIZADE 208 SAO FRáNCISCO,453,696108,RUA AMIZADE 208 SAO FRANCISCO,9476,0.04298503
696108,RUA RUA AMIZADE 208 SAO FRáNCISCO,453,805975,RUA RORAIMA 220 SAO FRANCISCO,6959,0.06718248
696108,RUA RUA AMIZADE 208 SAO FRáNCISCO,453,696089,RUA ALEXANDRE AMBROSIO 1031 SAO FRANCISCO,1940,0.073073134
696108,RUA RUA AMIZADE 208 SAO FRáNCISCO,453,264559,RUA HIGIANOPOLIS 9084 SAO FRANCISCO,463,0.076344915
696108,RUA RUA AMIZADE 208 SAO FRáNCISCO,453,259691,RUA GASOMETRO 2082 SAO FRANCISCO,3577,0.07933543
146520,RUAc MANOEL FRANCO 2011 NOVA BRASlLuIA,454,146520,RUA MANOEL FRANCO 2011 NOVA BRASILIA,235,0.052375782
146520,RUAc MANOEL FRANCO 2011 NOVA BRASlLuIA,454,146514,RUA MANOEL FRANCO 1925 NOVA BRASILIA,2451,0.06656158
146520,RUAc MANOEL FRANCO 2011 NOVA BRASlLuIA,454,1089955,RUA EDGAR NEVES 30 BETANIA,2814,0.07240197
146520,RUAc MANOEL FRANCO 2011 NOVA BRASlLuIA,454,584533,RUA LUIS Z DA SILVA 78 MANOEL JULIAO,8237,0.077761665
146520,RUAc MANOEL FRANCO 2011 NOVA BRASlLuIA,454,654582,RUA MANOEL GONCALVES 95 JOSE N SOBRINHO,5615,0.079438925
1025867,RUA CACHOEIiRà ALTA 708 TARUMrz,455,1053711,RUA D 1 TARUMA ACU,6023,0.12877892
1025867,RUA CACHOEIiRà ALTA 708 TARUMrz,455,290331,RUA PANTEON 7205 TEIXEIRAO,6697,0.13952887
1025867,RUA CACHOEIiRà ALTA 708 TARUMrz,455,156378,RUA TUCUNARE 401 URUPA,6137,0.14131917
1025867,RUA CACHOEIiRà ALTA 708 TARUMrz,455,60887,RUA UIRAPURU 2999 TEIXEIRAO,5284,0.14432359
1025867,RUA CACHOEIiRà ALTA 708 TARUMrz,455,964955,RUA 29 137 TARUMA ACU,6308,0.14533275
373240,RUA 2304 2698 SETOR,456,373240,RUA 2304 2698 SETOR 23,6201,0.027832389
373240,RUA 2304 2698 SETOR,456,374166,RUA 634 6582 SETOR SEIS,3013,0.06930974
373240,RUA 2304 2698 SETOR,456,374163,RUA 634 6564 SETOR SEIS,2956,0.07187219
373240,RUA 2304 2698 SETOR,456,338186,RUA PARANA 2796 CENTRO,8534,0.08743971
373240,RUA 2304 2698 SETOR,456,26262,RUA NATAL 2816 SETOR 3,8047,0.095440745
962798,RUA 22 20 CIADDE NOVA,457,962798,RUA 242 20 CIDADE NOVA,9693,0.104581974
962798,RUA 22 20 CIADDE NOVA,457,962119,RUA 233 22 CIDADE NOVA,5885,0.10778586
962798,RUA 22 20 CIADDE NOVA,457,953179,RUA 15 206 ALVORADA,8163,0.10991008
962798,RUA 22 20 CIADDE NOVA,457,962139,RUA 234 22 CIDADE NOVA,133,0.11173025
962798,RUA 22 20 CIADDE NOVA,457,959417,RUA 205 A 42 NOVA CIDADE,408,0.113196686
19684,RUA FRANCISCO ALVES MENDES FILHO 427 VILA DO SOSSEGO,458,19684,RUA FRANCISCO ALVES MENDES FILHO 427 VILA DO SOSSEGO,3882,3.3314995e-05
19684,RUA FRANCISCO ALVES MENDES FILHO 427 VILA DO SOSSEGO,458,52626,RUA FRANCISCO PATRICIO RODRIGUES 3377 VILAGE DO SOL,6807,0.06685847
19684,RUA FRANCISCO ALVES MENDES FILHO 427 VILA DO SOSSEGO,458,52681,RUA FRANCISCO PATRICIO RODRIGUES 3756 VILLAGE DO SOL II,5692,0.0812894
19684,RUA FRANCISCO ALVES MENDES FILHO 427 VILA DO SOSSEGO,458,52710,RUA FRANCISCO PATRICIO RODRIGUES 4016 VILLAGE DO SOL II,7112,0.08151147
19684,RUA FRANCISCO ALVES MENDES FILHO 427 VILA DO SOSSEGO,458,140903,RUA FRANCISCO PEREIRA DOS SANTOS 721 JORGE TEIXEIRA,1698,0.0836481
1066485,RUA DAS PEROLASl 15 TANCREDO NEVES COMUNIDADE NOVA FLORESTA,459,1066485,RUA DAS PEROLAS 15 TANCREDO NEVES COMUNIDADE NOVA FLORESTA,2412,0.014387751
1066485,RUA DAS PEROLASl 15 TANCREDO NEVES COMUNIDADE NOVA FLORESTA,459,982977,RUA AGATA 121 TANCREDO NEVES COMUNIDADE NOVA FLORESTA,2958,0.041968603
1066485,RUA DAS PEROLASl 15 TANCREDO NEVES COMUNIDADE NOVA FLORESTA,459,1017442,RUA BOCA DO ACRE 64 TANCREDO NEVES COMUNIDADE NOVA CONQUIST,8829,0.047740992
1066485,RUA DAS PEROLASl 15 TANCREDO NEVES COMUNIDADE NOVA FLORESTA,459,1149367,RUA LUIZA 44 TANCREDO NEVES COMUNIDADE NOVO REINO,3848,0.0594346
1066485,RUA DAS PEROLASl 15 TANCREDO NEVES COMUNIDADE NOVA FLORESTA,459,1032893,RUA CASTANHO 92 TANCREDO NEVES COMUNIDADE NOVA CONQUIST,2920,0.059765335
749826,RUA SANTOS DUMONT 367 DUQuUE DE CAXISA,460,749826,RUA SANTOS DUMONT 367 DUQUE DE CAXIAS,4602,0.049838535
749826,RUA SANTOS DUMONT 367 DUQuUE DE CAXISA,460,656304,RUA SANTOS DUMONT 9 CSU,2698,0.065935045
749826,RUA SANTOS DUMONT 367 DUQuUE DE CAXISA,460,656334,RUA SANTOS DUMONT 407 BOSQUE,4998,0.06651715
749826,RUA SANTOS DUMONT 367 DUQuUE DE CAXISA,460,749863,RUA SANTOS DUMONT 554 ITAMARATI,1415,0.079307795
749826,RUA SANTOS DUMONT 367 DUQuUE DE CAXISA,460,798604,RUA ARNOUD RUY 4212 TIRADENTES,1553,0.0852077
1023610,RUA  70 COMENoSA,461,1023610,RUA C 70 COMPENSA,9028,0.10912875
1023610,RUA  70 COMENoSA,461,1034768,RUA CEARA 300 CHAPADA,262,0.11355226
1023610,RUA  70 COMENoSA,461,1023494,RUA C 53 COMPENSA,3071,0.11444163
1023610,RUA  70 COMENoSA,461,1022647,RUA C 1 PLANALTO,4261,0.11607614
1023610,RUA  70 COMENoSA,461,1034767,RUA CEARA 300 CHAPADA,570,0.116834104
200081,RUA MARIA NELI NOGUEIAR 78 BNdH,462,1142368,RUA LAURA VINCUNA 50 C0ROADO,2580,0.088886335
200081,RUA MARIA NELI NOGUEIAR 78 BNdH,462,790298,RUA SEBASTIAO MAQUINE 50 LARANJAL,1652,0.09386931
200081,RUA MARIA NELI NOGUEIAR 78 BNdH,462,1138970,RUA JULIO VERNE 61 ALEIXO,3403,0.09392809
200081,RUA MARIA NELI NOGUEIAR 78 BNdH,462,573298,RUA FLAMENGO 208 LAELIA ALCANTARA,4755,0.095050335
200081,RUA MARIA NELI NOGUEIAR 78 BNdH,462,1098587,RUA FILADELFIA 15 GILBERTO MESTRINHO,5458,0.09591819
656114,RUAR AU TAMBURINI 1451 bkTEROI,463,656114,RUA RAUL TAMBURINI 1451 NITEROI,1488,0.14533852
656114,RUAR AU TAMBURINI 1451 bkTEROI,463,225023,RUA ALTEMAR DUTRA 3114 JUSCELINO KUBITSCHEK,5976,0.17387839
656114,RUAR AU TAMBURINI 1451 bkTEROI,463,800135,RUA CHIBLY ABRAHIM 1254 JAUARI II,7601,0.1749182
656114,RUAR AU TAMBURINI 1451 bkTEROI,463,1117357,RUA IMBU 411 TARUMA ACU,6067,0.1841583
656114,RUAR AU TAMBURINI 1451 bkTEROI,463,1113670,RUA HUMBERTO CALDERARO FILHO 624 ADRIANOPOLIS,2375,0.19429228
1029211,RUA CANUMA 5 PETROPLIS,464,1029211,RUA CANUMA 5 PETROPOLIS,6346,0.011366129
1029211,RUA CANUMA 5 PETROPLIS,464,1029304,RUA CANUMA 58 PETROPOLIS,7845,0.030229714
1029211,RUA CANUMA 5 PETROPLIS,464,1028711,RUA CANARIO 45 PETROPOLIS,7165,0.06644142
1029211,RUA CANUMA 5 PETROPLIS,464,1029335,RUA CANUMA 140 JAPIIM,449,0.06846914
1029211,RUA CANUMA 5 PETROPLIS,464,1106376,RUA GIRASSOL 20 COROADO,4528,0.0728732
1019807,eUA BOOT ROSA 50 JORGE TEIXEIRA,465,932543,BECO VINTE 45 JORGE TEIXEIRA,7232,0.079608075
1019807,eUA BOOT ROSA 50 JORGE TEIXEIRA,465,1019807,RUA BOTO ROSA 50 JORGE TEIXEIRA,7265,0.083305806
1019807,eUA BOOT ROSA 50 JORGE TEIXEIRA,465,924482,BECO NOVA JERUSALEM 23 JORGE TEIXEIRA 4 ETAPA,8344,0.09117097
1019807,eUA BOOT ROSA 50 JORGE TEIXEIRA,465,917511,BECO DA PRATA 22 JORGE TEIXEIRA,193,0.09355599
1019807,eUA BOOT ROSA 50 JORGE TEIXEIRA,465,990783,RUA AMBE 127 JORGE TEIXEIRA,3198,0.101989865
665253,TRAVESSA HILTON LESSA CATAO 1610 COPAyCABANA,466,665253,TRAVESSA HILTON LESSA CATAO 1610 COPACABANA,3897,0.024447324
665253,TRAVESSA HILTON LESSA CATAO 1610 COPAyCABANA,466,623847,TRAVESSA CONQUISTA 435 MANOEL JULIAO,6788,0.08350651
665253,TRAVESSA HILTON LESSA CATAO 1610 COPAyCABANA,466,532024,TRAVESSA SEBASTIAO PEIXOTO 398 SERRARIA,2234,0.084604785
665253,TRAVESSA HILTON LESSA CATAO 1610 COPAyCABANA,466,633908,TRAVESSA SAO CAETANO 288 VITORIA,4614,0.10122917
665253,TRAVESSA HILTON LESSA CATAO 1610 COPAyCABANA,466,627092,TRAVESSA IRACEMA 93 AIRTON SENA,1950,0.10654258
76572,RUA GUARANI 2706 CRUZEIvR,467,76572,RUA GUARANI 2706 CRUZEIRO,8883,0.03150534
76572,RUA GUARANI 2706 CRUZEIvR,467,77489,RUA POTIGUARA 2646 CRUZEIRO,4524,0.049348094
76572,RUA GUARANI 2706 CRUZEIvR,467,245154,RUA CRUZEIRO 3249 LAGOINHA,6333,0.053421486
76572,RUA GUARANI 2706 CRUZEIvR,467,78350,RUA TUPINIQUINS 3135 CRUZEIRO,1264,0.05444055
76572,RUA GUARANI 2706 CRUZEIvR,467,496138,RUA ALAGOAS 761 CRUZEIRAO,7826,0.05712726
990683,RUA AMAZONINO MENDES 68 PETtOPOLIS,468,990683,RUA AMAZONINO MENDES 68 PETROPOLIS,4402,0.025402859
990683,RUA AMAZONINO MENDES 68 PETtOPOLIS,468,992618,RUA ANDERSON DE MENEZES 23 PETROPOLIS,6367,0.058691483
990683,RUA AMAZONINO MENDES 68 PETtOPOLIS,468,990738,RUA AMAZONINO MENDES 116 PARQUE 10,3259,0.07095619
990683,RUA AMAZONINO MENDES 68 PETtOPOLIS,468,986848,RUA ALMIR PEDREIRA 63 PETROPOLIS,1734,0.0732849
990683,RUA AMAZONINO MENDES 68 PETtOPOLIS,468,994525,RUA ANTONIO DOS PASSOS MIRANDA 3 PETROPOLIS,9891,0.077158
661064,ESTRADA DO IPEPACUNHA 2506 PEPACUNHA,469,661064,ESTRADA DO IPEPACUNHA 2506 PEPACUNHA,7017,1.1828742e-05
661064,ESTRADA DO IPEPACUNHA 2506 PEPACUNHA,469,661070,ESTRADA DO IPEPACUNHA 2570 PEPACUNHA,2918,0.011119637
661064,ESTRADA DO IPEPACUNHA 2506 PEPACUNHA,469,661093,ESTRADA IPEPACONHA 1421 BAIRRO DO IPEPACONHA,5279,0.09824024
661064,ESTRADA DO IPEPACUNHA 2506 PEPACUNHA,469,942390,ESTRADA DO TARUMA 10736 TARUMA,2878,0.10856548
661064,ESTRADA DO IPEPACUNHA 2506 PEPACUNHA,469,781908,ESTRADA DA VARZEA 83 IPIXUNA,4987,0.11235854
7699,AVENIDA CANAA 2528 SEOTR 01,470,7699,AVENIDA CANAA 2528 SETOR 01,7653,0.053120308
7699,AVENIDA CANAA 2528 SEOTR 01,470,7685,AVENIDA CANAA 2497 SETOR 3,9692,0.067461684
7699,AVENIDA CANAA 2528 SEOTR 01,470,7764,AVENIDA CANAA 2987 SETOR 3,6362,0.0747767
7699,AVENIDA CANAA 2528 SEOTR 01,470,7827,AVENIDA CANAA 3297 SETOR 3,6062,0.07624469
7699,AVENIDA CANAA 2528 SEOTR 01,470,537378,AVENIDA CEARA 2994 BOSQUE,2876,0.07961352
951903,RUA 14 48 PARQUE 1b0,471,951903,RUA 14 48 PARQUE 10,8775,0.037005384
951903,RUA 14 48 PARQUE 1b0,471,950376,RUA 12 1 PARQUE 10,840,0.051855978
951903,RUA 14 48 PARQUE 1b0,471,967121,RUA 38 6 PARQUE 10,8729,0.0606389
951903,RUA 14 48 PARQUE 1b0,471,947926,RUA 1 102 ALEIXO,1807,0.07052194
951903,RUA 14 48 PARQUE 1b0,471,1079481,RUA DOIS 19 PARQUE 10,5127,0.072435275
427919,RUA TRANSCONTINENTAL 881 BAumRRO UNIAO,472,595785,RUA PRESBITERIANA 214 UNIVERSITARIO,2185,0.100389205
427919,RUA TRANSCONTINENTAL 881 BAumRRO UNIAO,472,836317,RUA ITACOATIARA 2398 UNIAO,1273,0.11315029
427919,RUA TRANSCONTINENTAL 881 BAumRRO UNIAO,472,606383,RUA TIAO NATUREZA 347 VITORIA,3132,0.11473737
427919,RUA TRANSCONTINENTAL 881 BAumRRO UNIAO,472,1110210,RUA GURUPI 2073 REDENCAO,3425,0.119194604
427919,RUA TRANSCONTINENTAL 881 BAumRRO UNIAO,472,31747,RUA TOPAZIO 1420 RURAL,8972,0.119301796
36592,RUA FERANNDO ESSOA 4488 OBM JESU5,473,605167,RUA SILVESTRE COELHO 348 BOSQUE,338,0.08109559
36592,RUA FERANNDO ESSOA 4488 OBM JESU5,473,227117,RUA ANARI 5549 ELDORADO,646,0.08299239
36592,RUA FERANNDO ESSOA 4488 OBM JESU5,473,577465,RUA HUGO CARNEIRO 724 BOSQUE,620,0.08695544
36592,RUA FERANNDO ESSOA 4488 OBM JESU5,473,286061,RUA MONTEIRO LOBATO 5713 ELDORADO,5026,0.08710915
36592,RUA FERANNDO ESSOA 4488 OBM JESU5,473,229867,RUA ANTONIO VIOLAO 3452 TANCREDO NEVES,7048,0.087321565
962581,RUA 42 42 CIDADE NOVA,474,962581,RUA 24 42 CIDADE NOVA,6331,0.011465594
962581,RUA 42 42 CIDADE NOVA,474,966971,RUA 36 44 CIDADE NOVA,3501,0.022273526
962581,RUA 42 42 CIDADE NOVA,474,969084,RUA 44 43 CIDADE NOVA,6707,0.023936085
962581,RUA 42 42 CIDADE NOVA,474,964152,RUA 260 43 CIDADE NOVA,6398,0.02595435
962581,RUA 42 42 CIDADE NOVA,474,969672,RUA 46 5 CIDADE NOVA,3797,0.026300458
398698,RUA MACHADO DE ASSIS 5240 CENsThRO,475,398692,RUA MACHADO DE ASSIS 5095 CENTRO,9592,0.060773257
398698,RUA MACHADO DE ASSIS 5240 CENsThRO,475,398698,RUA MACHADO DE ASSIS 5240 CENTRO,2280,0.060981974
398698,RUA MACHADO DE ASSIS 5240 CENsThRO,475,398708,RUA MACHADO DE ASSIS 5361 CENTRO,5431,0.06741505
398698,RUA MACHADO DE ASSIS 5240 CENsThRO,475,1135222,RUA JOSE CASEMIRO 112 CENTRO,7282,0.09268419
398698,RUA MACHADO DE ASSIS 5240 CENsThRO,475,431861,RUA CATORZE 2100 CENTRO,2361,0.09382844
1008007,RUABARREIRINHA 384 GRANDE VITORIA,476,1008007,RUA BARREIRINHA 384 GRANDE VITORIA,2365,0.037569508
1008007,RUABARREIRINHA 384 GRANDE VITORIA,476,1008592,RUA BARRERINHA 587 GRANDE VITORIA,9584,0.04467141
1008007,RUABARREIRINHA 384 GRANDE VITORIA,476,1008535,RUA BARRERINHA 315 GRANDE VITORIA,1995,0.0522134
1008007,RUABARREIRINHA 384 GRANDE VITORIA,476,1141642,RUA LABREA 331 GRANDE VITORIA,7995,0.056192882
1008007,RUABARREIRINHA 384 GRANDE VITORIA,476,742708,RUA ALECRIN 326 GRANDE VITORIA,1080,0.05627709
728906,RIO PURUS 3 SANTO ANTONIO DO APITUAR,477,728906,RIO PURUS 3 SANTO ANTONIO DO APITUAR,5608,6.6549474e-06
728906,RIO PURUS 3 SANTO ANTONIO DO APITUAR,477,729089,RIO PURUS 10 SERINGAL DO CARMO,4676,0.07835511
728906,RIO PURUS 3 SANTO ANTONIO DO APITUAR,477,717076,RIO ACRE 15 SERINGAL SANTO ANTONIO,7211,0.09447468
728906,RIO PURUS 3 SANTO ANTONIO DO APITUAR,477,717319,RIO PURUS 2 SERINGAL BOM JESUS,8996,0.108081155
728906,RIO PURUS 3 SANTO ANTONIO DO APITUAR,477,709687,TRAVESSA ANTONIO PAULINO 88 MENINO DEUS DO RIO CURUCA,4746,0.11479767
322790,RUA PASTOR LEONAeDO 3622 CIDADE CIDADE NOfA,478,322790,RUA PASTOR LEONARDO 3622 CIDADE NOVA,5790,0.06259821
322790,RUA PASTOR LEONAeDO 3622 CIDADE CIDADE NOfA,478,458026,RUA RONALDO ARAGAO 3628 CIDADE BAIXA,8978,0.07558642
322790,RUA PASTOR LEONAeDO 3622 CIDADE CIDADE NOfA,478,322457,RUA PADRE CICERO 2793 LAGOINHA,3723,0.083252594
322790,RUA PASTOR LEONAeDO 3622 CIDADE CIDADE NOfA,478,394752,AVENIDA MARECHAL DEODORO 6139 CIDADE NOVA,6038,0.08447416
322790,RUA PASTOR LEONAeDO 3622 CIDADE CIDADE NOfA,478,456960,RUA AIRTON SENA 3893 CIDADE BAIXA,9893,0.08452557
910494,BECO ANTONO PIdNTO 14 BAIRRO BAIRRO,479,390244,RUA NAPOLEAO BONAPARTE 2091 CENTRO,729,0.08937396
910494,BECO ANTONO PIdNTO 14 BAIRRO BAIRRO,479,925405,BECO PENAROL 623 BAIRRO RAIZ,6986,0.08971845
910494,BECO ANTONO PIdNTO 14 BAIRRO BAIRRO,479,826664,TRAVESSA BOTINELI 1791 BAIRRO CENTRO,1020,0.09329998
910494,BECO ANTONO PIdNTO 14 BAIRRO BAIRRO,479,167871,AVENIDA JOA BATISTA FIGUEREDO 3690 BAIRRO UNIAO,2605,0.09418695
910494,BECO ANTONO PIdNTO 14 BAIRRO BAIRRO,479,785130,BECO MASSARANDUBA 330 BAIRRO BARRO ALTO,8740,0.10212868
1145595,RUA LIMA BACURI 342 CENTRO,480,1145595,RUA LIMA BACURI 342 CENTRO,4672,7.4925383e-06
1145595,RUA LIMA BACURI 342 CENTRO,480,1145581,RUA LIMA BACURI 301 CENTRO,578,0.021986494
1145595,RUA LIMA BACURI 342 CENTRO,480,1145604,RUA LIMA BACURI 369 CENTRO,4539,0.027678574
1145595,RUA LIMA BACURI 342 CENTRO,480,59914,RUA RUI BARBOSA 1212 CENTRO,4817,0.047583185
1145595,RUA LIMA BACURI 342 CENTRO,480,463528,RUA LUIZ BORGES 1179 CENTRO,2925,0.05507875
435636,RUA PAPGAAIO 2228 SETOR 05,481,435636,RUA PAPAGAIO 2228 SETOR 05,6092,0.024090137
435636,RUA PAPGAAIO 2228 SETOR 05,481,435665,RUA PAPAGAIO 3049 SETOR 05,65,0.036842927
435636,RUA PAPGAAIO 2228 SETOR 05,481,435656,RUA PAPAGAIO 2663 SETOR 05,9583,0.051250413
435636,RUA PAPGAAIO 2228 SETOR 05,481,435615,RUA PAPAGAIO 1984 SETOR 05,8354,0.064154565
435636,RUA PAPGAAIO 2228 SETOR 05,481,110250,RUA CEARA 3423 SETOR 5,4814,0.065472886
545294,E5TRADA SA0 FRANCISCO 1549 SAO FRANCISCO,482,545294,ESTRADA SAO FRANCISCO 1549 SAO FRANCISCO,1707,0.07651706
545294,E5TRADA SA0 FRANCISCO 1549 SAO FRANCISCO,482,545296,ESTRADA SAO FRANCISCO 1558 SAO FRANCISCO,8162,0.083004266
545294,E5TRADA SA0 FRANCISCO 1549 SAO FRANCISCO,482,545259,ESTRADA SAO FRANCISCO 1255 SAO FRANCISCO,1509,0.08692888
545294,E5TRADA SA0 FRANCISCO 1549 SAO FRANCISCO,482,697229,RUA MENDONCA FURTADO 548 SAO FRANCISCO,4635,0.13725463
545294,E5TRADA SA0 FRANCISCO 1549 SAO FRANCISCO,482,928337,BECO SAO FRANCISCO 1339 GILBERTO MESTRINHO,4851,0.14027749
118581,RUA FREIe ACNECA 1359 SEOT R07,483,33060,RUA VIOLTETA 1895 RURAL,9192,0.08886277
118581,RUA FREIe ACNECA 1359 SEOT R07,483,290331,RUA PANTEON 7205 TEIXEIRAO,6697,0.098697565
118581,RUA FREIe ACNECA 1359 SEOT R07,483,254936,RUA ESTANDARTE 7460 CUNIA,9400,0.103422515
118581,RUA FREIe ACNECA 1359 SEOT R07,483,290240,RUA PANTEON 6538 IGARAPE,746,0.10907096
118581,RUA FREIe ACNECA 1359 SEOT R07,483,58148,RUA PEDRO SPAGNOL 3982 TEIXEIRAO,9135,0.11073035
272240,RUA J0AQUIM ARAUJO oIMA 3131 POlRTO VEIHOx,484,58149,RUA PEDRO SPAGNOL 3985 TEIXEIRAO,4459,0.09007475
272240,RUA J0AQUIM ARAUJO oIMA 3131 POlRTO VEIHOx,484,58148,RUA PEDRO SPAGNOL 3982 TEIXEIRAO,9135,0.09210208
272240,RUA J0AQUIM ARAUJO oIMA 3131 POlRTO VEIHOx,484,301175,RUA RODOLFO AMOEDO 5383 TEIXEIRAO,8637,0.096721955
272240,RUA J0AQUIM ARAUJO oIMA 3131 POlRTO VEIHOx,484,309214,RUA TARTARUGA 2096 RONALDO ARAGAO,5095,0.098886326
272240,RUA J0AQUIM ARAUJO oIMA 3131 POlRTO VEIHOx,484,277531,RUA LEAO 2 11878 ULISSES GUIMARAES,4153,0.104769774
221130,sRA ABOBORA 5481 ONA,485,650924,RAMAL TREIS MARIA 3662 None,3404,0.14630817
221130,sRA ABOBORA 5481 ONA,485,508246,RAMAL AGROVILA 1151 None,8474,0.15127991
221130,sRA ABOBORA 5481 ONA,485,532223,RAMAL CEU ABERTO 5 COLONIA 3 IRMAOS,6612,0.16003555
221130,sRA ABOBORA 5481 ONA,485,491192,RAMAL JARINA 5430 ALCOBRAS,4618,0.16025203
221130,sRA ABOBORA 5481 ONA,485,659388,RAMAL DO 25 10 CACIRIAN,5391,0.16194436
919631,BECO ESPERANCA 480 PLANALTO,486,919631,BECO ESPERANCA 480 PLANALTO,5324,2.5386602e-05
919631,BECO ESPERANCA 480 PLANALTO,486,919649,BECO ESPERANCA 1420 JAPIIM,1963,0.06581095
919631,BECO ESPERANCA 480 PLANALTO,486,921343,BECO IPIRANGA 230 RAIZ,777,0.07905645
919631,BECO ESPERANCA 480 PLANALTO,486,910687,BECO ARIPUANA 380 CENTRO,5993,0.0896924
919631,BECO ESPERANCA 480 PLANALTO,486,912290,BECO BELEM 60 COMPENSA,2983,0.096158564
694820,RUA DOUTOR JULIO TAUMATURGO LOBO 443 NVOhO CEU,487,694820,RUA DOUTOR JULIO TAUMATURGO LOBO 443 NOVO CEU,5605,0.022462575
694820,RUA DOUTOR JULIO TAUMATURGO LOBO 443 NVOhO CEU,487,694791,RUA DOUTOR JULIO TAUMATURGO LOBO 40 NOVO CEU,7695,0.035525464
694820,RUA DOUTOR JULIO TAUMATURGO LOBO 443 NVOhO CEU,487,682055,RUA RAIMUNDO PINTO BRANDAO 378 ANORI,1858,0.096151605
694820,RUA DOUTOR JULIO TAUMATURGO LOBO 443 NVOhO CEU,487,573440,RUA FLOR DE LIRIO P. LUSTOSA 275 CONJUNTO PROCOM,4603,0.099748135
694820,RUA DOUTOR JULIO TAUMATURGO LOBO 443 NVOhO CEU,487,531887,RUA DOUTOR PAULO R. DOS SANTOS 260 MULTIRAO III,3092,0.100711554
1076377,RUA DO COMERCIO 172 CIDADE DE DéUS DEUS,488,1076377,RUA DO COMERCIO 172 CIDADE DE DEUS,3498,0.0304248
1076377,RUA DO COMERCIO 172 CIDADE DE DéUS DEUS,488,1076175,RUA DO COMERCIO 28 CIDADE DE DEUS,4677,0.03779252
1076377,RUA DO COMERCIO 172 CIDADE DE DéUS DEUS,488,1076473,RUA DO COMERCIO 309 CIDADE DE DEUS,49,0.04746922
1076377,RUA DO COMERCIO 172 CIDADE DE DéUS DEUS,488,1073283,RUA DEZOITO 192 CIDADE DE DEUS,1152,0.052544173
1076377,RUA DO COMERCIO 172 CIDADE DE DéUS DEUS,488,1090794,RUA EGITO 21 CIDADE DE DEUS,1222,0.05702917
197462,RUA ALAGOSA 82 JARDíM DAS OIVEIRAS,489,1063273,RUA DAS BROMELIAS 36 JORGE TEIXEIRA,4865,0.090629734
197462,RUA ALAGOSA 82 JARDíM DAS OIVEIRAS,489,199762,RUA JUARES TAVORA 436 SERINGAL,9615,0.09089799
197462,RUA ALAGOSA 82 JARDíM DAS OIVEIRAS,489,1066836,RUA DAS PETUNIAS 34 JORGE TEIXEIRA,7382,0.09176481
197462,RUA ALAGOSA 82 JARDíM DAS OIVEIRAS,489,1067064,RUA DAS RUBELITAS 166 TANCREDO NEVES,1867,0.092978425
197462,RUA ALAGOSA 82 JARDíM DAS OIVEIRAS,489,248299,RUA DAS ORQUIDEAS 6375 ELDORADO,1496,0.09392659
713818,dRUA JqOAO GABRIEL 2438 CENqRTO,490,617456,RUA SAO CRISTOVAO 143 DAL PASQUALE,6757,0.14851768
713818,dRUA JqOAO GABRIEL 2438 CENqRTO,490,297625,RUA QUINTINO BOCAIUVA 2899 SAO CRISTOVAO,3734,0.15020768
713818,dRUA JqOAO GABRIEL 2438 CENqRTO,490,144084,RUA JOAO GOULART 401 RIACHUELO,9565,0.16564198
713818,dRUA JqOAO GABRIEL 2438 CENqRTO,490,345119,AVENIDA MACEIO 6226 SAO CRISTOVAO,6114,0.16664673
713818,dRUA JqOAO GABRIEL 2438 CENqRTO,490,235912,RUA BIDU SAIAO 7005 APONIA,7921,0.16839689
829856,AVENIDA GETULIO VARGAS 694 BIRIBIRI,491,829856,AVENIDA GETULIO VARGAS 694 BIRIBIRI,6668,7.442942e-06
829856,AVENIDA GETULIO VARGAS 694 BIRIBIRI,491,538823,AVENIDA GETULIO VARGAS 1811 BOSQUE,4289,0.04218215
829856,AVENIDA GETULIO VARGAS 694 BIRIBIRI,491,829798,AVENIDA GETULIO VARGAS 296 CENTRO,5850,0.04276948
829856,AVENIDA GETULIO VARGAS 694 BIRIBIRI,491,875534,AVENIDA GETULIO VARGAS 669 CENTRO,4688,0.04457046
829856,AVENIDA GETULIO VARGAS 694 BIRIBIRI,491,821981,AVENIDA GETULIO VARGAS 749 CENTRO,9289,0.046906434
1018267,RUA BOMc JeESUS 23 III ZUkBI,492,1018267,RUA BOM JESUS 23 ZUMBI III,5187,0.083813876
1018267,RUA BOMc JeESUS 23 III ZUkBI,492,1111508,RUA HAVAI 9 PLANALTO,6164,0.10265511
1018267,RUA BOMc JeESUS 23 III ZUkBI,492,1130204,RUA JERUSALEM 51 JAPIIM,4060,0.10550541
1018267,RUA BOMc JeESUS 23 III ZUkBI,492,1130158,RUA JERUSALEM 41 COROADO,6093,0.106371686
1018267,RUA BOMc JeESUS 23 III ZUkBI,492,767824,RUA BOM JESUS 181 ACACU,5407,0.107595235
291710,RUA PAULO FRANCSI 2373 ZONAr dUL,493,1139016,RUA JULIO VERNE 121 ALEIXO,1169,0.1151312
291710,RUA PAULO FRANCSI 2373 ZONAr dUL,493,1136124,RUA JOSE FLORENCIO 66 PETROPOLIS,8941,0.115275376
291710,RUA PAULO FRANCSI 2373 ZONAr dUL,493,227398,RUA ANASTACIO SOMOZA 5016 ZONA SUL,9187,0.11548218
291710,RUA PAULO FRANCSI 2373 ZONAr dUL,493,501404,RUA FLORIANO PEIXOTO 1985 REMANSO,3497,0.1165124
291710,RUA PAULO FRANCSI 2373 ZONAr dUL,493,417554,RUA FLORIANO PEIXOTO 5605 SETOR 8,6182,0.116865814
1125599,AJACARE RU 385 JORGE TEuXEIRA,494,628654,TRAVESSA MADUREIRA 710 MAURI SERGIO,2703,0.10011105
1125599,AJACARE RU 385 JORGE TEuXEIRA,494,643703,RAMAL TIRIRICA 12 R0DRIGUES ALVES,1410,0.10618374
1125599,AJACARE RU 385 JORGE TEuXEIRA,494,932543,BECO VINTE 45 JORGE TEIXEIRA,7232,0.10701556
1125599,AJACARE RU 385 JORGE TEuXEIRA,494,627658,TRAVESSA JERUSALEM 144 AIRTON SENA,4102,0.10805838
1125599,AJACARE RU 385 JORGE TEuXEIRA,494,796063,BECO TEODORICO NUNES 538 JAUARY I,243,0.10954589
907943,AVENIDA SAO MARCOS 13 NOVO SIRAEL,495,907943,AVENIDA SAO MARCOS 13 NOVO ISRAEL,8099,0.018924193
907943,AVENIDA SAO MARCOS 13 NOVO SIRAEL,495,907945,AVENIDA SAO MARCOS 15 NOVO ISRAEL,4157,0.02273932
907943,AVENIDA SAO MARCOS 13 NOVO SIRAEL,495,908009,AVENIDA SAO MARCOS 53 NOVO ISRAEL,3810,0.029182393
907943,AVENIDA SAO MARCOS 13 NOVO SIRAEL,495,908024,AVENIDA SAO MARCOS 62 NOVO ISRAEL,4284,0.030028693
907943,AVENIDA SAO MARCOS 13 NOVO SIRAEL,495,891633,AVENIDA RIO BRANCO 94 SAO JOSE OPERARIO,2080,0.066312335
1086398,URA DOZE 352 ALVORADA,496,1086398,RUA DOZE 352 ALVORADA,5658,0.10914402
1086398,URA DOZE 352 ALVORADA,496,956183,RUA 18 322 ALVORADA,4127,0.121432826
1086398,URA DOZE 352 ALVORADA,496,1086414,RUA DOZE 356 ALVORADA,4960,0.12377836
1086398,URA DOZE 352 ALVORADA,496,958448,RUA 2 422 ALVORADA,911,0.12399584
1086398,URA DOZE 352 ALVORADA,496,1089815,RUA E QUINZE 12 ALVORADA II,127,0.13767278
137179,RUA DA PROCLAMACAtO 535 PRIMVAERA,497,568046,RUA DO DIVISOR 831 VITORIA,1254,0.07010629
137179,RUA DA PROCLAMACAtO 535 PRIMVAERA,497,565120,RUA DAMA DA NOITE 773 TROPICAL,58,0.074525796
137179,RUA DA PROCLAMACAtO 535 PRIMVAERA,497,578647,RUA ITAPOAN 357 CONQUISTA,1275,0.076698005
137179,RUA DA PROCLAMACAtO 535 PRIMVAERA,497,3763,RUA 03 85 IZIDOLANDIA,7375,0.080770455
137179,RUA DA PROCLAMACAtO 535 PRIMVAERA,497,136012,RUA CONTAGEM 56 PRIMAVERA,1720,0.081593096
1044307,RUA CINQUnENTA iE SETE 18 CIDAEs NOVA,498,1085979,RUA DOZE 49 ALVORADA I,7276,0.08045758
1044307,RUA CINQUnENTA iE SETE 18 CIDAEs NOVA,498,1044131,RUA CINQUENTA E SEIS 21 C NOVA,5011,0.085961305
1044307,RUA CINQUnENTA iE SETE 18 CIDAEs NOVA,498,1089815,RUA E QUINZE 12 ALVORADA II,127,0.09218113
1044307,RUA CINQUnENTA iE SETE 18 CIDAEs NOVA,498,1040197,RUA CINCO 86 ALVORADA I,7546,0.093039595
1044307,RUA CINQUnENTA iE SETE 18 CIDAEs NOVA,498,1024876,RUA C NOVE 1770 JAPIIM,8942,0.09501036
829552,AVENIDA DA CORRENTEZA 2074 CORRENTEZA,499,829552,AVENIDA DA CORRENTEZA 2074 CORRENTEZA,8123,6.7388573e-06
829552,AVENIDA DA CORRENTEZA 2074 CORRENTEZA,499,829373,AVENIDA CORRENTEZA 1543 CORRENTEZA,6989,0.025978101
829552,AVENIDA DA CORRENTEZA 2074 CORRENTEZA,499,363759,AVENIDA DAS ORQUIDEAS 1775 JARDIM PRIMAVERA,3945,0.08503915
829552,AVENIDA DA CORRENTEZA 2074 CORRENTEZA,499,124279,AVENIDA DAS SERINGUEIRAS 715 CAFEZINHO,3055,0.09168274
829552,AVENIDA DA CORRENTEZA 2074 CORRENTEZA,499,124250,AVENIDA DAS SERINGUEIRAS 558 CAFEZINHO,820,0.09452479
495108,ENTRADA SAO JOSE 820 PROXIMO LIXAO,500,495108,ENTRADA SAO JOSE 820 PROXIMO LIXAO,8347,6.8225563e-06
495108,ENTRADA SAO JOSE 820 PROXIMO LIXAO,500,1077340,RUA DO LIMAO 87 SAO JOSE OPERARIO,8298,0.09257523
495108,ENTRADA SAO JOSE 820 PROXIMO LIXAO,500,304056,RUA SAO JOSE 444 BAIXA UNIAO,6258,0.0955559
495108,ENTRADA SAO JOSE 820 PROXIMO LIXAO,500,617957,RUA SAO JOAO 303 FLORESTA SUL E SOBRAL,4739,0.09799248
495108,ENTRADA SAO JOSE 820 PROXIMO LIXAO,500,1026875,RUA CAMBIXE 381 SAO JOSE OPERARIO,4894,0.102887884
235615,UA BERIMBAU 1713 CASTANHEIRA,501,235615,RUA BERIMBAU 1713 CASTANHEIRA,6169,0.0912677
235615,UA BERIMBAU 1713 CASTANHEIRA,501,216190,BECO ACARA 2346 NOVA FLORESTA,1475,0.10732799
235615,UA BERIMBAU 1713 CASTANHEIRA,501,637662,RAMAL PICAREIRA 520 AMAPA,9958,0.11259292
235615,UA BERIMBAU 1713 CASTANHEIRA,501,216387,BECO DA BRASILLIA 1750 TUCUMANZAL,7440,0.113807745
235615,UA BERIMBAU 1713 CASTANHEIRA,501,197872,RUA BARBARA L FUZARI 141 BNH,7321,0.12270038
404041,AVENIDA JORGE TEIXEIRA 3977 ALTO tPARaAISO,502,404041,AVENIDA JORGE TEIXEIRA 3977 ALTO PARAISO,3327,0.036897182
404041,AVENIDA JORGE TEIXEIRA 3977 ALTO tPARaAISO,502,404020,AVENIDA JORGE TEIXEIRA 3906 ALTO PARAISO,4700,0.04524884
404041,AVENIDA JORGE TEIXEIRA 3977 ALTO tPARaAISO,502,404060,AVENIDA JORGE TEIXEIRA 4164 ALTO PARAISO,2148,0.054541305
404041,AVENIDA JORGE TEIXEIRA 3977 ALTO tPARaAISO,502,855854,AVENIDA AUTAZ MIRIM 7404 TANCREDO NEVES,3239,0.081215456
404041,AVENIDA JORGE TEIXEIRA 3977 ALTO tPARaAISO,502,855802,AVENIDA AUTAZ MIRIM 7072 TANCREDO NEVES,7532,0.08821876
893615,AVENIDA RIO NEGRO 86 COdjPENSA,503,893715,AVENIDA RIO NEGRO 117 COMPENSA,5428,0.0668813
893615,AVENIDA RIO NEGRO 86 COdjPENSA,503,893615,AVENIDA RIO NEGRO 86 COMPENSA,3278,0.070246845
893615,AVENIDA RIO NEGRO 86 COdjPENSA,503,893564,AVENIDA RIO NEGRO 78 JAPIIM,5489,0.08174283
893615,AVENIDA RIO NEGRO 86 COdjPENSA,503,893270,AVENIDA RIO NEGRO 24 MAUAZINHO,6701,0.09167666
893615,AVENIDA RIO NEGRO 86 COdjPENSA,503,894040,AVENIDA RIO NEGRO 263 EDUCANDOS,9554,0.09421338
116806,RUA RUA RIO DE ANEIRO 3332 SETOR 2,504,116806,RUA RIO DE JANEIRO 3332 SETOR 2,8759,0.050976407
116806,RUA RUA RIO DE ANEIRO 3332 SETOR 2,504,116823,RUA RIO DE JANEIRO 3463 SETOR 2,7554,0.055127956
116806,RUA RUA RIO DE ANEIRO 3332 SETOR 2,504,109336,RUA BEIRA RIO 1871 SETOR 03,3058,0.07195079
116806,RUA RUA RIO DE ANEIRO 3332 SETOR 2,504,116665,RUA RIO DE JANEIRO 1387 SETOR 07,4294,0.07198967
116806,RUA RUA RIO DE ANEIRO 3332 SETOR 2,504,435736,RUA PEITO ROXO 1675 SETOR 02,668,0.07280168
894481,AVENIDA RUY ADRIANO DE ARAUJO ARAUJO JORGE 1229 CONJUNTO JOAO PAULO,505,894481,AVENIDA RUY ADRIANO DE ARAUJO JORGE 1229 CONJUNTO JOAO PAULO,9311,0.012763534
894481,AVENIDA RUY ADRIANO DE ARAUJO ARAUJO JORGE 1229 CONJUNTO JOAO PAULO,505,894528,AVENIDA RUY ADRIANO DE ARAUJO JORGE 1280 CONJUNTO JOAO PAULO II,6709,0.024603926
894481,AVENIDA RUY ADRIANO DE ARAUJO ARAUJO JORGE 1229 CONJUNTO JOAO PAULO,505,494476,AVENIDA CORONEL MANCIO LIMA 261 BAIRRO JOAO ALVES,8468,0.08316362
894481,AVENIDA RUY ADRIANO DE ARAUJO ARAUJO JORGE 1229 CONJUNTO JOAO PAULO,505,160832,RUA PRESIDENTE JOAO BATISTA FIGUEIREDO 50 BAIRRO SANTIAGO,9348,0.08686113
894481,AVENIDA RUY ADRIANO DE ARAUJO ARAUJO JORGE 1229 CONJUNTO JOAO PAULO,505,489821,RUA RAIMUNDO HENRIQUE DE ARAUJO 361 QUIXADAMORIM,1949,0.087833285
800474,RUA DAMSO SOUZA BARRIvA 27 IRAY,506,800474,RUA DAMASO SOUZA BARRIGA 27 IRACY,6683,0.051370084
800474,RUA DAMSO SOUZA BARRIvA 27 IRAY,506,750556,RUA CAPITAO SILVA 513 TAUA MIRIM,7006,0.08882852
800474,RUA DAMSO SOUZA BARRIvA 27 IRAY,506,698955,RUA MOURAO VIERA 156 CAMETA DO RAMOS,3297,0.09063049
800474,RUA DAMSO SOUZA BARRIvA 27 IRAY,506,576622,RUA GUIOMARD SANTOS 94 BOSQUE,7059,0.093402386
800474,RUA DAMSO SOUZA BARRIvA 27 IRAY,506,1000468,RUA ASTRO BARROSO 32 COROADO III,357,0.09421936
612610,RUA DOM PEDRO II 52 BOQUE,507,612610,RUA DOM PEDRO II 52 BOSQUE,5828,0.006011507
612610,RUA DOM PEDRO II 52 BOQUE,507,450567,RUA DOM PEDRO I 2066 CENTRO,5725,0.063909896
612610,RUA DOM PEDRO II 52 BOQUE,507,360215,RUA DOM PEDRO I 2857 CENTRO,6614,0.06825687
612610,RUA DOM PEDRO II 52 BOQUE,507,1029349,RUA CAPANEMA 4 DOM PEDRO I,4910,0.06837998
612610,RUA DOM PEDRO II 52 BOQUE,507,1131281,RUA JOAO BOSCO 77 DOM PEDRO,7722,0.073334575
582362,RUA JULIO MAIRANO 602 TAQUARI,508,582362,RUA JULIO MARIANO 602 TAQUARI,3399,0.004146915
582362,RUA JULIO MAIRANO 602 TAQUARI,508,615123,RUA PADRE JOSE 592 TAQUARI,1109,0.04353831
582362,RUA JULIO MAIRANO 602 TAQUARI,508,615037,RUA PADRE JOSE 143 TAQUARI,9622,0.06442183
582362,RUA JULIO MAIRANO 602 TAQUARI,508,522694,RUA LUIZ MAIA DIAS 320 GUARANI,4301,0.06528885
582362,RUA JULIO MAIRANO 602 TAQUARI,508,770527,RUA EDSON HERCULANO 339 GUAJARA,4285,0.06686534
335099,AVENDIA NATALINO R. JAVARINI 1286 VILA BANDêIRAy BRANCA,509,335099,AVENIDA NATALINO R. JAVARINI 1286 VILA BANDEIRA BRANCA,8069,0.043622583
335099,AVENDIA NATALINO R. JAVARINI 1286 VILA BANDêIRAy BRANCA,509,879517,AVENIDA J CARLOS ANTONY 796 CACHOEIRINHA,5414,0.091261044
335099,AVENDIA NATALINO R. JAVARINI 1286 VILA BANDêIRAy BRANCA,509,153374,RUA SAULO ALCANTARA 2349 NOVA LONDRINA,2679,0.094845936
335099,AVENDIA NATALINO R. JAVARINI 1286 VILA BANDêIRAy BRANCA,509,701930,RUA ALONSO IPUCHIMA 95 JAVARIZINHO,8973,0.096655846
335099,AVENDIA NATALINO R. JAVARINI 1286 VILA BANDêIRAy BRANCA,509,153401,RUA SAULO ALCANTARA 2701 NOVA LONDRINA,4702,0.10180828
966578,33 RjA 20 NOVA CwIDADE,510,722079,RIO AUTAZ ACU 476 LIMAO,7705,0.13740166
966578,33 RjA 20 NOVA CwIDADE,510,694171,RIO RIO AUTAZ ACU 6 CURRUSA,7930,0.14442874
966578,33 RjA 20 NOVA CwIDADE,510,754295,PARADOURO COPEA 18 NOVA JERUSALEM,4293,0.16451588
966578,33 RjA 20 NOVA CwIDADE,510,759493,LAGO MIUA 5 COMUNIDADE COPO,675,0.16917598
966578,33 RjA 20 NOVA CwIDADE,510,973259,RUA 7 4 PARQUE 10 CONJ SHANGRI LA 4,6573,0.17177849
54481,RUA JOyGE AMADO 2322 CONJUNTO HALLEY HALLEY,511,54481,RUA JORGE AMADO 2322 CONJUNTO HALLEY,5272,0.043175496
54481,RUA JOyGE AMADO 2322 CONJUNTO HALLEY HALLEY,511,53015,RUA GONCALVES DIAS 716 CONJUNTO HALLEY,531,0.07562446
54481,RUA JOyGE AMADO 2322 CONJUNTO HALLEY HALLEY,511,45535,AVENIDA PRIMAVERA 2518 CONJUNTO HALLEY,1027,0.08661397
54481,RUA JOyGE AMADO 2322 CONJUNTO HALLEY HALLEY,511,1095671,RUA EVARISTO WANDERLEY 143 CONJUNTO JOAO PAULO II,6459,0.09240711
54481,RUA JOyGE AMADO 2322 CONJUNTO HALLEY HALLEY,511,566289,RUA DELFONSO DE ALMEIDA 232 WANDERLEY DANTAS,3449,0.094764754
789819,RUA PRINCIPAL 345 CACAU PIRERA,512,789819,RUA PRINCIPAL 345 CACAU PIRERA,8166,5.210416e-06
789819,RUA PRINCIPAL 345 CACAU PIRERA,512,804681,RUA PARAISO 3321 JARDIM AMANDA,3834,0.059275217
789819,RUA PRINCIPAL 345 CACAU PIRERA,512,287984,RUA NOVA ESPERANCA 3721 CALADINHO,4407,0.06332815
789819,RUA PRINCIPAL 345 CACAU PIRERA,512,585611,RUA MADEREIRA 677 NOVO CALAFATE,1570,0.066362485
789819,RUA PRINCIPAL 345 CACAU PIRERA,512,236086,RUA BOCA JUNIOR 868 FLORESTA,7987,0.06787606
370434,AVENIDA BARAO DO RIO BRANCO 1726 BAIRRO SAO JOSE,513,370434,AVENIDA BARAO DO RIO BRANCO 1726 BAIRRO SAO JOSE,2942,2.11863e-05
370434,AVENIDA BARAO DO RIO BRANCO 1726 BAIRRO SAO JOSE,513,830912,AVENIDA BARAO DO RIO BRANCO 1696 SAO FRANCISCO,9992,0.048932843
370434,AVENIDA BARAO DO RIO BRANCO 1726 BAIRRO SAO JOSE,513,370663,AVENIDA BARAO DO RIO BRANCO 3842 CENTRO,9653,0.053243287
370434,AVENIDA BARAO DO RIO BRANCO 1726 BAIRRO SAO JOSE,513,830756,AVENIDA BARAO DO RIO BRANCO 249 CENTRO,5170,0.061459504
370434,AVENIDA BARAO DO RIO BRANCO 1726 BAIRRO SAO JOSE,513,370404,AVENIDA BARAO DO RIO BRANCO 530 CENTRO,6578,0.063026816
611680,RUA CAIPTAO CIRILO 20 AgIAIRO,514,611680,RUA CAPITAO CIRILO 20 AVIARIO,8630,0.037989393
611680,RUA CAIPTAO CIRILO 20 AgIAIRO,514,611750,RUA CAPITAO CIRILO 225 AVIARIO,4434,0.061647736
611680,RUA CAIPTAO CIRILO 20 AgIAIRO,514,579717,RUA JOAO AMANCIO 110 SOBRAL,7210,0.067887165
611680,RUA CAIPTAO CIRILO 20 AgIAIRO,514,790298,RUA SEBASTIAO MAQUINE 50 LARANJAL,1652,0.075913526
611680,RUA CAIPTAO CIRILO 20 AgIAIRO,514,980007,RUA ABRAAO CARDOSO 24 COMPENSA,3483,0.08184895
23274,RUA LAJES 4218 SETOR 09,515,23274,RUA LAJES 4218 SETOR 09,1579,9.266674e-06
23274,RUA LAJES 4218 SETOR 09,515,23252,RUA LAJES 3820 SETOR 09,2325,0.0108422
23274,RUA LAJES 4218 SETOR 09,515,23329,RUA LAJES 4528 SETOR 09,8023,0.013422029
23274,RUA LAJES 4218 SETOR 09,515,26714,RUA PAINEIRA 1609 SETOR 01,1168,0.042088863
23274,RUA LAJES 4218 SETOR 09,515,26727,RUA PAINEIRA 1722 SETOR 01,8168,0.042694412
1138212,RUA JUAZEIRO DO NORTE 142 TERA N0VA,516,1138212,RUA JUAZEIRO DO NORTE 142 TERRA NOVA,5716,0.043801337
1138212,RUA JUAZEIRO DO NORTE 142 TERA N0VA,516,1138209,RUA JUAZEIRO DO NORTE 54 TERRA NOVA,1123,0.056608655
1138212,RUA JUAZEIRO DO NORTE 142 TERA N0VA,516,1138203,RUA JUASEIRO DO NORTE 137 COLONHA TERRA NOVA,9472,0.07714495
1138212,RUA JUAZEIRO DO NORTE 142 TERA N0VA,516,1046188,RUA COARI 395 TERRA NOVA,3004,0.08231493
1138212,RUA JUAZEIRO DO NORTE 142 TERA N0VA,516,254163,RUA EQUADOR 1035 NOVA PORTO VELHO,2880,0.085152134
767929,RUA BOULEVARDfALVARO MAIA 396 CENTRO,517,767929,RUA BOULEVARD ALVARO MAIA 396 CENTRO,9702,0.03757647
767929,RUA BOULEVARDfALVARO MAIA 396 CENTRO,517,390244,RUA NAPOLEAO BONAPARTE 2091 CENTRO,729,0.08266704
767929,RUA BOULEVARDfALVARO MAIA 396 CENTRO,517,577465,RUA HUGO CARNEIRO 724 BOSQUE,620,0.08355032
767929,RUA BOULEVARDfALVARO MAIA 396 CENTRO,517,1147210,RUA LOPES CORDOVIL 445 ALVORADA,9675,0.083682835
767929,RUA BOULEVARDfALVARO MAIA 396 CENTRO,517,584119,RUA LOURIVAL RIBEIRO 288 TRIANGULO,9611,0.0841839
464834,PIONEIROS AVENIDA DOS 2539 CENTRO,518,464834,AVENIDA DOS PIONEIROS 2539 CENTRO,8445,0.050374888
464834,PIONEIROS AVENIDA DOS 2539 CENTRO,518,444336,AVENIDA DOS MIGRANTES 1576 CENTRO,1567,0.07835463
464834,PIONEIROS AVENIDA DOS 2539 CENTRO,518,464830,AVENIDA DOS PIONEIROS 1935 CENTRO,5533,0.085063845
464834,PIONEIROS AVENIDA DOS 2539 CENTRO,518,444385,AVENIDA DOS MIGRANTES 2453 CENTRO,344,0.088581845
464834,PIONEIROS AVENIDA DOS 2539 CENTRO,518,210209,AVENIDA MAMORE 4362 TIRADENTES,5860,0.09036633
396594,AVENIDA INDêPENDENCIA 5195 CENTRO,519,396594,AVENIDA INDEPENDENCIA 5195 CENTRO,8045,0.049170945
396594,AVENIDA INDêPENDENCIA 5195 CENTRO,519,396624,AVENIDA INDEPENDENCIA 5666 CENTRO,6299,0.052406106
396594,AVENIDA INDêPENDENCIA 5195 CENTRO,519,396612,AVENIDA INDEPENDENCIA 5433 CENTRO,5563,0.055876672
396594,AVENIDA INDêPENDENCIA 5195 CENTRO,519,396536,AVENIDA INDEPENDENCIA 4417 CENTRO,369,0.062312633
396594,AVENIDA INDêPENDENCIA 5195 CENTRO,519,396583,AVENIDA INDEPENDENCIA 5073 CENTRO,2730,0.0631127
385264,RUA UM MIL qQUNHENTOS E OITO 2481 CRISTO REI,520,385264,RUA UM MIL QUINHENTOS E OITO 2481 CRISTO REI,9981,0.05874729
385264,RUA UM MIL qQUNHENTOS E OITO 2481 CRISTO REI,520,385164,RUA UM MIL QUINHENTOS E DOIS 2329 CRISTO REI,207,0.07126673
385264,RUA UM MIL qQUNHENTOS E OITO 2481 CRISTO REI,520,385293,RUA UM MIL QUINHENTOS E QUATRO 2134 CRISTO REI,4837,0.08095416
385264,RUA UM MIL qQUNHENTOS E OITO 2481 CRISTO REI,520,385342,RUA UM MIL QUINHENTOS E SEIS 2064 CRISTO REI,7311,0.08529243
385264,RUA UM MIL qQUNHENTOS E OITO 2481 CRISTO REI,520,369474,AVENIDA UM MIL QUINHENTOS E ONZE 2388 CRISTO REI,1296,0.09258881
409422,RUA ALTA FOLtESTA 1270 SwTOR 2,521,33060,RUA VIOLTETA 1895 RURAL,9192,0.11092269
409422,RUA ALTA FOLtESTA 1270 SwTOR 2,521,254936,RUA ESTANDARTE 7460 CUNIA,9400,0.115637004
409422,RUA ALTA FOLtESTA 1270 SwTOR 2,521,1053849,RUA D 6 COROADO,400,0.120552525
409422,RUA ALTA FOLtESTA 1270 SwTOR 2,521,404931,RUA F 3797 ALORADA,5785,0.12111927
409422,RUA ALTA FOLtESTA 1270 SwTOR 2,521,290331,RUA PANTEON 7205 TEIXEIRAO,6697,0.12259211
212624,AVENIDA RIO DE JANEIRO 1367 AdEAL,522,212624,AVENIDA RIO DE JANEIRO 1367 AREAL,2986,0.019021831
212624,AVENIDA RIO DE JANEIRO 1367 AdEAL,522,212759,AVENIDA RIO DE JANEIRO 2218 AREAL,5014,0.03301423
212624,AVENIDA RIO DE JANEIRO 1367 AdEAL,522,212728,AVENIDA RIO DE JANEIRO 2027 AREAL,850,0.041996807
212624,AVENIDA RIO DE JANEIRO 1367 AdEAL,522,213233,AVENIDA RIO DE JANEIRO 7364 LAGOINHA,2900,0.05264396
212624,AVENIDA RIO DE JANEIRO 1367 AdEAL,522,213183,AVENIDA RIO DE JANEIRO 6702 LAGOINHA,8678,0.06100278
212860,AVENIDA RIO DE JANEIRO 3074 ROQUE,523,212860,AVENIDA RIO DE JANEIRO 3074 ROQUE,6014,7.9583015e-06
212860,AVENIDA RIO DE JANEIRO 3074 ROQUE,523,213183,AVENIDA RIO DE JANEIRO 6702 LAGOINHA,8678,0.04167176
212860,AVENIDA RIO DE JANEIRO 3074 ROQUE,523,213233,AVENIDA RIO DE JANEIRO 7364 LAGOINHA,2900,0.049355917
212860,AVENIDA RIO DE JANEIRO 3074 ROQUE,523,212759,AVENIDA RIO DE JANEIRO 2218 AREAL,5014,0.052223545
212860,AVENIDA RIO DE JANEIRO 3074 ROQUE,523,212624,AVENIDA RIO DE JANEIRO 1367 AREAL,2986,0.057717897
106440,AVENIDA FRANCISCO VIEIRA DE SOUzA 1700 CëNTRO,524,106440,AVENIDA FRANCISCO VIEIRA DE SOUZA 1700 CENTRO,5626,0.04917837
106440,AVENIDA FRANCISCO VIEIRA DE SOUzA 1700 CëNTRO,524,106515,AVENIDA FRANCISCO VIEIRA DE SOUZA 3950 TARILANDIA,1421,0.054370105
106440,AVENIDA FRANCISCO VIEIRA DE SOUzA 1700 CëNTRO,524,106541,AVENIDA FRANCISCO VIEIRA DE SOUZA 4790 CENTRO,1497,0.0555961
106440,AVENIDA FRANCISCO VIEIRA DE SOUzA 1700 CëNTRO,524,106518,AVENIDA FRANCISCO VIEIRA DE SOUZA 3960 TARILANDIA,84,0.06004289
106440,AVENIDA FRANCISCO VIEIRA DE SOUzA 1700 CëNTRO,524,106379,AVENIDA FRANCISCO VIEIRA DE SOUZA 190 CENTRO,9816,0.062240507
1070748,DEZENOVE RUw 23 CIDAD NOAV,525,1024883,RUA C NOVE 1779 JAPIIM,2648,0.11674826
1070748,DEZENOVE RUw 23 CIDAD NOAV,525,978106,RUA A DEZESSETE 1291 JAPIIM,2043,0.1197349
1070748,DEZENOVE RUw 23 CIDAD NOAV,525,590484,RUA N DOIS 23 TUCUMA II,8320,0.12082571
1070748,DEZENOVE RUw 23 CIDAD NOAV,525,330277,RUA 54A 10 NOVA MUTUM,5805,0.12421496
1070748,DEZENOVE RUw 23 CIDAD NOAV,525,330417,RUA 56A 10 NOVA MUTUM,5004,0.12629838
885836,AVENIDA NEPAL 22 NOVA CIsAD,526,885836,AVENIDA NEPAL 22 NOVA CIDADE,1505,0.044559255
885836,AVENIDA NEPAL 22 NOVA CIsAD,526,885823,AVENIDA NEPAL 20 NOVA CIDADE,2082,0.053005066
885836,AVENIDA NEPAL 22 NOVA CIsAD,526,885735,AVENIDA NEPAL 8 NOVA CIDADE,7940,0.054371454
885836,AVENIDA NEPAL 22 NOVA CIsAD,526,885732,AVENIDA NEPAL 8 NOVA CIDADE,8862,0.05567886
885836,AVENIDA NEPAL 22 NOVA CIsAD,526,885817,AVENIDA NEPAL 18 NOVA CIDADE,1319,0.05571463
521533,RUA 07 E SETyEMBRO 140 BAIRRO SAO FRANCISCO,527,522432,RUA JOSE DE ABREU 117 BAIRRO SAO FRANCISCO,3505,0.07592292
521533,RUA 07 E SETyEMBRO 140 BAIRRO SAO FRANCISCO,527,521533,RUA 07 DE SETEMBRO 140 BAIRRO SAO FRANCISCO,7827,0.0788519
521533,RUA 07 E SETyEMBRO 140 BAIRRO SAO FRANCISCO,527,376299,RUA CENTO E TRES 723 BAIRRO SAO JOSE,6311,0.08869946
521533,RUA 07 E SETyEMBRO 140 BAIRRO SAO FRANCISCO,527,690802,RUA NESTOR CORDOVIL 67 BAIRRO SAO JOSE,6478,0.08902015
521533,RUA 07 E SETyEMBRO 140 BAIRRO SAO FRANCISCO,527,1042703,RUA CINCO DE SETEMBRO 2 144 SAO RAIMUNDO,5243,0.09652509
502439,RUA MATO GROSSO 2373 SAO JOSE,528,502439,RUA MATO GROSSO 2373 SAO JOSE,9855,8.429615e-06
502439,RUA MATO GROSSO 2373 SAO JOSE,528,76508,RUA GOIAS 4267 SAO JOSE,1891,0.05943734
502439,RUA MATO GROSSO 2373 SAO JOSE,528,89451,RUA PETRONIO CAMARGO 2084 SAO JOSE,3751,0.060806487
502439,RUA MATO GROSSO 2373 SAO JOSE,528,88413,RUA MARANHAO 2039 SAO JOSE,5074,0.06891398
502439,RUA MATO GROSSO 2373 SAO JOSE,528,271891,RUA JOAO PESSOA 320 PORTO VELHO,4154,0.07199759
1090794,RUA EGITO 21 CIkDADE sE DEUS,529,1081145,RUA DOIS 307 CIIDADE DE DEUS,7177,0.085453846
1090794,RUA EGITO 21 CIkDADE sE DEUS,529,1081143,RUA DOIS 307 CIIDADE DE DEUS,315,0.08836745
1090794,RUA EGITO 21 CIkDADE sE DEUS,529,1019761,RUA BOTAFOGO 550 CIADADE DE DEUS,7137,0.08871435
1090794,RUA EGITO 21 CIkDADE sE DEUS,529,1013736,RUA BEM TI VI 628 CIDADE DE DEUS,7169,0.09706277
1090794,RUA EGITO 21 CIkDADE sE DEUS,529,1097629,RUA FE EM DEUS 52 COMPENSA 2,4497,0.10187617
375180,RUA ANTONIO P. DOS SANTOS OU 513 308 JARDIj AMERICA,530,375180,RUA ANTONIO P. DOS SANTOS OU 513 308 JARDIM AMERICA,7781,0.024166208
375180,RUA ANTONIO P. DOS SANTOS OU 513 308 JARDIj AMERICA,530,273382,RUA JOSE AMADOR DOS REIS 765 CASCALHEIRA,2629,0.07112381
375180,RUA ANTONIO P. DOS SANTOS OU 513 308 JARDIj AMERICA,530,117591,RUA SAULO DA CUNHA 3730 TARILANDIA,2654,0.0749301
375180,RUA ANTONIO P. DOS SANTOS OU 513 308 JARDIj AMERICA,530,273400,RUA JOSE AMADOR DOS REIS 1595 CASCALHEIRA,8224,0.07565339
375180,RUA ANTONIO P. DOS SANTOS OU 513 308 JARDIj AMERICA,530,375200,RUA ANTONIO S TANGER OU 35 2 JARDIM ELDORADO,2036,0.07619311
396149,AVENIDA vASTELO BRACO 4064 CIDADE ALTA,531,394752,AVENIDA MARECHAL DEODORO 6139 CIDADE NOVA,6038,0.04727298
396149,AVENIDA vASTELO BRACO 4064 CIDADE ALTA,531,396149,AVENIDA CASTELO BRANCO 4064 CIDADE ALTA,2755,0.047855873
396149,AVENIDA vASTELO BRACO 4064 CIDADE ALTA,531,397452,AVENIDA MARECHAL RONDON 4220 CIDADE ALTA,4606,0.057593517
396149,AVENIDA vASTELO BRACO 4064 CIDADE ALTA,531,210209,AVENIDA MAMORE 4362 TIRADENTES,5860,0.066927224
396149,AVENIDA vASTELO BRACO 4064 CIDADE ALTA,531,869579,AVENIDA DJALMA BATISTA 735 CHAPADA,5374,0.067379825
1017083,RA BOA dVISTA 10 LIRIO LIRIO DOV ALE,532,930911,BECO SOLIMOES 10 ALEIXO,3457,0.14282563
1017083,RA BOA dVISTA 10 LIRIO LIRIO DOV ALE,532,922548,BECO LADISLAU 18 REDENCAO,6034,0.14558089
1017083,RA BOA dVISTA 10 LIRIO LIRIO DOV ALE,532,628557,TRAVESSA LUA NOVA 46 BOSQUE,280,0.15348849
1017083,RA BOA dVISTA 10 LIRIO LIRIO DOV ALE,532,519945,RIO ENVIRA 7 ALDEIA LIMOEIRO,8280,0.1578942
1017083,RA BOA dVISTA 10 LIRIO LIRIO DOV ALE,532,911191,BECO AYRTON SENNA 104 MAUAZINHO,6624,0.16012806
1094057,RUA ESPIRITO SANTO 498 COL TERRA NOVA,533,1094057,RUA ESPIRITO SANTO 498 COL TERRA NOVA,651,5.248121e-06
1094057,RUA ESPIRITO SANTO 498 COL TERRA NOVA,533,254675,RUA ESPIRITO SANTO 3816 NOVA FLORESTA,5859,0.058731697
1094057,RUA ESPIRITO SANTO 498 COL TERRA NOVA,533,254694,RUA ESPIRITO SANTO 4166 NOVA FLORESTA,2889,0.058813795
1094057,RUA ESPIRITO SANTO 498 COL TERRA NOVA,533,254731,RUA ESPIRITO SANTO 4576 NOVA FLORESTA,1817,0.06823246
1094057,RUA ESPIRITO SANTO 498 COL TERRA NOVA,533,743991,RUA CESARIO CAMPELO 478 ESPIRITO SANTO,1220,0.080999374
364470,AVENIDA FLORIANOPOLIS OU 2005 7528 SETOR ZICO OU 26,534,364470,AVENIDA FLORIANOPOLIS OU 2005 7528 SETOR ZICO OU 26,9477,5.4325137e-06
364470,AVENIDA FLORIANOPOLIS OU 2005 7528 SETOR ZICO OU 26,534,364485,AVENIDA FLORIANOPOLIS OU 2005 7809 SETOR ZICO OU 26,8975,0.008591756
364470,AVENIDA FLORIANOPOLIS OU 2005 7528 SETOR ZICO OU 26,534,364596,AVENIDA GOIAS OU 2009 7646 SETOR ZICO OU 26,6851,0.03893005
364470,AVENIDA FLORIANOPOLIS OU 2005 7528 SETOR ZICO OU 26,534,364782,AVENIDA JASMIM OU 1703 2093 JARDIM PRIMAVERA,1163,0.08422348
364470,AVENIDA FLORIANOPOLIS OU 2005 7528 SETOR ZICO OU 26,534,364812,AVENIDA JASMIM OU 1703 2357 JARDIM PRIMAVERA,7721,0.08949033
183177,RûA CELSO CARMINATIc 568 JRDIM âEROPORTO,535,1147226,RUA LOPES CORDOVIL 483 ALVORADA,6385,0.16785303
183177,RûA CELSO CARMINATIc 568 JRDIM âEROPORTO,535,818183,RUA NAPOLEAO MONTEIRO 2 JURUA,8836,0.16914606
183177,RûA CELSO CARMINATIc 568 JRDIM âEROPORTO,535,1147210,RUA LOPES CORDOVIL 445 ALVORADA,9675,0.1704636
183177,RûA CELSO CARMINATIc 568 JRDIM âEROPORTO,535,584119,RUA LOURIVAL RIBEIRO 288 TRIANGULO,9611,0.17324454
183177,RûA CELSO CARMINATIc 568 JRDIM âEROPORTO,535,1062256,RUA DANILO CORREA 442 JAPIIM,8640,0.17371398
372542,RUA 107 879 BARíRO SAO JOSE,536,963362,RUA 25 34 SAO JOSE OPERARIO,4637,0.06904526
372542,RUA 107 879 BARíRO SAO JOSE,536,378333,RUA JAMARI 1143 SAO JOSE,3365,0.07226845
372542,RUA 107 879 BARíRO SAO JOSE,536,1079859,RUA DOIS 34 SAO JOSE OPERARIO,6128,0.076196276
372542,RUA 107 879 BARíRO SAO JOSE,536,1126779,RUA JANAUACA 34 SAO JOSE OPERARIO,187,0.07778059
372542,RUA 107 879 BARíRO SAO JOSE,536,972022,RUA 6 10 SAO JOSE OPERARIO,5988,0.078800865
115031,RUAP ARANq 2584 SETOR 01,537,115102,RUA PARANA 3365 SETOR 05,6172,0.06904015
115031,RUAP ARANq 2584 SETOR 01,537,110187,RUA CEARA 2784 SETOR 01,5505,0.06978924
115031,RUAP ARANq 2584 SETOR 01,537,113152,RUA MARANHAO 1885 SETOR 04,1826,0.071574345
115031,RUAP ARANq 2584 SETOR 01,537,436118,RUA TANGARA 1465 SETOR 02,893,0.07676826
115031,RUAP ARANq 2584 SETOR 01,537,114650,RUA PARA 1113 SETOR 03,7343,0.08322163
643619,RAMyAL RODO 75 R0DRIGUES ALVES,538,643619,RAMAL RODO 75 R0DRIGUES ALVES,9388,0.041245192
643619,RAMyAL RODO 75 R0DRIGUES ALVES,538,643588,RAMAL PINHEIROS 41 R0DRIGUES ALVES,4895,0.063234314
643619,RAMyAL RODO 75 R0DRIGUES ALVES,538,643703,RAMAL TIRIRICA 12 R0DRIGUES ALVES,1410,0.09709185
643619,RAMyAL RODO 75 R0DRIGUES ALVES,538,642758,RAMAL BAHIA 63 R0DRIGUES ALVES,9224,0.105472475
643619,RAMyAL RODO 75 R0DRIGUES ALVES,538,643137,RAMAL IGRARAPE DO MEIO 54 RODRIGUES ALVES,310,0.1061139
505945,TRAVESSA DA ALEGRIA 141 BAIRRO VINTE E CINCO eE AGOSTO,539,505945,TRAVESSA DA ALEGRIA 141 BAIRRO VINTE E CINCO DE AGOSTO,4039,0.026392272
505945,TRAVESSA DA ALEGRIA 141 BAIRRO VINTE E CINCO eE AGOSTO,539,505954,TRAVESSA DA ALEGRIA 187 BAIRRO VINTE E CINCO DE AGOSTO,434,0.051840685
505945,TRAVESSA DA ALEGRIA 141 BAIRRO VINTE E CINCO eE AGOSTO,539,1043819,RUA CINQUENTA E NOVE A 8 NOVA CIDADE,4356,0.084557116
505945,TRAVESSA DA ALEGRIA 141 BAIRRO VINTE E CINCO eE AGOSTO,539,348998,AVENIDA VINTE E CINCO DE AGOSTO 3371 JARDIM TROPICAL,7444,0.08909873
505945,TRAVESSA DA ALEGRIA 141 BAIRRO VINTE E CINCO eE AGOSTO,539,380228,RUA NOVECENTOS E TRES 2097 BAIRRO NOVA ESPEANCA,9848,0.09106554
29909,RUA URA FLOR DO IPE 2578 SETOR 4,540,29909,RUA RUA FLOR DO IPE 2578 SETOR 4,2478,0.021578085
29909,RUA URA FLOR DO IPE 2578 SETOR 4,540,435853,RUA PICA PAU 2591 SETOR 07,8214,0.076727346
29909,RUA URA FLOR DO IPE 2578 SETOR 4,540,17854,RUA DO LIRIO 2934 SETOR 4,2476,0.078346506
29909,RUA URA FLOR DO IPE 2578 SETOR 4,540,14455,RUA CACAPAVA 4622 SETOR 09,7337,0.08152816
29909,RUA URA FLOR DO IPE 2578 SETOR 4,540,383517,RUA SERAFIM R CRUZ 507 SETOR ZICO,7779,0.08389379
561250,RUA CICERO LEAO DE PAIVA 188 RESIDENCIAL IOLANDAs,541,561250,RUA CICERO LEAO DE PAIVA 188 RESIDENCIAL IOLANDA,4028,0.0044771754
561250,RUA CICERO LEAO DE PAIVA 188 RESIDENCIAL IOLANDAs,541,789505,RUA PAUDERNEI AVELINO 137 MORADA DO SOL,6303,0.057525113
561250,RUA CICERO LEAO DE PAIVA 188 RESIDENCIAL IOLANDAs,541,789503,RUA PAUDERNEI AVELINO 20 MORADA DO SOL,6672,0.062082194
561250,RUA CICERO LEAO DE PAIVA 188 RESIDENCIAL IOLANDAs,541,1097347,RUA FABIO LUCENA 75 CIDADE NOVA,8878,0.06358209
561250,RUA CICERO LEAO DE PAIVA 188 RESIDENCIAL IOLANDAs,541,354062,RUA OLAVO BILAC 44 CIDADE ALTA,5602,0.068088174
1009185,RUA BEBEIRBE 18 NrOVO âLEIXO,542,1124558,RUA J B SILVA 23 CRESPO,8084,0.11022818
1009185,RUA BEBEIRBE 18 NrOVO âLEIXO,542,1001901,RUA AUTAZES 44 ALEIXO,8824,0.11304468
1009185,RUA BEBEIRBE 18 NrOVO âLEIXO,542,500051,RUA DO PARA 2063 CRUZEIRAO,3460,0.11848529
1009185,RUA BEBEIRBE 18 NrOVO âLEIXO,542,241356,RUA CASTILHO 8475 TEIXEIRAO,5090,0.12030937
1009185,RUA BEBEIRBE 18 NrOVO âLEIXO,542,299736,RUA RINO LEVI 5235 TEIXEIRAO,1131,0.1216595
419259,LINHA 148 pSUL 2 ZOhA RURAo NOVO HORIZONTE,543,419732,LINHA 160 SUL 4 NOVO HORIZONTE,5039,0.09260912
419259,LINHA 148 pSUL 2 ZOhA RURAo NOVO HORIZONTE,543,419457,LINHA 152 NORTE 8 NOVO HORIZONTE,3878,0.093233466
419259,LINHA 148 pSUL 2 ZOhA RURAo NOVO HORIZONTE,543,418989,LINHA 140 SUL 3 NOVO HORIZONTE,9042,0.094420314
419259,LINHA 148 pSUL 2 ZOhA RURAo NOVO HORIZONTE,543,419496,LINHA 152 NORTE 20 NOVO HORIZONTE,5366,0.095274106
419259,LINHA 148 pSUL 2 ZOhA RURAo NOVO HORIZONTE,543,419185,LINHA 144 NORTE 19 NOVO HORIZONTE,3410,0.10075612
246498,RUA DA gPAZ 33 CALAMA,544,246498,RUA DA PAZ 33 CALAMA,1818,0.061298504
246498,RUA DA gPAZ 33 CALAMA,544,1059302,RUA DA PAZ 118 CHAPADA,9979,0.09796142
246498,RUA DA gPAZ 33 CALAMA,544,1034768,RUA CEARA 300 CHAPADA,262,0.101359285
246498,RUA DA gPAZ 33 CALAMA,544,1034767,RUA CEARA 300 CHAPADA,570,0.102146864
246498,RUA DA gPAZ 33 CALAMA,544,486887,RUA JAMBO 112 BAIXADA,4744,0.105268806
205261,AVENIDA 3494 POeT0 VELHO,545,346152,AVENIDA NITEROI 6003 PLANALTO,2056,0.0891373
205261,AVENIDA 3494 POeT0 VELHO,545,408886,AVENIDA PORTO VELHO 1579 ST 3,6840,0.09147689
205261,AVENIDA 3494 POeT0 VELHO,545,887224,AVENIDA P 452 ALVORADA,7357,0.09167151
205261,AVENIDA 3494 POeT0 VELHO,545,852707,AVENIDA A 660 LAGO AZUL,664,0.09459956
205261,AVENIDA 3494 POeT0 VELHO,545,207951,AVENIDA GUAPORE 2696 LAGOINHA,1294,0.09550436
397271,AVENIDA MARECHAL DEODORO 4379 CEmTR,546,397271,AVENIDA MARECHAL DEODORO 4379 CENTRO,7481,0.0334386
397271,AVENIDA MARECHAL DEODORO 4379 CEmTR,546,397304,AVENIDA MARECHAL DEODORO 5037 CENTRO,803,0.04712951
397271,AVENIDA MARECHAL DEODORO 4379 CEmTR,546,515133,AVENIDA MARECHAL DEODORO 978 CENTRO,5175,0.060351513
397271,AVENIDA MARECHAL DEODORO 4379 CEmTR,546,394752,AVENIDA MARECHAL DEODORO 6139 CIDADE NOVA,6038,0.06543052
397271,AVENIDA MARECHAL DEODORO 4379 CEmTR,546,371749,AVENIDA MARECHAL RONDON 5054 QUINTO BEC,9190,0.07179077
576246,RUA GUAJARA 150 BAIRRO CïDADE NOVA,547,576246,RUA GUAJARA 150 BAIRRO CIDADE NOVA,3579,0.03292002
576246,RUA GUAJARA 150 BAIRRO CïDADE NOVA,547,576223,RUA GUAJARA 38 BAIRRO CIDADE NOVA,4741,0.042478822
576246,RUA GUAJARA 150 BAIRRO CïDADE NOVA,547,566996,RUA DIAMANTINA 399 BAIRRO CIDADE NOVA,1280,0.059833374
576246,RUA GUAJARA 150 BAIRRO CïDADE NOVA,547,592949,RUA PALMEIRAL 60 BAIRRO CIDADE NOVA,1355,0.062561765
576246,RUA GUAJARA 150 BAIRRO CïDADE NOVA,547,87575,RUA ESPERANCA 1906 BAIRRO CIDADE ALTA,4348,0.070899874
207629,AVENIDA FARQUrAR 7286 NACIONAL,548,207629,AVENIDA FARQUAR 7286 NACIONAL,9614,0.019858792
207629,AVENIDA FARQUrAR 7286 NACIONAL,548,218491,ESTRADA DO BELMONT 2086 NACIONAL,5625,0.07188298
207629,AVENIDA FARQUrAR 7286 NACIONAL,548,207572,AVENIDA FARQUAR 3276 PEDRINHAS,7506,0.07255176
207629,AVENIDA FARQUrAR 7286 NACIONAL,548,218501,ESTRADA DO BELMONT 2358 NACIONAL,4548,0.07360936
207629,AVENIDA FARQUrAR 7286 NACIONAL,548,537378,AVENIDA CEARA 2994 BOSQUE,2876,0.0742439
419496,15 NORTE 20 NOV OORIZONTE,549,476921,PORTO DIAS 60 SERINGAL TRIUNFO,1772,0.18296938
419496,15 NORTE 20 NOV OORIZONTE,549,717076,RIO ACRE 15 SERINGAL SANTO ANTONIO,7211,0.1916675
419496,15 NORTE 20 NOV OORIZONTE,549,688108,RIO ITACOAI 18 REMANCINHO,9124,0.19203323
419496,15 NORTE 20 NOV OORIZONTE,549,849369,RIO CAJUAL 43 CAJUAL,2993,0.19608063
419496,15 NORTE 20 NOV OORIZONTE,549,685860,VICINAL 3 ESTADOS 18 KM 45,176,0.20791133
496243,RUA RUA ALFRDEO TELES 306 CENTmRO CENTmRO,550,560869,RUA CEDRO 121 RESIDENCIAL JOAFRA,2017,0.092323646
496243,RUA RUA ALFRDEO TELES 306 CENTmRO CENTmRO,550,646053,RUA BRASILIANO CANCIO 3240 TRIUNFO,7239,0.09393248
496243,RUA RUA ALFRDEO TELES 306 CENTmRO CENTmRO,550,224732,RUA ALGODOEIRO 4840 CALADINHO,1620,0.096419856
496243,RUA RUA ALFRDEO TELES 306 CENTmRO CENTmRO,550,338751,RUA PADRE ADOLPHO RHOL 2880 CENTRO,9685,0.0966631
496243,RUA RUA ALFRDEO TELES 306 CENTmRO CENTmRO,550,291857,RUA PAULO LEAL 588 QUILMETRO UM,2267,0.09925787
701287,BECOC ASTELO BRANCO 113 CENtTO,551,919631,BECO ESPERANCA 480 PLANALTO,5324,0.122562736
701287,BECOC ASTELO BRANCO 113 CENtTO,551,914980,BECO CASTELO BRANCO 319 COMPENSA,1733,0.123895295
701287,BECOC ASTELO BRANCO 113 CENtTO,551,915017,BECO CASTELO BRANCO 790 COMPENSA,9718,0.13194363
701287,BECOC ASTELO BRANCO 113 CENtTO,551,913786,BECO BRASIL 104 COMPENSA,457,0.13692085
701287,BECOC ASTELO BRANCO 113 CENtTO,551,920980,BECO IGARAPE 27 COMPENSA,7408,0.14316389
255778,RUA EUSTAQUOS ILVESTRE 4478 cESPERANCA,552,255778,RUA EUSTAQUIO SILVESTRE 4478 NOVA ESPERANCA,2130,0.060630515
255778,RUA EUSTAQUOS ILVESTRE 4478 cESPERANCA,552,52218,RUA ERNESTO DE LAZARI 3875 TEIXEIRAO,6817,0.067048706
255778,RUA EUSTAQUOS ILVESTRE 4478 cESPERANCA,552,57339,RUA MONTEIRO LOBATO 1768 TEIXEIRAO,382,0.07346094
255778,RUA EUSTAQUOS ILVESTRE 4478 cESPERANCA,552,301175,RUA RODOLFO AMOEDO 5383 TEIXEIRAO,8637,0.075607166
255778,RUA EUSTAQUOS ILVESTRE 4478 cESPERANCA,552,801105,RUA ERNESTO THALHEIMER 1287 JAUARI II,6422,0.07608935
294721,rPIRITUBA 384 AYRTON SENNA,553,532024,TRAVESSA SEBASTIAO PEIXOTO 398 SERRARIA,2234,0.12522395
294721,rPIRITUBA 384 AYRTON SENNA,553,650924,RAMAL TREIS MARIA 3662 None,3404,0.12625739
294721,rPIRITUBA 384 AYRTON SENNA,553,524077,RAMAL ALTO PENTENCOSTE 214 PARANA,5186,0.13256583
294721,rPIRITUBA 384 AYRTON SENNA,553,728888,RIO PURUS 3 MATUPIRIR,6350,0.13597178
294721,rPIRITUBA 384 AYRTON SENNA,553,532223,RAMAL CEU ABERTO 5 COLONIA 3 IRMAOS,6612,0.14199507
1063366,RUA ADS CACIMBAS 79 SOA RIAMUNDO,554,1129990,RUA JERUSALEM 18 COROADO,5934,0.085206494
1063366,RUA ADS CACIMBAS 79 SOA RIAMUNDO,554,756033,RUA ALFREDO DE SA ANTUNES 545 CODAJAS,2158,0.087078065
1063366,RUA ADS CACIMBAS 79 SOA RIAMUNDO,554,996627,RUA ARAPARIS 82 COROADO,7910,0.087709084
1063366,RUA ADS CACIMBAS 79 SOA RIAMUNDO,554,1142368,RUA LAURA VINCUNA 50 C0ROADO,2580,0.088272095
1063366,RUA ADS CACIMBAS 79 SOA RIAMUNDO,554,755984,RUA ALFREDO DE SA 575 CODAJAS,9621,0.091565
807205,RyA PEDRO 1195 JUNIOR NOGUEIRA,555,926136,BECO RAIMUNDO MONTEIRO 31 MAUAZINHO,4891,0.10613836
807205,RyA PEDRO 1195 JUNIOR NOGUEIRA,555,230603,RUA APOGI 10715 MARCOS FREIRE,8324,0.10745101
807205,RyA PEDRO 1195 JUNIOR NOGUEIRA,555,490571,RAMAL CAJAZEIRO 4689 ZAQUEU MACHADO,5059,0.11161634
807205,RyA PEDRO 1195 JUNIOR NOGUEIRA,555,796063,BECO TEODORICO NUNES 538 JAUARY I,243,0.1124769
807205,RyA PEDRO 1195 JUNIOR NOGUEIRA,555,623703,TRAVESSA COELHO 495 MAURI SERGIO,4965,0.11400259
202319,RUA MsAJOR AMARANTE 718 JARDIM DAS OLIVERIAS,556,202319,RUA MAJOR AMARANTE 718 JARDIM DAS OLIVEIRAS,7203,0.032334745
202319,RUA MsAJOR AMARANTE 718 JARDIM DAS OLIVERIAS,556,202265,RUA MAJOR AMARANTE 48 JARDIM DAS OLIVEIRAS,2258,0.051120162
202319,RUA MsAJOR AMARANTE 718 JARDIM DAS OLIVERIAS,556,202033,RUA ALMIRANTE BARROSO 382 JARDIM DAS OLIVEIRAS,6678,0.057272248
202319,RUA MsAJOR AMARANTE 718 JARDIM DAS OLIVERIAS,556,202026,RUA ALMIRANTE BARROSO 272 JARDIM DAS OLIVEIRAS,9094,0.059692353
202319,RUA MsAJOR AMARANTE 718 JARDIM DAS OLIVERIAS,556,372658,RUA 1504 OU DAS VINOLIAS 2776 JARDIM PRIMAVERA,7056,0.06505111
969562,RUA 45 12 OVO ALEIXO,557,969562,RUA 45 12 NOVO ALEIXO,4266,0.021680646
969562,RUA 45 12 OVO ALEIXO,557,966792,RUA 35 16 NOVO ALEIXO,5560,0.038525857
969562,RUA 45 12 OVO ALEIXO,557,957765,RUA 196 104 NOVO ALEIXO,1804,0.0419268
969562,RUA 45 12 OVO ALEIXO,557,966143,RUA 31 22 NOVO ALEIXO,6702,0.0419682
969562,RUA 45 12 OVO ALEIXO,557,971664,RUA 57 35 NOVO ALEIXO,6497,0.046847798
756046,URA ALFREDO DE SA NATUNES 601 CODAJAS,558,756046,RUA ALFREDO DE SA ANTUNES 601 CODAJAS,3179,0.052258402
756046,URA ALFREDO DE SA NATUNES 601 CODAJAS,558,756033,RUA ALFREDO DE SA ANTUNES 545 CODAJAS,2158,0.058611233
756046,URA ALFREDO DE SA NATUNES 601 CODAJAS,558,755984,RUA ALFREDO DE SA 575 CODAJAS,9621,0.06999165
756046,URA ALFREDO DE SA NATUNES 601 CODAJAS,558,1147226,RUA LOPES CORDOVIL 483 ALVORADA,6385,0.08834148
756046,URA ALFREDO DE SA NATUNES 601 CODAJAS,558,1147210,RUA LOPES CORDOVIL 445 ALVORADA,9675,0.09537572
241356,RUA CASTILHO 8475 TIEXEIRAO,559,241356,RUA CASTILHO 8475 TEIXEIRAO,5090,0.005873246
241356,RUA CASTILHO 8475 TIEXEIRAO,559,299736,RUA RINO LEVI 5235 TEIXEIRAO,1131,0.04816999
241356,RUA CASTILHO 8475 TIEXEIRAO,559,285274,RUA MILTON COSTA 7819 TEIXEIRAO,6925,0.052088566
241356,RUA CASTILHO 8475 TIEXEIRAO,559,286825,RUA NEUSA 7609 TEIXEIRAO,8367,0.05273661
241356,RUA CASTILHO 8475 TIEXEIRAO,559,290331,RUA PANTEON 7205 TEIXEIRAO,6697,0.055323783
549169,RUA 7 DEJULHO 100 CALAFTAE CALAFTAE,560,1072190,RUA DEZESSETE 5 PLANALTO,6923,0.08447042
549169,RUA 7 DEJULHO 100 CALAFTAE CALAFTAE,560,585611,RUA MADEREIRA 677 NOVO CALAFATE,1570,0.08502723
549169,RUA 7 DEJULHO 100 CALAFTAE CALAFTAE,560,1026262,RUA CAIRO 1 PLANALTO,2188,0.08604039
549169,RUA 7 DEJULHO 100 CALAFTAE CALAFTAE,560,611132,RUA X 845 NOVO CALAFATE,6984,0.08630408
549169,RUA 7 DEJULHO 100 CALAFTAE CALAFTAE,560,1142368,RUA LAURA VINCUNA 50 C0ROADO,2580,0.088987224
1138970,RUA JUkIO EVRNE 61 A|EIXO,561,803117,RUA JOSE NOBRE 141 IRACY,6259,0.10237101
1138970,RUA JUkIO EVRNE 61 A|EIXO,561,576622,RUA GUIOMARD SANTOS 94 BOSQUE,7059,0.1027484
1138970,RUA JUkIO EVRNE 61 A|EIXO,561,1019853,RUA BOULEVARD SA PEIXOTO 124 EDUCANDOS,1658,0.10588443
1138970,RUA JUkIO EVRNE 61 A|EIXO,561,1047042,RUA CONDE DE SERGUIMIRIM 14 CIDADE NOVA,2690,0.10912517
1138970,RUA JUkIO EVRNE 61 A|EIXO,561,338751,RUA PADRE ADOLPHO RHOL 2880 CENTRO,9685,0.111358695
73722,AVENIDA GmUPORE 2755 SANTA LUZIA,562,73722,AVENIDA GUAPORE 2755 SANTA LUZIA,2261,0.025237111
73722,AVENIDA GmUPORE 2755 SANTA LUZIA,562,207965,AVENIDA GUAPORE 2872 LAGOINHA,5484,0.06623759
73722,AVENIDA GmUPORE 2755 SANTA LUZIA,562,97875,AVENIDA GUAPORE 907 SURPRESA,4712,0.06649549
73722,AVENIDA GmUPORE 2755 SANTA LUZIA,562,97878,AVENIDA GUAPORE 935 SURPRESA,6502,0.06797438
73722,AVENIDA GmUPORE 2755 SANTA LUZIA,562,207951,AVENIDA GUAPORE 2696 LAGOINHA,1294,0.0683437
1015009,RUA BERNADO CAnRAL 228 OCROAOD,563,1015009,RUA BERNADO CABRAL 228 COROADO,8489,0.07403524
1015009,RUA BERNADO CAnRAL 228 OCROAOD,563,1106376,RUA GIRASSOL 20 COROADO,4528,0.08742478
1015009,RUA BERNADO CAnRAL 228 OCROAOD,563,1014995,RUA BERNADO CABRAL 23 COROADO,6596,0.09275873
1015009,RUA BERNADO CAnRAL 228 OCROAOD,563,613956,RUA MARECHAL DEODORO 1010 BOSQUE,2660,0.09793244
1015009,RUA BERNADO CAnRAL 228 OCROAOD,563,1142368,RUA LAURA VINCUNA 50 C0ROADO,2580,0.09932764
1078005,RAU DO QUARNETAO 12 CMPENSA CMPENSA,564,703603,TRAVESSA UMARIZAL 27 UMARIZAL,3733,0.15694545
1078005,RAU DO QUARNETAO 12 CMPENSA CMPENSA,564,636897,RAMAL DOIS IRMAOS 63 TRANSACRIANA,3005,0.15851495
1078005,RAU DO QUARNETAO 12 CMPENSA CMPENSA,564,490714,RAMAL CIMENTEIRA 2 1020 LOTE 18,5189,0.1652224
1078005,RAU DO QUARNETAO 12 CMPENSA CMPENSA,564,532720,RAMAL ENCO 46 APOS A PRIMEIRA PONTE,7406,0.16773611
1078005,RAU DO QUARNETAO 12 CMPENSA CMPENSA,564,625250,TRAVESSA DO DIVISOR 76 ELDORADO,8250,0.17588863
349258,AVENIDA VINTE E CINC DE AGOSTO AGOSTO 5069 CETOR,565,494133,AVENIDA VINTE E CINCO DE AGOSTO 32 25 DE AGOSTO,8383,0.07597651
349258,AVENIDA VINTE E CINC DE AGOSTO AGOSTO 5069 CETOR,565,494139,AVENIDA VINTE E CINCO DE AGOSTO 82 25 DE AGOSTO,1565,0.07704562
349258,AVENIDA VINTE E CINC DE AGOSTO AGOSTO 5069 CETOR,565,102532,AVENIDA VINTE E UM DE JUNHO 2270 GUAJARA MIRIM,6440,0.099357545
349258,AVENIDA VINTE E CINC DE AGOSTO AGOSTO 5069 CETOR,565,348998,AVENIDA VINTE E CINCO DE AGOSTO 3371 JARDIM TROPICAL,7444,0.10065861
349258,AVENIDA VINTE E CINC DE AGOSTO AGOSTO 5069 CETOR,565,494414,AVENIDA VINTE OITO DE SETEMBRO 1112 25 DE AGOSTO,5958,0.10299773
1082440,RUA cOMICIO SATNOS 32 CIDAED DE DEUS,566,823189,RUA DEOCLECIANO SAMPAIO 1027 PANTANAL,601,0.10420297
1082440,RUA cOMICIO SATNOS 32 CIDAED DE DEUS,566,834589,RUA CLAUDIONOR VASCONCELOS 482 NOVO MANACA,5422,0.108570695
1082440,RUA cOMICIO SATNOS 32 CIDAED DE DEUS,566,1037632,RUA CEZAMIR DUARTE 77 DOM PEDRO II,9440,0.112505764
1082440,RUA cOMICIO SATNOS 32 CIDAED DE DEUS,566,576622,RUA GUIOMARD SANTOS 94 BOSQUE,7059,0.113016464
1082440,RUA cOMICIO SATNOS 32 CIDAED DE DEUS,566,655178,RUA NASER N JOSE 190 CRISTO LIBERTADOR,4535,0.11319528
309957,TEOsDORA RUA LOPES 9527 MIANA,567,309957,RUA TEODORA LOPES 9527 MARIANA,1291,0.07092403
309957,TEOsDORA RUA LOPES 9527 MIANA,567,286241,RUA MOSTARDEIRO 9668 MARIANA,3642,0.083459646
309957,TEOsDORA RUA LOPES 9527 MIANA,567,296702,RUA PROTASIO ALVES 10076 MARIANA,2441,0.08391316
309957,TEOsDORA RUA LOPES 9527 MIANA,567,321368,RUA MARECHAL DEODORO 2808 OLARIA,4030,0.08485815
309957,TEOsDORA RUA LOPES 9527 MIANA,567,299736,RUA RINO LEVI 5235 TEIXEIRAO,1131,0.08910884
959619,tRUA 208 10 NOVA ICDADE,568,945209,RUA 02 10 MANAUS,749,0.14851606
959619,tRUA 208 10 NOVA ICDADE,568,330277,RUA 54A 10 NOVA MUTUM,5805,0.152677
959619,tRUA 208 10 NOVA ICDADE,568,964955,RUA 29 137 TARUMA ACU,6308,0.1533743
959619,tRUA 208 10 NOVA ICDADE,568,330417,RUA 56A 10 NOVA MUTUM,5004,0.15486938
959619,tRUA 208 10 NOVA ICDADE,568,945369,RUA 02 60 TARUMA,7720,0.15493397
364103,AVENIxA DEZESSET 1778 BELA VISA,569,794173,AVENIDA LIBERDADE 4502 MAMOUD AMED,7473,0.11287342
364103,AVENIxA DEZESSET 1778 BELA VISA,569,538106,AVENIDA EPAMINONDAS JACOME 1538 CADEIA VELHA,5216,0.11300641
364103,AVENIxA DEZESSET 1778 BELA VISA,569,218491,ESTRADA DO BELMONT 2086 NACIONAL,5625,0.11441855
364103,AVENIxA DEZESSET 1778 BELA VISA,569,216190,BECO ACARA 2346 NOVA FLORESTA,1475,0.11584689
364103,AVENIxA DEZESSET 1778 BELA VISA,569,793877,AVENIDA CHIBLY ABRAHIM 1486 TIRADENTES,4097,0.11892215
1079072,RUA DOcS 8 OPERARIIO J0SE SAO,570,1078920,RUA DOIS 4 SAO JOSE OPERARIIO,3255,0.077212535
1079072,RUA DOcS 8 OPERARIIO J0SE SAO,570,1053888,RUA D 7 SAO JOSE OPERARIO 3,6305,0.07804427
1079072,RUA DOcS 8 OPERARIIO J0SE SAO,570,1070475,RUA DEZ K 18 SAO JOSE OPERARIO,1584,0.08865616
1079072,RUA DOcS 8 OPERARIIO J0SE SAO,570,972022,RUA 6 10 SAO JOSE OPERARIO,5988,0.08988524
1079072,RUA DOcS 8 OPERARIIO J0SE SAO,570,1054504,RUA D 31 SAO JOSE OPERARIO 3,4022,0.09108397
1129619,RUA JEdICO 275 CIDADE DE DEUS,571,1129619,RUA JERICO 275 CIDADE DE DEUS,6475,0.023884948
1129619,RUA JEdICO 275 CIDADE DE DEUS,571,1129333,RUA JERICO 19 CIDADE DE DEUS,2259,0.04273373
1129619,RUA JEdICO 275 CIDADE DE DEUS,571,1125905,RUA JAFE 65 CIDADE DE DEUS,9338,0.04616942
1129619,RUA JEdICO 275 CIDADE DE DEUS,571,1128905,RUA JAURU 21 CIDADE DE DEUS,147,0.04884203
1129619,RUA JEdICO 275 CIDADE DE DEUS,571,1135869,RUA JOSE DUTRA 332 CIDADE DE DEUS,7724,0.053232364
1080363,ODIS RUA 67 CIDADE ONVA NOVA,572,1052403,RUA CURIO 76 CIDADE NOVA 1,3568,0.064007916
1080363,ODIS RUA 67 CIDADE ONVA NOVA,572,1088965,RUA E 54 CIDADE NOVA,2076,0.07036816
1080363,ODIS RUA 67 CIDADE ONVA NOVA,572,1088907,RUA E 48 CIDADE NOVA,6030,0.071852796
1080363,ODIS RUA 67 CIDADE ONVA NOVA,572,1089014,RUA E 61 CIDADE NOVA,4642,0.072431095
1080363,ODIS RUA 67 CIDADE ONVA NOVA,572,958949,RUA 20 46 CIDADE NOVA,9063,0.076439194
195348,AVENIDA RIàCHUEO 1147 BNH,573,195348,AVENIDA RIACHUELO 1147 BNH,4944,0.044989996
195348,AVENIDA RIàCHUEO 1147 BNH,573,197872,RUA BARBARA L FUZARI 141 BNH,7321,0.10365848
195348,AVENIDA RIàCHUEO 1147 BNH,573,346152,AVENIDA NITEROI 6003 PLANALTO,2056,0.10938296
195348,AVENIDA RIàCHUEO 1147 BNH,573,366281,AVENIDA MELVIM JONES 441 BODANESE,7329,0.123009585
195348,AVENIDA RIàCHUEO 1147 BNH,573,747651,RUA LEONCIO SALINGNAC 199 TAUA MIRIM,724,0.12966977
134022,RUA CASTANHEIRA 3092 JK,574,134022,RUA CASTANHEIRA 3092 JK,2208,4.2651536e-06
134022,RUA CASTANHEIRA 3092 JK,574,134039,RUA CASTANHEIRA 3291 JK,8593,0.014075046
134022,RUA CASTANHEIRA 3092 JK,574,134031,RUA CASTANHEIRA 3208 JK,6553,0.018439688
134022,RUA CASTANHEIRA 3092 JK,574,237010,RUA BRASIL 6342 CASTANHEIRA,3174,0.061797876
134022,RUA CASTANHEIRA 3092 JK,574,227067,RUA ANARI 650 CASTANHEIRA,1894,0.065176286
643474,RAMAL PARANA DOS MOURAS 74 LUZEIR02,575,643474,RAMAL PARANA DOS MOURAS 74 LUZEIRO2,72,0.006909162
643474,RAMAL PARANA DOS MOURAS 74 LUZEIR02,575,930939,BECO SOLIMOES 34 ZUMBI DOS PALMARES,6981,0.079806775
643474,RAMAL PARANA DOS MOURAS 74 LUZEIR02,575,643137,RAMAL IGRARAPE DO MEIO 54 RODRIGUES ALVES,310,0.08359641
643474,RAMAL PARANA DOS MOURAS 74 LUZEIR02,575,729089,RIO PURUS 10 SERINGAL DO CARMO,4676,0.08851062
643474,RAMAL PARANA DOS MOURAS 74 LUZEIR02,575,643703,RAMAL TIRIRICA 12 R0DRIGUES ALVES,1410,0.09224674
1021393,RUA BRASILEIA 204 COMPENSA,576,1021393,RUA BRASILEIA 204 COMPENSA,7772,4.60965e-06
1021393,RUA BRASILEIA 204 COMPENSA,576,1021381,RUA BRASILEIA 37 COMPENSA,4229,0.023466684
1021393,RUA BRASILEIA 204 COMPENSA,576,1021507,RUA BRASILIA 134 COROADO,4885,0.04100985
1021393,RUA BRASILEIA 204 COMPENSA,576,1021569,RUA BRASILIA 223 COROADO,6548,0.04942382
1021393,RUA BRASILEIA 204 COMPENSA,576,1059879,RUA DA PAZ 413 COMPENSA 1,8080,0.06108563
981375,RUA ADAISLON LOPêS 129 SANTA,577,832716,RUA ANDRE VIDAL 119 APARECIDA,2564,0.07580923
981375,RUA ADAISLON LOPêS 129 SANTA,577,832604,RUA ALVARAES 195 APARECIDA,9641,0.07608931
981375,RUA ADAISLON LOPêS 129 SANTA,577,832731,RUA ANDRE VIDAL 147 APARECIDA,9733,0.076132745
981375,RUA ADAISLON LOPêS 129 SANTA,577,588505,RUA MARTINIANO 91 AVIARIO,8330,0.080052
981375,RUA ADAISLON LOPêS 129 SANTA,577,576622,RUA GUIOMARD SANTOS 94 BOSQUE,7059,0.08285663
107049,AVENIDA RIO ROI BRANCO 2556 SETOR,578,107049,AVENIDA RIO BRANCO 2556 SETOR 05,5107,0.048573907
107049,AVENIDA RIO ROI BRANCO 2556 SETOR,578,347815,AVENIDA RIO BRANCO 5951 PLANALTO,9054,0.06547462
107049,AVENIDA RIO ROI BRANCO 2556 SETOR,578,107007,AVENIDA RIO BRANCO 2225 SETOR 01,6734,0.067674324
107049,AVENIDA RIO ROI BRANCO 2556 SETOR,578,347657,AVENIDA RIO BRANCO 3586 CENTENARIO,575,0.074674234
107049,AVENIDA RIO ROI BRANCO 2556 SETOR,578,397405,AVENIDA MARECHAL RONDON 1197 CENTRO,2641,0.081826895
297625,RUA QUINTINy BOCAIUVA 2899 SAO CRIeTVOAO,579,297625,RUA QUINTINO BOCAIUVA 2899 SAO CRISTOVAO,3734,0.050130494
297625,RUA QUINTINy BOCAIUVA 2899 SAO CRIeTVOAO,579,617456,RUA SAO CRISTOVAO 143 DAL PASQUALE,6757,0.088627726
297625,RUA QUINTINy BOCAIUVA 2899 SAO CRIeTVOAO,579,253586,RUA EMIL GORAYEB 3720 SAO JOAO BOSCO,3157,0.092665404
297625,RUA QUINTINy BOCAIUVA 2899 SAO CRIeTVOAO,579,345119,AVENIDA MACEIO 6226 SAO CRISTOVAO,6114,0.09481031
297625,RUA QUINTINy BOCAIUVA 2899 SAO CRIeTVOAO,579,355836,RUA URUPA 5766 SAO CRISTOVAO,9376,0.103598595
1069134,RUA DEZ 29 ALEIXO,580,1069134,RUA DEZ 29 ALEIXO,7538,1.1772323e-05
1069134,RUA DEZ 29 ALEIXO,580,1069518,RUA DEZ 134 ALEIXO,7083,0.04440622
1069134,RUA DEZ 29 ALEIXO,580,1079469,RUA DOIS 19 ALEIXO,2113,0.047441058
1069134,RUA DEZ 29 ALEIXO,580,1069777,RUA DEZ 316 ALVORADA,9603,0.058285255
1069134,RUA DEZ 29 ALEIXO,580,1069807,RUA DEZ 341 ALVORADA,3555,0.06578982
355994,hURA X 742 tBAIRRO hCIDADE ALTA,581,64623,ALDEIA SURUIS 259 CACOAL,2368,0.17563367
355994,hURA X 742 tBAIRRO hCIDADE ALTA,581,637662,RAMAL PICAREIRA 520 AMAPA,9958,0.17672096
355994,hURA X 742 tBAIRRO hCIDADE ALTA,581,672888,RAMAL LINHA4 252 CAQUETA,7260,0.17756814
355994,hURA X 742 tBAIRRO hCIDADE ALTA,581,851689,ALAMEDA ITALIA 82 CHAPADA,8757,0.17999735
355994,hURA X 742 tBAIRRO hCIDADE ALTA,581,650924,RAMAL TREIS MARIA 3662 None,3404,0.18537608
1106760,URA GOIANI 4 PLANALTO,582,1140277,RUA KAMPALA 1 PLANALTO,328,0.096759304
1106760,URA GOIANI 4 PLANALTO,582,149063,RUA MOGNO 2905 VALPARAISO,3189,0.09860197
1106760,URA GOIANI 4 PLANALTO,582,58149,RUA PEDRO SPAGNOL 3985 TEIXEIRAO,4459,0.108054236
1106760,URA GOIANI 4 PLANALTO,582,1026262,RUA CAIRO 1 PLANALTO,2188,0.10940047
1106760,URA GOIANI 4 PLANALTO,582,575241,RUA FUTURO 196 AVIARIO,5545,0.116577476
347362,AVENIDAP ORTO VELHO 5987 SAO CRISTOVAO,583,347362,AVENIDA PORTO VELHO 5987 SAO CRISTOVAO,233,0.028691538
347362,AVENIDAP ORTO VELHO 5987 SAO CRISTOVAO,583,347384,AVENIDA PORTO VELHO 6243 SAO CRISTOVAO,8760,0.03323831
347362,AVENIDAP ORTO VELHO 5987 SAO CRISTOVAO,583,347372,AVENIDA PORTO VELHO 6033 SAO CRISTOVAO,8243,0.0370564
347362,AVENIDAP ORTO VELHO 5987 SAO CRISTOVAO,583,347395,AVENIDA PORTO VELHO 6410 SAO CRISTOVAO,4709,0.03711492
347362,AVENIDAP ORTO VELHO 5987 SAO CRISTOVAO,583,347337,AVENIDA PORTO VELHO 5720 SAO CRISTOVAO,9548,0.037402015
918633,BECO DO FRANCO 7 CMOPENSA,584,918633,BECO DO FRANCO 7 COMPENSA,5028,0.045344926
918633,BECO DO FRANCO 7 CMOPENSA,584,918148,BECO DAS PEDREIRAS 17 COMPENSA,46,0.091848075
918633,BECO DO FRANCO 7 CMOPENSA,584,918183,BECO DAS ROSAS 89 COMPENSA,8751,0.09560438
918633,BECO DO FRANCO 7 CMOPENSA,584,919051,BECO DOS ESCOTEIROS 14 COMPENSA,2771,0.1022733
918633,BECO DO FRANCO 7 CMOPENSA,584,917026,BECO DA PAZ 8 MAUAZINHO,3374,0.10647403
456960,SENA IRTON RUAA 3893 IDADE BAIXA,585,456960,RUA AIRTON SENA 3893 CIDADE BAIXA,9893,0.13704567
456960,SENA IRTON RUAA 3893 IDADE BAIXA,585,457691,RUA MACAPA 2940 CIDADE BAIXA,7812,0.13725317
456960,SENA IRTON RUAA 3893 IDADE BAIXA,585,1118393,RUA INDIO CRETA 2 COROADO,9673,0.14356261
456960,SENA IRTON RUAA 3893 IDADE BAIXA,585,31747,RUA TOPAZIO 1420 RURAL,8972,0.14847168
456960,SENA IRTON RUAA 3893 IDADE BAIXA,585,265240,RUA IBOTIRAMA 3118 POR O VELHO,6279,0.15417928
322221,RUA PADRE CHIQUINHO 74 SAO CARLOS,586,322221,RUA PADRE CHIQUINHO 74 SAO CARLOS,5037,1.1603713e-05
322221,RUA PADRE CHIQUINHO 74 SAO CARLOS,586,322241,RUA PADRE CHIQUINHO 94 SAO CARLOS,5480,0.006355048
322221,RUA PADRE CHIQUINHO 74 SAO CARLOS,586,259681,RUA GASOMETRO 1913 SAO FRANCISCO,6026,0.06774245
322221,RUA PADRE CHIQUINHO 74 SAO CARLOS,586,653979,RUA JOAO CUNEGUNDES 95 BOM SUCESSO,2116,0.06790261
322221,RUA PADRE CHIQUINHO 74 SAO CARLOS,586,1133193,RUA JOAQUIM RIBEIRO 100 SAO FRANCISCO,5250,0.07057729
602264,SAO JOSE 79 JORGE LAVCOAT,587,937083,BECO SAO JORGE 161 SAO RAIMUNDO,2943,0.09585917
602264,SAO JOSE 79 JORGE LAVCOAT,587,602264,RUA SAO JOSE 79 JORGE LAVOCAT,9370,0.10559423
602264,SAO JOSE 79 JORGE LAVCOAT,587,937507,BECO SAO JOSE 42 SAO JORGE,3931,0.1061837
602264,SAO JOSE 79 JORGE LAVCOAT,587,937814,BECO SAO JOSE 138 GLORIA,784,0.108582646
602264,SAO JOSE 79 JORGE LAVCOAT,587,937069,BECO SAO JORGE 92 ALVORADA,2737,0.11122863
532787,RAMAL ENçO LLINHA 7 167 RAMAL DSAC HACARAS,588,532787,RAMAL ENCOL LINHA 7 167 RAMAL DAS CHACARAS,3141,0.07837097
532787,RAMAL ENçO LLINHA 7 167 RAMAL DSAC HACARAS,588,672392,RAMAL LINHA 07 357 PROGETO HUMAITA,9743,0.08187276
532787,RAMAL ENçO LLINHA 7 167 RAMAL DSAC HACARAS,588,672825,RAMAL LINHA11 180 CAQUETA,1836,0.09306264
532787,RAMAL ENçO LLINHA 7 167 RAMAL DSAC HACARAS,588,173947,LINHA LJ 4 77 MACHADINHO,1492,0.09459412
532787,RAMAL ENçO LLINHA 7 167 RAMAL DSAC HACARAS,588,173938,LINHA LJ 4 51 MACHADINHO,4482,0.09660423
150967,RUA PORTO ALEGRE 1681 VALPARISO,589,150967,RUA PORTO ALEGRE 1681 VALPARAISO,2656,0.006830603
150967,RUA PORTO ALEGRE 1681 VALPARISO,589,150954,RUA PORTO ALEGRE 1551 VALPARAISO,6803,0.022663292
150967,RUA PORTO ALEGRE 1681 VALPARISO,589,232485,RUA ATAUFO ALVES 8618 PORTO VELHO,8074,0.061729405
150967,RUA PORTO ALEGRE 1681 VALPARISO,589,292385,RUA PEDRO ALBENIZ 6858 PORTO VELHO,8953,0.06689649
150967,RUA PORTO ALEGRE 1681 VALPARISO,589,232497,RUA ATAUFO ALVES 8673 PORTO VELHO,5423,0.06915945
478587,RAMAL QUADRA 13 3 PORO LUI,590,478587,RAMAL QUADRA 13 3 PORTO LUIZ,9155,0.026870845
478587,RAMAL QUADRA 13 3 PORO LUI,590,672721,RAMAL LINHA 8 41 PORTO ALOSON,645,0.087230414
478587,RAMAL QUADRA 13 3 PORO LUI,590,478765,RAMAL TRAVESSAO 1 56 PORTO LUIZ,8574,0.088923454
478587,RAMAL QUADRA 13 3 PORO LUI,590,672732,RAMAL LINHA 8 99 PORTO ALOSON,1465,0.09359977
478587,RAMAL QUADRA 13 3 PORO LUI,590,598190,RUA RADIO FAROL 337 GLORIA,1238,0.10786508
3386,AVENIDA MARECHAL RONDON 2847 PRINgCESA ISABéL,591,3386,AVENIDA MARECHAL RONDON 2847 PRINCESA ISABEL,1042,0.028902493
3386,AVENIDA MARECHAL RONDON 2847 PRINgCESA ISABéL,591,3422,AVENIDA MARECHAL RONDON 3381 PRINCESA ISABEL,6009,0.03147702
3386,AVENIDA MARECHAL RONDON 2847 PRINgCESA ISABéL,591,46662,AVENIDA MARECHAL RONDON 2470 PRINCESA ISABEL,1064,0.04514002
3386,AVENIDA MARECHAL RONDON 2847 PRINgCESA ISABéL,591,371770,AVENIDA MARECHAL RONDON 6148 TANCREDO NEVES,9764,0.07473696
3386,AVENIDA MARECHAL RONDON 2847 PRINgCESA ISABéL,591,127786,AVENIDA MARECHAL RONDON 2435 DOIS DE ABRIL,7067,0.088143915
15571,RUA CASTRO ALVES 3686 SETOR 06p,592,15571,RUA CASTRO ALVES 3686 SETOR 06,1680,0.017490268
15571,RUA CASTRO ALVES 3686 SETOR 06p,592,15564,RUA CASTRO ALVES 3633 SETOR 06,6848,0.03559381
15571,RUA CASTRO ALVES 3686 SETOR 06p,592,15489,RUA CASTRO ALVES 3233 SETOR 6,8950,0.04388916
15571,RUA CASTRO ALVES 3686 SETOR 06p,592,110008,RUA CASTRO ALVES 3537 ST 06,4613,0.064582765
15571,RUA CASTRO ALVES 3686 SETOR 06p,592,1033975,RUA CASTRO ALVES 524 ALEIXO,1586,0.06775757
447380,RDOVIA R 470 90 TRAVESSAO FORMIGUINHA,593,447380,RODOVIA RO 470 90 TRAVESSAO FORMIGUINHA,7693,0.058191404
447380,RDOVIA R 470 90 TRAVESSAO FORMIGUINHA,593,780954,RODOVIA OUTROS BR 319 63 SAO JOAO,3195,0.1224369
447380,RDOVIA R 470 90 TRAVESSAO FORMIGUINHA,593,780912,RODOVIA OUTROS BR 319 43 SAO JOAO,4287,0.12411404
447380,RDOVIA R 470 90 TRAVESSAO FORMIGUINHA,593,880366,AVENIDA JERUZALEM 168 COLONIA TERRA NOVA,3689,0.12529434
447380,RDOVIA R 470 90 TRAVESSAO FORMIGUINHA,593,437432,TRAVESSAO DO RIO PRETO A B 94 111 ZONA RURAL,4303,0.13245189
459295,LINHA 02 10 None,594,459295,LINHA 02 10 None,1799,3.519962e-05
459295,LINHA 02 10 None,594,459429,LINHA 03 4 None,3475,0.03960732
459295,LINHA 02 10 None,594,443560,LINHA 05 80 None,2598,0.04897871
459295,LINHA 02 10 None,594,469332,LINHA A 4 23 None,5940,0.058914587
459295,LINHA 02 10 None,594,443702,LINHA 110 35 None,7162,0.06598918
409073,AmVENIDA POROT VELHO 2690 SETOR 05,595,114030,RUA MINERVINO VIANA 2609 SETOR 4,6042,0.08025404
409073,AmVENIDA POROT VELHO 2690 SETOR 05,595,408886,AVENIDA PORTO VELHO 1579 ST 3,6840,0.08140451
409073,AmVENIDA POROT VELHO 2690 SETOR 05,595,82190,AVENIDA LIMOEIRO 1186 SETOR 0009,2652,0.08170442
409073,AmVENIDA POROT VELHO 2690 SETOR 05,595,823189,RUA DEOCLECIANO SAMPAIO 1027 PANTANAL,601,0.0827602
409073,AmVENIDA POROT VELHO 2690 SETOR 05,595,82250,AVENIDA LIMOEIRO 2304 SETOR 0003,124,0.08783825
756933,RUA LEVI 97 CiDAJAS,596,756933,RUA LEVI 97 CODAJAS,2408,0.031264868
756933,RUA LEVI 97 CiDAJAS,596,299736,RUA RINO LEVI 5235 TEIXEIRAO,1131,0.10085052
756933,RUA LEVI 97 CiDAJAS,596,987516,RUA ALVARO 21 JAPIIM,394,0.11503908
756933,RUA LEVI 97 CiDAJAS,596,235926,RUA BIDU SAIAO 7069 APONIA,5879,0.11694354
756933,RUA LEVI 97 CiDAJAS,596,143292,RUA IPE 3826 VALPARAISO,2840,0.12168062
13455,RUA BASILIO DA GAMA GAMA 3368 COLONIAL,597,13455,RUA BASILIO DA GAMA 3368 COLONIAL,3621,0.016529992
13455,RUA BASILIO DA GAMA GAMA 3368 COLONIAL,597,13475,RUA BASILIO DA GAMA 3491 SETOR COLONIAL,5855,0.05507748
13455,RUA BASILIO DA GAMA GAMA 3368 COLONIAL,597,33563,RUA ZELIA GATAI 3362 COLONIAL,5083,0.06316223
13455,RUA BASILIO DA GAMA GAMA 3368 COLONIAL,597,33564,RUA ZELIA GATAI 3376 COLONIAL,1656,0.06815937
13455,RUA BASILIO DA GAMA GAMA 3368 COLONIAL,597,565120,RUA DAMA DA NOITE 773 TROPICAL,58,0.07517362
917150,BECO DAk rPAZ 27 COROADO COROADO,598,917150,BECO DA PAZ 27 COROADO,1745,0.07116145
917150,BECO DAk rPAZ 27 COROADO COROADO,598,934616,BECO SANTA RITA 1007 COROADO,7523,0.094918534
917150,BECO DAk rPAZ 27 COROADO COROADO,598,931643,BECO TRES IRMAOS 1527 COROADO,7173,0.09943031
917150,BECO DAk rPAZ 27 COROADO COROADO,598,923580,BECO MAUA 170 COROADO,221,0.101366475
917150,BECO DAk rPAZ 27 COROADO COROADO,598,923592,BECO MAUA 200 COROADO,9186,0.113061264
62805,RUlA PADRE MANOEL DA OBREGA 225 NOV ESPEANCA,599,1031358,RUA CARLOS DRUMONDDE ANDRADE ANTIGA RUA G TRES 124 NOVA REPUBLICA,9232,0.11529028
62805,RUlA PADRE MANOEL DA OBREGA 225 NOV ESPEANCA,599,1092634,RUA ERICO VERISSIMO ANTIGA A4 322 NOVA REPUBLICA,5390,0.117624715
62805,RUlA PADRE MANOEL DA OBREGA 225 NOV ESPEANCA,599,856138,AVENIDA AUTAZ MIRIN ANTIGA GRANDE CIRCULAR 7844 TANCREDO NEVES,8570,0.119004995
62805,RUlA PADRE MANOEL DA OBREGA 225 NOV ESPEANCA,599,1092621,RUA ERICO VERISSIMO ANTIGA A4 150 NOVA REPUBLICA,5001,0.12193883
62805,RUlA PADRE MANOEL DA OBREGA 225 NOV ESPEANCA,599,1092673,RUA ERICO VERISSIMO ANTIGA L4 543 NOVA REPUBLICA,8100,0.123806395
531304,RUA PROJETADA 03 170 SAO CtISOVAO,600,531304,RUA PROJETADA 03 170 SAO CRISTOVAO,6856,0.022460107
531304,RUA PROJETADA 03 170 SAO CtISOVAO,600,531313,RUA PROJETADA 04 640 SAO CRISTOVAO,1088,0.037654564
531304,RUA PROJETADA 03 170 SAO CtISOVAO,600,531322,RUA PROJETADA 04 701 SAO CRISTOVAO,9060,0.038553964
531304,RUA PROJETADA 03 170 SAO CtISOVAO,600,153947,RUA SEM DENOMINACAO III 537 NOVO JIPARANA,2460,0.09949081
531304,RUA PROJETADA 03 170 SAO CtISOVAO,600,1038798,RUA CINCO 3 SAO JOSE OPERARIO 3,5161,0.102618
44770,AVENIDA PORTO ALEGREg 111 NOO CACAOL,601,44770,AVENIDA PORTO ALEGRE 111 NOVO CACOAL,7338,0.042439323
44770,AVENIDA PORTO ALEGREg 111 NOO CACAOL,601,44795,AVENIDA PORTO ALEGRE 315 NOVO CACOAL,9252,0.04807064
44770,AVENIDA PORTO ALEGREg 111 NOO CACAOL,601,44815,AVENIDA PORTO ALEGRE 519 NOVO CACOAL,417,0.048104905
44770,AVENIDA PORTO ALEGREg 111 NOO CACAOL,601,44826,AVENIDA PORTO ALEGRE 619 NOVO CACOAL,4413,0.053206798
44770,AVENIDA PORTO ALEGREg 111 NOO CACAOL,601,893564,AVENIDA RIO NEGRO 78 JAPIIM,5489,0.07668108
11507,RUA ABEL COUTO 2845 SETOR 08,602,11507,RUA ABEL COUTO 2845 SETOR 08,2165,7.120316e-06
11507,RUA ABEL COUTO 2845 SETOR 08,602,110187,RUA CEARA 2784 SETOR 01,5505,0.053283308
11507,RUA ABEL COUTO 2845 SETOR 08,602,15884,RUA CEREJEIRA 1765 SETOR 01,1153,0.058377884
11507,RUA ABEL COUTO 2845 SETOR 08,602,410760,RUA CORUMBIARA 1867 SETOR 03,9111,0.06250355
11507,RUA ABEL COUTO 2845 SETOR 08,602,27455,RUA PEDRO NAVA 3112 SETOR 06,8118,0.06959565
16485,RûA CORA CORALINA 3750 SETOR 11,603,16485,RUA CORA CORALINA 3750 SETOR 11,9736,0.07409993
16485,RûA CORA CORALINA 3750 SETOR 11,603,1021381,RUA BRASILEIA 37 COMPENSA,4229,0.091554925
16485,RûA CORA CORALINA 3750 SETOR 11,603,435134,RUA GRALHA-AZUL 1702 SETOR 1,9160,0.09587278
16485,RûA CORA CORALINA 3750 SETOR 11,603,435143,RUA GRALHA-AZUL 1743 SETOR 1,6746,0.09968752
16485,RûA CORA CORALINA 3750 SETOR 11,603,19866,RUA GARROTE 2210 SETOR 12,2805,0.106016204
743959,RUA CESARIO CAMPELO 395 CETRO,604,743959,RUA CESARIO CAMPELO 395 CENTRO,2868,0.020339478
743959,RUA CESARIO CAMPELO 395 CETRO,604,398124,RUA CARLOS GOMES 4905 CENTRO,4453,0.07038265
743959,RUA CESARIO CAMPELO 395 CETRO,604,586194,RUA MANOEL CESARIO 327 CAPOEIRA,5060,0.07290373
743959,RUA CESARIO CAMPELO 395 CETRO,604,1031481,RUA CARLOS GOMES 667 COMPENSA,5837,0.07820247
743959,RUA CESARIO CAMPELO 395 CETRO,604,486514,RUA CELSO GARCIA 101 CENTRO,4448,0.0796524
626341,TRAVES$A GALDINO 58 BAIRRO SANTA HELENA,605,626341,TRAVESSA GALDINO 58 BAIRRO SANTA HELENA,5867,0.041882478
626341,TRAVES$A GALDINO 58 BAIRRO SANTA HELENA,605,622055,TRAVESSA BENJAMIM 110 BAIRRO SANTA HELENA,67,0.05563997
626341,TRAVES$A GALDINO 58 BAIRRO SANTA HELENA,605,622840,TRAVESSA CAMPO DO JORDAO 160 BAIRRO SANTA HELENA,6448,0.07671745
626341,TRAVES$A GALDINO 58 BAIRRO SANTA HELENA,605,628140,TRAVESSA JOSE BARBOSA 27 VILA DA AMIZADE,3638,0.08395597
626341,TRAVES$A GALDINO 58 BAIRRO SANTA HELENA,605,804979,RUA PENETRACAO TRES 23 JARDIM AMANDA,7992,0.09060399
385476,RUA V QUATRO 3 dOHA,606,385476,RUA V QUATRO 3 COHAB,8494,0.083783776
385476,RUA V QUATRO 3 dOHA,606,385490,RUA V QUATRO 13 COHAB,3258,0.10379913
385476,RUA V QUATRO 3 dOHA,606,1054983,RUA D 105 COROADO,4396,0.11500844
385476,RUA V QUATRO 3 dOHA,606,330277,RUA 54A 10 NOVA MUTUM,5805,0.12153518
385476,RUA V QUATRO 3 dOHA,606,768264,RUA DOIS [2] 134 PAI SABA,6599,0.1252541
654582,RUA nMANOEL MANOEL GONCALVES 95 N OBRINHO,607,654582,RUA MANOEL GONCALVES 95 JOSE N SOBRINHO,5615,0.057323232
654582,RUA nMANOEL MANOEL GONCALVES 95 N OBRINHO,607,586074,RUA MANOEL CASSIANO 406 BOSQUE,7485,0.07084768
654582,RUA nMANOEL MANOEL GONCALVES 95 N OBRINHO,607,818183,RUA NAPOLEAO MONTEIRO 2 JURUA,8836,0.071351334
654582,RUA nMANOEL MANOEL GONCALVES 95 N OBRINHO,607,584533,RUA LUIS Z DA SILVA 78 MANOEL JULIAO,8237,0.07295514
654582,RUA nMANOEL MANOEL GONCALVES 95 N OBRINHO,607,790298,RUA SEBASTIAO MAQUINE 50 LARANJAL,1652,0.073800236
790584,RUA TRES 113 MUTîRkAO DO CACAU,608,790584,RUA TRES 113 MUTIRAO DO CACAU,7543,0.05265163
790584,RUA TRES 113 MUTîRkAO DO CACAU,608,788074,RUA DO IGARAPE 62 MUTIRAO CACAU,4330,0.08343196
790584,RUA TRES 113 MUTîRkAO DO CACAU,608,788583,RUA J 47 MUTIRAO CACAU,6078,0.0871657
790584,RUA TRES 113 MUTîRkAO DO CACAU,608,785452,RUA 02 132 CACAU PIRERA,7461,0.09101881
790584,RUA TRES 113 MUTîRkAO DO CACAU,608,1034327,RUA CAUERES 121 JAPIIM,560,0.093907274
304842,RUA SEIS 31 NOVO HORIZOmTE,609,304842,RUA SEIS 31 NOVO HORIZONTE,9330,0.044196755
304842,RUA SEIS 31 NOVO HORIZOmTE,609,694752,RUA UM 90 MONTE SINAI,6600,0.07791762
304842,RUA SEIS 31 NOVO HORIZOmTE,609,971664,RUA 57 35 NOVO ALEIXO,6497,0.079800114
304842,RUA SEIS 31 NOVO HORIZOmTE,609,220232,RUA 3 45 NOVO HORIZONTE,4327,0.081000976
304842,RUA SEIS 31 NOVO HORIZOmTE,609,313223,RUA UM 350 NOVO HORIZONTE,1057,0.08178282
743587,RUA CMPaOS OLIVEIRA 333 ITAMARzTI,610,749863,RUA SANTOS DUMONT 554 ITAMARATI,1415,0.07137053
743587,RUA CMPaOS OLIVEIRA 333 ITAMARzTI,610,1034327,RUA CAUERES 121 JAPIIM,560,0.07941128
743587,RUA CMPaOS OLIVEIRA 333 ITAMARzTI,610,241356,RUA CASTILHO 8475 TEIXEIRAO,5090,0.08152205
743587,RUA CMPaOS OLIVEIRA 333 ITAMARzTI,610,768584,RUA JENIPAPO 283 MAE CREUZA,2069,0.08401334
743587,RUA CMPaOS OLIVEIRA 333 ITAMARzTI,610,299736,RUA RINO LEVI 5235 TEIXEIRAO,1131,0.08629569
937814,BECO SAO JOSE 138 GLORïA,611,937828,BECO SAO JOSE 155 GLORIA,6563,0.026597742
937814,BECO SAO JOSE 138 GLORïA,611,937814,BECO SAO JOSE 138 GLORIA,784,0.02806612
937814,BECO SAO JOSE 138 GLORïA,611,937773,BECO SAO JOSE 114 GLORIA,5387,0.03487922
937814,BECO SAO JOSE 138 GLORïA,611,937467,BECO SAO JOSE 35 GLORIA,2271,0.05797656
937814,BECO SAO JOSE 138 GLORïA,611,920298,BECO GEMA 137 SAO JOSE OPERARIO,9977,0.063889325
1113670,RA HUMBERTO CALDERARO FILHO 624 ADRIANOPOLIS,612,1113670,RUA HUMBERTO CALDERARO FILHO 624 ADRIANOPOLIS,2375,0.049384035
1113670,RA HUMBERTO CALDERARO FILHO 624 ADRIANOPOLIS,612,642812,RAMAL BOM VENTO 25 R0DRIGUES ALVES,1007,0.114150316
1113670,RA HUMBERTO CALDERARO FILHO 624 ADRIANOPOLIS,612,658606,TRAVESSA RAIMUNDO NONATO RAULINO 39 BOSQUE,652,0.11438215
1113670,RA HUMBERTO CALDERARO FILHO 624 ADRIANOPOLIS,612,518089,TRAVESSA ANTONIO BARROSO BRAGA 270 ESPERANCA,196,0.117195085
1113670,RA HUMBERTO CALDERARO FILHO 624 ADRIANOPOLIS,612,642820,RAMAL BOM VENTO 35 R0DRIGUES ALVES,339,0.118926615
74413,AVENIDA RIO NEGRO 4159 CETRNO,613,74413,AVENIDA RIO NEGRO 4159 CENTRO,2484,0.033276014
74413,AVENIDA RIO NEGRO 4159 CETRNO,613,74430,AVENIDA RIO NEGRO 4482 CENTRO,8902,0.06905603
74413,AVENIDA RIO NEGRO 4159 CETRNO,613,893715,AVENIDA RIO NEGRO 117 COMPENSA,5428,0.07589126
74413,AVENIDA RIO NEGRO 4159 CETRNO,613,453559,AVENIDA TANCREDO NEVES 4017 CENTRO,3528,0.078251064
74413,AVENIDA RIO NEGRO 4159 CETRNO,613,894040,AVENIDA RIO NEGRO 263 EDUCANDOS,9554,0.07916541
495089,THAUMATURGO BOULeEVARD 357 CENTRO,614,290331,RUA PANTEON 7205 TEIXEIRAO,6697,0.10838485
495089,THAUMATURGO BOULeEVARD 357 CENTRO,614,577465,RUA HUGO CARNEIRO 724 BOSQUE,620,0.12072463
495089,THAUMATURGO BOULeEVARD 357 CENTRO,614,144084,RUA JOAO GOULART 401 RIACHUELO,9565,0.12256158
495089,THAUMATURGO BOULeEVARD 357 CENTRO,614,1103966,RUA GAIVOTA 449 TANCREDO NEVES,9057,0.12421489
495089,THAUMATURGO BOULeEVARD 357 CENTRO,614,1130158,RUA JERUSALEM 41 COROADO,6093,0.1258923
707779,RUA LUZ BRAGA 72 BOM JESUS,615,707779,RUA LUIZ BRAGA 72 BOM JESUS,8621,0.010999552
707779,RUA LUZ BRAGA 72 BOM JESUS,615,654672,RUA MANOEL VAZ DE ARAUJO 10 BOM SUCESSO,2817,0.07252227
707779,RUA LUZ BRAGA 72 BOM JESUS,615,1018267,RUA BOM JESUS 23 ZUMBI III,5187,0.075026706
707779,RUA LUZ BRAGA 72 BOM JESUS,615,586354,RUA MANOEL RIBEIRO 46 BAHIA NOVA,8010,0.077812314
707779,RUA LUZ BRAGA 72 BOM JESUS,615,701987,RUA AMERICO C OLIVEIRA 9 BOM JARDIM,7388,0.08030194
193541,AVENIDA DO SEXPEDICIONARIOS 158 BUENO PIMENTA BUENO,616,193541,AVENIDA DOS EXPEDICIONARIOS 158 PIMENTA BUENO,3515,0.08094381
193541,AVENIDA DO SEXPEDICIONARIOS 158 BUENO PIMENTA BUENO,616,192749,AVENIDA CARLOS DORNEJE 75 PIMENTA BUENO,1303,0.11487055
193541,AVENIDA DO SEXPEDICIONARIOS 158 BUENO PIMENTA BUENO,616,769991,AVENIDA JUVENAL DE PAULA CASTRO 49 GUAJARA,4713,0.13903937
193541,AVENIDA DO SEXPEDICIONARIOS 158 BUENO PIMENTA BUENO,616,514834,AVENIDA ASSIS DE VASCONCELO 138 ESPERANCA,6911,0.13950369
193541,AVENIDA DO SEXPEDICIONARIOS 158 BUENO PIMENTA BUENO,616,698241,AVENIDA TANCREDO NEVES 73 CAMETA DO RAMOS,5941,0.14198533
550990,RUA âIRTONm SENA 9 PkACzAS/XAVIER MAIA,617,550990,RUA AIRTON SENA 9 PLACAS/XAVIER MAIA,4984,0.10941127
550990,RUA âIRTONm SENA 9 PkACzAS/XAVIER MAIA,617,586910,RUA MARFIM 81 PLACAS/XAVIER MAIA,7371,0.1094233
550990,RUA âIRTONm SENA 9 PkACzAS/XAVIER MAIA,617,235912,RUA BIDU SAIAO 7005 APONIA,7921,0.11112364
550990,RUA âIRTONm SENA 9 PkACzAS/XAVIER MAIA,617,801696,RUA GASPAR MAIA 782 JAUARY I,497,0.11944845
550990,RUA âIRTONm SENA 9 PkACzAS/XAVIER MAIA,617,235926,RUA BIDU SAIAO 7069 APONIA,5879,0.12256494
822881,RUA MAd 2515 None,618,963382,RUA 25 664 PQ 10,7731,0.097028926
822881,RUA MAd 2515 None,618,964065,RUA 26 1052 PQ 10,3458,0.111916184
822881,RUA MAd 2515 None,618,955066,RUA 160 17 MANAUS,5298,0.120948315
822881,RUA MAd 2515 None,618,113311,RUA MARANHAO 3555 ST 06,8230,0.12547654
822881,RUA MAd 2515 None,618,947926,RUA 1 102 ALEIXO,1807,0.12590587
478566,RAMAL oROJETO 2 QUADRA 27 5 PROJEnTO REDEhCAO 2,619,478566,RAMAL PROJETO 2 QUADRA 27 5 PROJETO REDENCAO 2,1459,0.11548814
478566,RAMAL oROJETO 2 QUADRA 27 5 PROJEnTO REDEhCAO 2,619,672392,RAMAL LINHA 07 357 PROGETO HUMAITA,9743,0.15936737
478566,RAMAL oROJETO 2 QUADRA 27 5 PROJEnTO REDEhCAO 2,619,973259,RUA 7 4 PARQUE 10 CONJ SHANGRI LA 4,6573,0.17427106
478566,RAMAL oROJETO 2 QUADRA 27 5 PROJEnTO REDEhCAO 2,619,672508,RAMAL LINHA 1 360 PROJETO HUMAITA,403,0.17726246
478566,RAMAL oROJETO 2 QUADRA 27 5 PROJEnTO REDEhCAO 2,619,759493,LAGO MIUA 5 COMUNIDADE COPO,675,0.18598989
725278,COMUINDAE SAO MIGUEL 7 RIO MpANACAPURU,620,725278,COMUNIDADE SAO MIGUEL 7 RIO MANACAPURU,4949,0.07051645
725278,COMUINDAE SAO MIGUEL 7 RIO MpANACAPURU,620,725240,COMUNIDADE SAO JOSE 8 RIO MANACAPURU,281,0.09922299
725278,COMUINDAE SAO MIGUEL 7 RIO MpANACAPURU,620,1100972,RUA FOZ DO IGUACU 345 TARUMA COMUNIDADE RIO SOLIMOES,3110,0.101550065
725278,COMUINDAE SAO MIGUEL 7 RIO MpANACAPURU,620,845191,LAGO DO CURURU 6 COMUN SAO JOAO,627,0.10369086
725278,COMUINDAE SAO MIGUEL 7 RIO MpANACAPURU,620,105911,RIO NEGRO SOTERIO 55 GUAJARA MIRIM,129,0.1098665
436994,LINHA C 105 2010 RURAL,621,436994,LINHA C 105 2010 RURAL,1158,3.21202e-05
436994,LINHA C 105 2010 RURAL,621,416419,LINHA C 22 83 BURITIS,6927,0.07144052
436994,LINHA C 105 2010 RURAL,621,407996,LINHA C 105 79 ZONA RURAL,9432,0.07554744
436994,LINHA C 105 2010 RURAL,621,391101,LINHA 13 3 RURAL,1392,0.080394484
436994,LINHA C 105 2010 RURAL,621,407930,LINHA C 105 27 ZONA RURAL,948,0.080897935
91368,RUA WALTER GARCIA 4102 JORGE TEIXEIRA,622,91368,RUA WALTER GARCIA 4102 JORGE TEIXEIRA,8060,5.272595e-06
91368,RUA WALTER GARCIA 4102 JORGE TEIXEIRA,622,1148292,RUA LUIS MONTENEGRO 428 JORGE TEIXEIRA,773,0.05282127
91368,RUA WALTER GARCIA 4102 JORGE TEIXEIRA,622,283684,RUA MAURICIO FREIRE 3736 TANCREDO NEVES,4003,0.054016218
91368,RUA WALTER GARCIA 4102 JORGE TEIXEIRA,622,229857,RUA ANTONIO VIOLAO 3362 TANCREDO NEVES,3767,0.057597037
91368,RUA WALTER GARCIA 4102 JORGE TEIXEIRA,622,225579,RUA AMELIA FARIAS 3684 TANCREDO NEVES,7552,0.05973033
64008,TRAVESSA B 1612 INDUSTRIAL,623,64008,TRAVESSA B 1612 INDUSTRIAL,5265,1.748479e-05
64008,TRAVESSA B 1612 INDUSTRIAL,623,386700,TRAVESSA B 4981 BELA VISTA,3937,0.10219994
64008,TRAVESSA B 1612 INDUSTRIAL,623,626559,TRAVESSA GUANABARA 243 ESTACAO EXPERIMENTAL,3456,0.1259972
64008,TRAVESSA B 1612 INDUSTRIAL,623,513958,TRAVESSA II 10 AEROPORTO,1516,0.12705131
64008,TRAVESSA B 1612 INDUSTRIAL,623,703603,TRAVESSA UMARIZAL 27 UMARIZAL,3733,0.13924453
872506,AVENIDA EFIEGNIO SALES 2222 LEIOX,624,872506,AVENIDA EFIGENIO SALES 2222 ALEIXO,1954,0.024799231
872506,AVENIDA EFIEGNIO SALES 2222 LEIOX,624,872452,AVENIDA EFIGENIO SALES 2222 ALEIXO,5023,0.028183583
872506,AVENIDA EFIEGNIO SALES 2222 LEIOX,624,872263,AVENIDA EFIGENIO SALES 780 ALEIXO,5384,0.03147535
872506,AVENIDA EFIEGNIO SALES 2222 LEIOX,624,872493,AVENIDA EFIGENIO SALES 2222 ALEIXO,4799,0.035256673
872506,AVENIDA EFIEGNIO SALES 2222 LEIOX,624,872320,AVENIDA EFIGENIO SALES 1224 ALEIXO,9679,0.03638711
78350,RUA TUPINIQUINS 3135 CRUZEIRO,625,78350,RUA TUPINIQUINS 3135 CRUZEIRO,1264,6.576905e-06
78350,RUA TUPINIQUINS 3135 CRUZEIRO,625,77534,RUA POTIGUARA 3180 CRUZEIRO,3463,0.04160076
78350,RUA TUPINIQUINS 3135 CRUZEIRO,625,531584,RUA TUPINIQUINS 574 CAMPINAS,4118,0.043242406
78350,RUA TUPINIQUINS 3135 CRUZEIRO,625,76572,RUA GUARANI 2706 CRUZEIRO,8883,0.05253544
78350,RUA TUPINIQUINS 3135 CRUZEIRO,625,77489,RUA POTIGUARA 2646 CRUZEIRO,4524,0.054272957
1053313,RUA CURUAI 1140 bCIDADE DE DEUS,626,1152781,RUA MANACAPURU 418 COLONIA TERRA NOVA,5807,0.11273834
1053313,RUA CURUAI 1140 bCIDADE DE DEUS,626,840367,RUA SAMAUMA 1354 LIBERDADE,9084,0.121800825
1053313,RUA CURUAI 1140 bCIDADE DE DEUS,626,287984,RUA NOVA ESPERANCA 3721 CALADINHO,4407,0.122843385
1053313,RUA CURUAI 1140 bCIDADE DE DEUS,626,1104873,RUA GANDI 8 COLONIA TERRA NOVA,3685,0.1267886
1053313,RUA CURUAI 1140 bCIDADE DE DEUS,626,49097,RUA ANTONIO DEODATO DURCE 928 PRINCESA ISABEL,6419,0.13356999
1074253,RUA DINMAARCA 43 FLORES,627,1074253,RUA DINAMARCA 43 FLORES,7108,0.01242567
1074253,RUA DINMAARCA 43 FLORES,627,1150873,RUA MACUNAIMA 16 FLORES,7565,0.061980397
1074253,RUA DINMAARCA 43 FLORES,627,1061411,RUA DALLAS 6 FLORES,7351,0.074248284
1074253,RUA DINMAARCA 43 FLORES,627,1012443,RUA BELIAN 21 FLORES,4066,0.07550822
1074253,RUA DINMAARCA 43 FLORES,627,976403,RUA A 9 FLORES,7029,0.080740534
585174,tUA M 370 WILSSON RIBEIRO,628,585174,RUA M 370 WILSSON RIBEIRO,1970,0.09229718
585174,tUA M 370 WILSSON RIBEIRO,628,597372,RUA Q 283 WILSSON RIBEIRO,4803,0.10293406
585174,tUA M 370 WILSSON RIBEIRO,628,627690,TRAVESSA JK 62 WANDERLEI DANTAS,5271,0.118451595
585174,tUA M 370 WILSSON RIBEIRO,628,637662,RAMAL PICAREIRA 520 AMAPA,9958,0.12058826
585174,tUA M 370 WILSSON RIBEIRO,628,623847,TRAVESSA CONQUISTA 435 MANOEL JULIAO,6788,0.12390467
273732,RUA JOSE BONIFACIO 845 OALRIA,629,273732,RUA JOSE BONIFACIO 845 OLARIA,5735,0.008706137
273732,RUA JOSE BONIFACIO 845 OALRIA,629,273796,RUA JOSE BONIFACIO 1257 OLARIA,1558,0.026589602
273732,RUA JOSE BONIFACIO 845 OALRIA,629,54841,RUA JOSE BONIFACIO 3838 VILAGE DO SOL,1998,0.050347988
273732,RUA JOSE BONIFACIO 845 OALRIA,629,255758,RUA EURICO CARUSO 5968 APONIA,2935,0.06435232
273732,RUA JOSE BONIFACIO 845 OALRIA,629,818183,RUA NAPOLEAO MONTEIRO 2 JURUA,8836,0.064632684
494098,SETE AVENfIDA SETEMBRO DE 418 None,630,83088,TRAVESSA NOVE 1667 SETOR 0006,8327,0.14908165
494098,SETE AVENfIDA SETEMBRO DE 418 None,630,630577,TRAVESSA PRAXEDES 445 SEIS DE AGOSTO,3185,0.1600365
494098,SETE AVENfIDA SETEMBRO DE 418 None,630,570639,RUA EDEM 93 06 DE AGOSTO,4193,0.17017742
494098,SETE AVENfIDA SETEMBRO DE 418 None,630,915579,BECO CINCO DE SETEMBRO 2 386 JAPIIM,4017,0.18359916
494098,SETE AVENfIDA SETEMBRO DE 418 None,630,625699,TRAVESSA EDEM 250 SEIS DE AGOSTO,4645,0.18568696
58149,RUA PEDRO SPAGNOL 3985 mToEIXEIRAO,631,58149,RUA PEDRO SPAGNOL 3985 TEIXEIRAO,4459,0.035447087
58149,RUA PEDRO SPAGNOL 3985 mToEIXEIRAO,631,58148,RUA PEDRO SPAGNOL 3982 TEIXEIRAO,9135,0.040818673
58149,RUA PEDRO SPAGNOL 3985 mToEIXEIRAO,631,57339,RUA MONTEIRO LOBATO 1768 TEIXEIRAO,382,0.07065374
58149,RUA PEDRO SPAGNOL 3985 mToEIXEIRAO,631,48598,RUA ANITA GARIBALDI 2970 TEIXEIRAO,7224,0.08023718
58149,RUA PEDRO SPAGNOL 3985 mToEIXEIRAO,631,299736,RUA RINO LEVI 5235 TEIXEIRAO,1131,0.0803278
554250,RUA ARI RODRIGUES 483 ãBRfAAO ALAB,632,554179,RUA ARI RODRIGUES 120 AEROPORTO VELHO,2500,0.072235346
554250,RUA ARI RODRIGUES 483 ãBRfAAO ALAB,632,512468,RUA MADRE PAULINA 749 AR EROPORTO,4059,0.08322212
554250,RUA ARI RODRIGUES 483 ãBRfAAO ALAB,632,496366,RUA ALFREDO TELES 2491 FORMOSO,2521,0.08352257
554250,RUA ARI RODRIGUES 483 ãBRfAAO ALAB,632,599116,RUA RIACHUELO 341 BOSQUE,5518,0.0858103
554250,RUA ARI RODRIGUES 483 ãBRfAAO ALAB,632,577465,RUA HUGO CARNEIRO 724 BOSQUE,620,0.08953954
604671,RUA SETE DE DEZEMBRO 527 PLAACS,633,604671,RUA SETE DE DEZEMBRO 527 PLACAS,1084,0.034169413
604671,RUA SETE DE DEZEMBRO 527 PLAACS,633,757430,RUA QUINZE DE NOVEMBRO 148 CODAJAS,6524,0.06846373
604671,RUA SETE DE DEZEMBRO 527 PLAACS,633,566572,RUA DEZ DE JULHO 698 PLACAS,4239,0.068607524
604671,RUA SETE DE DEZEMBRO 527 PLAACS,633,566489,RUA DEZ DE JULHO 122 PLACAS,3083,0.07905149
604671,RUA SETE DE DEZEMBRO 527 PLAACS,633,547685,RUA 07 DE SETEMBRO 47 TANCREDO NEVES,6119,0.079612896
170348,BAHIA RUã 3788 CENTRO,634,486336,RAMAL 2 21731 CENTRO,4999,0.14364478
170348,BAHIA RUã 3788 CENTRO,634,692781,LAGO CARAPANATUBA 21333 ZONA RURAL,1292,0.1696859
170348,BAHIA RUã 3788 CENTRO,634,510394,TRAVESSA RIO JURUA 3 1181 MIRITIZAL,7704,0.17547815
170348,BAHIA RUã 3788 CENTRO,634,728888,RIO PURUS 3 MATUPIRIR,6350,0.1779099
170348,BAHIA RUã 3788 CENTRO,634,688108,RIO ITACOAI 18 REMANCINHO,9124,0.18083337
170029,RODOVIA 257 3389 CENTROr,635,170029,RODOVIA 257 3389 CENTRO,3641,0.009558065
170029,RODOVIA 257 3389 CENTROr,635,169998,RODOVIA 257 2968 CENTRO,5251,0.04010894
170029,RODOVIA 257 3389 CENTROr,635,169971,RODOVIA 133 2800 CENTRO,8567,0.05136791
170029,RODOVIA 257 3389 CENTROr,635,683224,RODOVIA BR 230 342 CENTRO,1446,0.079811856
170029,RODOVIA 257 3389 CENTROr,635,67678,RODOVIA 383 C 20 PROSPERIDADE,1726,0.08320515
918148,DAS PEDREIRAS 17 CMOPEmSA,636,568307,RUA DO IBEC 1516 FLORESTA,1898,0.14928526
918148,DAS PEDREIRAS 17 CMOPEmSA,636,1150873,RUA MACUNAIMA 16 FLORES,7565,0.15105583
918148,DAS PEDREIRAS 17 CMOPEmSA,636,1054983,RUA D 105 COROADO,4396,0.15374178
918148,DAS PEDREIRAS 17 CMOPEmSA,636,675163,TRAVESSA ARUEIRAS 1202 VILA DO INCRA,8732,0.16045961
918148,DAS PEDREIRAS 17 CMOPEmSA,636,285741,RUA MONET 100 PEDRINHAS,9980,0.16200268
144278,RUA JOAQUIM FRANCISCO DE OLIVEíRA 1603 N0VA BRASoLIA,637,484440,RUA PEDRO JOAO DE MESQUITA 5 CAGEAGRE,6149,0.08788562
144278,RUA JOAQUIM FRANCISCO DE OLIVEíRA 1603 N0VA BRASoLIA,637,150485,RUA PEDRO OLIVEIRA FELISBEL 776 NOVO JIPARANA,9345,0.08867018
144278,RUA JOAQUIM FRANCISCO DE OLIVEíRA 1603 N0VA BRASoLIA,637,475117,RUA ADENILSOM ROGERIO DE OLIVEIRA 1563 ACRELANDIA,9871,0.091959625
144278,RUA JOAQUIM FRANCISCO DE OLIVEíRA 1603 N0VA BRASoLIA,637,150315,RUA PEDRO ALVARES CABRAL 827 JOTAO,1879,0.09333773
144278,RUA JOAQUIM FRANCISCO DE OLIVEíRA 1603 N0VA BRASoLIA,637,55922,RUA LOURIVAL MARTINS VIEIRA 3838 TEIXEIRAO,7923,0.09459957
1053019,RmUA dURITIBA 338 mOVA VITORIA VITORIA,638,510394,TRAVESSA RIO JURUA 3 1181 MIRITIZAL,7704,0.1759178
1053019,RmUA dURITIBA 338 mOVA VITORIA VITORIA,638,723283,RIO MARIMARI 35 ALDEIA MUCAJA,7075,0.19694945
1053019,RmUA dURITIBA 338 mOVA VITORIA VITORIA,638,621679,TRAVESSA BAGUARI 228 TAQUARI,8651,0.20216355
1053019,RmUA dURITIBA 338 mOVA VITORIA VITORIA,638,694171,RIO RIO AUTAZ ACU 6 CURRUSA,7930,0.20800808
1053019,RmUA dURITIBA 338 mOVA VITORIA VITORIA,638,688154,RIO ITUI 1 CAPIVANAUI,961,0.21100932
1042460,RUs CICNO DE SETEMBRO 504 SAO RAIMUNDO,639,1078315,RUA DO ROSARIO 408 SAO RAIMUNDO,3074,0.091343105
1042460,RUs CICNO DE SETEMBRO 504 SAO RAIMUNDO,639,915277,BECO CENTRAL 58 SAO RAIMUNDO,1107,0.09462865
1042460,RUs CICNO DE SETEMBRO 504 SAO RAIMUNDO,639,927441,BECO SANTA ETEVINA 356 SAO LAZARO,9137,0.09740996
1042460,RUs CICNO DE SETEMBRO 504 SAO RAIMUNDO,639,978928,RUA A UM 5 SAO JOSE OPERARIO,1445,0.109240904
1042460,RUs CICNO DE SETEMBRO 504 SAO RAIMUNDO,639,931528,BECO TODOS OS SANTOS 515 REDENCAO,718,0.11046897
1079701,RUA DOvIS 28 FLOR,640,1079701,RUA DOIS 28 FLORES,3714,0.06715858
1079701,RUA DOvIS 28 FLOR,640,1081501,RUA DOIS 699 FLORES,4290,0.07436117
1079701,RUA DOvIS 28 FLOR,640,1080891,RUA DOIS 152 FLORES,7238,0.08467602
1079701,RUA DOvIS 28 FLOR,640,1081474,RUA DOIS 699 FLORES,7078,0.08760015
1079701,RUA DOvIS 28 FLOR,640,1123893,RUA J 5 FLORES,8437,0.09304562
505342,RUA MAJOR ASfSIS DE VASCONCELO 1165 25 E AGiSTO,641,834589,RUA CLAUDIONOR VASCONCELOS 482 NOVO MANACA,5422,0.10312325
505342,RUA MAJOR ASfSIS DE VASCONCELO 1165 25 E AGiSTO,641,756033,RUA ALFREDO DE SA ANTUNES 545 CODAJAS,2158,0.10875827
505342,RUA MAJOR ASfSIS DE VASCONCELO 1165 25 E AGiSTO,641,790298,RUA SEBASTIAO MAQUINE 50 LARANJAL,1652,0.11104297
505342,RUA MAJOR ASfSIS DE VASCONCELO 1165 25 E AGiSTO,641,834569,RUA CLAUDIONOR VASCONCELOS 380 NOVO MANACA,6779,0.11121089
505342,RUA MAJOR ASfSIS DE VASCONCELO 1165 25 E AGiSTO,641,1019853,RUA BOULEVARD SA PEIXOTO 124 EDUCANDOS,1658,0.11178278
603511,DENOMINACAO SEM RUA 24 PLCAAw,642,523167,RUA SEM DENOMINACAO 14 GUARANI,4487,0.09040071
603511,DENOMINACAO SEM RUA 24 PLCAAw,642,305354,RUA SEM DENOMINACAO 301 LAGOA,5449,0.09363325
603511,DENOMINACAO SEM RUA 24 PLCAAw,642,604237,RUA SEM DENOMINACAO UM 16 CALADINHO,5416,0.09391829
603511,DENOMINACAO SEM RUA 24 PLCAAw,642,305330,RUA SEM DENOMINACAO 265 LAGOA,9688,0.09731683
603511,DENOMINACAO SEM RUA 24 PLCAAw,642,750016,RUA SEM DENOMINACAO 2 UNIAO,2462,0.09811649
533538,RODOVIA AC 40 3 POcLp 2,643,533538,RODOVIA AC 40 3 POLO 2,6442,0.054176986
533538,RODOVIA AC 40 3 POcLp 2,643,67678,RODOVIA 383 C 20 PROSPERIDADE,1726,0.11361855
533538,RODOVIA AC 40 3 POcLp 2,643,421722,RODOVIA BR 364 1 None,8756,0.12551609
533538,RODOVIA AC 40 3 POcLp 2,643,408033,RODOVIA BR 364 7 None,478,0.12606251
533538,RODOVIA AC 40 3 POcLp 2,643,638454,RODOVIA AC 10 OU AC22 78 KM 07,7225,0.12965114
19715,RUA FRANCISCO CHARGAS 1715 MARECHAL RONDNO,644,19715,RUA FRANCISCO CHARGAS 1715 MARECHAL RONDON,521,0.012341166
19715,RUA FRANCISCO CHARGAS 1715 MARECHAL RONDNO,644,11873,RUA ALBINO HENRIQUE 1158 MARECHAL RONDON,7637,0.0729481
19715,RUA FRANCISCO CHARGAS 1715 MARECHAL RONDNO,644,18883,RUA EVALDO BENEVIDES 134 MARECHAL RONDON,1157,0.07456873
19715,RUA FRANCISCO CHARGAS 1715 MARECHAL RONDNO,644,188913,RUA TANCREDO NEVES 3551 RONDOMINAS,2832,0.0777621
19715,RUA FRANCISCO CHARGAS 1715 MARECHAL RONDNO,644,229857,RUA ANTONIO VIOLAO 3362 TANCREDO NEVES,3767,0.08041317
856027,AVENIDA AUTAZ MIRIMm ANTIGA GRANDE CIRCULAR 5632 SAO JOSE OPERARIO,645,856027,AVENIDA AUTAZ MIRIM ANTIGA GRANDE CIRCULAR 5632 SAO JOSE OPERARIO,5510,0.01163996
856027,AVENIDA AUTAZ MIRIMm ANTIGA GRANDE CIRCULAR 5632 SAO JOSE OPERARIO,645,856017,AVENIDA AUTAZ MIRIM ANTIGA GRANDE CIRCULAR 5556 SAO JOSE OPERARIO,4068,0.015819348
856027,AVENIDA AUTAZ MIRIMm ANTIGA GRANDE CIRCULAR 5632 SAO JOSE OPERARIO,645,856120,AVENIDA AUTAZ MIRIM OU GRANDE CIRCULAR 6508 SAO JOSE OPERARIO,2243,0.029878922
856027,AVENIDA AUTAZ MIRIMm ANTIGA GRANDE CIRCULAR 5632 SAO JOSE OPERARIO,645,876414,AVENIDA GRANDE CIRCULAR ANTIGA AUTAZ MIRIN 5563 SAO JOSE OPERARIO 1,3929,0.038714062
856027,AVENIDA AUTAZ MIRIMm ANTIGA GRANDE CIRCULAR 5632 SAO JOSE OPERARIO,645,855708,AVENIDA AUTAZ MIRIM 5405 SAO JOSE OPERARIO,7306,0.04198672
1044598,RUA CINQUENTA E UM 16 CIDADE NOVA,646,1044598,RUA CINQUENTA E UM 16 CIDADE NOVA,692,1.40015e-05
1044598,RUA CINQUENTA E UM 16 CIDADE NOVA,646,1044307,RUA CINQUENTA E SETE 18 CIDADE NOVA,3467,0.023347333
1044598,RUA CINQUENTA E UM 16 CIDADE NOVA,646,1044291,RUA CINQUENTA E SETE 12 CIDADE NOVA,7256,0.023573816
1044598,RUA CINQUENTA E UM 16 CIDADE NOVA,646,1044453,RUA CINQUENTA E TRES 13 CIDADE NOVA,8805,0.024273966
1044598,RUA CINQUENTA E UM 16 CIDADE NOVA,646,1044480,RUA CINQUENTA E TRES 23 CIDADE NOVA,8338,0.028096236
479151,RU 02 400 BELA VISTA,647,479151,RUA 02 400 BELA VISTA,679,0.07358761
479151,RU 02 400 BELA VISTA,647,479204,RUA 1 401 BELA VISTA,2305,0.07663859
479151,RU 02 400 BELA VISTA,647,386700,TRAVESSA B 4981 BELA VISTA,3937,0.092920214
479151,RU 02 400 BELA VISTA,647,720256,RUA RIO MAPIA 104 BELA VISTA,7632,0.1100092
479151,RU 02 400 BELA VISTA,647,1004652,RUA B 28 3 ALVORADA,8252,0.110519856
443560,LINHA 05 80 Nuone,648,443560,LINHA 05 80 None,2598,0.06589875
443560,LINHA 05 80 Nuone,648,443702,LINHA 110 35 None,7162,0.097385734
443560,LINHA 05 80 Nuone,648,424189,LINHA C 22 15 None,3436,0.1058878
443560,LINHA 05 80 Nuone,648,459429,LINHA 03 4 None,3475,0.12482786
443560,LINHA 05 80 Nuone,648,469332,LINHA A 4 23 None,5940,0.12658332
68913,RUA AMAPA 1911 CETNRO,649,68913,RUA AMAPA 1911 CENTRO,7160,0.040702026
68913,RUA AMAPA 1911 CETNRO,649,69131,RUA ARACAJU 2015 CENTRO,7400,0.07207517
68913,RUA AMAPA 1911 CETNRO,649,679006,RUA FREI PIO 174 AMATURA,7034,0.08463715
68913,RUA AMAPA 1911 CETNRO,649,742864,RUA AMAZONAS 70 ITAMARATI,111,0.08865287
68913,RUA AMAPA 1911 CETNRO,649,1151541,RUA MAGALHAES BARATA 86 CRESPO,9344,0.090691924
128635,RA 7D E SETEMBRO 2055 vCASA PREwTA,650,675145,TRAVESSA 13 DE MAIO 642 AGROVILA,5963,0.18476047
128635,RA 7D E SETEMBRO 2055 vCASA PREwTA,650,650924,RAMAL TREIS MARIA 3662 None,3404,0.20456839
128635,RA 7D E SETEMBRO 2055 vCASA PREwTA,650,625699,TRAVESSA EDEM 250 SEIS DE AGOSTO,4645,0.20469004
128635,RA 7D E SETEMBRO 2055 vCASA PREwTA,650,532024,TRAVESSA SEBASTIAO PEIXOTO 398 SERRARIA,2234,0.20607883
128635,RA 7D E SETEMBRO 2055 vCASA PREwTA,650,623847,TRAVESSA CONQUISTA 435 MANOEL JULIAO,6788,0.21259859
472004,AVEwIDA PARAISO 2783 SEvTOR o1,651,532024,TRAVESSA SEBASTIAO PEIXOTO 398 SERRARIA,2234,0.12841466
472004,AVEwIDA PARAISO 2783 SEvTOR o1,651,722079,RIO AUTAZ ACU 476 LIMAO,7705,0.13591088
472004,AVEwIDA PARAISO 2783 SEvTOR o1,651,627658,TRAVESSA JERUSALEM 144 AIRTON SENA,4102,0.14229983
472004,AVEwIDA PARAISO 2783 SEvTOR o1,651,626583,TRAVESSA GUAPORE 58 AVIARIO,7304,0.15007815
472004,AVEwIDA PARAISO 2783 SEvTOR o1,651,418154,TRAVESSAO C 18B 25 BUITIS,7220,0.16636974
687141,E SILVA RUA COSTA 227 CNTRO,652,687141,RUA COSTA E SILVA 227 CENTRO,2886,0.09174607
687141,E SILVA RUA COSTA 227 CNTRO,652,277158,RUA LAJEADO 4009 COSTA E SILVA,8585,0.09725138
687141,E SILVA RUA COSTA 227 CNTRO,652,285274,RUA MILTON COSTA 7819 TEIXEIRAO,6925,0.10687443
687141,E SILVA RUA COSTA 227 CNTRO,652,646338,RUA COSTA E SILVA 1270 CENTRO,9629,0.108292855
687141,E SILVA RUA COSTA 227 CNTRO,652,750546,RUA CAPITAO SILVA 423 CENTRO,2901,0.11119708
733510,RUA AUTAZ MIRM 44 CENTRO,653,733510,RUA AUTAZ MIRIM 44 CENTRO,6731,0.027097527
733510,RUA AUTAZ MIRM 44 CENTRO,653,1001901,RUA AUTAZES 44 ALEIXO,8824,0.09985682
733510,RUA AUTAZ MIRM 44 CENTRO,653,768836,RUA MENERUA 29 CENTRO,6463,0.10054561
733510,RUA AUTAZ MIRM 44 CENTRO,653,330277,RUA 54A 10 NOVA MUTUM,5805,0.10235672
733510,RUA AUTAZ MIRM 44 CENTRO,653,694752,RUA UM 90 MONTE SINAI,6600,0.10849263
276293,RUA JULuz 6805 IGARAPE,654,276293,RUA JULIA 6805 IGARAPE,2904,0.041917793
276293,RUA JULuz 6805 IGARAPE,654,276277,RUA JULIA 6680 IGARAPE,4174,0.044029288
276293,RUA JULuz 6805 IGARAPE,654,268932,RUA JANAINA 6834 IGARAPE,4690,0.063812636
276293,RUA JULuz 6805 IGARAPE,654,286811,RUA NEUSA 7436 IGARAPE,8043,0.0660937
276293,RUA JULuz 6805 IGARAPE,654,286678,RUA NEUSA 5977 IGARAPE,4948,0.07065755
796338,RUA 1. DE aJANEjRO 2537 BRAGA I ExUARDO,655,978106,RUA A DEZESSETE 1291 JAPIIM,2043,0.11100797
796338,RUA 1. DE aJANEjRO 2537 BRAGA I ExUARDO,655,290331,RUA PANTEON 7205 TEIXEIRAO,6697,0.12048866
796338,RUA 1. DE aJANEjRO 2537 BRAGA I ExUARDO,655,60887,RUA UIRAPURU 2999 TEIXEIRAO,5284,0.12057955
796338,RUA 1. DE aJANEjRO 2537 BRAGA I ExUARDO,655,757613,RUA RIO BADAJOS 416 CODAJAS,759,0.12079117
796338,RUA 1. DE aJANEjRO 2537 BRAGA I ExUARDO,655,77221,RUA NU ARUAGUES 2508 CRUZEIRO,7815,0.1208005
311001,RUA 644 FLORESAT,656,610673,RUA W DOIS 317 TUCUMA,1792,0.09021518
311001,RUA 644 FLORESAT,656,1001781,RUA AUSTRIA 430 FLORES,4010,0.09177687
311001,RUA 644 FLORESAT,656,226941,RUA ANARI 558 B FLORESTA,7455,0.09266845
311001,RUA 644 FLORESAT,656,1122261,RUA ITALIA 321 FLORES,3612,0.094517425
311001,RUA 644 FLORESAT,656,745442,RUA E 31 PERA 2,7785,0.10073948
866483,AVENiIDA COmSTANTINO NERY 3451 CHAPADA,657,866334,AVENIDA CONSTANTINO NERY 3451 CHAPADA,6386,0.0677222
866483,AVENiIDA COmSTANTINO NERY 3451 CHAPADA,657,866345,AVENIDA CONSTANTINO NERY 3451 CHAPADA,4169,0.07156276
866483,AVENiIDA COmSTANTINO NERY 3451 CHAPADA,657,866483,AVENIDA CONSTANTINO NERY 3451 CHAPADA,3393,0.072053835
866483,AVENiIDA COmSTANTINO NERY 3451 CHAPADA,657,865268,AVENIDA CONSTANTINO NERY 2229 CAHAPADA,3926,0.084697485
866483,AVENiIDA COmSTANTINO NERY 3451 CHAPADA,657,865287,AVENIDA CONSTANTINO NERY 2229 CAHAPADA,6050,0.086138204
656761,RfUA RfUA SIQUEIRA CAMPOS 416 ACFEAZL,658,48598,RUA ANITA GARIBALDI 2970 TEIXEIRAO,7224,0.13212849
656761,RfUA RfUA SIQUEIRA CAMPOS 416 ACFEAZL,658,584151,RUA LOURIVAL RIBEIRO 387 TAQUARI,7142,0.13331604
656761,RfUA RfUA SIQUEIRA CAMPOS 416 ACFEAZL,658,646443,RUA E 936 NAIRE LEITE 2,3190,0.13506302
656761,RfUA RfUA SIQUEIRA CAMPOS 416 ACFEAZL,658,797071,RUA ACACIO LEITE 4351 TIRADENTES,3658,0.13791567
656761,RfUA RfUA SIQUEIRA CAMPOS 416 ACFEAZL,658,1113670,RUA HUMBERTO CALDERARO FILHO 624 ADRIANOPOLIS,2375,0.14171818
118212,RUA TIAGO MORERIA 1940 TAIRLANDwIA,659,118212,RUA TIAGO MOREIRA 1940 TARILANDIA,3326,0.07700384
118212,RUA TIAGO MORERIA 1940 TAIRLANDwIA,659,1107101,RUA GOIANIA 2019 TARUMA,8430,0.08294264
118212,RUA TIAGO MORERIA 1940 TAIRLANDwIA,659,1032476,RUA CASSITERITA 119 TANCREDO NEVES,5339,0.083979264
118212,RUA TIAGO MORERIA 1940 TAIRLANDwIA,659,517765,RUA TUCUMA 1500 ZENAIDE PAIVA,3338,0.08493682
118212,RUA TIAGO MORERIA 1940 TAIRLANDwIA,659,790298,RUA SEBASTIAO MAQUINE 50 LARANJAL,1652,0.08845494
171290,RUA GOIAS 3287 CENTOR,660,171290,RUA GOIAS 3287 CENTRO,6252,0.019056275
171290,RUA GOIAS 3287 CENTOR,660,76194,RUA CEREJEIRAS 3233 CENTRO,9671,0.066756055
171290,RUA GOIAS 3287 CENTOR,660,352888,RUA GUAPORE 4336 CENTRO,2063,0.06769872
171290,RUA GOIAS 3287 CENTOR,660,352925,RUA GUAPORE 4786 CENTRO,6144,0.06977548
171290,RUA GOIAS 3287 CENTOR,660,69665,RUA CEARA 1818 CENTRO,732,0.073480636
511963,RUA DE CATSRO 374 FONTINaELE,661,768499,RUA GENIPAPO 129 MAE CREUZA,4218,0.08010681
511963,RUA DE CATSRO 374 FONTINaELE,661,560316,RUA CANINDE 463 BOSQUE,1321,0.08236975
511963,RUA DE CATSRO 374 FONTINaELE,661,572783,RUA FARROUPILHA 136 BOSQUE,9482,0.08639453
511963,RUA DE CATSRO 374 FONTINaELE,661,1034327,RUA CAUERES 121 JAPIIM,560,0.08798762
511963,RUA DE CATSRO 374 FONTINaELE,661,768584,RUA JENIPAPO 283 MAE CREUZA,2069,0.090708815
59469,RUA RIO GRANDE 1243 LIERDáDE,662,59469,RUA RIO GRANDE 1243 LIBERDADE,2363,0.056874942
59469,RUA RIO GRANDE 1243 LIERDáDE,662,59464,RUA RIO GRANDE 1222 LIBERDADE,2567,0.06346242
59469,RUA RIO GRANDE 1243 LIERDáDE,662,59458,RUA RIO GRANDE 1170 LIBERDADE,3592,0.063656494
59469,RUA RIO GRANDE 1243 LIERDáDE,662,59602,RUA RIO NEGRO 2093 TEIXEIRAO,2354,0.06654501
59469,RUA RIO GRANDE 1243 LIERDáDE,662,577465,RUA HUGO CARNEIRO 724 BOSQUE,620,0.07343677
996714,RUA ARARA 75 CN OiVA,663,996714,RUA ARARA 75 C NOVA,8160,0.08475786
996714,RUA ARARA 75 CN OiVA,663,996627,RUA ARAPARIS 82 COROADO,7910,0.100927085
996714,RUA ARARA 75 CN OiVA,663,949347,RUA 11 25 ALVORADA,1173,0.105701655
996714,RUA ARARA 75 CN OiVA,663,973551,RUA 7 89 ALEIXO,909,0.11241356
996714,RUA ARARA 75 CN OiVA,663,964955,RUA 29 137 TARUMA ACU,6308,0.113386825
606418,RUA TIAO bATREZA 454 CICO MENDES,664,606418,RUA TIAO NATUREZA 454 CHICO MENDES,4791,0.045207396
606418,RUA TIAO bATREZA 454 CICO MENDES,664,1103966,RUA GAIVOTA 449 TANCREDO NEVES,9057,0.06136151
606418,RUA TIAO bATREZA 454 CICO MENDES,664,768499,RUA GENIPAPO 129 MAE CREUZA,4218,0.067970484
606418,RUA TIAO bATREZA 454 CICO MENDES,664,356198,RUA BARAO DE MELGACO 4348 PLANALTO,5394,0.07205632
606418,RUA TIAO bATREZA 454 CICO MENDES,664,1147210,RUA LOPES CORDOVIL 445 ALVORADA,9675,0.072404444
1004031,RUA B 129 CAMPOS 5LES,665,1004031,RUA B 129 CAMPOS SALES,4820,0.07208568
1004031,RUA B 129 CAMPOS 5LES,665,1004603,RUA B 1779 CAMPOS SALES,2710,0.086908415
1004031,RUA B 129 CAMPOS 5LES,665,1001901,RUA AUTAZES 44 ALEIXO,8824,0.090780824
1004031,RUA B 129 CAMPOS 5LES,665,1023945,RUA C 289 CAMPOS SALES,3954,0.09178327
1004031,RUA B 129 CAMPOS 5LES,665,1124558,RUA J B SILVA 23 CRESPO,8084,0.09331429
288945,RUA OROIN 2973 PORTO VêLHO,666,288945,RUA ORION 2973 PORTO VELHO,6066,0.058163323
288945,RUA OROIN 2973 PORTO VêLHO,666,232889,RUA AUREA 2755 PORTO VELHO,9974,0.076327465
288945,RUA OROIN 2973 PORTO VêLHO,666,265240,RUA IBOTIRAMA 3118 POR O VELHO,6279,0.0824416
288945,RUA OROIN 2973 PORTO VêLHO,666,287429,RUA NICARAGUA 2916 PORTO VELHO,888,0.082451105
288945,RUA OROIN 2973 PORTO VêLHO,666,239054,RUA CAMBORIU 6063 PORTO VELHO,1661,0.08245633
391266,LINHA 74 SUL 74 ZONA RURAL,667,391266,LINHA 74 SUL 74 ZONA RURAL,9954,1.217703e-05
391266,LINHA 74 SUL 74 ZONA RURAL,667,391494,LINHA 94 NORTE 26 ZONA RURAL,157,0.057575155
391266,LINHA 74 SUL 74 ZONA RURAL,667,391382,LINHA 86 2 ZONA RURAL,4027,0.061469547
391266,LINHA 74 SUL 74 ZONA RURAL,667,179035,LINHA 11O SUL 4 ZONA RURAL,8169,0.06737088
391266,LINHA 74 SUL 74 ZONA RURAL,667,400439,LINHA LINHA 13 57 ZONA RURAL,3947,0.067905605
510440,TwRAVES5A SAO FRANCISCO 106 MIRITIZwAL,668,510440,TRAVESSA SAO FRANCISCO 106 MIRITIZAL,641,0.064862445
510440,TwRAVES5A SAO FRANCISCO 106 MIRITIZwAL,668,928310,BECO SAO FRANCISCO 301 CHAPADA,1832,0.10514733
510440,TwRAVES5A SAO FRANCISCO 106 MIRITIZwAL,668,935256,BECO SAO CRISTOVAO 430 COMPENSA,6824,0.10597271
510440,TwRAVES5A SAO FRANCISCO 106 MIRITIZwAL,668,508281,RAMAL BURITIRANA 90 COLONIA SAO PEDRO,349,0.10677518
510440,TwRAVES5A SAO FRANCISCO 106 MIRITIZwAL,668,716843,IGARAPE SAO FRANCISCO 10 RIO INAUINI,9209,0.10697542
194701,AVENIDA MACEIO 2145 NOVA PIMENTA,669,194701,AVENIDA MACEIO 2145 NOVA PIMENTA,5163,8.0160335e-06
194701,AVENIDA MACEIO 2145 NOVA PIMENTA,669,194590,AVENIDA MACEIO 831 NOVA PIMENTA,9434,0.022147808
194701,AVENIDA MACEIO 2145 NOVA PIMENTA,669,192608,AVENIDA BELEM 1269 NOVA PIMENTA,6316,0.05618173
194701,AVENIDA MACEIO 2145 NOVA PIMENTA,669,195875,AVENIDA VITORIA 710 NOVA PIMENTA,3740,0.062510595
194701,AVENIDA MACEIO 2145 NOVA PIMENTA,669,884729,AVENIDA MAUES 1695 CACHOEIRINHA,9231,0.074676596
478765,RâMAL RAMAL TRAVESSAO 1 56 ORTO LUIZ,670,478765,RAMAL TRAVESSAO 1 56 PORTO LUIZ,8574,0.04618078
478765,RâMAL RAMAL TRAVESSAO 1 56 ORTO LUIZ,670,672392,RAMAL LINHA 07 357 PROGETO HUMAITA,9743,0.0848438
478765,RâMAL RAMAL TRAVESSAO 1 56 ORTO LUIZ,670,479065,TRAVESSAO 5 5 PORTO LUIZ,1046,0.08823445
478765,RâMAL RAMAL TRAVESSAO 1 56 ORTO LUIZ,670,506379,TRAVESSA JOAQUIM ESTEVAO 22 SABOEIRO,5408,0.09788454
478765,RâMAL RAMAL TRAVESSAO 1 56 ORTO LUIZ,670,636897,RAMAL DOIS IRMAOS 63 TRANSACRIANA,3005,0.104187
1130230,RUAJERUSALEnM 58 MAUAZINHp JERSUALEM,671,1130230,RUA JERUSALEM 58 MAUAZINHO JERUSALEM,9801,0.07151981
1130230,RUAJERUSALEnM 58 MAUAZINHp JERSUALEM,671,290331,RUA PANTEON 7205 TEIXEIRAO,6697,0.07476455
1130230,RUAJERUSALEnM 58 MAUAZINHp JERSUALEM,671,1130204,RUA JERUSALEM 51 JAPIIM,4060,0.075808264
1130230,RUAJERUSALEnM 58 MAUAZINHp JERSUALEM,671,1130158,RUA JERUSALEM 41 COROADO,6093,0.0802625
1130230,RUAJERUSALEnM 58 MAUAZINHp JERSUALEM,671,1034327,RUA CAUERES 121 JAPIIM,560,0.08359498
246787,RUA DA PISTA PISTA 111 CENfnRO,672,351046,RUA A1 263 CIDADE ALTA,6789,0.10520053
246787,RUA DA PISTA PISTA 111 CENfnRO,672,1035140,RUA CELTA 1 PLANALTO,5768,0.10743356
246787,RUA DA PISTA PISTA 111 CENfnRO,672,1034808,RUA CEARA 306 CHAPADA,984,0.11172527
246787,RUA DA PISTA PISTA 111 CENfnRO,672,551751,RUA ALTAMIRA 203 NOVA ESTACA0,6609,0.1189334
246787,RUA DA PISTA PISTA 111 CENfnRO,672,245526,RUA CURUMATA 362 LAGOA,8817,0.11940679
23883,RuUA MAChAUBAS 4817 NOVE,673,32824,RUA UMUARAMA 5358 NOVE,9416,0.13574848
23883,RuUA MAChAUBAS 4817 NOVE,673,23883,RUA MACAUBAS 4817 NOVE,9922,0.14276537
23883,RuUA MAChAUBAS 4817 NOVE,673,23984,RUA MACAUBAS 5499 NOVE,8734,0.14303051
23883,RuUA MAChAUBAS 4817 NOVE,673,23938,RUA MACAUBAS 5206 NOVE,359,0.14592326
23883,RuUA MAChAUBAS 4817 NOVE,673,15983,RUA CEU AZUL 4863 NOVE,318,0.14665297
931897,BEdO UIRAPURU 3 3 75 CORwOADO,674,931897,BECO UIRAPURU 3 75 COROADO,3053,0.05341691
931897,BEdO UIRAPURU 3 3 75 CORwOADO,674,931908,BECO UIRAPURU 4 20 COROADO,3010,0.07587887
931897,BEdO UIRAPURU 3 3 75 CORwOADO,674,922486,BECO KIMURA 4 JAPIIM,8265,0.120329924
931897,BEdO UIRAPURU 3 3 75 CORwOADO,674,922421,BECO JUPIS 98 JAPIIM,6520,0.12476989
931897,BEdO UIRAPURU 3 3 75 CORwOADO,674,931643,BECO TRES IRMAOS 1527 COROADO,7173,0.13553268
911191,BECO ApYRTON SENNoA 104 MAUAZINHO,675,911191,BECO AYRTON SENNA 104 MAUAZINHO,6624,0.04462827
911191,BECO ApYRTON SENNoA 104 MAUAZINHO,675,920845,BECO HOLANDA 1983 10 PRACA 14 DE JANEIRO,577,0.09055165
911191,BECO ApYRTON SENNoA 104 MAUAZINHO,675,920980,BECO IGARAPE 27 COMPENSA,7408,0.09746303
911191,BECO ApYRTON SENNoA 104 MAUAZINHO,675,796049,BECO TEODORICO NUNES 482 JAUARY I,5773,0.101676576
911191,BECO ApYRTON SENNoA 104 MAUAZINHO,675,542034,BECO PROJETADA 41 TAQUARI,4654,0.10749996
7599,AVEINDA CuANAA 1793 AREAS ESPECIAIS,676,7599,AVENIDA CANAA 1793 AREAS ESPECIAIS,9815,0.07465327
7599,AVEINDA CuANAA 1793 AREAS ESPECIAIS,676,31537,RUA TARIMATA 2276 AREAS ESPECIAIS,7851,0.117559984
7599,AVEINDA CuANAA 1793 AREAS ESPECIAIS,676,538106,AVENIDA EPAMINONDAS JACOME 1538 CADEIA VELHA,5216,0.13107806
7599,AVEINDA CuANAA 1793 AREAS ESPECIAIS,676,537902,AVENIDA EPAMINONDAS JACOME 548 CADEIA VELHA,5205,0.13393578
7599,AVEINDA CuANAA 1793 AREAS ESPECIAIS,676,854483,AVENIDA AMAZONAS 1728 FLORES,2270,0.13530752
496193,UA ApFREDO TELES 136 J0AO ALVSE,677,722079,RIO AUTAZ ACU 476 LIMAO,7705,0.102527544
496193,UA ApFREDO TELES 136 J0AO ALVSE,677,888523,AVENIDA PENETRACAO UM 1311 JAPIIM,1022,0.106577754
496193,UA ApFREDO TELES 136 J0AO ALVSE,677,532024,TRAVESSA SEBASTIAO PEIXOTO 398 SERRARIA,2234,0.122504145
496193,UA ApFREDO TELES 136 J0AO ALVSE,677,627658,TRAVESSA JERUSALEM 144 AIRTON SENA,4102,0.13414367
496193,UA ApFREDO TELES 136 J0AO ALVSE,677,626583,TRAVESSA GUAPORE 58 AVIARIO,7304,0.13656852
923905,BECO MOSSORO 100 SAO FRNCISCO,678,923905,BECO MOSSORO 100 SAO FRANCISCO,5834,0.0023173993
923905,BECO MOSSORO 100 SAO FRNCISCO,678,910191,BECO AMAZONAS 59 SAO FRANCISCO,3427,0.063323
923905,BECO MOSSORO 100 SAO FRNCISCO,678,917272,BECO DA PAZ 59 SAO FRSNCISCO,2416,0.06824051
923905,BECO MOSSORO 100 SAO FRNCISCO,678,920289,BECO GEMA 51 SAO JOSE OPERARIO,3489,0.07549646
923905,BECO MOSSORO 100 SAO FRNCISCO,678,921629,BECO ITAPURANGA 50 SAO JORGE,6622,0.07698484
1093590,RUA ESPERsCNA 74 JAPIIM,679,1093590,RUA ESPERANCA 74 JAPIIM,6535,0.059352435
1093590,RUA ESPERsCNA 74 JAPIIM,679,1093332,RUA ESPERANCA 4 JAPIIM,6471,0.060695678
1093590,RUA ESPERsCNA 74 JAPIIM,679,1093324,RUA ESPERANCA 2 JAPIIM,4610,0.066909775
1093590,RUA ESPERsCNA 74 JAPIIM,679,1093532,RUA ESPERANCA 44 JAPIIM,2245,0.06719541
1093590,RUA ESPERsCNA 74 JAPIIM,679,1029335,RUA CANUMA 140 JAPIIM,449,0.093539365
794196,aAVENIDA LIBERDADE 4831 lMAMUOD AMED,680,794196,AVENIDA LIBERDADE 4831 MAMOUD AMED,6165,0.05180605
794196,aAVENIDA LIBERDADE 4831 lMAMUOD AMED,680,794173,AVENIDA LIBERDADE 4502 MAMOUD AMED,7473,0.069515884
794196,aAVENIDA LIBERDADE 4831 lMAMUOD AMED,680,794168,AVENIDA LIBERDADE 4472 MAMOUD AMED,742,0.07372953
794196,aAVENIDA LIBERDADE 4831 lMAMUOD AMED,680,205134,AVENIDA CALAMA 2472 LIBERDADE,2721,0.14402913
794196,aAVENIDA LIBERDADE 4831 lMAMUOD AMED,680,793877,AVENIDA CHIBLY ABRAHIM 1486 TIRADENTES,4097,0.15564671
596469,RUA PRINCIPAL 541 PARQUE INDUSTRIAL,681,596469,RUA PRINCIPAL 541 PARQUE INDUSTRIAL,3312,6.7030865e-06
596469,RUA PRINCIPAL 541 PARQUE INDUSTRIAL,681,180762,AVENIDA INDUSTRIAL 276 BAIRRO INDUSTRIAL,7943,0.060273
596469,RUA PRINCIPAL 541 PARQUE INDUSTRIAL,681,861569,AVENIDA BURITI 1200 DISTRITO INDUSTRIAL,7689,0.06927309
596469,RUA PRINCIPAL 541 PARQUE INDUSTRIAL,681,186673,RUA MADERSAN 524 BAIRRO INDUSTRIAL,5491,0.07492847
596469,RUA PRINCIPAL 541 PARQUE INDUSTRIAL,681,9434,AVENIDA MACHADINHO 3530 SETOR INSTITUCIONAL,7579,0.081177846
1116382,40 RUA DO IGARAPE 1100 DISTRITO INDUSTRIAL,682,1116382,RUA IGARAPE DO 40 1100 DISTRITO INDUSTRIAL,7922,0.029805984
1116382,40 RUA DO IGARAPE 1100 DISTRITO INDUSTRIAL,682,1116344,RUA IGARAPE DO 40 822 DISTRITO INDUSTRIAL,2859,0.03372192
1116382,40 RUA DO IGARAPE 1100 DISTRITO INDUSTRIAL,682,1139636,RUA JUTAI 600 DISTRITO INDUSTRIAL,5303,0.045485836
1116382,40 RUA DO IGARAPE 1100 DISTRITO INDUSTRIAL,682,1116541,RUA IGARAPE DO QUARENTA 320 DISTRITO INDUSTRIAL 1,8221,0.05137795
1116382,40 RUA DO IGARAPE 1100 DISTRITO INDUSTRIAL,682,1020660,RUA BRASIL 73 DISTRITO INDUSTRIAL,8487,0.054409288
13860,RAU BOM FUTUROp 2164 APOIO SiCIAL,683,704088,COMUNIDADE BOM PASTOR 2 24 SURURUA,4877,0.12373644
13860,RAU BOM FUTUROp 2164 APOIO SiCIAL,683,672508,RAMAL LINHA 1 360 PROJETO HUMAITA,403,0.13347214
13860,RAU BOM FUTUROp 2164 APOIO SiCIAL,683,490714,RAMAL CIMENTEIRA 2 1020 LOTE 18,5189,0.13461056
13860,RAU BOM FUTUROp 2164 APOIO SiCIAL,683,622379,TRAVESSA BOM FUTURO 77 VILA ACRE,4975,0.1367065
13860,RAU BOM FUTUROp 2164 APOIO SiCIAL,683,642456,PROJETO BOM VENTO 49 BACURI,8087,0.13993275
620884,TRâdVESSA ACRE 55 AEROPORTO VELHO,684,620884,TRAVESSA ACRE 55 AEROPORTO VELHO,4802,0.07403195
620884,TRâdVESSA ACRE 55 AEROPORTO VELHO,684,620905,TRAVESSA ACRE 195 AEROPORTO VELHO,6743,0.09013457
620884,TRâdVESSA ACRE 55 AEROPORTO VELHO,684,626583,TRAVESSA GUAPORE 58 AVIARIO,7304,0.11528008
620884,TRâdVESSA ACRE 55 AEROPORTO VELHO,684,631710,TRAVESSA SANTOS DUMOND 14 AEROPORTO VELHO,3118,0.12085797
620884,TRâdVESSA ACRE 55 AEROPORTO VELHO,684,513958,TRAVESSA II 10 AEROPORTO,1516,0.1345092
790392,RUA xSEM DENOMINACAO 899 CACAU PIRwERA,685,790392,RUA SEM DENOMINACAO 899 CACAU PIRERA,9824,0.06816937
790392,RUA xSEM DENOMINACAO 899 CACAU PIRwERA,685,790584,RUA TRES 113 MUTIRAO DO CACAU,7543,0.095947385
790392,RUA xSEM DENOMINACAO 899 CACAU PIRwERA,685,1030256,RUA CARAUARI 1338 REDENCAO,300,0.10126624
790392,RUA xSEM DENOMINACAO 899 CACAU PIRwERA,685,153947,RUA SEM DENOMINACAO III 537 NOVO JIPARANA,2460,0.10988921
790392,RUA xSEM DENOMINACAO 899 CACAU PIRwERA,685,388120,RUA 8214 5069 BARAO MELGACO 2,6088,0.11328349
698437,RUà AUGUSTO MONE NEGRO 2 CAMETA DO RAMOS,686,698437,RUA AUGUSTO MONTE NEGRO 2 CAMETA DO RAMOS,4977,0.08914159
698437,RUà AUGUSTO MONE NEGRO 2 CAMETA DO RAMOS,686,658606,TRAVESSA RAIMUNDO NONATO RAULINO 39 BOSQUE,652,0.09396916
698437,RUà AUGUSTO MONE NEGRO 2 CAMETA DO RAMOS,686,623090,TRAVESSA CARAMURU 167 BOSQUE,3581,0.10234209
698437,RUà AUGUSTO MONE NEGRO 2 CAMETA DO RAMOS,686,490781,RAMAL DA ELZA 23 ZAQUEU MACHADO,6660,0.107512735
698437,RUà AUGUSTO MONE NEGRO 2 CAMETA DO RAMOS,686,652085,BECO FRANCISQUINHO 48 VITORIA,1990,0.110522
696133,RUA ANAUALI 76 SAO SAO FRzNCISCO,687,696133,RUA ANAUALI 76 SAO FRANCISCO,8192,0.04890795
696133,RUA ANAUALI 76 SAO SAO FRzNCISCO,687,617468,RUA SAO DAMIAO 66 RUI LINO II,9711,0.074688554
696133,RUA ANAUALI 76 SAO SAO FRzNCISCO,687,778236,RUA VILLE BALDE 1197 SAO FRANCISCO,8688,0.07888998
696133,RUA ANAUALI 76 SAO SAO FRzNCISCO,687,580637,RUA JOAO XXIII 160 SAO FRANCISCO,8605,0.08068713
696133,RUA ANAUALI 76 SAO SAO FRzNCISCO,687,617456,RUA SAO CRISTOVAO 143 DAL PASQUALE,6757,0.08216119
1120798,RUA DULCE IeMA 520 COL TERRA NOVA,688,1120798,RUA IRMA DULCE 520 COL TERRA NOVA,465,0.032026835
1120798,RUA DULCE IeMA 520 COL TERRA NOVA,688,1115514,RUA IANOMAMI 60 COLONIA TERRA NOVA,7141,0.063465044
1120798,RUA DULCE IeMA 520 COL TERRA NOVA,688,1115458,RUA IANOMAMI 37 COLONIA TERRA NOVA,2057,0.06699584
1120798,RUA DULCE IeMA 520 COL TERRA NOVA,688,1129603,RUA JERICO 205 COLONHA TERRA NOVA,7032,0.067715414
1120798,RUA DULCE IeMA 520 COL TERRA NOVA,688,1120786,RUA IRMA DULCE 407 COLONIATERRA NOVA,3398,0.068902105
264559,RUA HIGhANOPOLIS 9084 SOF RANCISCO,689,998091,RUA ARISTOFANO ANTONY 438 PETROPOLIS,1515,0.08905466
264559,RUA HIGhANOPOLIS 9084 SOF RANCISCO,689,744204,RUA CODAJAS 141 CIGANOPOLIS,9119,0.09244927
264559,RUA HIGhANOPOLIS 9084 SOF RANCISCO,689,798604,RUA ARNOUD RUY 4212 TIRADENTES,1553,0.09340623
264559,RUA HIGhANOPOLIS 9084 SOF RANCISCO,689,310173,RUA TEOFILO OTONI 2906 LAGOINHA,6546,0.09566429
264559,RUA HIGhANOPOLIS 9084 SOF RANCISCO,689,656114,RUA RAUL TAMBURINI 1451 NITEROI,1488,0.096563265
557855,RUA BOLIVIA 366 BAIXA DA CADEIA VELHA,690,557855,RUA BOLIVIA 366 BAIXA DA CADEIA VELHA,5365,5.143009e-06
557855,RUA BOLIVIA 366 BAIXA DA CADEIA VELHA,690,557837,RUA BOLIVIA 327 BAIXA DA CADEIA VELHA,5503,0.008998467
557855,RUA BOLIVIA 366 BAIXA DA CADEIA VELHA,690,557881,RUA BOLIVIA 491 BAIXA DA CADEIA VELHA,3765,0.013239057
557855,RUA BOLIVIA 366 BAIXA DA CADEIA VELHA,690,589302,RUA MEXICO 324 BAIXA DA CADEIA VELHA,1373,0.048987444
557855,RUA BOLIVIA 366 BAIXA DA CADEIA VELHA,690,594363,RUA PERU 179 BAIXA DA HABITASA,5572,0.08265657
646331,RUA COSTA E 1270 CENTO,691,1005597,RUA B VINTE CINCO 756 ALVORADA,7283,0.102378026
646331,RUA COSTA E 1270 CENTO,691,1040971,RUA CINCO 478 ALVORADA,2075,0.10267036
646331,RUA COSTA E 1270 CENTO,691,25489,RUA MOCOCA 5245 NOVE,3942,0.10483129
646331,RUA COSTA E 1270 CENTO,691,23436,RUA LAJES 5099 NOVE,3976,0.107288264
646331,RUA COSTA E 1270 CENTO,691,1085979,RUA DOZE 49 ALVORADA I,7276,0.108701125
818879,ALDEIA AU PIXbUNA 14 PAU PIXUAN,692,694171,RIO RIO AUTAZ ACU 6 CURRUSA,7930,0.14635314
818879,ALDEIA AU PIXbUNA 14 PAU PIXUAN,692,783689,IGARAPE RIOZINHO 46 ALDEIA INDIGENA PIAU,6855,0.14650697
818879,ALDEIA AU PIXbUNA 14 PAU PIXUAN,692,740614,RIO APIPICA 2 ALDEIA JUTAI,5232,0.14851384
818879,ALDEIA AU PIXbUNA 14 PAU PIXUAN,692,827100,ALDEIA JAPIIM 16 RIO PACIA,4457,0.1501793
818879,ALDEIA AU PIXbUNA 14 PAU PIXUAN,692,851564,ALAMEDA E 91 LAGO AZUL,5739,0.16846669
688542,RUA SATbA LUZIA 38 PALMEIRAS DO JAVARI,693,688542,RUA SANTA LUZIA 38 PALMEIRAS DO JAVARI,1751,0.054652184
688542,RUA SATbA LUZIA 38 PALMEIRAS DO JAVARI,693,790646,RUA TUCANO 199 VILA DO LIMAO,7213,0.106076166
688542,RUA SATbA LUZIA 38 PALMEIRAS DO JAVARI,693,584533,RUA LUIS Z DA SILVA 78 MANOEL JULIAO,8237,0.106633164
688542,RUA SATbA LUZIA 38 PALMEIRAS DO JAVARI,693,253207,RUA ELIZIO BRANDAO 4887 IGARAPE,7750,0.10866825
688542,RUA SATbA LUZIA 38 PALMEIRAS DO JAVARI,693,76383,RUA FERNAO DIAS 4654 SANTA LUZIA,2418,0.10912845
349083,AvVENIDA VINTE E CINCO DE AGOSTO 4283 CtENTRO,694,83205,TRAVESSA TRINTA E NOVE 2190 SETOR 0004,9125,0.09557848
349083,AvVENIDA VINTE E CINCO DE AGOSTO 4283 CtENTRO,694,825658,RUA VINTE E QUATRO DE AGOSTO 1407 69830000,8665,0.10819714
349083,AvVENIDA VINTE E CINCO DE AGOSTO 4283 CtENTRO,694,1043819,RUA CINQUENTA E NOVE A 8 NOVA CIDADE,4356,0.11962221
349083,AvVENIDA VINTE E CINCO DE AGOSTO 4283 CtENTRO,694,384680,RUA TREZENTOS E DEZ 6151 TANCREDO NEVES,5978,0.1202289
349083,AvVENIDA VINTE E CINCO DE AGOSTO 4283 CtENTRO,694,214703,AVENIDA SETE DE SETEMBRO 6437 CUNIA,580,0.12233418
112427,RUA JORGE TEIXEIRA 1641 SETOR 0s7,695,112427,RUA JORGE TEIXEIRA 1641 SETOR 07,5673,0.06612547
112427,RUA JORGE TEIXEIRA 1641 SETOR 0s7,695,134944,RUA CEDRO 1140 JORGE TEIXEIRA,5662,0.06840195
112427,RUA JORGE TEIXEIRA 1641 SETOR 0s7,695,1044952,RUA CIRCULAR 1 13 JORGE TEIXEIRA,1427,0.07412769
112427,RUA JORGE TEIXEIRA 1641 SETOR 0s7,695,134895,RUA CEDRO 491 JORGE TEIXEIRA,1142,0.07428213
112427,RUA JORGE TEIXEIRA 1641 SETOR 0s7,695,439593,RUA CEDRO 7217 GOV JORGE TEIXEIRA,8350,0.08206347
899567,AVENIDA AVENID URUCARA 882 CACHOEIRINHA,696,899567,AVENIDA URUCARA 882 CACHOEIRINHA,298,0.02205097
899567,AVENIDA AVENID URUCARA 882 CACHOEIRINHA,696,899557,AVENIDA URUCARA 838 CACHOEIRINHA,1283,0.024589747
899567,AVENIDA AVENID URUCARA 882 CACHOEIRINHA,696,899604,AVENIDA URUCARA 1416 CACHOEIRINHA,7076,0.033283934
899567,AVENIDA AVENID URUCARA 882 CACHOEIRINHA,696,899397,AVENIDA URUCARA 137 CACHOEIRINHA,5439,0.041311264
899567,AVENIDA AVENID URUCARA 882 CACHOEIRINHA,696,853820,AVENIDA AJURICABA 1128 CACHOEIRINHA,1214,0.05672726
307764,RUA TABAJARAr 1013 OLàRIA,697,307764,RUA TABAJARA 1013 OLARIA,7875,0.058014046
307764,RUA TABAJARAr 1013 OLàRIA,697,307784,RUA TABAJARA 1111 OLARIA,2682,0.07709875
307764,RUA TABAJARAr 1013 OLàRIA,697,231160,RUA ARARIBOIA 316 TUPI,9810,0.07901446
307764,RUA TABAJARAr 1013 OLàRIA,697,290331,RUA PANTEON 7205 TEIXEIRAO,6697,0.07924889
307764,RUA TABAJARAr 1013 OLàRIA,697,785452,RUA 02 132 CACAU PIRERA,7461,0.08394442
921184,BECO INOCENCIO DE ARAUJO 300 EDUCANDOS,698,921184,BECO INOCENCIO DE ARAUJO 300 EDUCANDOS,665,1.0731465e-05
921184,BECO INOCENCIO DE ARAUJO 300 EDUCANDOS,698,910349,BECO ANA NOGUEIRA 25 EDUCANDOS,2078,0.07510099
921184,BECO INOCENCIO DE ARAUJO 300 EDUCANDOS,698,926136,BECO RAIMUNDO MONTEIRO 31 MAUAZINHO,4891,0.086275645
921184,BECO INOCENCIO DE ARAUJO 300 EDUCANDOS,698,922261,BECO JOSE DO PATROCINIO 3 ALEIXO,3760,0.089927725
921184,BECO INOCENCIO DE ARAUJO 300 EDUCANDOS,698,922272,BECO JOSE DO PATROCINIO 30 ALEIXO,6608,0.0921139
956848,RU 188 805 NOVA CIDADE,699,957611,RUA 195 5 NOVA CIDADE,6648,0.08533648
956848,RU 188 805 NOVA CIDADE,699,947460,RUA 1 5 CIDADE NOVA,3232,0.08537683
956848,RU 188 805 NOVA CIDADE,699,956848,RUA 188 805 NOVA CIDADE,5099,0.08817211
956848,RU 188 805 NOVA CIDADE,699,958004,RUA 2 6 CIDADE NOVA,617,0.090740494
956848,RU 188 805 NOVA CIDADE,699,959417,RUA 205 A 42 NOVA CIDADE,408,0.09925057
31496,RUA TAPEoJARA 5098 NOE,700,31496,RUA TAPEJARA 5098 NOVE,6945,0.095995516
31496,RUA TAPEoJARA 5098 NOE,700,60887,RUA UIRAPURU 2999 TEIXEIRAO,5284,0.09730031
31496,RUA TAPEoJARA 5098 NOE,700,263164,RUA GUAPORE 4864 IGARAPE,4252,0.09857935
31496,RUA TAPEoJARA 5098 NOE,700,31489,RUA TAPEJARA 5049 NOVE,4571,0.10222775
31496,RUA TAPEoJARA 5098 NOE,700,290240,RUA PANTEON 6538 IGARAPE,746,0.10240035
637402,OHLO DAGUA 12596 TRANSA ACREANA,701,637402,RAMAL OLHO DAGUA 12596 TRANSA ACREANA,1849,0.052933037
637402,OHLO DAGUA 12596 TRANSA ACREANA,701,637396,RAMAL OLHO DAGUA 10 TRANSA ACREANA,9930,0.06492382
637402,OHLO DAGUA 12596 TRANSA ACREANA,701,510394,TRAVESSA RIO JURUA 3 1181 MIRITIZAL,7704,0.08842462
637402,OHLO DAGUA 12596 TRANSA ACREANA,701,621679,TRAVESSA BAGUARI 228 TAQUARI,8651,0.0972702
637402,OHLO DAGUA 12596 TRANSA ACREANA,701,844280,TRAVESSA ALMIRANTE TAMANDARE 1186 APARECIDA,3556,0.09775589
943895,PRACA DO CONGRESSO 1029 CENTRO,702,943895,PRACA DO CONGRESSO 1029 CENTRO,6972,5.252148e-06
943895,PRACA DO CONGRESSO 1029 CENTRO,702,893715,AVENIDA RIO NEGRO 117 COMPENSA,5428,0.0984269
943895,PRACA DO CONGRESSO 1029 CENTRO,702,976178,RUA A 2 PARQUE 10 DE NOVEMBRO,8120,0.09952961
943895,PRACA DO CONGRESSO 1029 CENTRO,702,877758,AVENIDA IGARAPE DE MANAUS 10 CENTRO,8795,0.09989243
943895,PRACA DO CONGRESSO 1029 CENTRO,702,1088027,RUA E 4 PARQUE 10 DE NOVEMBRO,8351,0.10098976
1016225,RUA BOA wSPERAjCA 140 VILA DA PRATA,703,1016225,RUA BOA ESPERANCA 140 VILA DA PRATA,8417,0.07083808
1016225,RUA BOA wSPERAjCA 140 VILA DA PRATA,703,1001549,RUA AURORA REGO 135 SANTA ITELVINA,9090,0.099525034
1016225,RUA BOA wSPERAjCA 140 VILA DA PRATA,703,147474,RUA MARINGA 182 NOVA BRASILIA,6864,0.10156383
1016225,RUA BOA wSPERAjCA 140 VILA DA PRATA,703,1001590,RUA AURORA REGO 423 SANTA ITELVINA,4989,0.1018108
1016225,RUA BOA wSPERAjCA 140 VILA DA PRATA,703,838862,RUA NOVA VITORIA 1960 APARECIDA,5753,0.10747065
675644,RUA 1 DE IAO 73 CNETROs,704,113311,RUA MARANHAO 3555 ST 06,8230,0.12307243
675644,RUA 1 DE IAO 73 CNETROs,704,1124558,RUA J B SILVA 23 CRESPO,8084,0.12396494
675644,RUA 1 DE IAO 73 CNETROs,704,113323,RUA MARANHAO 3666 ST 06,6724,0.12447508
675644,RUA 1 DE IAO 73 CNETROs,704,1124508,RUA J 142 COROADO,1494,0.12576377
675644,RUA 1 DE IAO 73 CNETROs,704,1129990,RUA JERUSALEM 18 COROADO,5934,0.13484007
264917,RUA HxUGO FERREIRA 3756 BAIRRO CIDADE DO LOBO,705,264917,RUA HUGO FERREIRA 3756 BAIRRO CIDADE DO LOBO,5936,0.008309077
264917,RUA HxUGO FERREIRA 3756 BAIRRO CIDADE DO LOBO,705,303379,RUA SAMUEL DE FREITAS 4331 BAIRRO CIDADE DO LOBO,996,0.033587605
264917,RUA HxUGO FERREIRA 3756 BAIRRO CIDADE DO LOBO,705,253659,RUA EMILIO FEITOSA 3649 BAIRRO CIDADE DO LOBO,2623,0.034033895
264917,RUA HxUGO FERREIRA 3756 BAIRRO CIDADE DO LOBO,705,261868,RUA GRAFITA 3337 BAIRRO CIDADE DO LOBO,8929,0.045105092
264917,RUA HxUGO FERREIRA 3756 BAIRRO CIDADE DO LOBO,705,260512,RUA GERALDO SIQUEIRA 4217 CIDADE DO LOBO,9309,0.050052673
61199,RUA ALMIRANTE BARROSO 2625 NOVO HORIONTE,706,61199,RUA ALMIRANTE BARROSO 2625 NOVO HORIZONTE,7668,0.02244651
61199,RUA ALMIRANTE BARROSO 2625 NOVO HORIONTE,706,61268,RUA ALMIRANTE BARROSO 3276 NOVO CACOAL,9178,0.043790534
61199,RUA ALMIRANTE BARROSO 2625 NOVO HORIONTE,706,838723,RUA NAZARE CAVALCANTE 2608 MORADA DO SOL,5983,0.06506616
61199,RUA ALMIRANTE BARROSO 2625 NOVO HORIONTE,706,151429,RUA RAIMUNDO GOMES ALVARENGA 2618 NOVO JIPARANA,3701,0.06514421
61199,RUA ALMIRANTE BARROSO 2625 NOVO HORIONTE,706,286061,RUA MONTEIRO LOBATO 5713 ELDORADO,5026,0.06552885
279398,RUA LûI GAMA 8022 PORTO VEjHO,707,235769,RUA BIDU SAIAO 6132 PORTO VELHO,8125,0.064596936
279398,RUA LûI GAMA 8022 PORTO VEjHO,707,287391,RUA NICARAGUA 2630 PORTO VELHO,5103,0.07784505
279398,RUA LûI GAMA 8022 PORTO VEjHO,707,287429,RUA NICARAGUA 2916 PORTO VELHO,888,0.07851809
279398,RUA LûI GAMA 8022 PORTO VEjHO,707,287352,RUA NICARAGUA 2360 PORTO VELHO,1359,0.07865129
279398,RUA LûI GAMA 8022 PORTO VEjHO,707,47275,RUA 0LINTO FOLI 4013 VILAGE DO SOL,9964,0.08068046
645795,q 2539 aAOTI,708,645945,RUA B 2678 AMOTI,6220,0.17929432
645795,q 2539 aAOTI,708,645795,RUA A 2539 AMOTI,2666,0.18459983
645795,q 2539 aAOTI,708,1024981,RUA C SEIS 1732 JAPIIM,432,0.21515214
645795,q 2539 aAOTI,708,143292,RUA IPE 3826 VALPARAISO,2840,0.23158142
645795,q 2539 aAOTI,708,129244,RUA AMAPA 2303 JK,923,0.23404008
962248,RUA 26 CIDADE NOV,709,961695,RUA 23 1 CIDADE NOVA,1420,0.04732485
962248,RUA 26 CIDADE NOV,709,972024,RUA 6 11 CIDADE NOVA,595,0.047429577
962248,RUA 26 CIDADE NOV,709,961720,RUA 23 10 CIDADE NOVA,9478,0.04844899
962248,RUA 26 CIDADE NOV,709,972646,RUA 62 8 CIDADE NOVA,3688,0.05128128
962248,RUA 26 CIDADE NOV,709,962462,RUA 239 18 CIDADE NOVA,4931,0.053317092
687826,TRAVESSA AUGUSTO 33 CENTRO,710,687829,TRAVESSA AUGUSTO LUZEIRO 36 CENTRO,4130,0.059001267
687826,TRAVESSA AUGUSTO 33 CENTRO,710,687826,TRAVESSA AUGUSTO LUZEIRO 33 CENTRO,8596,0.06067827
687826,TRAVESSA AUGUSTO 33 CENTRO,710,518940,TRAVESSA RUI BARBOSA 21 CENTRO,5435,0.066745825
687826,TRAVESSA AUGUSTO 33 CENTRO,710,716271,TRAVESSA RUI BARBOSA 137 CENTRO,6597,0.07597588
687826,TRAVESSA AUGUSTO 33 CENTRO,710,844372,TRAVESSA PADRE RAFAEL 64 CENTRO,4624,0.085551925
342388,AVENIDA CECILIA MEIRELES 5637 ALTA CIDADE BAIRO,711,342388,AVENIDA CECILIA MEIRELES 5637 BAIRRO CIDADE ALTA,7529,0.022116125
342388,AVENIDA CECILIA MEIRELES 5637 ALTA CIDADE BAIRO,711,884960,AVENIDA MAX TEIXEIRA 2314 CIDADE NOVA,2796,0.04912678
342388,AVENIDA CECILIA MEIRELES 5637 ALTA CIDADE BAIRO,711,456588,AVENIDA TANCREDO DE ALMEIDA NEVES 3619 CIDADE BAIXA,1920,0.052189387
342388,AVENIDA CECILIA MEIRELES 5637 ALTA CIDADE BAIRO,711,425369,AVENIDA TANCREDO NEVES 1488 BAIRRO UNIAO,8613,0.05384233
342388,AVENIDA CECILIA MEIRELES 5637 ALTA CIDADE BAIRO,711,480667,AVENIDA MARINHO MONTE 423 BAIRRO ELDORADO,8710,0.054732885
254936,RUA ESTANDARTE 7460 NIA,712,254936,RUA ESTANDARTE 7460 CUNIA,9400,0.035606652
254936,RUA ESTANDARTE 7460 NIA,712,253812,RUA ENREDO 3337 CUNIA,5883,0.10305767
254936,RUA ESTANDARTE 7460 NIA,712,645945,RUA B 2678 AMOTI,6220,0.10523682
254936,RUA ESTANDARTE 7460 NIA,712,253831,RUA ENREDO 3478 CUNIA,205,0.107007384
254936,RUA ESTANDARTE 7460 NIA,712,1094348,RUA ESTANAVE 1280 MANAUS,4611,0.11559333
1112294,RUA HENRIQUE MARTINS 215 JORGE TEIXEIRA,713,1112294,RUA HENRIQUE MARTINS 215 JORGE TEIXEIRA,5871,1.0865178e-05
1112294,RUA HENRIQUE MARTINS 215 JORGE TEIXEIRA,713,1148280,RUA LUIS MONTENEGRO 373 JORGE TEIXEIRA,4469,0.036749057
1112294,RUA HENRIQUE MARTINS 215 JORGE TEIXEIRA,713,1101413,RUA FRANCISCO ALVES 58 JORGE TEIXEIRA,1210,0.040431608
1112294,RUA HENRIQUE MARTINS 215 JORGE TEIXEIRA,713,1148292,RUA LUIS MONTENEGRO 428 JORGE TEIXEIRA,773,0.041332178
1112294,RUA HENRIQUE MARTINS 215 JORGE TEIXEIRA,713,1112341,RUA HENRIQUE MARTINS 408 JORGE TEIXEIRA 4 ETAPA,6458,0.042060383
971034,RUA 50 75 CIADE,714,976989,RUA A 40 COMPENSA,5964,0.11180493
971034,RUA 50 75 CIADE,714,974760,RUA 8 9 COMPENSA,148,0.111847684
971034,RUA 50 75 CIADE,714,955066,RUA 160 17 MANAUS,5298,0.11234931
971034,RUA 50 75 CIADE,714,969967,RUA 47 1002 JAPIIM,325,0.11816546
971034,RUA 50 75 CIADE,714,976983,RUA A 39 COMPENSA,6631,0.12055096
815256,RUA CAeLOS AMORIM 528 SAO TOME,715,815256,RUA CARLOS AMORIM 528 SAO TOME,8059,0.015244435
815256,RUA CAeLOS AMORIM 528 SAO TOME,715,778194,RUA VILLA LOBOS 745 SAO JOSE,216,0.0648144
815256,RUA CAeLOS AMORIM 528 SAO TOME,715,808290,RUA SAO JOSE 51 MAMOUD AMED,6943,0.07412353
815256,RUA CAeLOS AMORIM 528 SAO TOME,715,1078315,RUA DO ROSARIO 408 SAO RAIMUNDO,3074,0.074935116
815256,RUA CAeLOS AMORIM 528 SAO TOME,715,579789,RUA JOAO AMANCIO 786 SOBRAL,7151,0.07629569
529160,RUA DOMINGOS GALDINO 123 CENTOR,716,529160,RUA DOMINGOS GALDINO 123 CENTRO,8209,0.01811282
529160,RUA DOMINGOS GALDINO 123 CENTOR,716,529210,RUA DOMINGOS GALDINO 613 OLARIA,4857,0.04786139
529160,RUA DOMINGOS GALDINO 123 CENTOR,716,529213,RUA DOMINGOS GALDINO 653 OLARIA,1730,0.05049076
529160,RUA DOMINGOS GALDINO 123 CENTOR,716,841699,RUA ALMIRANTE TAMANDARE 555 CENTRO,8891,0.06588797
529160,RUA DOMINGOS GALDINO 123 CENTOR,716,62205,RUA GENERAL OSORIO 1235 CENTRO,171,0.06840116
18495,RUA ESPIRITO SANTO 3484 SETORa 5,717,18495,RUA ESPIRITO SANTO 3484 SETOR 5,4751,0.029480198
18495,RUA ESPIRITO SANTO 3484 SETORa 5,717,18540,RUA ESPIRITO SANTO 3722 SETOR 5,1744,0.05630312
18495,RUA ESPIRITO SANTO 3484 SETORa 5,717,70086,RUA ESPIRITO SANTO 955 CENTRO,9663,0.08599445
18495,RUA ESPIRITO SANTO 3484 SETORa 5,717,743991,RUA CESARIO CAMPELO 478 ESPIRITO SANTO,1220,0.09625979
18495,RUA ESPIRITO SANTO 3484 SETORa 5,717,30514,RUA SALVADOR 2290 SETOR 03,9112,0.10042803
476626,RUA SETE aUEDAS 1379 ACRELANDIA,718,476626,RUA SETE QUEDAS 1379 ACRELANDIA,9776,0.02419874
476626,RUA SETE aUEDAS 1379 ACRELANDIA,718,798604,RUA ARNOUD RUY 4212 TIRADENTES,1553,0.08116363
476626,RUA SETE aUEDAS 1379 ACRELANDIA,718,571811,RUA EPAMINONDAS JACOME 2080 CADEIA VELHA,8411,0.08395262
476626,RUA SETE aUEDAS 1379 ACRELANDIA,718,287984,RUA NOVA ESPERANCA 3721 CALADINHO,4407,0.08439264
476626,RUA SETE aUEDAS 1379 ACRELANDIA,718,1071813,RUA DEZESSEIS 439 ALVORADA II,5421,0.08597208
396637,AVENIDA JORGE TEIXEIRA 4839 çENTO,719,396637,AVENIDA JORGE TEIXEIRA 4839 CENTRO,3263,0.030928046
396637,AVENIDA JORGE TEIXEIRA 4839 çENTO,719,453490,AVENIDA JORGE TEIXEIRA 3373 CENTRO,8687,0.054536536
396637,AVENIDA JORGE TEIXEIRA 4839 çENTO,719,453505,AVENIDA JORGE TEIXEIRA 3880 CENTRO,8505,0.055131666
396637,AVENIDA JORGE TEIXEIRA 4839 çENTO,719,404060,AVENIDA JORGE TEIXEIRA 4164 ALTO PARAISO,2148,0.06654551
396637,AVENIDA JORGE TEIXEIRA 4839 çENTO,719,885181,AVENIDA MIRRA 100 JORGE TEIXEIRA,5830,0.069039024
82190,LIMOEIRO 1186 SETOR 0009,720,490714,RAMAL CIMENTEIRA 2 1020 LOTE 18,5189,0.09353818
82190,LIMOEIRO 1186 SETOR 0009,720,120497,LINHA 619 2 ZONA RURAL,4045,0.11233749
82190,LIMOEIRO 1186 SETOR 0009,720,31747,RUA TOPAZIO 1420 RURAL,8972,0.11612436
82190,LIMOEIRO 1186 SETOR 0009,720,267902,RUA JACINTO 3016 ELETRONORTE,2141,0.116712816
82190,LIMOEIRO 1186 SETOR 0009,720,374305,RUA 7607 3964 ALPHAILLE,7292,0.12335556
788583,URA J 47 MUTIRAO CACAU,721,788583,RUA J 47 MUTIRAO CACAU,6078,0.07018085
788583,URA J 47 MUTIRAO CACAU,721,922421,BECO JUPIS 98 JAPIIM,6520,0.11424498
788583,URA J 47 MUTIRAO CACAU,721,922486,BECO KIMURA 4 JAPIIM,8265,0.11596461
788583,URA J 47 MUTIRAO CACAU,721,888523,AVENIDA PENETRACAO UM 1311 JAPIIM,1022,0.13085516
788583,URA J 47 MUTIRAO CACAU,721,235912,RUA BIDU SAIAO 7005 APONIA,7921,0.13300669
669467,RUA C0RONEL BRANDAO 1214 ENTRO,722,669467,RUA CORONEL BRANDAO 1214 CENTRO,1654,0.0683635
669467,RUA C0RONEL BRANDAO 1214 ENTRO,722,299666,RUA RIBEIRAO PRETO 6852 CUNIA,7448,0.10364862
669467,RUA C0RONEL BRANDAO 1214 ENTRO,722,254084,RUA ENRICO CARUSO 7169 APONIA,8609,0.10587253
669467,RUA C0RONEL BRANDAO 1214 ENTRO,722,612012,RUA CORONEL BRANDAO 3580 BOSQUE,8471,0.1061322
669467,RUA C0RONEL BRANDAO 1214 ENTRO,722,356198,RUA BARAO DE MELGACO 4348 PLANALTO,5394,0.11097285
245335,RaUA CURkTIBA 3072 ACLADINHO,723,216269,BECO ATUM 3988 CALADINHO,9631,0.103773676
245335,RaUA CURkTIBA 3072 ACLADINHO,723,672888,RAMAL LINHA4 252 CAQUETA,7260,0.121065155
245335,RaUA CURkTIBA 3072 ACLADINHO,723,943164,IGARAPE DO MINDU 3 TANCREDO NEVES,7644,0.12895247
245335,RaUA CURkTIBA 3072 ACLADINHO,723,64623,ALDEIA SURUIS 259 CACOAL,2368,0.12965581
245335,RaUA CURkTIBA 3072 ACLADINHO,723,728888,RIO PURUS 3 MATUPIRIR,6350,0.14149304
1061873,RUA SvEVALHO 200 RIZ,724,1061873,RUA DANIEL SEVALHO 200 RAIZ,8201,0.07170837
1061873,RUA SvEVALHO 200 RIZ,724,1049295,RUA CRAVO 23 ALEIXO,4080,0.078869574
1061873,RUA SvEVALHO 200 RIZ,724,299736,RUA RINO LEVI 5235 TEIXEIRAO,1131,0.08426011
1061873,RUA SvEVALHO 200 RIZ,724,1106376,RUA GIRASSOL 20 COROADO,4528,0.0844764
1061873,RUA SvEVALHO 200 RIZ,724,586684,RUA MARANHAO 118 BOSQUE,8384,0.08926215
738414,RUAR UA 1 10 ARACA DO VILA,725,738414,RUA 1 10 VILA DO ARACA,9953,0.075690806
738414,RUAR UA 1 10 ARACA DO VILA,725,738557,RUA 8 259 VILA DO ARACA,4671,0.102491245
738414,RUAR UA 1 10 ARACA DO VILA,725,1025795,RUA CACHOEIRA ALTA 103 TARUMA,8044,0.108282104
738414,RUAR UA 1 10 ARACA DO VILA,725,330417,RUA 56A 10 NOVA MUTUM,5004,0.10967953
738414,RUAR UA 1 10 ARACA DO VILA,725,725604,RUA COUTU VALE 1467 ARARAS,5620,0.112544656
270329,RUâ JOACABA 6365 ZONA SUL,726,270329,RUA JOACABA 6365 ZONA SUL,3895,0.08483873
270329,RUâ JOACABA 6365 ZONA SUL,726,277102,RUA LAGUNA 2626 ZONA SUL,1532,0.09321504
270329,RUâ JOACABA 6365 ZONA SUL,726,288232,RUA NOVA IORQUE 4929 ZONA SUL,1187,0.10027476
270329,RUâ JOACABA 6365 ZONA SUL,726,458318,RUA TIRADENTES 3232 CIDADE BAIXA,8577,0.106620945
270329,RUâ JOACABA 6365 ZONA SUL,726,458277,RUA TIRADENTES 2489 CIDADE BAIXA,4103,0.107312605
543113,ESTRADA ALBERTO TORRES 160 GERALDO FLEMING,727,543113,ESTRADA ALBERTO TORRES 160 GERALDO FLEMING,4438,1.0430415e-05
543113,ESTRADA ALBERTO TORRES 160 GERALDO FLEMING,727,42885,AVENIDA GERALDO CARDOSO CAMPOS 3727 JOSINO BRITO,7270,0.08524924
543113,ESTRADA ALBERTO TORRES 160 GERALDO FLEMING,727,633515,TRAVESSA SANTA CLARA 55 GERALDO FLEMING,3062,0.089429036
543113,ESTRADA ALBERTO TORRES 160 GERALDO FLEMING,727,558280,RUA BOTAFOGO 428 GERALDO FLEMING,6118,0.09196215
543113,ESTRADA ALBERTO TORRES 160 GERALDO FLEMING,727,56148,RUA LUIZ FERNANDES ALEXANDRE 3792 VILLAGE DO SOL II,2743,0.09629616
915264,BECO CENTRAL 34 CO1ONIA ALEIXO,728,915278,BECO CENTRAL 58 GLORIA,9842,0.05751942
915264,BECO CENTRAL 34 CO1ONIA ALEIXO,728,915287,BECO CENTRAL 72 GLORIA,7068,0.05821525
915264,BECO CENTRAL 34 CO1ONIA ALEIXO,728,915292,BECO CENTRAL 95 GLORIA,3670,0.061450467
915264,BECO CENTRAL 34 CO1ONIA ALEIXO,728,919631,BECO ESPERANCA 480 PLANALTO,5324,0.10224934
915264,BECO CENTRAL 34 CO1ONIA ALEIXO,728,920980,BECO IGARAPE 27 COMPENSA,7408,0.103693835
1019182,RAwU BOM PASTOR 509 COLONIA TERRA NOVA,729,764079,IGARAPE PRETO 16 9 TERRA FIRME,1312,0.084479734
1019182,RAwU BOM PASTOR 509 COLONIA TERRA NOVA,729,1019182,RUA BOM PASTOR 509 COLONIA TERRA NOVA,7082,0.09171465
1019182,RAwU BOM PASTOR 509 COLONIA TERRA NOVA,729,1152781,RUA MANACAPURU 418 COLONIA TERRA NOVA,5807,0.093095936
1019182,RAwU BOM PASTOR 509 COLONIA TERRA NOVA,729,216190,BECO ACARA 2346 NOVA FLORESTA,1475,0.09434019
1019182,RAwU BOM PASTOR 509 COLONIA TERRA NOVA,729,704088,COMUNIDADE BOM PASTOR 2 24 SURURUA,4877,0.10459885
1105368,RUA GERALDO COST 11 SAO FANCISCO,730,1105368,RUA GERALDO COSTA 11 SAO FRANCISCO,6685,0.043843485
1105368,RUA GERALDO COST 11 SAO FANCISCO,730,1109381,RUA GUERREIRO ANTONY 12 SAO FRANCICO,1627,0.062000066
1105368,RUA GERALDO COST 11 SAO FANCISCO,730,696089,RUA ALEXANDRE AMBROSIO 1031 SAO FRANCISCO,1940,0.06367866
1105368,RUA GERALDO COST 11 SAO FANCISCO,730,605508,RUA TAMBORIM 120 SAO FRANCISCO,3932,0.064221695
1105368,RUA GERALDO COST 11 SAO FANCISCO,730,838957,RUA OLAVO BILAC 1320 SAO FRANCISCO,6347,0.06911314
836820,RUA JOAOX XIII 1361 CETNRO,731,234031,RUA BATISTA NETO 5571 TEIXEIRAO,6174,0.08043675
836820,RUA JOAOX XIII 1361 CETNRO,731,59602,RUA RIO NEGRO 2093 TEIXEIRAO,2354,0.08568462
836820,RUA JOAOX XIII 1361 CETNRO,731,286825,RUA NEUSA 7609 TEIXEIRAO,8367,0.092671104
836820,RUA JOAOX XIII 1361 CETNRO,731,646053,RUA BRASILIANO CANCIO 3240 TRIUNFO,7239,0.096010685
836820,RUA JOAOX XIII 1361 CETNRO,731,1142368,RUA LAURA VINCUNA 50 C0ROADO,2580,0.09731993
236840,RUA BORGES DE MEDEIROS 9618 MARINAA,732,236840,RUA BORGES DE MEDEIROS 9618 MARIANA,5815,0.01680971
236840,RUA BORGES DE MEDEIROS 9618 MARINAA,732,240684,RUA CARLOS REIS 9436 MARIANA,464,0.07122411
236840,RUA BORGES DE MEDEIROS 9618 MARINAA,732,641836,RUA SENA MADUREIRA 431 RODRIGUES AVES,6091,0.07417382
236840,RUA BORGES DE MEDEIROS 9618 MARINAA,732,314466,RUA VENANCIO AIRES 2368 MARIANA,8210,0.0758481
236840,RUA BORGES DE MEDEIROS 9618 MARINAA,732,309957,RUA TEODORA LOPES 9527 MARIANA,1291,0.0783
1109048,RUA GUARDALUPd 169 JORGE TEIXEIRA,733,1109048,RUA GUARDALUPE 169 JORGE TEIXEIRA,7856,0.031533677
1109048,RUA GUARDALUPd 169 JORGE TEIXEIRA,733,1105528,RUA GERGELIN 46 JORGE TEIXEIRA,9800,0.05182623
1109048,RUA GUARDALUPd 169 JORGE TEIXEIRA,733,1105529,RUA GERGELIN 52 JORGE TEIXEIRA,7888,0.051954307
1109048,RUA GUARDALUPd 169 JORGE TEIXEIRA,733,1029963,RUA CARAUACU 26 JORGE TEIXEIRA,3320,0.063782506
1109048,RUA GUARDALUPd 169 JORGE TEIXEIRA,733,1098587,RUA FILADELFIA 15 GILBERTO MESTRINHO,5458,0.06378463
259315,RUA RUA FRyTAL 4974 FLORESTA,734,259315,RUA FRUTAL 4974 FLORESTA,4547,0.042574074
259315,RUA RUA FRyTAL 4974 FLORESTA,734,239355,RUA CANDIRU 5233 LAGOA,4925,0.06930593
259315,RUA RUA FRyTAL 4974 FLORESTA,734,250337,RUA DO SOL 871 FLORESTA,2101,0.07341339
259315,RUA RUA FRyTAL 4974 FLORESTA,734,263282,RUA GUARAPARI 4615 NOVA FLORESTA,2533,0.07361151
259315,RUA RUA FRyTAL 4974 FLORESTA,734,29909,RUA RUA FLOR DO IPE 2578 SETOR 4,2478,0.07448305
223001,RUA ALEXANDRE GUIMARAES 1170 AREAL,735,223001,RUA ALEXANDRE GUIMARAES 1170 AREAL,1517,6.205758e-06
223001,RUA ALEXANDRE GUIMARAES 1170 AREAL,735,222996,RUA ALEXANDRE GUIMARAES 1143 AREAL,6432,0.014950155
223001,RUA ALEXANDRE GUIMARAES 1170 AREAL,735,223028,RUA ALEXANDRE GUIMARAES 1341 AREAL,4790,0.017302908
223001,RUA ALEXANDRE GUIMARAES 1170 AREAL,735,223120,RUA ALEXANDRE GUIMARAES 1988 AREAL,6251,0.036703363
223001,RUA ALEXANDRE GUIMARAES 1170 AREAL,735,1103615,RUA GABRIEL GONCALVES 202 ALEIXO,6226,0.050202847
798104,RUA ATONIO MENEZES 3557 SO CRISTOgAO,736,798104,RUA ANTONIO MENEZES 3557 SAO CRISTOVAO,3659,0.055883467
798104,RUA ATONIO MENEZES 3557 SO CRISTOgAO,736,804852,RUA PAULO MENEZES 19 SAO CRISTOVAO,3162,0.060397036
798104,RUA ATONIO MENEZES 3557 SO CRISTOgAO,736,980282,RUA ABRAAO CARDOSO 604 COMPENSA,4486,0.06682427
798104,RUA ATONIO MENEZES 3557 SO CRISTOgAO,736,726710,RUA JOAO PONTES 904 CANUTAMA,4760,0.06993227
798104,RUA ATONIO MENEZES 3557 SO CRISTOgAO,736,777040,RUA NORDESTINA 1794 SAO CRISTOVAO,8483,0.07309627
2738,AVENIDA RjIO DEJANEIRO 3913 CNyRO,737,893564,AVENIDA RIO NEGRO 78 JAPIIM,5489,0.12738422
2738,AVENIDA RjIO DEJANEIRO 3913 CNyRO,737,897551,AVENIDA TEFE 1327 PRACA 14 DE JANEIRO,7313,0.1323283
2738,AVENIDA RjIO DEJANEIRO 3913 CNyRO,737,507243,AVENIDA RIO JURUA 1959 MIRITZAL,3750,0.13404703
2738,AVENIDA RjIO DEJANEIRO 3913 CNyRO,737,342098,AVENIDA BRASILIA 4242 BEIRA RIO,3846,0.13423117
2738,AVENIDA RjIO DEJANEIRO 3913 CNyRO,737,893270,AVENIDA RIO NEGRO 24 MAUAZINHO,6701,0.14139646
1014564,UA BENJAMIN LIMAh 599 SAOw,738,74522,AVENIDA SOLIMOES 3613 JO SATO,5869,0.1207304
1014564,UA BENJAMIN LIMAh 599 SAOw,738,235926,RUA BIDU SAIAO 7069 APONIA,5879,0.12516794
1014564,UA BENJAMIN LIMAh 599 SAOw,738,235912,RUA BIDU SAIAO 7005 APONIA,7921,0.12839183
1014564,UA BENJAMIN LIMAh 599 SAOw,738,156866,RUA VENCESLAU BRAS 1008 SAO PEDRO,5213,0.13681251
1014564,UA BENJAMIN LIMAh 599 SAOw,738,156875,RUA VENCESLAU BRAS 1115 SAO PEDRO,3736,0.14471012
511357,RUA ALEXANDREESTEES FILHO 506 CrNRTO,739,301175,RUA RODOLFO AMOEDO 5383 TEIXEIRAO,8637,0.07489821
511357,RUA ALEXANDREESTEES FILHO 506 CrNRTO,739,605167,RUA SILVESTRE COELHO 348 BOSQUE,338,0.07690814
511357,RUA ALEXANDREESTEES FILHO 506 CrNRTO,739,511729,RUA BENAVENUTO PERES 351 SATEL,48,0.0787234
511357,RUA ALEXANDREESTEES FILHO 506 CrNRTO,739,150315,RUA PEDRO ALVARES CABRAL 827 JOTAO,1879,0.08262289
511357,RUA ALEXANDREESTEES FILHO 506 CrNRTO,739,299736,RUA RINO LEVI 5235 TEIXEIRAO,1131,0.086422965
1044777,àLHO CIPO RUA 325 JORGE TEIXEIRA JOAO PAUL0 3,740,1044777,RUA CIPO ALHO 325 JORGE TEIXEIRA JOAO PAULO 3,9182,0.040179163
1044777,àLHO CIPO RUA 325 JORGE TEIXEIRA JOAO PAUL0 3,740,1044906,RUA CIPO TUIRA 540 JORGE TEIXEIRA JOAO PAULO 3,5073,0.0446461
1044777,àLHO CIPO RUA 325 JORGE TEIXEIRA JOAO PAUL0 3,740,1044841,RUA CIPO ALHO 661 JORGE TEIXEIRA JOAO PAULO,2453,0.053321086
1044777,àLHO CIPO RUA 325 JORGE TEIXEIRA JOAO PAUL0 3,740,1044744,RUA CIPO ALHO 201 JORGE TEIXEIRA JOAO PAULO 2,9987,0.061003834
1044777,àLHO CIPO RUA 325 JORGE TEIXEIRA JOAO PAUL0 3,740,1138407,RUA JUCA 103 JORGE TEIXEIRA JOAO PAULO 2,2680,0.067163154
942002,ESTRADA DO BRASILEIRINHO 10700 PURãQUEQUARA,741,942002,ESTRADA DO BRASILEIRINHO 10700 PURAQUEQUARA,5709,0.014962859
942002,ESTRADA DO BRASILEIRINHO 10700 PURãQUEQUARA,741,138189,RUA DIVINO TAQUARI 1758 NOVA BRASILIA,3330,0.1165636
942002,ESTRADA DO BRASILEIRINHO 10700 PURãQUEQUARA,741,941795,ESTRADA DO ALEIXO 5230 ZUMBI DOS PALMARES,21,0.11841265
942002,ESTRADA DO BRASILEIRINHO 10700 PURãQUEQUARA,741,661070,ESTRADA DO IPEPACUNHA 2570 PEPACUNHA,2918,0.119416095
942002,ESTRADA DO BRASILEIRINHO 10700 PURãQUEQUARA,741,125396,AVENIDA GUANABARA 2117 VALPARAISO,2738,0.12025966
197531,RUA ALCINDA RIBEmIRO DE SOZA 794 ALVORADA,742,197531,RUA ALCINDA RIBEIRO DE SOUZA 794 ALVORADA,3522,0.04975092
197531,RUA ALCINDA RIBEmIRO DE SOZA 794 ALVORADA,742,201317,RUA ROLIM DE MOURA 699 ALVORADA,7677,0.06240976
197531,RUA ALCINDA RIBEmIRO DE SOZA 794 ALVORADA,742,198403,RUA CASSIMIRO DE ABREU 694 ALVORADA,8991,0.06799759
197531,RUA ALCINDA RIBEmIRO DE SOZA 794 ALVORADA,742,668456,RUA MARIA DE BRITO 67 SIBERIA,9792,0.08122757
197531,RUA ALCINDA RIBEmIRO DE SOZA 794 ALVORADA,742,153374,RUA SAULO ALCANTARA 2349 NOVA LONDRINA,2679,0.08408737
215168,AVENIDA URUsGUAî 510 NOVA PORTO VELHO,743,215168,AVENIDA URUGUAI 510 NOVA PORTO VELHO,1711,0.038329836
215168,AVENIDA URUsGUAî 510 NOVA PORTO VELHO,743,215143,AVENIDA URUGUAI 480 NOVA PORTO VELHO,1423,0.039997377
215168,AVENIDA URUsGUAî 510 NOVA PORTO VELHO,743,215258,AVENIDA URUGUAI 853 NOVA PORTO VELHO,1411,0.04292399
215168,AVENIDA URUsGUAî 510 NOVA PORTO VELHO,743,890395,AVENIDA RAMOS D 22 CIDADE NOVA,351,0.06555013
215168,AVENIDA URUsGUAî 510 NOVA PORTO VELHO,743,890492,AVENIDA RAMOS D 190 NOVO ALEIXO,7272,0.067880034
1134882,RUA JOSE ALVARESw MARCIEL MARCIEL 130 D0M PEDRO I,744,1134856,RUA JOSE ALVARES MARCIEL 43 DOM PEDRO I,5383,0.061798636
1134882,RUA JOSE ALVARESw MARCIEL MARCIEL 130 D0M PEDRO I,744,1134882,RUA JOSE ALVARES MARCIEL 130 DOM PEDRO I,1201,0.06445816
1134882,RUA JOSE ALVARESw MARCIEL MARCIEL 130 D0M PEDRO I,744,1134874,RUA JOSE ALVARES MARCIEL 67 DOM PEDRO I,6826,0.06678434
1134882,RUA JOSE ALVARESw MARCIEL MARCIEL 130 D0M PEDRO I,744,987662,RUA ALVARO MAIA 106 DOM PEDRO I,4869,0.07627356
1134882,RUA JOSE ALVARESw MARCIEL MARCIEL 130 D0M PEDRO I,744,1037691,RUA CEZARMIR DUARTE 35 DOM PEDRO I,7711,0.07636563
782540,RUA MANOEL CICINATO 146 IPIXUNA,745,782540,RUA MANOEL CICINATO 146 IPIXUNA,8926,4.0100877e-06
782540,RUA MANOEL CICINATO 146 IPIXUNA,745,782111,RUA DOMINGOS BARROSO 64 IPIXUNA,5418,0.054861397
782540,RUA MANOEL CICINATO 146 IPIXUNA,745,781996,RUA ALVARO MAIA 197 IPIXUNA,509,0.056268632
782540,RUA MANOEL CICINATO 146 IPIXUNA,745,591220,RUA NELSON PIQUET 157 VITORIA,9153,0.060099535
782540,RUA MANOEL CICINATO 146 IPIXUNA,745,789505,RUA PAUDERNEI AVELINO 137 MORADA DO SOL,6303,0.06301229
1113959,RUA HUMBERTO DE CAMPOS 215 SAO JORGE,746,1113959,RUA HUMBERTO DE CAMPOS 215 SAO JORGE,2597,8.086468e-06
1113959,RUA HUMBERTO DE CAMPOS 215 SAO JORGE,746,1114014,RUA HUMBERTO DE CAMPOS 215 SAO JORGE,64,0.0044058757
1113959,RUA HUMBERTO DE CAMPOS 215 SAO JORGE,746,1114071,RUA HUMBERTO DE CAMPOS 242 SAO JORGE,8164,0.011825965
1113959,RUA HUMBERTO DE CAMPOS 215 SAO JORGE,746,1113818,RUA HUMBERTO DE CAMPOS 89 SAO JORGE,5278,0.019207628
1113959,RUA HUMBERTO DE CAMPOS 215 SAO JORGE,746,1113722,RUA HUMBERTO DE CAMPOS 4 SAO JORGE,9508,0.02176459
1011268,RUA BELA VSITA 379 GILBERTO MESTRINHO,747,1011268,RUA BELA VISTA 379 GILBERTO MESTRINHO,7589,0.020525247
1011268,RUA BELA VSITA 379 GILBERTO MESTRINHO,747,1011527,RUA BELA VISTA 645 GILBERTO MESTRINHO,2519,0.034869507
1011268,RUA BELA VSITA 379 GILBERTO MESTRINHO,747,1011442,RUA BELA VISTA 530 GILBERTO MESTRINHO,7396,0.03583815
1011268,RUA BELA VSITA 379 GILBERTO MESTRINHO,747,1008126,RUA BARREIRINHA 792 GILBERTO MESTRINHO,2718,0.038448967
1011268,RUA BELA VSITA 379 GILBERTO MESTRINHO,747,1008132,RUA BARREIRINHA 861 GILBERTO MESTRINHO,8400,0.04009577
152803,RUA RIO TAPAJOS 1188 DOM BOSCc,748,152803,RUA RIO TAPAJOS 1188 DOM BOSCO,5178,0.031357527
152803,RUA RIO TAPAJOS 1188 DOM BOSCc,748,152743,RUA RIO TAPAJOS 667 DOM BOSCO,8216,0.045981456
152803,RUA RIO TAPAJOS 1188 DOM BOSCc,748,757613,RUA RIO BADAJOS 416 CODAJAS,759,0.07885724
152803,RUA RIO TAPAJOS 1188 DOM BOSCc,748,152063,RUA RIO JARU 502 DOM BOSCO,6136,0.081091575
152803,RUA RIO TAPAJOS 1188 DOM BOSCc,748,152664,RUA RIO SOLIMOES 500 DOM BOSCO,4364,0.08399628
379823,RUA NELSON TREMEA 523 ECNTRO,749,379823,RUA NELSON TREMEA 523 CENTRO,8628,0.038027853
379823,RUA NELSON TREMEA 523 ECNTRO,749,719614,RUA DANILO AREOSA 531 RECREIO,4565,0.071100056
379823,RUA NELSON TREMEA 523 ECNTRO,749,338292,RUA RICARDO SOMENSARI 2896 CENTRO,3428,0.07829743
379823,RUA NELSON TREMEA 523 ECNTRO,749,841699,RUA ALMIRANTE TAMANDARE 555 CENTRO,8891,0.079764135
379823,RUA NELSON TREMEA 523 ECNTRO,749,446227,RUA MARECHAL RONDON 3125 CENTRO,1824,0.08061565
739437,MIRA CAUëRA 24 CENTRO,750,785619,RUA 06 264 CACAU PIRERA,1973,0.11650771
739437,MIRA CAUëRA 24 CENTRO,750,265240,RUA IBOTIRAMA 3118 POR O VELHO,6279,0.1321455
739437,MIRA CAUëRA 24 CENTRO,750,785568,RUA 06 101 CACAU PIRERA,5217,0.13354056
739437,MIRA CAUëRA 24 CENTRO,750,818549,RUA TRAVESSA 7 JURUA,5467,0.13936977
739437,MIRA CAUëRA 24 CENTRO,750,799478,RUA BORBA 2720 IRACY,3843,0.14207098
531584,RUA TUPINIQnnUINS 574 CAMPINAS,751,531584,RUA TUPINIQUINS 574 CAMPINAS,4118,0.054635227
531584,RUA TUPINIQnnUINS 574 CAMPINAS,751,78350,RUA TUPINIQUINS 3135 CRUZEIRO,1264,0.09375006
531584,RUA TUPINIQnnUINS 574 CAMPINAS,751,744204,RUA CODAJAS 141 CIGANOPOLIS,9119,0.09525963
531584,RUA TUPINIQnnUINS 574 CAMPINAS,751,1034327,RUA CAUERES 121 JAPIIM,560,0.09526965
531584,RUA TUPINIQnnUINS 574 CAMPINAS,751,77221,RUA NU ARUAGUES 2508 CRUZEIRO,7815,0.10270418
734451,RUA MARIMBA MARIMBA 561 ISTA ALEGRE,752,734451,RUA MARIMBA 561 VISTA ALEGRE,2068,0.048066784
734451,RUA MARIMBA MARIMBA 561 ISTA ALEGRE,752,1141642,RUA LABREA 331 GRANDE VITORIA,7995,0.085211284
734451,RUA MARIMBA MARIMBA 561 ISTA ALEGRE,752,142783,RUA IMBURANA 668 JORGE TEIXEIRA,4782,0.08847431
734451,RUA MARIMBA MARIMBA 561 ISTA ALEGRE,752,238218,RUA CACHOEIRA D ITAPEMIRIM 31 MARCOS FREIRE,721,0.09742816
734451,RUA MARIMBA MARIMBA 561 ISTA ALEGRE,752,238247,RUA CACHOEIRA D ITAPEMIRIM 2464 MARCOS FREIRE,3850,0.09804563
341194,AVENIDA ARACAJU 6172 SàO CRITOVAO,753,341194,AVENIDA ARACAJU 6172 SAO CRISTOVAO,5755,0.036984153
341194,AVENIDA ARACAJU 6172 SàO CRITOVAO,753,345119,AVENIDA MACEIO 6226 SAO CRISTOVAO,6114,0.0728232
341194,AVENIDA ARACAJU 6172 SàO CRITOVAO,753,123425,AVENIDA ARACAJU 4930 SAO PEDRO,2195,0.07328263
341194,AVENIDA ARACAJU 6172 SàO CRITOVAO,753,537361,AVENIDA CEARA 2657 ABRAAO ALAB,5139,0.07860224
341194,AVENIDA ARACAJU 6172 SàO CRITOVAO,753,99862,AVENIDA NOVO SERTAO 1553 GUAJARA MIRIM,501,0.086212195
578732,RUA ITUXI 77 PORTAL DA AMAZONIA,754,578732,RUA ITUXI 77 PORTAL DA AMAZONIA,2029,7.0917336e-06
578732,RUA ITUXI 77 PORTAL DA AMAZONIA,754,578731,RUA ITUXI 62 PORTAL DA AMAZONIA,5900,0.008227536
578732,RUA ITUXI 77 PORTAL DA AMAZONIA,754,549889,RUA ABUNA 50 PORTAL DA AMAZONIA,1301,0.041763768
578732,RUA ITUXI 77 PORTAL DA AMAZONIA,754,582585,RUA JURUA 49 PORTAL DA AMAZONIA,9887,0.045763228
578732,RUA ITUXI 77 PORTAL DA AMAZONIA,754,553182,RUA ANTIMARI 412 PORTAL DA AMAZONIA,2122,0.052604884
1112261,RUA HENRIQUE MARTINS 138 JORGE TEIXEIRã 4 ETâPA,755,1112261,RUA HENRIQUE MARTINS 138 JORGE TEIXEIRA 4 ETAPA,7569,0.048577033
1112261,RUA HENRIQUE MARTINS 138 JORGE TEIXEIRã 4 ETâPA,755,1149190,RUA LUIZ MONTE NEGRO 50 JORGE TEIXEIRA 4 ETP,3348,0.054246087
1112261,RUA HENRIQUE MARTINS 138 JORGE TEIXEIRã 4 ETâPA,755,1112341,RUA HENRIQUE MARTINS 408 JORGE TEIXEIRA 4 ETAPA,6458,0.05428897
1112261,RUA HENRIQUE MARTINS 138 JORGE TEIXEIRã 4 ETâPA,755,1012113,RUA BELFORD ROXO 690 JORGE TEIXEIRA 4 ETP,8245,0.05599519
1112261,RUA HENRIQUE MARTINS 138 JORGE TEIXEIRã 4 ETâPA,755,1061763,RUA DANANE 8 JORGE TEIXEIRA 2 ETAPA,8525,0.06024739
892261,zVENIDA RI0 JAVARI 36 SENH0RA DAS GRACAS,756,538106,AVENIDA EPAMINONDAS JACOME 1538 CADEIA VELHA,5216,0.12880331
892261,zVENIDA RI0 JAVARI 36 SENH0RA DAS GRACAS,756,643474,RAMAL PARANA DOS MOURAS 74 LUZEIRO2,72,0.13337839
892261,zVENIDA RI0 JAVARI 36 SENH0RA DAS GRACAS,756,1092673,RUA ERICO VERISSIMO ANTIGA L4 543 NOVA REPUBLICA,8100,0.13424048
892261,zVENIDA RI0 JAVARI 36 SENH0RA DAS GRACAS,756,867920,AVENIDA CRISTO REI 49 COROADO III,5691,0.14055449
892261,zVENIDA RI0 JAVARI 36 SENH0RA DAS GRACAS,756,216387,BECO DA BRASILLIA 1750 TUCUMANZAL,7440,0.14540163
242276,RUA CHEbUEVARA 8845 PORTO VELHaO,757,299736,RUA RINO LEVI 5235 TEIXEIRAO,1131,0.088393435
242276,RUA CHEbUEVARA 8845 PORTO VELHaO,757,235769,RUA BIDU SAIAO 6132 PORTO VELHO,8125,0.089385964
242276,RUA CHEbUEVARA 8845 PORTO VELHaO,757,798604,RUA ARNOUD RUY 4212 TIRADENTES,1553,0.09012934
242276,RUA CHEbUEVARA 8845 PORTO VELHaO,757,725604,RUA COUTU VALE 1467 ARARAS,5620,0.09019835
242276,RUA CHEbUEVARA 8845 PORTO VELHaO,757,259779,RUA GEMEOS 11757 PORTO VELHO,6491,0.09256786
1031660,RUA CARLOS SANTOS 140 JORGE rEIXEIRq,758,1031660,RUA CARLOS SANTOS 140 JORGE TEIXEIRA,3459,0.042569365
1031660,RUA CARLOS SANTOS 140 JORGE rEIXEIRq,758,1029451,RUA CAPIM SANTO 55 JORGE TEIXEIRA,9166,0.07612074
1031660,RUA CARLOS SANTOS 140 JORGE rEIXEIRq,758,770390,RUA ANTONIO FERREIRA 23 GUAJARA,9658,0.078380294
1031660,RUA CARLOS SANTOS 140 JORGE rEIXEIRq,758,1090507,RUA EDUARDO RIBEIRO 20 CHAPADA,3130,0.07862528
1031660,RUA CARLOS SANTOS 140 JORGE rEIXEIRq,758,1031174,RUA CARLOS DIAS 68 CRESPO,2907,0.08157278
1028675,RUA çNARIO 35 CIDADE NOVA,759,957691,RUA 196 28 CIDADE NOVA,941,0.039835826
1028675,RUA çNARIO 35 CIDADE NOVA,759,950994,RUA 13 23 CIDADE NOVA,7575,0.040605314
1028675,RUA çNARIO 35 CIDADE NOVA,759,1124083,RUA J 23 CIDADE NOVA,981,0.0431709
1028675,RUA çNARIO 35 CIDADE NOVA,759,1080333,RUA DOIS 63 CIDADE NOVA,4873,0.043829452
1028675,RUA çNARIO 35 CIDADE NOVA,759,945963,RUA 04 30 CIDADE NOVA,2789,0.046222672
35192,LINHA 45 10 POVOADO DA 45,760,35192,LINHA 45 10 POVOADO DA 45,1119,2.9940256e-05
35192,LINHA 45 10 POVOADO DA 45,760,459712,LINHA 05 C 58 ASSENTAMENTO GOGO DA ONCA,4969,0.089630246
35192,LINHA 45 10 POVOADO DA 45,760,73326,LINHA B DA 4 PARA 5 EIXO 8 CEREJEIRAS,2927,0.09084085
35192,LINHA 45 10 POVOADO DA 45,760,174747,LINHA MC 07 10 MACHADINHO,4210,0.09575984
35192,LINHA 45 10 POVOADO DA 45,760,190806,LINHA 203 64 ASSENTAMENTO ZUMBI,1555,0.098865464
950572,URA 12 174 CIDADE NOVA,761,950572,RUA 12 174 CIDADE NOVA,5003,0.0605988
950572,URA 12 174 CIDADE NOVA,761,955226,RUA 17 2 CIDADE NOVA,9071,0.065961026
950572,URA 12 174 CIDADE NOVA,761,965237,RUA 3 17 CIDADE NOVA,3488,0.06674293
950572,URA 12 174 CIDADE NOVA,761,946159,RUA 05 17 CIDADE NOVA,1356,0.06806448
950572,URA 12 174 CIDADE NOVA,761,1022889,RUA C 12 CIDADE NOVA,3789,0.07263255
239054,RU ACAMBORIU 6063 POTRO VEjLHO,762,624589,TRAVESSA DA PISTA 306 AREAL,7599,0.15390131
239054,RU ACAMBORIU 6063 POTRO VEjLHO,762,625250,TRAVESSA DO DIVISOR 76 ELDORADO,8250,0.16733584
239054,RU ACAMBORIU 6063 POTRO VEjLHO,762,510394,TRAVESSA RIO JURUA 3 1181 MIRITIZAL,7704,0.16787532
239054,RU ACAMBORIU 6063 POTRO VEjLHO,762,621167,TRAVESSA ALTO VERDE 54 ELDORADO,7730,0.17396441
239054,RU ACAMBORIU 6063 POTRO VEjLHO,762,524626,RAMAL PENTENCOSTES 192 ALTO PENTENCOSTES,3769,0.1784308
934546,kEBCO SANTA RITA 29 SANTá LZIA,763,934546,BECO SANTA RITA 29 SANTA LUZIA,1234,0.07562652
934546,kEBCO SANTA RITA 29 SANTá LZIA,763,921086,BECO INGA 76 SANTA ETELVINA,3068,0.107696444
934546,kEBCO SANTA RITA 29 SANTá LZIA,763,934507,BECO SANTA RITA 8 SANTO AGOSTINHO,1179,0.10855403
934546,kEBCO SANTA RITA 29 SANTá LZIA,763,927653,BECO SANTA RITA 21 LIRIO DO VALE,2511,0.108849056
934546,kEBCO SANTA RITA 29 SANTá LZIA,763,934354,BECO SANTA MARIA 15 ALVORADA,9170,0.11495523
660654,AVENIDA PRESIDENTE TANCREDO NEVES 930 AVELINO AVELINO LEAL,764,660654,AVENIDA PRESIDENTE TANCREDO NEVES 930 AVELINO LEAL,8723,0.008998193
660654,AVENIDA PRESIDENTE TANCREDO NEVES 930 AVELINO AVELINO LEAL,764,372107,AVENIDA PRESIDENTE TANCREDO NEVES 2640 BODANESE,1058,0.04798086
660654,AVENIDA PRESIDENTE TANCREDO NEVES 930 AVELINO AVELINO LEAL,764,372030,AVENIDA PRESIDENTE TANCREDO NEVES 1455 MARCOS FREIRE,6087,0.05868804
660654,AVENIDA PRESIDENTE TANCREDO NEVES 930 AVELINO AVELINO LEAL,764,538415,AVENIDA FLAVIANO MELO 499 TANCREDO NEVES,8443,0.06481254
660654,AVENIDA PRESIDENTE TANCREDO NEVES 930 AVELINO AVELINO LEAL,764,641385,AVENIDA PRESIDENTE VARGAS 523 RODRIGUES ALVES,141,0.07012299
160797,RUA PRESIDEjTE CARTR 474 SANTIAGO BAIRRO BAIRRO,765,832547,RUA AFONSO PENA 2040 CORRENTEZA,4137,0.07977524
160797,RUA PRESIDEjTE CARTR 474 SANTIAGO BAIRRO BAIRRO,765,1007788,RUA BARREIRINHA 64 PARQUE 10,7113,0.082968704
160797,RUA PRESIDEjTE CARTR 474 SANTIAGO BAIRRO BAIRRO,765,585969,RUA MANGUEIRAL 1 31 CIDADE NOVA,3168,0.085145846
160797,RUA PRESIDEjTE CARTR 474 SANTIAGO BAIRRO BAIRRO,765,1068259,RUA DELMAR BRAS 15 CIDADE NOVA,1924,0.0851724
160797,RUA PRESIDEjTE CARTR 474 SANTIAGO BAIRRO BAIRRO,765,1068253,RUA DELMAR BRAS 5 CIDADE NOVA,775,0.08699445
655431,RhA PIAUI PIAUI 37 CAFZEAL,766,688108,RIO ITACOAI 18 REMANCINHO,9124,0.11424561
655431,RhA PIAUI PIAUI 37 CAFZEAL,766,909633,BECO AJURICABA 37 CACHOEIRINHA,301,0.120864086
655431,RhA PIAUI PIAUI 37 CAFZEAL,766,701208,BECO 30 101 JAVARIZINHO,7774,0.12232893
655431,RhA PIAUI PIAUI 37 CAFZEAL,766,688154,RIO ITUI 1 CAPIVANAUI,961,0.12426451
655431,RhA PIAUI PIAUI 37 CAFZEAL,766,739572,CABECEIRA CAMPINA 15 RIO MUTUCA,6490,0.12818646
734372,RUA MARGARIDA MARiGARIDA 281 NOVO HORIZONTE,767,734372,RUA MARGARIDA 281 NOVO HORIZONTE,8509,0.031978328
734372,RUA MARGARIDA MARiGARIDA 281 NOVO HORIZONTE,767,734354,RUA MARGARIDA 201 NOVO HORIZONTE,7079,0.06358367
734372,RUA MARGARIDA MARiGARIDA 281 NOVO HORIZONTE,767,285779,RUA MONT SERRAT 4890 NOVO HORIZONTE,8954,0.08150007
734372,RUA MARGARIDA MARiGARIDA 281 NOVO HORIZONTE,767,242276,RUA CHEGUEVARA 8845 PORTO VELHO,9870,0.08358407
734372,RUA MARGARIDA MARiGARIDA 281 NOVO HORIZONTE,767,468613,RUA SELMA REGINA 1518 NOVO HORIZONTE,2239,0.08381431
57392,RUA MONsTEIRO LOBATO 3301 BAIRRO FLORESTA FLORESTA,768,57392,RUA MONTEIRO LOBATO 3301 BAIRRO FLORESTA,7700,0.022401141
57392,RUA MONsTEIRO LOBATO 3301 BAIRRO FLORESTA FLORESTA,768,49266,RUA ANTONIO DEODATO DURCE 3701 BAIRRO FLORESTA,5332,0.04893052
57392,RUA MONsTEIRO LOBATO 3301 BAIRRO FLORESTA FLORESTA,768,48499,RUA ANITA GARIBALDI 2086 BAIRRO FLORESTA,8277,0.068711884
57392,RUA MONsTEIRO LOBATO 3301 BAIRRO FLORESTA FLORESTA,768,48396,RUA ANISIO SERRAO 2992 BAIRRO FLORESTA,6857,0.06928538
57392,RUA MONsTEIRO LOBATO 3301 BAIRRO FLORESTA FLORESTA,768,48446,RUA ANISIO SERRAO 3480 BAIRRO FLORESTA,1843,0.0731976
927520,BECO SANTA LCAI 11 ASO SAO LAZARO,769,927520,BECO SANTA LUCIA 11 SAO LAZARO,8300,0.050637063
927520,BECO SANTA LCAI 11 ASO SAO LAZARO,769,927512,BECO SANTA LUCIA 10 SAO LAZARO,7152,0.05571109
927520,BECO SANTA LCAI 11 ASO SAO LAZARO,769,929120,BECO SAO LUIS 43 SAO LAZARO,8503,0.06779764
927520,BECO SANTA LCAI 11 ASO SAO LAZARO,769,927497,BECO SANTA LUCIA 8 SAO LAZARO,2643,0.06809263
927520,BECO SANTA LCAI 11 ASO SAO LAZARO,769,929660,BECO SAO SEBASTIAO 80 JAPIIM,1077,0.07476637
979107,RUz AA1 10 CIDADE NOVA,770,947415,RUA 1 2 CIDADE NOVA,101,0.125412
979107,RUz AA1 10 CIDADE NOVA,770,947460,RUA 1 5 CIDADE NOVA,3232,0.13427618
979107,RUz AA1 10 CIDADE NOVA,770,960209,RUA 210 9 NOVA CIDADE,723,0.13599554
979107,RUz AA1 10 CIDADE NOVA,770,1013489,RUA BEM TE VI 68 CIDADE NOVA 1,7698,0.15250893
979107,RUz AA1 10 CIDADE NOVA,770,1088907,RUA E 48 CIDADE NOVA,6030,0.15304798
807680,RUA NOSSA SlENHORA DO ROSARIO 2467 BIRRO,771,616804,RUA SANTA RITA 452 PALHEIRAL,8056,0.09215443
807680,RUA NOSSA SlENHORA DO ROSARIO 2467 BIRRO,771,48396,RUA ANISIO SERRAO 2992 BAIRRO FLORESTA,6857,0.09299624
807680,RUA NOSSA SlENHORA DO ROSARIO 2467 BIRRO,771,48446,RUA ANISIO SERRAO 3480 BAIRRO FLORESTA,1843,0.093482465
807680,RUA NOSSA SlENHORA DO ROSARIO 2467 BIRRO,771,510022,RUA ESTRADA DO PENTENCOSTE 8170 SANTA LUSIA,9822,0.0938063
807680,RUA NOSSA SlENHORA DO ROSARIO 2467 BIRRO,771,379602,RUA MODESTO BATISTA 2842 JARDIM AMERICA,5933,0.0945905
618049,RUA SAO JOAO JOAO 768 SALES APOLONIO,772,618049,RUA SAO JOAO 768 APOLONIO SALES,9382,0.039193198
618049,RUA SAO JOAO JOAO 768 SALES APOLONIO,772,275444,RUA JOSE R FILHO 1550 SAO JOAO BOSCO,6310,0.06255312
618049,RUA SAO JOAO JOAO 768 SALES APOLONIO,772,1077340,RUA DO LIMAO 87 SAO JOSE OPERARIO,8298,0.06535657
618049,RUA SAO JOAO JOAO 768 SALES APOLONIO,772,1132362,RUA JOAO PESSOA 170 SAO LAZARO,4905,0.06981871
618049,RUA SAO JOAO JOAO 768 SALES APOLONIO,772,804852,RUA PAULO MENEZES 19 SAO CRISTOVAO,3162,0.07475929
1009777,RUA BEIJA FLOR 210 CIDADE DE DEUS,773,1009777,RUA BEIJA FLOR 210 CIDADE DE DEUS,3521,9.302374e-06
1009777,RUA BEIJA FLOR 210 CIDADE DE DEUS,773,1009765,RUA BEIJA FLOR 196 CIDADE DE DEUS,1674,0.029704686
1009777,RUA BEIJA FLOR 210 CIDADE DE DEUS,773,1011312,RUA BELA VISTA 414 CIDADE DE DEUS,6982,0.057125665
1009777,RUA BEIJA FLOR 210 CIDADE DE DEUS,773,1011021,RUA BELA VISTA 117 CIDADE DE DEUS,4145,0.060720824
1009777,RUA BEIJA FLOR 210 CIDADE DE DEUS,773,1018613,RUA BOM JESUS 167 JORGE TEIXEIRA CIDADE DE DEUS,3904,0.064377084
66402,LINHA 14 20 LINHA 14,774,66402,LINHA 14 20 LINHA 14,7349,1.7184222e-05
66402,LINHA 14 20 LINHA 14,774,66429,LINHA 14 33 LINHA 14,3065,0.026594838
66402,LINHA 14 20 LINHA 14,774,454072,LINHA 34 15 LINHA 34,4135,0.05881317
66402,LINHA 14 20 LINHA 14,774,421154,LINHA 15 39 LINHA 615,1731,0.076358914
66402,LINHA 14 20 LINHA 14,774,460298,LINHA 8A 21 LINHA 8A,9199,0.07864466
86795,CAPMO MOURAO RUA 2183 JORGE TIXEIRA,775,86795,RUA CAMPO MOURAO 2183 JORGE TEIXEIRA,812,0.055911086
86795,CAPMO MOURAO RUA 2183 JORGE TIXEIRA,775,311333,RUA TRACAJA 2047 RONALDO ARAGAO,6396,0.075846635
86795,CAPMO MOURAO RUA 2183 JORGE TIXEIRA,775,232173,RUA ARUBA 8192 TANCREDO NEVES,5273,0.07588221
86795,CAPMO MOURAO RUA 2183 JORGE TIXEIRA,775,229867,RUA ANTONIO VIOLAO 3452 TANCREDO NEVES,7048,0.0762423
86795,CAPMO MOURAO RUA 2183 JORGE TIXEIRA,775,245281,RUA CURIO 1891 RONALDO ARAGAO,1232,0.0766684
745442,RUA E 31 ERA,776,745442,RUA E 31 PERA 2,7785,0.06783325
745442,RUA E 31 ERA,776,976403,RUA A 9 FLORES,7029,0.11092206
745442,RUA E 31 ERA,776,1081474,RUA DOIS 699 FLORES,7078,0.11123547
745442,RUA E 31 ERA,776,610673,RUA W DOIS 317 TUCUMA,1792,0.11145347
745442,RUA E 31 ERA,776,976589,RUA A 14 COROADO,9749,0.112457626
404735,RUA B0M FUTURO 3783 ALORADA,777,404735,RUA BOM FUTURO 3783 ALORADA,5642,0.053935327
404735,RUA B0M FUTURO 3783 ALORADA,777,575248,RUA FUTURO 223 AVIARIO,1017,0.07342416
404735,RUA B0M FUTURO 3783 ALORADA,777,1040971,RUA CINCO 478 ALVORADA,2075,0.07911891
404735,RUA B0M FUTURO 3783 ALORADA,777,575229,RUA FUTURO 147 AVIARIO,5018,0.0822584
404735,RUA B0M FUTURO 3783 ALORADA,777,404931,RUA F 3797 ALORADA,5785,0.082547195
1135222,JOSECASEMIRO 112 CENTRO,778,1130158,RUA JERUSALEM 41 COROADO,6093,0.08698008
1135222,JOSECASEMIRO 112 CENTRO,778,1106376,RUA GIRASSOL 20 COROADO,4528,0.08755484
1135222,JOSECASEMIRO 112 CENTRO,778,1021507,RUA BRASILIA 134 COROADO,4885,0.09422077
1135222,JOSECASEMIRO 112 CENTRO,778,1129990,RUA JERUSALEM 18 COROADO,5934,0.098906465
1135222,JOSECASEMIRO 112 CENTRO,778,1023624,RUA C 78 COROADO,5360,0.1005452
620530,RUA VETERANOn R PINTO 228 MANOEL JULIAO,779,620530,RUA VETERANO R PINTO 228 MANOEL JULIAO,5619,0.021435495
620530,RUA VETERANOn R PINTO 228 MANOEL JULIAO,779,620353,RUA VETERANO R PINTO 46 MANOEL JULIAO,6794,0.03129701
620530,RUA VETERANOn R PINTO 228 MANOEL JULIAO,779,609057,RUA VETERANO R PINTO 285 MANOEL JULIAO,3739,0.031893965
620530,RUA VETERANOn R PINTO 228 MANOEL JULIAO,779,608946,RUA VETERANO R PINTO 99 MANOEL JULIAO,6634,0.034411967
620530,RUA VETERANOn R PINTO 228 MANOEL JULIAO,779,609203,RUA VETERANO R PINTO 475 MANOEL JULIAO,2074,0.036466338
310723,RUA TIJUCA 8628 bZNA LESTE,780,287429,RUA NICARAGUA 2916 PORTO VELHO,888,0.085638545
310723,RUA TIJUCA 8628 bZNA LESTE,780,3763,RUA 03 85 IZIDOLANDIA,7375,0.08597532
310723,RUA TIJUCA 8628 bZNA LESTE,780,154957,RUA TARAUACA 3183 CAFEZINHO,1371,0.08653721
310723,RUA TIJUCA 8628 bZNA LESTE,780,308330,RUA TAMAREIRA 4668 CALADINHO,3934,0.087050304
310723,RUA TIJUCA 8628 bZNA LESTE,780,287984,RUA NOVA ESPERANCA 3721 CALADINHO,4407,0.08782107
917511,BECO DA PRATA 22 TEIXéIRA JORGE,781,917511,BECO DA PRATA 22 JORGE TEIXEIRA,193,0.0638238
917511,BECO DA PRATA 22 TEIXéIRA JORGE,781,918536,BECO DO CRUZEIRO 20 BETANIA,5764,0.101336345
917511,BECO DA PRATA 22 TEIXéIRA JORGE,781,911191,BECO AYRTON SENNA 104 MAUAZINHO,6624,0.104102395
917511,BECO DA PRATA 22 TEIXéIRA JORGE,781,924482,BECO NOVA JERUSALEM 23 JORGE TEIXEIRA 4 ETAPA,8344,0.1045865
917511,BECO DA PRATA 22 TEIXéIRA JORGE,781,542034,BECO PROJETADA 41 TAQUARI,4654,0.106968164
881986,áVENIDA LEOPOLDO PREES 430 EDUACNDOS,782,881986,AVENIDA LEOPOLDO PERES 430 EDUCANDOS,8431,0.07970685
881986,áVENIDA LEOPOLDO PREES 430 EDUACNDOS,782,882006,AVENIDA LEOPOLDO PERES 499 EDUCANDOS,3587,0.08455351
881986,áVENIDA LEOPOLDO PREES 430 EDUACNDOS,782,882163,AVENIDA LEOPOLDO PERES 922 EDUCANDOS,5902,0.08872479
881986,áVENIDA LEOPOLDO PREES 430 EDUACNDOS,782,1147226,RUA LOPES CORDOVIL 483 ALVORADA,6385,0.09856247
881986,áVENIDA LEOPOLDO PREES 430 EDUACNDOS,782,1147210,RUA LOPES CORDOVIL 445 ALVORADA,9675,0.10076779
455836,LINHA MARCO OITO 38 MARCO OITO,783,455836,LINHA MARCO OITO 38 MARCO OITO,5574,1.34566635e-05
455836,LINHA MARCO OITO 38 MARCO OITO,783,416786,LINHA ORIENTE 5 LINHA ORIENTE,2193,0.14297116
455836,LINHA MARCO OITO 38 MARCO OITO,783,460649,LINHA O6 58 ASSENTAMENTO CAUTARINO,6654,0.15768388
455836,LINHA MARCO OITO 38 MARCO OITO,783,67434,LINHA MATO GROSSO 60 LINHA MATO GROSSO,345,0.15901643
455836,LINHA MARCO OITO 38 MARCO OITO,783,78969,LINHA SEGUNDA EIXO 13 SEGUNDA EIXO,7959,0.1595284
616417,pRUA SANTA LUZIA 527 ELDORAD0,784,808162,RUA SANTA ETELVINA 3596 MAMOUD AMED,7749,0.101207286
616417,pRUA SANTA LUZIA 527 ELDORAD0,784,76252,RUA CORUMBIARA 4303 SANTA LUZIA,5724,0.10690413
616417,pRUA SANTA LUZIA 527 ELDORAD0,784,76383,RUA FERNAO DIAS 4654 SANTA LUZIA,2418,0.1093013
616417,pRUA SANTA LUZIA 527 ELDORAD0,784,239355,RUA CANDIRU 5233 LAGOA,4925,0.11323314
616417,pRUA SANTA LUZIA 527 ELDORAD0,784,222774,RUA ALEGRETE 3672 CASTANHEIRA,3823,0.11544985
378483,RUA JOAO LiIBERTO MUNIZ 6331 JARDIM ELDORADi,785,702479,RUA JOAO BERTOLDO 116 COIMBRA,2949,0.07028301
378483,RUA JOAO LiIBERTO MUNIZ 6331 JARDIM ELDORADi,785,52218,RUA ERNESTO DE LAZARI 3875 TEIXEIRAO,6817,0.07091683
378483,RUA JOAO LiIBERTO MUNIZ 6331 JARDIM ELDORADi,785,253207,RUA ELIZIO BRANDAO 4887 IGARAPE,7750,0.07106816
378483,RUA JOAO LiIBERTO MUNIZ 6331 JARDIM ELDORADi,785,590134,RUA MONTEVIDEU 254 JOAO EDUARDO I,4133,0.072460145
378483,RUA JOAO LiIBERTO MUNIZ 6331 JARDIM ELDORADi,785,484440,RUA PEDRO JOAO DE MESQUITA 5 CAGEAGRE,6149,0.07821689
804681,RUA PARAISO 3321 JARDIM JARDIM AMANDA AMANDA,786,804681,RUA PARAISO 3321 JARDIM AMANDA,3834,0.042402927
804681,RUA PARAISO 3321 JARDIM JARDIM AMANDA AMANDA,786,801288,RUA FELICIDADE 3331 JARDIM AMANDA,1379,0.06896787
804681,RUA PARAISO 3321 JARDIM JARDIM AMANDA AMANDA,786,364716,AVENIDA JASMIM 1713 JARDIM PRIMAVERA,4924,0.07693283
804681,RUA PARAISO 3321 JARDIM JARDIM AMANDA AMANDA,786,806599,RUA VITORIA 3493 JARDIM AMANDA,6321,0.077720895
804681,RUA PARAISO 3321 JARDIM JARDIM AMANDA AMANDA,786,364782,AVENIDA JASMIM OU 1703 2093 JARDIM PRIMAVERA,1163,0.08466934
804852,RUA PAwULO MENEZdS 19 SAO CRISTOAOy,787,804852,RUA PAULO MENEZES 19 SAO CRISTOVAO,3162,0.040270157
804852,RUA PAwULO MENEZdS 19 SAO CRISTOAOy,787,804905,RUA PAULO MENEZES 72 SAO CRISTOVAO,9538,0.052784435
804852,RUA PAwULO MENEZdS 19 SAO CRISTOAOy,787,798104,RUA ANTONIO MENEZES 3557 SAO CRISTOVAO,3659,0.07119167
804852,RUA PAwULO MENEZdS 19 SAO CRISTOAOy,787,513803,RUA SAO SEBASTIAO 740 JOSE HASSEM,5068,0.07299816
804852,RUA PAwULO MENEZdS 19 SAO CRISTOAOy,787,1025497,RUA CACAU PEREIRA 73 SAO JOSE OPERARIO,8843,0.07454564
524719,RAMAL SANTO ANTONIO 58 SANTO ANTONIi,788,524719,RAMAL SANTO ANTONIO 58 SANTO ANTONIO,9633,0.01831979
524719,RAMAL SANTO ANTONIO 58 SANTO ANTONIi,788,773067,BECO SANTO ANTONIO 129 SANTO ANTONIO,9208,0.054966617
524719,RAMAL SANTO ANTONIO 58 SANTO ANTONIi,788,779119,RUA SANTO ANTONIO 184 SANTO ANTONIO,6729,0.09370513
524719,RAMAL SANTO ANTONIO 58 SANTO ANTONIi,788,695929,ESTRADA SANTO ANTONIO 17 SANTO ANTONIO,7804,0.09989269
524719,RAMAL SANTO ANTONIO 58 SANTO ANTONIi,788,792800,RAMAL SANTO ANTONIO PRINCIPAL 27 COMUNIDADE SANTO ANTONIO,2341,0.10541023
220469,RUA 5 11 NObO HORIOZNTE,789,1022647,RUA C 1 PLANALTO,4261,0.07932649
220469,RUA 5 11 NObO HORIOZNTE,789,290331,RUA PANTEON 7205 TEIXEIRAO,6697,0.07980873
220469,RUA 5 11 NObO HORIOZNTE,789,575229,RUA FUTURO 147 AVIARIO,5018,0.081088305
220469,RUA 5 11 NObO HORIOZNTE,789,575241,RUA FUTURO 196 AVIARIO,5545,0.08251942
220469,RUA 5 11 NObO HORIOZNTE,789,1106376,RUA GIRASSOL 20 COROADO,4528,0.08526748
915278,BECO BECO CENTRwL 58 GLifIA,790,915278,BECO CENTRAL 58 GLORIA,9842,0.098029785
915278,BECO BECO CENTRwL 58 GLifIA,790,915287,BECO CENTRAL 72 GLORIA,7068,0.105517045
915278,BECO BECO CENTRwL 58 GLifIA,790,915292,BECO CENTRAL 95 GLORIA,3670,0.1058766
915278,BECO BECO CENTRwL 58 GLifIA,790,915196,BECO CELESTINO 23 CACHOEIRINHA,8479,0.11624741
915278,BECO BECO CENTRwL 58 GLifIA,790,922751,BECO LIVRAMENTO 79 GLORIA,9145,0.12218036
622974,TRVAESSw CANOA 32 MARtIA,791,659396,RAMAL DO 25 33 CACIRIAN,3234,0.11307685
622974,TRVAESSw CANOA 32 MARtIA,791,650924,RAMAL TREIS MARIA 3662 None,3404,0.11568136
622974,TRVAESSw CANOA 32 MARtIA,791,628670,TRAVESSA MANAUS 63 ELDORADO,3828,0.12320025
622974,TRVAESSw CANOA 32 MARtIA,791,723283,RIO MARIMARI 35 ALDEIA MUCAJA,7075,0.124746665
622974,TRVAESSw CANOA 32 MARtIA,791,650108,RAMAL GLEBA F 4600 SENADOR GUIOMARD,5101,0.13847047
319453,RUA DOMP EDRO ïI 1842 NOSSA ESNHORA SENHORA DAS GRACAS,792,319453,RUA DOM PEDRO II 1842 NOSSA SENHORA DAS GRACAS,9342,0.048652213
319453,RUA DOMP EDRO ïI 1842 NOSSA ESNHORA SENHORA DAS GRACAS,792,319599,RUA DOM PEDRO II 2702 NOSSA SENHORA DAS GRACAS,2917,0.058693293
319453,RUA DOMP EDRO ïI 1842 NOSSA ESNHORA SENHORA DAS GRACAS,792,317927,RUA ALMIRANTE BARROSO 2095 NOSSA SENHORA DAS GRACAS,1681,0.06064217
319453,RUA DOMP EDRO ïI 1842 NOSSA ESNHORA SENHORA DAS GRACAS,792,317961,RUA ALMIRANTE BARROSO 2455 NOSSA SENHORA DAS GRACAS,4550,0.06403231
319453,RUA DOMP EDRO ïI 1842 NOSSA ESNHORA SENHORA DAS GRACAS,792,252657,RUA ELIAS GORAYEB 911 NOSSA SENHORA DAS GRACAS,1837,0.06462656
1112435,RUA HERCULANO DE SOUZA 235 bAMAZONINO MEDNES II,793,1112435,RUA HERCULANO DE SOUZA 235 AMAZONINO MENDES II,4500,0.022342127
1112435,RUA HERCULANO DE SOUZA 235 bAMAZONINO MEDNES II,793,1112453,RUA HERCULANO DE SOUZA 286 AMAZONINO MENDES 2,7150,0.03088428
1112435,RUA HERCULANO DE SOUZA 235 bAMAZONINO MEDNES II,793,1061267,RUA DALCIDIO JURANDIR 217 AMAZONINO MENDES II,7090,0.055040583
1112435,RUA HERCULANO DE SOUZA 235 bAMAZONINO MEDNES II,793,1148376,RUA LUIS SOARES 9 AMAZONINO MENDES II,4105,0.05644349
1112435,RUA HERCULANO DE SOUZA 235 bAMAZONINO MEDNES II,793,1139682,RUA JUVENAL TAVARES 216 AMAZONINO MENDES II,9909,0.061590053
405547,RUA PATRICIA MARINHO 3485 ALTO PARAISO,794,405547,RUA PATRICIA MARINHO 3485 ALTO PARAISO,2964,5.0606104e-06
405547,RUA PATRICIA MARINHO 3485 ALTO PARAISO,794,404660,RUA ARLINDO MOREIRA 3180 ALTO PARAISO,1361,0.039226443
405547,RUA PATRICIA MARINHO 3485 ALTO PARAISO,794,404621,RUA ANDREIA KUNZLER 3824 ALTO PARAISO,6081,0.058215722
405547,RUA PATRICIA MARINHO 3485 ALTO PARAISO,794,280768,RUA MANE GARRINCHA 3423 PORTO VELHO,7458,0.058216535
405547,RUA PATRICIA MARINHO 3485 ALTO PARAISO,794,406360,RUA SANTA CATARINA 3353 ALTO PARAISO,6932,0.059376966
888015,AVENIDã PENETRACAO 98 tLOtES,795,888523,AVENIDA PENETRACAO UM 1311 JAPIIM,1022,0.110018425
888015,AVENIDã PENETRACAO 98 tLOtES,795,888059,AVENIDA PENETRACAO 168 FLORES,529,0.11898471
888015,AVENIDã PENETRACAO 98 tLOtES,795,888015,AVENIDA PENETRACAO 98 FLORES,1031,0.120350555
888015,AVENIDã PENETRACAO 98 tLOtES,795,888000,AVENIDA PENETRACAO 92 ALVORADA,5909,0.12136279
888015,AVENIDã PENETRACAO 98 tLOtES,795,932346,BECO VIANA 391 REDENCAO,6537,0.14420342
609474,RUA VINTE cE SETEMRO 433 BO,796,1085979,RUA DOZE 49 ALVORADA I,7276,0.09297248
609474,RUA VINTE cE SETEMRO 433 BO,796,1072804,RUA DEZOITO 7 PLANALTO,1546,0.098884046
609474,RUA VINTE cE SETEMRO 433 BO,796,1005127,RUA B DOZE 1660 JAPIIM,3265,0.09916063
609474,RUA VINTE cE SETEMRO 433 BO,796,1005597,RUA B VINTE CINCO 756 ALVORADA,7283,0.100344345
609474,RUA VINTE cE SETEMRO 433 BO,796,694752,RUA UM 90 MONTE SINAI,6600,0.10528204
1082465,RUA DOMINGOs LEITE 3 PARQUE 10,797,1082465,RUA DOMINGOS LEITE 3 PARQUE 10,1955,0.031294446
1082465,RUA DOMINGOs LEITE 3 PARQUE 10,797,578213,RUA ISAURA PARENTE 136 BOSQUE,1323,0.07643975
1082465,RUA DOMINGOs LEITE 3 PARQUE 10,797,591274,RUA NETUNO 279 MORADADO SOL,8375,0.077121176
1082465,RUA DOMINGOs LEITE 3 PARQUE 10,797,591271,RUA NETUNO 278 MORADADO SOL,4532,0.077648185
1082465,RUA DOMINGOs LEITE 3 PARQUE 10,797,560869,RUA CEDRO 121 RESIDENCIAL JOAFRA,2017,0.07794109
564137,RU DA MANGUEIRA 218 SANTA INES,798,564137,RUA DA MANGUEIRA 218 SANTA INES,5979,0.06287241
564137,RU DA MANGUEIRA 218 SANTA INES,798,563508,RUA DA CASTANHEIRA OU TIO ALD0RICO 298 SANTA INES,9523,0.08422151
564137,RU DA MANGUEIRA 218 SANTA INES,798,562984,RUA DA ABELHA 398 SANTA QUITERIA,7505,0.08767635
564137,RU DA MANGUEIRA 218 SANTA INES,798,1001590,RUA AURORA REGO 423 SANTA ITELVINA,4989,0.107804015
564137,RU DA MANGUEIRA 218 SANTA INES,798,563016,RUA DA ABELHA 490 SANTA QUITERIA,7115,0.1080864
64238,TRAVESSA MARTINHO LUTERO 1233 LIBERDADE,799,64238,TRAVESSA MARTINHO LUTERO 1233 LIBERDADE,3727,2.1305414e-05
64238,TRAVESSA MARTINHO LUTERO 1233 LIBERDADE,799,700841,TRAVESSA PIMENTEL TAVARES 341 TERRA PRETA,6401,0.09402394
64238,TRAVESSA MARTINHO LUTERO 1233 LIBERDADE,799,658217,TRAVESSA CICERO MORREIRA 3 JORGE ALVES JUNIOR,1545,0.0997257
64238,TRAVESSA MARTINHO LUTERO 1233 LIBERDADE,799,514029,TRAVESSA SANTOS DUMONT 405 LIBERDADE,7257,0.100733966
64238,TRAVESSA MARTINHO LUTERO 1233 LIBERDADE,799,649149,TRAVESSA JOSE ALVES 711 EDILO RODRIGUES,4701,0.10501163
963615,RzU 251 48 NOVO ALEIXO,800,611132,RUA X 845 NOVO CALAFATE,6984,0.13602093
963615,RzU 251 48 NOVO ALEIXO,800,813860,RUA PARA 366 NOVO REMANSO,3240,0.14862481
963615,RzU 251 48 NOVO ALEIXO,800,946338,RUA 06 18 NOVO ALEIXO,8553,0.14875135
963615,RzU 251 48 NOVO ALEIXO,800,945130,RUA 01 229 NOVO ALEIXO,7478,0.14918146
963615,RzU 251 48 NOVO ALEIXO,800,276684,RUA JUPITER 3320 B ELETRONORTE,3274,0.16569129
1060881,RUA DA SERRARI 61 PRESIDENTE VARGAS VARGAS,801,1060881,RUA DA SERRARIA 61 PRESIDENTE VARGAS,6394,0.049360286
1060881,RUA DA SERRARI 61 PRESIDENTE VARGAS VARGAS,801,1007326,RUA BARCELOS 28 PRESIDENTE VARGAS,3165,0.076866776
1060881,RUA DA SERRARI 61 PRESIDENTE VARGAS VARGAS,801,1002433,RUA AYRAO 299 PRESIDENTE VARGAS,9191,0.08604877
1060881,RUA DA SERRARI 61 PRESIDENTE VARGAS VARGAS,801,1016622,RUA BOA SORTE 486 PRESIDENTE VARGAS,2047,0.093052596
1060881,RUA DA SERRARI 61 PRESIDENTE VARGAS VARGAS,801,1055603,RUA D LOURDES 35 ALVORADA,451,0.09441613
895588,AVENIcDA SOLIMOES 100 MAUoAZINHO,802,895588,AVENIDA SOLIMOES 100 MAUAZINHO,6620,0.10743107
895588,AVENIcDA SOLIMOES 100 MAUoAZINHO,802,888523,AVENIDA PENETRACAO UM 1311 JAPIIM,1022,0.12158115
895588,AVENIcDA SOLIMOES 100 MAUoAZINHO,802,722079,RIO AUTAZ ACU 476 LIMAO,7705,0.124304
895588,AVENIcDA SOLIMOES 100 MAUoAZINHO,802,788583,RUA J 47 MUTIRAO CACAU,6078,0.1247014
895588,AVENIcDA SOLIMOES 100 MAUoAZINHO,802,235926,RUA BIDU SAIAO 7069 APONIA,5879,0.12942198
71439,RUA NOVA ZEpANDIA 1392 CENTRO,803,71439,RUA NOVA ZELANDIA 1392 CENTRO,3566,0.044782564
71439,RUA NOVA ZEpANDIA 1392 CENTRO,803,1026255,RUA CAIENA 412 NOVA CIDADE,957,0.07251541
71439,RUA NOVA ZEpANDIA 1392 CENTRO,803,496959,RUA BAHIA 1859 BAIRRO DO REMANSO,1429,0.076068945
71439,RUA NOVA ZEpANDIA 1392 CENTRO,803,68913,RUA AMAPA 1911 CENTRO,7160,0.076215476
71439,RUA NOVA ZEpANDIA 1392 CENTRO,803,1045576,RUA CISJORDANIA 25 NOVA CIDADE,3098,0.076939754
192986,AVENIDA COSTA E SILVA 406 ALVORâDA,804,192986,AVENIDA COSTA E SILVA 406 ALVORADA,9056,0.025063701
192986,AVENIDA COSTA E SILVA 406 ALVORâDA,804,334932,AVENIDA MACAPA 1178 CUNHA E SILVA,4543,0.07346311
192986,AVENIDA COSTA E SILVA 406 ALVORâDA,804,905733,AVENIDA PRESIDENTE COSTA E SILVA 1522 RAIZ,5494,0.07759925
192986,AVENIDA COSTA E SILVA 406 ALVORâDA,804,905525,AVENIDA PRESIDENTE COSTA E SILVA 1149 RAIZ,4447,0.07773565
192986,AVENIDA COSTA E SILVA 406 ALVORâDA,804,905547,AVENIDA PRESIDENTE COSTA E SILVA 1149 RAIZ,3778,0.07864786
748702,RUA RUA PEDRO MELO 914 ESoPIRIT SANTO,805,958420,RUA 2 244 JORGE TEIXEIRA MONTE SIAO,8906,0.07190897
748702,RUA RUA PEDRO MELO 914 ESoPIRIT SANTO,805,404660,RUA ARLINDO MOREIRA 3180 ALTO PARAISO,1361,0.07553396
748702,RUA RUA PEDRO MELO 914 ESoPIRIT SANTO,805,987190,RUA ALTO PARAISO 29 JORGE TEIXEIRA,8711,0.07573844
748702,RUA RUA PEDRO MELO 914 ESoPIRIT SANTO,805,987184,RUA ALTO PARAISO 22 JORGE TEIXEIRA,9172,0.07638794
748702,RUA RUA PEDRO MELO 914 ESoPIRIT SANTO,805,439593,RUA CEDRO 7217 GOV JORGE TEIXEIRA,8350,0.078372255
11930,RUA ALDEBARAN 4921 eRUAL,806,11930,RUA ALDEBARAN 4921 RURAL,6170,0.051993385
11930,RUA ALDEBARAN 4921 eRUAL,806,11917,RUA ALDEBARAN 4797 RURAL,9907,0.080601476
11930,RUA ALDEBARAN 4921 eRUAL,806,222447,RUA ALBA 3431 CUNIA,1860,0.11216608
11930,RUA ALDEBARAN 4921 eRUAL,806,32824,RUA UMUARAMA 5358 NOVE,9416,0.122114226
11930,RUA ALDEBARAN 4921 eRUAL,806,60887,RUA UIRAPURU 2999 TEIXEIRAO,5284,0.12627412
1061347,RUA DALAî 8 TANCREDO NEVES,807,564193,RUA DA OLARIA 157 TANCREDO NEVES,258,0.048848465
1061347,RUA DALAî 8 TANCREDO NEVES,807,1061347,RUA DALIA 8 TANCREDO NEVES,6721,0.050107915
1061347,RUA DALAî 8 TANCREDO NEVES,807,1032476,RUA CASSITERITA 119 TANCREDO NEVES,5339,0.05175998
1061347,RUA DALAî 8 TANCREDO NEVES,807,1125161,RUA JACANA 100 TANCREDO NEVES,5670,0.05304195
1061347,RUA DALAî 8 TANCREDO NEVES,807,562044,RUA COXIM 10 TANCREDO NEVES,7373,0.06056384
148295,tUA MATO GROSSO 2688 DOM BOSCO,808,764079,IGARAPE PRETO 16 9 TERRA FIRME,1312,0.14849848
148295,tUA MATO GROSSO 2688 DOM BOSCO,808,728888,RIO PURUS 3 MATUPIRIR,6350,0.15087363
148295,tUA MATO GROSSO 2688 DOM BOSCO,808,225167,RUA ALTO BRASIL 6689 TRES MARIAS,1056,0.15446198
148295,tUA MATO GROSSO 2688 DOM BOSCO,808,755390,RIO URUCU 6 IGARAPE DA MARTA,3391,0.1592249
148295,tUA MATO GROSSO 2688 DOM BOSCO,808,288422,RUA NOVO HAMBURGO 1308 TRES MARIAS,9403,0.16160133
879517,AVENIDA J CARLOS ANTONY 796 CACzHOEIRINHA CACzHOEIRINHA,809,879517,AVENIDA J CARLOS ANTONY 796 CACHOEIRINHA,5414,0.0572868
879517,AVENIDA J CARLOS ANTONY 796 CACzHOEIRINHA CACzHOEIRINHA,809,857154,AVENIDA BARCELOS 2420 CACHOEIRINHA,3985,0.09278841
879517,AVENIDA J CARLOS ANTONY 796 CACzHOEIRINHA CACzHOEIRINHA,809,862567,AVENIDA CARVALHO LEAL 1336 CACHOEIRINHA,4159,0.0984411
879517,AVENIDA J CARLOS ANTONY 796 CACzHOEIRINHA CACzHOEIRINHA,809,862438,AVENIDA CARVALHO LEAL 723 CACHOEIRINHA,8370,0.099656194
879517,AVENIDA J CARLOS ANTONY 796 CACzHOEIRINHA CACzHOEIRINHA,809,904603,AVENIDA PRESIDENTE CASTELO BRANCO 794 CACHOEIRINHA,6295,0.103607394
555822,RiA BARRA DO OL 318 BAIRRO CIDADE NOVA,810,555822,RUA BARRA DO SOL 318 BAIRRO CIDADE NOVA,7480,0.057609312
555822,RiA BARRA DO OL 318 BAIRRO CIDADE NOVA,810,576246,RUA GUAJARA 150 BAIRRO CIDADE NOVA,3579,0.062176656
555822,RiA BARRA DO OL 318 BAIRRO CIDADE NOVA,810,576223,RUA GUAJARA 38 BAIRRO CIDADE NOVA,4741,0.06273563
555822,RiA BARRA DO OL 318 BAIRRO CIDADE NOVA,810,567319,RUA DO ATLETICO 245 BAIRRO CIDADE NOVA,9288,0.06324495
555822,RiA BARRA DO OL 318 BAIRRO CIDADE NOVA,810,540416,AVENIDA UIRAPURU 38 BAIRRO CIDADE NOVA,6266,0.06633656
901100,AVENIDA BRIGADEIRO HILARIO GURJAO 2513 JORGd TEIXERA 4 ETAPA,811,901100,AVENIDA BRIGADEIRO HILARIO GURJAO 2513 JORGE TEIXEIRA 4 ETAPA,8543,0.025163729
901100,AVENIDA BRIGADEIRO HILARIO GURJAO 2513 JORGd TEIXERA 4 ETAPA,811,901123,AVENIDA BRIGADEIRO HILARIO GURJAO 2611 JORGE TEIXEIRA 4 ETAPA,7366,0.03170918
901100,AVENIDA BRIGADEIRO HILARIO GURJAO 2513 JORGd TEIXERA 4 ETAPA,811,900673,AVENIDA BRIGADEIRO HILARIO GURJAO 6 JORGE TEIXEIRA 1 ETAPA,2714,0.042977437
901100,AVENIDA BRIGADEIRO HILARIO GURJAO 2513 JORGd TEIXERA 4 ETAPA,811,900876,AVENIDA BRIGADEIRO HILARIO GURJAO 223 JORGE TEIXEIRA,6874,0.047169637
901100,AVENIDA BRIGADEIRO HILARIO GURJAO 2513 JORGd TEIXERA 4 ETAPA,811,900793,AVENIDA BRIGADEIRO HILARIO GURJAO 98 JORGE TEXEIRA,9095,0.050602194
655813,RUA QUINTINO BOCAIUVA 1140 CENTOR,812,655813,RUA QUINTINO BOCAIUVA 1140 CENTRO,4320,0.012745317
655813,RUA QUINTINO BOCAIUVA 1140 CENTOR,812,839582,RUA QUINTINO BOCAIUVA 1267 CENTRO,1971,0.029687617
655813,RUA QUINTINO BOCAIUVA 1140 CENTOR,812,805311,RUA QUINTINO BOCAIUVA 2295 BAIRRO CENTRO,7149,0.04276157
655813,RUA QUINTINO BOCAIUVA 1140 CENTOR,812,805300,RUA QUINTINO BOCAIUVA 2241 BAIRRO CENTRO,135,0.048290998
655813,RUA QUINTINO BOCAIUVA 1140 CENTOR,812,584151,RUA LOURIVAL RIBEIRO 387 TAQUARI,7142,0.0780319
402542,RUA TIRADENTES 3498 CENTvRO,813,402542,RUA TIRADENTES 3498 CENTRO,8220,0.018665342
402542,RUA TIRADENTES 3498 CENTvRO,813,432105,RUA TIRADENTES 1147 CENTRO,1520,0.048003096
402542,RUA TIRADENTES 3498 CENTvRO,813,352888,RUA GUAPORE 4336 CENTRO,2063,0.053915575
402542,RUA TIRADENTES 3498 CENTvRO,813,76194,RUA CEREJEIRAS 3233 CENTRO,9671,0.05424776
402542,RUA TIRADENTES 3498 CENTvRO,813,352925,RUA GUAPORE 4786 CENTRO,6144,0.056218926
192749,AVENIDA CARLOS DORNEJE 75 PIMENTA UEO,814,192749,AVENIDA CARLOS DORNEJE 75 PIMENTA BUENO,1303,0.01612806
192749,AVENIDA CARLOS DORNEJE 75 PIMENTA UEO,814,854930,AVENIDA ANTONIO RAPASO TAVARES 78 DOM PEDRO I,1419,0.07708505
192749,AVENIDA CARLOS DORNEJE 75 PIMENTA UEO,814,770223,AVENIDA LEOPOLDO CARLOS 165 GUAJARA,1612,0.08303256
192749,AVENIDA CARLOS DORNEJE 75 PIMENTA UEO,814,39506,AVENIDA AGLAIR NOGUEIRA 1955 RIOZINHO,3290,0.08663371
192749,AVENIDA CARLOS DORNEJE 75 PIMENTA UEO,814,852814,AVENIDA ADALBERTO DO VALE 6 BETANIA,3864,0.08703031
168051,GROSSO MjATO AVENIDA 3224 ENTR,815,210405,AVENIDA MEXICO 3223 EMBRATEL,2210,0.08224104
168051,GROSSO MjATO AVENIDA 3224 ENTR,815,397304,AVENIDA MARECHAL DEODORO 5037 CENTRO,803,0.087334186
168051,GROSSO MjATO AVENIDA 3224 ENTR,815,210271,AVENIDA MAMORE 5162 TEIXEIRAO,8807,0.08970173
168051,GROSSO MjATO AVENIDA 3224 ENTR,815,210209,AVENIDA MAMORE 4362 TIRADENTES,5860,0.09064368
168051,GROSSO MjATO AVENIDA 3224 ENTR,815,346152,AVENIDA NITEROI 6003 PLANALTO,2056,0.09211597
5342,AVENIDA CURITIBA 5137 çïDADE ALTA,816,5342,AVENIDA CURITIBA 5137 CIDADE ALTA,4763,0.049012087
5342,AVENIDA CURITIBA 5137 çïDADE ALTA,816,5355,AVENIDA CURITIBA 5210 CIDADE ALTA,237,0.06547438
5342,AVENIDA CURITIBA 5137 çïDADE ALTA,816,1442,AVENIDA CURITIBA 5021 CIDADE ALTA,6629,0.07368353
5342,AVENIDA CURITIBA 5137 çïDADE ALTA,816,1319,AVENIDA CUIABA 4944 CIDADE ALTA,3021,0.08411784
5342,AVENIDA CURITIBA 5137 çïDADE ALTA,816,5333,AVENIDA CUIABA 5371 CIDADE ALTA,1548,0.08505687
708421,AVENIDA CORONEL RAIMUNDO PEREIRA 1487 NOSSA SENHORA DE FATIlMA,817,708421,AVENIDA CORONEL RAIMUNDO PEREIRA 1487 NOSSA SENHORA DE FATIMA,7942,0.008982653
708421,AVENIDA CORONEL RAIMUNDO PEREIRA 1487 NOSSA SENHORA DE FATIlMA,817,708409,AVENIDA CORONEL RAIMUNDO PEREIRA 1261 NOSSA SENHORA DE FATIMA,7153,0.0166147
708421,AVENIDA CORONEL RAIMUNDO PEREIRA 1487 NOSSA SENHORA DE FATIlMA,817,760184,AVENIDA PREFEITO CAVALCANTE 1336 NOSSA SENHORA DE FATIMA,3253,0.055815876
708421,AVENIDA CORONEL RAIMUNDO PEREIRA 1487 NOSSA SENHORA DE FATIlMA,817,760182,AVENIDA PREFEITO CAVALCANTE 1333 NOSSA SENHORA DE FATIMA,5750,0.057745606
708421,AVENIDA CORONEL RAIMUNDO PEREIRA 1487 NOSSA SENHORA DE FATIlMA,817,1148986,RUA LUIZ ANTONY 1177 NOSSA SENHORA APARECIDA,4401,0.0668326
867365,AVENIDA COSME FERREcIRA 5939 SAO SAO JOSE OPERARIO,818,867365,AVENIDA COSME FERREIRA 5939 SAO JOSE OPERARIO,4815,0.019467724
867365,AVENIDA COSME FERREcIRA 5939 SAO SAO JOSE OPERARIO,818,942714,ESTRADA JOSE ROMAO 81 SAO JOSE OPERARIO,4343,0.055573612
867365,AVENIDA COSME FERREcIRA 5939 SAO SAO JOSE OPERARIO,818,855708,AVENIDA AUTAZ MIRIM 5405 SAO JOSE OPERARIO,7306,0.056186236
867365,AVENIDA COSME FERREcIRA 5939 SAO SAO JOSE OPERARIO,818,855613,AVENIDA AUTAZ MIRIM 4849 SAO JOSE OPERARIO,9616,0.05727151
867365,AVENIDA COSME FERREcIRA 5939 SAO SAO JOSE OPERARIO,818,1077340,RUA DO LIMAO 87 SAO JOSE OPERARIO,8298,0.058977403
745989,RUA FRANCISCO LEAL DE CARVALHO 32 UNIAO,819,745989,RUA FRANCISCO LEAL DE CARVALHO 32 UNIAO,3229,1.2498884e-05
745989,RUA FRANCISCO LEAL DE CARVALHO 32 UNIAO,819,511984,RUA FRANCISCO B. SOUZA 105 SATEL,9055,0.06108851
745989,RUA FRANCISCO LEAL DE CARVALHO 32 UNIAO,819,511986,RUA FRANCISCO B. SOUZA 105 SATEL,4161,0.06516631
745989,RUA FRANCISCO LEAL DE CARVALHO 32 UNIAO,819,252106,RUA EDUARDO LIMA E SILVA 861 AGENOR M DE CARVALHO,3691,0.06524925
745989,RUA FRANCISCO LEAL DE CARVALHO 32 UNIAO,819,504884,RUA TAVARES DE LIRA 335 JOAO ALVES,4659,0.06772752
466198,LINnA 605 25 RURAL,820,466198,LINHA 605 25 RURAL,7760,0.1354498
466198,LINnA 605 25 RURAL,820,33060,RUA VIOLTETA 1895 RURAL,9192,0.1657525
466198,LINnA 605 25 RURAL,820,175104,LINHA MP169 244 MACHADINHO,6831,0.16975385
466198,LINnA 605 25 RURAL,820,360553,LINHA 192 SUL 4 RURAL,3205,0.17197976
466198,LINnA 605 25 RURAL,820,525979,RUA LINDOARTE 386 MANUEL URBANO,2852,0.17354389
433820,AfVEIDA MARACANA 1750 STOR 2d,821,37342,TRAVESSAO SODAP 12 ARIQUEMES,4162,0.12223521
433820,AfVEIDA MARACANA 1750 STOR 2d,821,629193,TRAVESSA MEL 971 ELDORADO,9935,0.1234929
433820,AfVEIDA MARACANA 1750 STOR 2d,821,175463,LINHA TB 12 110 MACHADIHO,5501,0.12381459
433820,AfVEIDA MARACANA 1750 STOR 2d,821,174072,LINHA LJ 9 270 MACHADIHO,2317,0.1286623
433820,AfVEIDA MARACANA 1750 STOR 2d,821,626808,TRAVESSA HAVAI 213 SOBRAL,2853,0.1302189
577374,RiA HUGO CARNEïRO 122 BOSQUE,822,577374,RUA HUGO CARNEIRO 122 BOSQUE,3230,0.08845397
577374,RiA HUGO CARNEïRO 122 BOSQUE,822,926136,BECO RAIMUNDO MONTEIRO 31 MAUAZINHO,4891,0.09992022
577374,RiA HUGO CARNEïRO 122 BOSQUE,822,658606,TRAVESSA RAIMUNDO NONATO RAULINO 39 BOSQUE,652,0.10129613
577374,RiA HUGO CARNEïRO 122 BOSQUE,822,922261,BECO JOSE DO PATROCINIO 3 ALEIXO,3760,0.10593812
577374,RiA HUGO CARNEïRO 122 BOSQUE,822,922272,BECO JOSE DO PATROCINIO 30 ALEIXO,6608,0.10750741
781740,AVENIDA VARCYHERCULAO 390 IPIXUNA,823,781740,AVENIDA VARCY HERCULANO 390 IPIXUNA,2906,0.043129317
781740,AVENIDA VARCYHERCULAO 390 IPIXUNA,823,781722,AVENIDA VARCY HERCULANO 114 IPIXUNA,6836,0.058796424
781740,AVENIDA VARCYHERCULAO 390 IPIXUNA,823,897329,AVENIDA TEFE 801 CACHOEIRINHA,1156,0.08536101
781740,AVENIDA VARCYHERCULAO 390 IPIXUNA,823,878472,AVENIDA ITACOATIARA 183 CACHOERINHA,2180,0.087757364
781740,AVENIDA VARCYHERCULAO 390 IPIXUNA,823,897349,AVENIDA TEFE 840 JAPIIM,8799,0.09116851
45753,AVENIDA RIOD E JANEIRO 498 NOVO CACOAL,824,45753,AVENIDA RIO DE JANEIRO 498 NOVO CACOAL,2674,0.037023254
45753,AVENIDA RIOD E JANEIRO 498 NOVO CACOAL,824,45846,AVENIDA RIO DE JANEIRO 890 NOVO CACOAL,4040,0.046952575
45753,AVENIDA RIOD E JANEIRO 498 NOVO CACOAL,824,45875,AVENIDA RIO DE JANEIRO 1126 NOVO CACOAL,1604,0.05877368
45753,AVENIDA RIOD E JANEIRO 498 NOVO CACOAL,824,74325,AVENIDA RIO MADEIRA 5096 CRUZEIRO,6861,0.06952819
45753,AVENIDA RIOD E JANEIRO 498 NOVO CACOAL,824,39365,AVENIDA 5 DE ABRIL 1999 RIOZINHO,5234,0.0766771
392734,AVENIDA BELO HORIZONTE 4290 NOVA DIMENSAO,825,392734,AVENIDA BELO HORIZONTE 4290 NOVA DIMENSAO,6131,1.1815513e-05
392734,AVENIDA BELO HORIZONTE 4290 NOVA DIMENSAO,825,394069,AVENIDA NOVO HORIZONTE 2000 NOVA DIMENSAO,5379,0.047512412
392734,AVENIDA BELO HORIZONTE 4290 NOVA DIMENSAO,825,44078,AVENIDA MALAQUITA 2728 NOVO HORIZONTE,9454,0.072502926
392734,AVENIDA BELO HORIZONTE 4290 NOVA DIMENSAO,825,43889,AVENIDA JUSCIMEIRA 342 NOVO HORIZONTE,8959,0.07426956
392734,AVENIDA BELO HORIZONTE 4290 NOVA DIMENSAO,825,42590,AVENIDA ESPIRITO SANTO 771 NOVO HORIZONTE,8654,0.0812933
1015428,MIQUILES BEtNARDO RUA 1711 PETROPOLIS,826,1015428,RUA BERNARDO MIQUILES 1711 PETROPOLIS,8793,0.051436
1015428,MIQUILES BEtNARDO RUA 1711 PETROPOLIS,826,577465,RUA HUGO CARNEIRO 724 BOSQUE,620,0.06495088
1015428,MIQUILES BEtNARDO RUA 1711 PETROPOLIS,826,1068234,RUA DELFIM DE SOUZA 842 PETROPOLIS,3644,0.07249971
1015428,MIQUILES BEtNARDO RUA 1711 PETROPOLIS,826,230603,RUA APOGI 10715 MARCOS FREIRE,8324,0.07298171
1015428,MIQUILES BEtNARDO RUA 1711 PETROPOLIS,826,1098587,RUA FILADELFIA 15 GILBERTO MESTRINHO,5458,0.07662883
151192,tUA PRIMEIRO DE MAIO 522 DOM cDOM BOSCO,827,628555,TRAVESSA LUA NOVA 13 BOSQUE,823,0.15253082
151192,tUA PRIMEIRO DE MAIO 522 DOM cDOM BOSCO,827,780660,RIO MARMELO 35 TI TORA,964,0.15724735
151192,tUA PRIMEIRO DE MAIO 522 DOM cDOM BOSCO,827,628557,TRAVESSA LUA NOVA 46 BOSQUE,280,0.15836202
151192,tUA PRIMEIRO DE MAIO 522 DOM cDOM BOSCO,827,927769,BECO SANTO ANTONIO 2 DOM PEDRO I,5453,0.15843268
151192,tUA PRIMEIRO DE MAIO 522 DOM cDOM BOSCO,827,717319,RIO PURUS 2 SERINGAL BOM JESUS,8996,0.15883723
350315,AVENIDA SAO LUIZ 4082 CEbNTO,828,350315,AVENIDA SAO LUIZ 4082 CENTRO,7229,0.02712985
350315,AVENIDA SAO LUIZ 4082 CEbNTO,828,675487,AVENIDA SAO JOAQUIM 1090 CENTRO,5469,0.058815725
350315,AVENIDA SAO LUIZ 4082 CEbNTO,828,494879,AVENIDA SAO PAULO 251 FLORESTA,1112,0.059882775
350315,AVENIDA SAO LUIZ 4082 CEbNTO,828,420467,AVENIDA JOAO FALCAO 2535 SETOR 1,6389,0.063697025
350315,AVENIDA SAO LUIZ 4082 CEbNTO,828,493944,AVENIDA SAO PAULO 1148 CRUZEIRAO,9812,0.07600133
531972,RUA MAJOR oEDRO 195 RAPIRA,829,531972,RUA MAJOR PEDRO RAMOS 195 RAPIRA,3214,0.04003229
531972,RUA MAJOR oEDRO 195 RAPIRA,829,586684,RUA MARANHAO 118 BOSQUE,8384,0.07333951
531972,RUA MAJOR oEDRO 195 RAPIRA,829,1130355,RUA JERUSALEM 181 COROADO,9294,0.08411433
531972,RUA MAJOR oEDRO 195 RAPIRA,829,308941,RUA TANGARA 1918 CASTANHEIRA,3969,0.08498153
531972,RUA MAJOR oEDRO 195 RAPIRA,829,1037476,RUA CESAR EMIR DUARTE 44 DOM PEDRO I,6534,0.08854824
383061,RUA SEISCENTOS E QUARENTA E DOIS 6522 SETiOR SEïS,830,383061,RUA SEISCENTOS E QUARENTA E DOIS 6522 SETOR SEIS,9539,0.067181796
383061,RUA SEISCENTOS E QUARENTA E DOIS 6522 SETiOR SEïS,830,384138,RUA SETECENTOS E TRINTA E SEIS 2197 BODANESE,2603,0.06930442
383061,RUA SEISCENTOS E QUARENTA E DOIS 6522 SETiOR SEïS,830,383259,RUA SEISCENTOS E VINTE E SEIS 6958 NOVA VILHENA,8109,0.078574486
383061,RUA SEISCENTOS E QUARENTA E DOIS 6522 SETiOR SEïS,830,383267,RUA SEISCENTOS E VINTE E SEIS 6998 NOVA VILHENA,5409,0.08510591
383061,RUA SEISCENTOS E QUARENTA E DOIS 6522 SETiOR SEïS,830,380484,RUA OITOCENTOS E DEZESSEIS 6726 ALTO ALEGRE,7990,0.087979004
79744,AVENIDA MARECHAL RONDON 2356 CENTROs,831,79744,AVENIDA MARECHAL RONDON 2356 CENTRO,327,0.013729395
79744,AVENIDA MARECHAL RONDON 2356 CENTROs,831,397418,AVENIDA MARECHAL RONDON 1294 CENTRO,1794,0.020084992
79744,AVENIDA MARECHAL RONDON 2356 CENTROs,831,397393,AVENIDA MARECHAL RONDON 1106 CENTRO,4959,0.020301478
79744,AVENIDA MARECHAL RONDON 2356 CENTROs,831,397405,AVENIDA MARECHAL RONDON 1197 CENTRO,2641,0.020899307
79744,AVENIDA MARECHAL RONDON 2356 CENTROs,831,397495,AVENIDA MARECHAL RONDON 4616 CENTRO,2470,0.022015013
654824,MARAqNHAO RUA 472 CAFEZAL,832,654824,RUA MARANHAO 472 CAFEZAL,3420,0.057746246
654824,MARAqNHAO RUA 472 CAFEZAL,832,654829,RUA MARANHAO 472 CAFEZAL,352,0.06517924
654824,MARAqNHAO RUA 472 CAFEZAL,832,768584,RUA JENIPAPO 283 MAE CREUZA,2069,0.08596735
654824,MARAqNHAO RUA 472 CAFEZAL,832,654954,RUA MARANHAO 1667 CSU,8467,0.08692384
654824,MARAqNHAO RUA 472 CAFEZAL,832,500051,RUA DO PARA 2063 CRUZEIRAO,3460,0.08885266
80748,LINHA LINHA 3 EIXO EQUINA DA 05 5 SITIO SAO SEBASTIAO,833,80748,LINHA LINHA 3 EIXO ESQUINA DA 05 5 SITIO SAO SEBASTIAO,1869,0.0025744261
80748,LINHA LINHA 3 EIXO EQUINA DA 05 5 SITIO SAO SEBASTIAO,833,80744,LINHA LINHA 3 EIXO ENTRE 04 E 05 29 COMUNIDADE SAO CRISTOVAO,7025,0.07349282
80748,LINHA LINHA 3 EIXO EQUINA DA 05 5 SITIO SAO SEBASTIAO,833,728199,PROJETO SAO FRANCISC0 LINHA 2 75 SITIO J E M,4780,0.081816934
80748,LINHA LINHA 3 EIXO EQUINA DA 05 5 SITIO SAO SEBASTIAO,833,728176,PROJETO SAO FRANCISC0 LINHA 2 50 SITIO NOVA ALIANCA,8249,0.082488224
80748,LINHA LINHA 3 EIXO EQUINA DA 05 5 SITIO SAO SEBASTIAO,833,476816,LINHA 02 RAMAL FLORESTA 23 SAO JOAO BALANCEIO,7638,0.09499807
464298,LINHA 32 20 RURAL ZONA,834,464298,LINHA 32 20 ZONA RURAL,4774,0.021015624
464298,LINHA 32 20 RURAL ZONA,834,464185,LINHA 28 DO 22 34 ZONA RURAL,9156,0.039917987
464298,LINHA 32 20 RURAL ZONA,834,462943,LINHA 43 1 ZONA RURAL,2347,0.040851735
464298,LINHA 32 20 RURAL ZONA,834,463248,LINHA 16 DO 31 661 ZONA RURAL,9994,0.045913562
464298,LINHA 32 20 RURAL ZONA,834,464348,LINHA 32 TN 02 220 ZONA RURAL,6424,0.04910609
618496,RUA SAO LUCA 91 SBORAL,835,618496,RUA SAO LUCAS 91 SOBRAL,1601,0.0285642
618496,RUA SAO LUCA 91 SBORAL,835,617468,RUA SAO DAMIAO 66 RUI LINO II,9711,0.05900094
618496,RUA SAO LUCA 91 SBORAL,835,1133494,RUA JONAS BARRETO 38 SAO LAZRO,1178,0.065259844
618496,RUA SAO LUCA 91 SBORAL,835,980007,RUA ABRAAO CARDOSO 24 COMPENSA,3483,0.06660603
618496,RUA SAO LUCA 91 SBORAL,835,1054504,RUA D 31 SAO JOSE OPERARIO 3,4022,0.06854369
1124711,RUA J G DE ABREU 1815 PETROPOLIS PETROPOLIS,836,1124711,RUA J G DE ABREU 1815 PETROPOLIS,6250,0.041430827
1124711,RUA J G DE ABREU 1815 PETROPOLIS PETROPOLIS,836,1124673,RUA J G DE ABREU 382 PETROPOLIS,4598,0.051615644
1124711,RUA J G DE ABREU 1815 PETROPOLIS PETROPOLIS,836,1108307,RUA GUANABARA 11 PETROPOLIS,3412,0.07513172
1124711,RUA J G DE ABREU 1815 PETROPOLIS PETROPOLIS,836,1018434,RUA BOM JESUS 52 PETROPOLIS,4201,0.07815976
1124711,RUA J G DE ABREU 1815 PETROPOLIS PETROPOLIS,836,1114313,RUA HUMBERTO GOMES 10 PETROPOLIS,5870,0.082767956
1125039,RUA JACAMIM 210 TARUMA COMUNIDADE TARUMA,837,1125039,RUA JACAMIM 210 TARUMA COMUNIDADE TARUMA,6780,8.955123e-06
1125039,RUA JACAMIM 210 TARUMA COMUNIDADE TARUMA,837,1025822,RUA CACHOEIRA ALTA 275 TARUMA COMUNIDADE RIO SOLIMOES,9996,0.08810865
1125039,RUA JACAMIM 210 TARUMA COMUNIDADE TARUMA,837,1128275,RUA JARDIM PRIMAVERA 384 TARUMA,6773,0.09136735
1125039,RUA JACAMIM 210 TARUMA COMUNIDADE TARUMA,837,1100972,RUA FOZ DO IGUACU 345 TARUMA COMUNIDADE RIO SOLIMOES,3110,0.09493406
1125039,RUA JACAMIM 210 TARUMA COMUNIDADE TARUMA,837,855107,AVENIDA ARACUA 1331 TARUMA COMUNIDADE SAO PEDRO,9198,0.09720402
392959,AVENIDA CECILIA MEpIRELES 6885 PLANALTO,838,392959,AVENIDA CECILIA MEIRELES 6885 PLANALTO,7445,0.028814116
392959,AVENIDA CECILIA MEpIRELES 6885 PLANALTO,838,872320,AVENIDA EFIGENIO SALES 1224 ALEIXO,9679,0.05490898
392959,AVENIDA CECILIA MEpIRELES 6885 PLANALTO,838,872506,AVENIDA EFIGENIO SALES 2222 ALEIXO,1954,0.057945542
392959,AVENIDA CECILIA MEpIRELES 6885 PLANALTO,838,365699,AVENIDA LEOPOLDO PERES 4128 CENTRO,8037,0.059886098
392959,AVENIDA CECILIA MEpIRELES 6885 PLANALTO,838,872452,AVENIDA EFIGENIO SALES 2222 ALEIXO,5023,0.061089095
73077,RUA SERGItPE 1309 CENTRO,839,290240,RUA PANTEON 6538 IGARAPE,746,0.0887192
73077,RUA SERGItPE 1309 CENTRO,839,1106376,RUA GIRASSOL 20 COROADO,4528,0.09062013
73077,RUA SERGItPE 1309 CENTRO,839,499528,RUA DO EMBIRA 1470 SABOEIRO,4426,0.093747154
73077,RUA SERGItPE 1309 CENTRO,839,220695,RUA ABACATEIRO 5732 SUL,2581,0.09430036
73077,RUA SERGItPE 1309 CENTRO,839,290301,RUA PANTEON 6960 IGARAPE,702,0.09577315
603219,RUA lSEIS DE AGOSTO 951 BAIRRO 6 DE AGOSTO,840,603219,RUA SEIS DE AGOSTO 951 BAIRRO 6 DE AGOSTO,5817,0.027818646
603219,RUA lSEIS DE AGOSTO 951 BAIRRO 6 DE AGOSTO,840,603251,RUA SEIS DE AGOSTO 1228 BAIRRO 6 DE AGOSTO,9845,0.030987918
603219,RUA lSEIS DE AGOSTO 951 BAIRRO 6 DE AGOSTO,840,603187,RUA SEIS DE AGOSTO 886 06 DE AGOSTO,9494,0.064783014
603219,RUA lSEIS DE AGOSTO 951 BAIRRO 6 DE AGOSTO,840,596385,RUA PRIMEIRO DE MAIO 1023 BAIRRO 6 DE AGOSTO,5759,0.06718579
603219,RUA lSEIS DE AGOSTO 951 BAIRRO 6 DE AGOSTO,840,566916,RUA DEZESSEIS DE OUTUBRO 536 BAIRRO 15,5437,0.07822679
232308,RúA ARUBA 9091 PORTO VELHO,841,232308,RUA ARUBA 9091 PORTO VELHO,5998,0.07788519
232308,RúA ARUBA 9091 PORTO VELHO,841,235769,RUA BIDU SAIAO 6132 PORTO VELHO,8125,0.100947425
232308,RúA ARUBA 9091 PORTO VELHO,841,232889,RUA AUREA 2755 PORTO VELHO,9974,0.101639986
232308,RúA ARUBA 9091 PORTO VELHO,841,236026,RUA BLUMENAU 11531 PORTO VELHO,4006,0.10759775
232308,RúA ARUBA 9091 PORTO VELHO,841,405378,RUA MASSANGANA 2807 ALTO PARAISO,6249,0.10791448
1073476,RUA EZOITO DE OUTUBRO 50 COMPENSA,842,489199,RUA CARMO CORDEIRO 350 PARAISO,2273,0.08316291
1073476,RUA EZOITO DE OUTUBRO 50 COMPENSA,842,298890,RUA RAIMUNDO VERISSIMO 182 CENTRO,9503,0.08401452
1073476,RUA EZOITO DE OUTUBRO 50 COMPENSA,842,587494,RUA MARIA DE LURDES 106 TRIANGULO,2784,0.08670373
1073476,RUA EZOITO DE OUTUBRO 50 COMPENSA,842,578213,RUA ISAURA PARENTE 136 BOSQUE,1323,0.08704365
1073476,RUA EZOITO DE OUTUBRO 50 COMPENSA,842,801508,RUA FRANCISCO DO COUTO VALE 9 IRACY,5908,0.08745754
111778,RUA RUA JOAO 835 SEOR 07,843,747322,RUA JOAO AMORIM 78 PERA 1,7640,0.09810496
111778,RUA RUA JOAO 835 SEOR 07,843,747363,RUA JOAO AMORIM 146 PERA 3,6963,0.10061437
111778,RUA RUA JOAO 835 SEOR 07,843,1053888,RUA D 7 SAO JOSE OPERARIO 3,6305,0.105020344
111778,RUA RUA JOAO 835 SEOR 07,843,1079859,RUA DOIS 34 SAO JOSE OPERARIO,6128,0.1154109
111778,RUA RUA JOAO 835 SEOR 07,843,560869,RUA CEDRO 121 RESIDENCIAL JOAFRA,2017,0.1165644
1137647,RUA JOSE TADRES 786 SANTO ANTOIO,844,1137647,RUA JOSE TADRES 786 SANTO ANTONIO,1568,0.020865193
1137647,RUA JOSE TADRES 786 SANTO ANTOIO,844,798984,RUA BENEDITO MELO 1720 SANTO ANTONIO,2709,0.05615595
1137647,RUA JOSE TADRES 786 SANTO ANTOIO,844,804353,RUA OSCAR RAMOS 1737 SANTO ANTONIO,5677,0.057269603
1137647,RUA JOSE TADRES 786 SANTO ANTOIO,844,999754,RUA ARTUR REIS 366 SANTO ANTONIO,882,0.058813095
1137647,RUA JOSE TADRES 786 SANTO ANTOIO,844,1135980,RUA JOSE FAUSTINO 227 COLONIA SANTO ANTONIO,4354,0.059044518
534634,CAMîNH0 JOAO NUNES 750 VZAEA,845,534634,CAMINHO JOAO NUNES 750 VAZEA,3169,0.1546079
534634,CAMîNH0 JOAO NUNES 750 VZAEA,845,928310,BECO SAO FRANCISCO 301 CHAPADA,1832,0.15656352
534634,CAMîNH0 JOAO NUNES 750 VZAEA,845,935256,BECO SAO CRISTOVAO 430 COMPENSA,6824,0.1635215
534634,CAMîNH0 JOAO NUNES 750 VZAEA,845,665253,TRAVESSA HILTON LESSA CATAO 1610 COPACABANA,3897,0.1650517
534634,CAMîNH0 JOAO NUNES 750 VZAEA,845,506379,TRAVESSA JOAQUIM ESTEVAO 22 SABOEIRO,5408,0.177214
706371,UA TANCREDO NEVES 378 FRNCISCO,846,626273,TRAVESSA FORTALEZA 56 TANCREDO NEVES,66,0.078417756
706371,UA TANCREDO NEVES 378 FRNCISCO,846,620989,TRAVESSA AIRTON SENA 84 TANCREDO NEVES,1642,0.089948505
706371,UA TANCREDO NEVES 378 FRNCISCO,846,649155,TRAVESSA JOSE ALVES 751 EDILO RODRIGUES,5169,0.0928221
706371,UA TANCREDO NEVES 378 FRNCISCO,846,649149,TRAVESSA JOSE ALVES 711 EDILO RODRIGUES,4701,0.09502492
706371,UA TANCREDO NEVES 378 FRNCISCO,846,796063,BECO TEODORICO NUNES 538 JAUARY I,243,0.09818453
17924,RUA SABA DO 1158 SeETO 2,847,500186,RUA DO PURUS 791 SABOEIRO,2617,0.12380677
17924,RUA SABA DO 1158 SeETO 2,847,978614,RUA A OITO 1193 JAPIIM,6522,0.13373122
17924,RUA SABA DO 1158 SeETO 2,847,1075356,RUA DO ATERRO 27 BETANIA,4728,0.13721855
17924,RUA SABA DO 1158 SeETO 2,847,235799,RUA BIDU SAIAO 6298 APONIA,4338,0.13771787
17924,RUA SABA DO 1158 SeETO 2,847,486887,RUA JAMBO 112 BAIXADA,4744,0.13877681
1026255,RUA CAIENA 412 NOVA CIDADbE,848,1026255,RUA CAIENA 412 NOVA CIDADE,957,0.020941172
1026255,RUA CAIENA 412 NOVA CIDADbE,848,1026160,RUA CAIENA 12 NOVA CIDADE,9983,0.03414239
1026255,RUA CAIENA 412 NOVA CIDADbE,848,1111572,RUA HAVANA 211 NOVA CIDADE,5540,0.05003912
1026255,RUA CAIENA 412 NOVA CIDADbE,848,1045576,RUA CISJORDANIA 25 NOVA CIDADE,3098,0.051122487
1026255,RUA CAIENA 412 NOVA CIDADbE,848,1138171,RUA JUAREZ PRADO 53 NOVA CIDADE,2978,0.055496797
258433,RUA FRANCISCO COSTA 4355 CSTANHEIRA,849,258433,RUA FRANCISCO COSTA 4355 CASTANHEIRA,2121,0.014836986
258433,RUA FRANCISCO COSTA 4355 CSTANHEIRA,849,258431,RUA FRANCISCO COSTA 4335 CASTANHEIRA,7196,0.014938997
258433,RUA FRANCISCO COSTA 4355 CSTANHEIRA,849,258432,RUA FRANCISCO COSTA 4345 CASTANHEIRA,7103,0.016886324
258433,RUA FRANCISCO COSTA 4355 CSTANHEIRA,849,496773,RUA ANTONIO COSTEIRA 2139 FORMOSO,934,0.038823634
258433,RUA FRANCISCO COSTA 4355 CSTANHEIRA,849,258327,RUA FRANCISCO BRAGA 5801 IGARAPE,8544,0.046894535
758463,RiA PADRE DOMINGOS 865 CODAJAS,850,758463,RUA PADRE DOMINGOS 865 CODAJAS,4992,0.120054565
758463,RiA PADRE DOMINGOS 865 CODAJAS,850,918148,BECO DAS PEDREIRAS 17 COMPENSA,46,0.121922955
758463,RiA PADRE DOMINGOS 865 CODAJAS,850,637662,RAMAL PICAREIRA 520 AMAPA,9958,0.13839972
758463,RiA PADRE DOMINGOS 865 CODAJAS,850,628555,TRAVESSA LUA NOVA 13 BOSQUE,823,0.14194858
758463,RiA PADRE DOMINGOS 865 CODAJAS,850,686271,VICINAL POMBOS 25 POMBOS,8722,0.1480847
512617,RUA MARIA RAIMUNDA CHAVES 241 LIBERDADEl,851,512617,RUA MARIA RAIMUNDA CHAVES 241 LIBERDADE,6860,0.012509486
512617,RUA MARIA RAIMUNDA CHAVES 241 LIBERDADEl,851,512603,RUA MARIA RAIMUNDA CHAVES 111 LIBERDADE,9952,0.014822418
512617,RUA MARIA RAIMUNDA CHAVES 241 LIBERDADEl,851,512597,RUA MARIA RAIMUNDA CHAVES 91 LIBERDADE,8464,0.033850316
512617,RUA MARIA RAIMUNDA CHAVES 241 LIBERDADEl,851,512612,RUA MARIA RAIMUNDA CHAVES 180 LIBERDADE,7968,0.037564456
512617,RUA MARIA RAIMUNDA CHAVES 241 LIBERDADEl,851,756033,RUA ALFREDO DE SA ANTUNES 545 CODAJAS,2158,0.06779596
157042,RUA VILAkGRANy CABRITA 336 URUP,852,157042,RUA VILAGRAN CABRITA 336 URUPA,1677,0.056282938
157042,RUA VILAkGRANy CABRITA 336 URUP,852,157147,RUA VILAGRAN CABRITA 2072 CASA PRETA,4305,0.0822566
157042,RUA VILAkGRANy CABRITA 336 URUP,852,1142368,RUA LAURA VINCUNA 50 C0ROADO,2580,0.093688935
157042,RUA VILAkGRANy CABRITA 336 URUP,852,149310,RUA NESTOR RAMOS 212 URUPA,1375,0.093903154
157042,RUA VILAkGRANy CABRITA 336 URUP,852,151539,RUA RICARDO CATANHEDE 252 URUPA,6400,0.09821736
403546,RUA ULISSES ULISSES GUIMALAES 4399 BAIRRO JARxIM AMERICA,853,403546,RUA ULISSES GUIMALHAES 4399 BAIRRO JARDIM AMERICA,7937,0.03869767
403546,RUA ULISSES ULISSES GUIMALAES 4399 BAIRRO JARxIM AMERICA,853,489801,RUA RAIMUNDO HENRIQUE DE ARAUJO 40 QUIXADAMORIM,3310,0.06755121
403546,RUA ULISSES ULISSES GUIMALAES 4399 BAIRRO JARxIM AMERICA,853,489821,RUA RAIMUNDO HENRIQUE DE ARAUJO 361 QUIXADAMORIM,1949,0.068450496
403546,RUA ULISSES ULISSES GUIMALAES 4399 BAIRRO JARxIM AMERICA,853,493392,AVENIDA LEOPOLDO BULHOES 85 BAIRRO DO ALUMNIO,8555,0.0712175
403546,RUA ULISSES ULISSES GUIMALAES 4399 BAIRRO JARxIM AMERICA,853,353817,RUA JUSCELINO KUBITCHECK DE OLIVEI 399 BAIRRO CIDADE ALTA,991,0.073753126
608482,RUA VALREIO MAGALHAES 81 BOeQUE BOeQUE,854,608467,RUA VALERIO MAGALHAES 42 BOSQUE,7386,0.0677171
608482,RUA VALREIO MAGALHAES 81 BOeQUE BOeQUE,854,608482,RUA VALERIO MAGALHAES 81 BOSQUE,6473,0.06803787
608482,RUA VALREIO MAGALHAES 81 BOeQUE BOeQUE,854,608459,RUA VALERIO MAGALHAES 26 BOSQUE,9448,0.07279307
608482,RUA VALREIO MAGALHAES 81 BOeQUE BOeQUE,854,577465,RUA HUGO CARNEIRO 724 BOSQUE,620,0.08794686
608482,RUA VALREIO MAGALHAES 81 BOeQUE BOeQUE,854,292730,RUA PEGASO 1 11904 ULISSES GUIMARAES,9032,0.09483281
938765,BCEO SAO MIGUEL 31 LIRIi DO VAoE,855,938765,BECO SAO MIGUEL 31 LIRIO DO VALE,206,0.05802112
938765,BCEO SAO MIGUEL 31 LIRIi DO VAoE,855,929660,BECO SAO SEBASTIAO 80 JAPIIM,1077,0.091013625
938765,BCEO SAO MIGUEL 31 LIRIi DO VAoE,855,929120,BECO SAO LUIS 43 SAO LAZARO,8503,0.10215844
938765,BCEO SAO MIGUEL 31 LIRIi DO VAoE,855,920289,BECO GEMA 51 SAO JOSE OPERARIO,3489,0.109105356
938765,BCEO SAO MIGUEL 31 LIRIi DO VAoE,855,939926,BECO SAO VINCENTE 119 ALEIXO,7353,0.11008285
292385,RUA PEDRO LBENIZ 6858 PORtTO VELyO,856,301175,RUA RODOLFO AMOEDO 5383 TEIXEIRAO,8637,0.0639187
292385,RUA PEDRO LBENIZ 6858 PORtTO VELyO,856,58149,RUA PEDRO SPAGNOL 3985 TEIXEIRAO,4459,0.06425324
292385,RUA PEDRO LBENIZ 6858 PORtTO VELyO,856,58148,RUA PEDRO SPAGNOL 3982 TEIXEIRAO,9135,0.06771666
292385,RUA PEDRO LBENIZ 6858 PORtTO VELyO,856,57339,RUA MONTEIRO LOBATO 1768 TEIXEIRAO,382,0.06807309
292385,RUA PEDRO LBENIZ 6858 PORtTO VELyO,856,286061,RUA MONTEIRO LOBATO 5713 ELDORADO,5026,0.069444016
742864,RU 70 ITAMRAATI,857,688108,RIO ITACOAI 18 REMANCINHO,9124,0.12384874
742864,RU 70 ITAMRAATI,857,701208,BECO 30 101 JAVARIZINHO,7774,0.12677525
742864,RU 70 ITAMRAATI,857,694171,RIO RIO AUTAZ ACU 6 CURRUSA,7930,0.1284872
742864,RU 70 ITAMRAATI,857,645945,RUA B 2678 AMOTI,6220,0.12850472
742864,RU 70 ITAMRAATI,857,143214,RUA IPE 2741 VALPARAISO,4366,0.13492669
256265,RUA FARQUAR 350 bBAIXA UNIAO UNIAO,858,256265,RUA FARQUAR 350 BAIXA UNIAO,1637,0.046844974
256265,RUA FARQUAR 350 bBAIXA UNIAO UNIAO,858,388120,RUA 8214 5069 BARAO MELGACO 2,6088,0.10131571
256265,RUA FARQUAR 350 bBAIXA UNIAO UNIAO,858,785452,RUA 02 132 CACAU PIRERA,7461,0.108940385
256265,RUA FARQUAR 350 bBAIXA UNIAO UNIAO,858,980282,RUA ABRAAO CARDOSO 604 COMPENSA,4486,0.11042802
256265,RUA FARQUAR 350 bBAIXA UNIAO UNIAO,858,980062,RUA ABRAAO CARDOSO 82 COMPENSA,52,0.11080605
387733,LgINHA 155 72 155 CASçALHEIRA,859,387733,LINHA 155 72 155 CASCALHEIRA,4067,0.07442334
387733,LgINHA 155 72 155 CASçALHEIRA,859,38825,LINHA 12 4091 CABIXI,2310,0.13193586
387733,LgINHA 155 72 155 CASçALHEIRA,859,121213,LINHA 632 2610 TARILANDIA,4345,0.13976018
387733,LgINHA 155 72 155 CASçALHEIRA,859,473931,LINHA 202 FINAL 40 ESQUINA LH 153,8478,0.14018309
387733,LgINHA 155 72 155 CASçALHEIRA,859,175104,LINHA MP169 244 MACHADINHO,6831,0.14485145
213815,RIO RIO MADEIRA 2905 PROT VELHO,860,723035,RIO MAPIAZINHO 10 TERRA PRETA,7363,0.08994652
213815,RIO RIO MADEIRA 2905 PROT VELHO,860,717319,RIO PURUS 2 SERINGAL BOM JESUS,8996,0.098788545
213815,RIO RIO MADEIRA 2905 PROT VELHO,860,717076,RIO ACRE 15 SERINGAL SANTO ANTONIO,7211,0.10286878
213815,RIO RIO MADEIRA 2905 PROT VELHO,860,729089,RIO PURUS 10 SERINGAL DO CARMO,4676,0.108255625
213815,RIO RIO MADEIRA 2905 PROT VELHO,860,728706,RIO MUCUIM 3 LAGO DO ACANIA,4291,0.10904281
520979,AVEeNIDAJAPIIM 143 CkEnNTRO,861,466761,TRAVESSAO C 02 10 6 THEOBROMA,2668,0.19000524
520979,AVEeNIDAJAPIIM 143 CkEnNTRO,861,505674,TRAVESSA BECO DO TRAPICHO 1 31 None,5410,0.2093047
520979,AVEeNIDAJAPIIM 143 CkEnNTRO,861,418154,TRAVESSAO C 18B 25 BUITIS,7220,0.21251103
520979,AVEeNIDAJAPIIM 143 CkEnNTRO,861,473973,LINHA 202 INICIO 9 CRUSAMENTO TRAV 133,9072,0.21407965
520979,AVEeNIDAJAPIIM 143 CkEnNTRO,861,473994,LINHA 202 INICIO 24 CRUSAMENTO TRAV 133,125,0.2234217
42670,AVENoDA DE MARACA 1223 VISTA ALEGRE,862,42670,AVENIDA FLOR DE MARACA 1223 VISTA ALEGRE,2255,0.09506631
42670,AVENoDA DE MARACA 1223 VISTA ALEGRE,862,85858,RUA ACRE 2678 VISTA ALEGRE,2893,0.11351066
42670,AVENoDA DE MARACA 1223 VISTA ALEGRE,862,849465,RIO CASTANHO 32 VISTA ALEGRE,5417,0.11480498
42670,AVENoDA DE MARACA 1223 VISTA ALEGRE,862,623508,TRAVESSA CERAMICA 56 ALTO ALEGRE,4526,0.11640552
42670,AVENoDA DE MARACA 1223 VISTA ALEGRE,862,621734,TRAVESSA BAIXA VERDE 145 ALTO ALEGRE,2644,0.122861326
847538,RUA DELCIO DELCIO ACHAO COsLHO 95 CNTR,863,847538,RUA DELCIO ACHAO COELHO 95 CENTRO,9536,0.07513152
847538,RUA DELCIO DELCIO ACHAO COsLHO 95 CNTR,863,462266,RUA CAPITAO SILVIO G DE FARIAS 843 CRISTO REI,1564,0.10140708
847538,RUA DELCIO DELCIO ACHAO COsLHO 95 CNTR,863,228478,RUA ANSELMO LACERDA 33 DERMACACAO,5835,0.11692363
847538,RUA DELCIO DELCIO ACHAO COsLHO 95 CNTR,863,228479,RUA ANSELMO LACERDA 42 DERMACACAO,7582,0.11775261
847538,RUA DELCIO DELCIO ACHAO COsLHO 95 CNTR,863,611680,RUA CAPITAO CIRILO 20 AVIARIO,8630,0.12231311
327074,LINHADOIS 76 RIOxP ARDO,864,327081,LINHA DOIS 83 RIO PARDO,8541,0.11977723
327074,LINHADOIS 76 RIOxP ARDO,864,327074,LINHA DOIS 76 RIO PARDO,5486,0.120602265
327074,LINHADOIS 76 RIOxP ARDO,864,327093,LINHA DOIS 96 RIO PARDO,6094,0.12476775
327074,LINHADOIS 76 RIOxP ARDO,864,416504,LINHA C 50 130 PA RIO ALTO,5681,0.12478047
327074,LINHADOIS 76 RIOxP ARDO,864,672825,RAMAL LINHA11 180 CAQUETA,1836,0.13359684
851024,ALAMEDA BObS 158 xALEIXO ALEIXO,865,929852,BECO SARAIVA 86 ALEIXO,3902,0.111974746
851024,ALAMEDA BObS 158 xALEIXO ALEIXO,865,930911,BECO SOLIMOES 10 ALEIXO,3457,0.114699736
851024,ALAMEDA BObS 158 xALEIXO ALEIXO,865,851024,ALAMEDA BONS AMIGOS 158 ALEIXO,3444,0.12585516
851024,ALAMEDA BObS 158 xALEIXO ALEIXO,865,914242,BECO BURITI 219 COLONIA ANTONIO ALEIXO,8868,0.12847564
851024,ALAMEDA BObS 158 xALEIXO ALEIXO,865,851808,ALAMEDA OASIS 21 COROADO,8964,0.13041663
300160,RUA RIO GRANDE DO SUL 3341 ZOA SU1,866,300160,RUA RIO GRANDE DO SUL 3341 ZONA SUL,7665,0.070828624
300160,RUA RIO GRANDE DO SUL 3341 ZOA SU1,866,503842,RUA RIO GRANDE DO SUL 2022 BATE,2836,0.073282845
300160,RUA RIO GRANDE DO SUL 3341 ZOA SU1,866,117333,RUA RIO GRANDE DO SUL 2185 SETOR 4,1706,0.085795194
300160,RUA RIO GRANDE DO SUL 3341 ZOA SU1,866,599814,RUA RIO GRANDE DO SUL 1327 PREVENTORIO,1003,0.09108576
300160,RUA RIO GRANDE DO SUL 3341 ZOA SU1,866,599758,RUA RIO GRANDE DO SUL 962 PREVENTORIO,9431,0.10566642
888523,AVENIDA PENETRACAO UM 1311 JâPIIM,867,888523,AVENIDA PENETRACAO UM 1311 JAPIIM,1022,0.018910449
888523,AVENIDA PENETRACAO UM 1311 JâPIIM,867,899284,AVENIDA UIRAPURU 32 COROADO,3930,0.094850466
888523,AVENIDA PENETRACAO UM 1311 JâPIIM,867,897072,AVENIDA TEFE 250 JAPIIM,6770,0.10082212
888523,AVENIDA PENETRACAO UM 1311 JâPIIM,867,125527,AVENIDA JI PARANA 21 URUPA,7191,0.10238785
888523,AVENIDA PENETRACAO UM 1311 JâPIIM,867,235926,RUA BIDU SAIAO 7069 APONIA,5879,0.10273717
66083,LINH 12 22 CACOAuL CACOAuL,868,66083,LINHA 12 22 CACOAL,1597,0.14609264
66083,LINH 12 22 CACOAuL CACOAuL,868,64997,LINHA 06 40 CACOAL,7560,0.15622918
66083,LINH 12 22 CACOAuL CACOAuL,868,64687,LINHA 02 1 CACOAL,5010,0.16209176
66083,LINH 12 22 CACOAuL CACOAuL,868,64816,LINHA 05 26 CACOAL,2328,0.16362745
66083,LINH 12 22 CACOAuL CACOAuL,868,66769,LINHA 4 11 CACOAL,4100,0.16882606
711261,AVENIDA GxILBERTO MESTRINHO 10570 PLATO DOu PIQIUA,869,711261,AVENIDA GILBERTO MESTRINHO 10570 PLATO DO PIQUIA,3101,0.027423834
711261,AVENIDA GxILBERTO MESTRINHO 10570 PLATO DOu PIQIUA,869,711287,AVENIDA GILBERTO MESTRINHO 106571 PLATO DO PIQUIA,7161,0.034621835
711261,AVENIDA GxILBERTO MESTRINHO 10570 PLATO DOu PIQIUA,869,362571,AVENIDA BENNO LUIS GRAEBIM 7 JARDIM ELDORADO,3784,0.06122831
711261,AVENIDA GxILBERTO MESTRINHO 10570 PLATO DOu PIQIUA,869,711485,AVENIDA NIZIO LIMA 385 PLATO DO PIQUIA,4248,0.061968066
711261,AVENIDA GxILBERTO MESTRINHO 10570 PLATO DOu PIQIUA,869,711192,AVENIDA GILBERTO MESTRINHO 4741 FORTALEZA,2330,0.0625967
1148729,RUA LUIZ ANTONY 661 NOSSA SENHORA APARECIDA,870,1148729,RUA LUIZ ANTONY 661 NOSSA SENHORA APARECIDA,7190,1.6123173e-05
1148729,RUA LUIZ ANTONY 661 NOSSA SENHORA APARECIDA,870,1148714,RUA LUIZ ANTONY 653 NOSSA SENHORA APARECIDA,3432,0.006018782
1148729,RUA LUIZ ANTONY 661 NOSSA SENHORA APARECIDA,870,1148791,RUA LUIZ ANTONY 809 NOSSA SENHORA APARECIDA,3693,0.008864831
1148729,RUA LUIZ ANTONY 661 NOSSA SENHORA APARECIDA,870,1148602,RUA LUIZ ANTONY 259 NOSSA SENHORA APARECIDA,9131,0.009549309
1148729,RUA LUIZ ANTONY 661 NOSSA SENHORA APARECIDA,870,1148955,RUA LUIZ ANTONY 1131 NOSSA SENHORA APARECIDA,3633,0.014487498
1148419,RUA LiItS SOARES 113 CONk AMAZONINO MENDES 2,871,1148419,RUA LUIS SOARES 113 CONJ AMAZONINO MENDES 2,944,0.04442343
1148419,RUA LiItS SOARES 113 CONk AMAZONINO MENDES 2,871,1148376,RUA LUIS SOARES 9 AMAZONINO MENDES II,4105,0.0637088
1148419,RUA LiItS SOARES 113 CONk AMAZONINO MENDES 2,871,968358,RUA 40 C 18 AMAZONINO MENDES I,6742,0.06827861
1148419,RUA LiItS SOARES 113 CONk AMAZONINO MENDES 2,871,1092135,RUA ENEIDA MORAES 93 AMAZONINO MENDES 2,1350,0.07019964
1148419,RUA LiItS SOARES 113 CONk AMAZONINO MENDES 2,871,968348,RUA 40 C 10 AMAZONINO MENDES I,6007,0.072689675
955518,RUA 17 318 ALVORADA,872,955518,RUA 17 318 ALVORADA,8446,1.4983696e-05
955518,RUA 17 318 ALVORADA,872,955542,RUA 17 337 ALVORADA,6344,0.010385695
955518,RUA 17 318 ALVORADA,872,975048,RUA 8 435 ALVORADA,2946,0.022504326
955518,RUA 17 318 ALVORADA,872,953282,RUA 15 287 ALVORADA,5355,0.026330905
955518,RUA 17 318 ALVORADA,872,953179,RUA 15 206 ALVORADA,8163,0.028102286
1105162,RUA GEISILENE FERREIRA 20 SATNA ETELVINA,873,1105162,RUA GEISILENE FERREIRA 20 SANTA ETELVINA,8121,0.032482825
1105162,RUA GEISILENE FERREIRA 20 SATNA ETELVINA,873,690710,RUA MATHIAS FERREIRA LIMA 450 WALDOMIRO SAMPAIO,3785,0.047720782
1105162,RUA GEISILENE FERREIRA 20 SATNA ETELVINA,873,1061572,RUA DALVA DE OLIVEIRA 45 TANCREDO NEVES,3967,0.05600784
1105162,RUA GEISILENE FERREIRA 20 SATNA ETELVINA,873,307058,RUA SHEILA REGINA 5541 TEIXEIRAO,5425,0.05936909
1105162,RUA GEISILENE FERREIRA 20 SATNA ETELVINA,873,377201,RUA EMILIA TEREZINHA MENDES 3543 ORLEANS,5320,0.0636908
906421,AVENIDA PROFESSOR NILTON LINS 600 FLORES,874,906421,AVENIDA PROFESSOR NILTON LINS 600 FLORES,2126,6.854394e-06
906421,AVENIDA PROFESSOR NILTON LINS 600 FLORES,874,906420,AVENIDA PROFESSOR NILTON LINS 600 FLORES,2467,0.0024334234
906421,AVENIDA PROFESSOR NILTON LINS 600 FLORES,874,906350,AVENIDA PROFESSOR NILTON LINS 600 FLORES,6503,0.015092506
906421,AVENIDA PROFESSOR NILTON LINS 600 FLORES,874,906920,AVENIDA PROFESSOR NILTON LINS 1061 FLORES,6557,0.01512372
906421,AVENIDA PROFESSOR NILTON LINS 600 FLORES,874,906686,AVENIDA PROFESSOR NILTON LINS 877 FLORES,4558,0.017365454
278210,RUA LRíO 6489 TRES MARIAS,875,278210,RUA LIRIO 6489 TRES MARIAS,9895,0.028682278
278210,RUA LRíO 6489 TRES MARIAS,875,288422,RUA NOVO HAMBURGO 1308 TRES MARIAS,9403,0.050570697
278210,RUA LRíO 6489 TRES MARIAS,875,244446,RUA CORRUPIAO 7286 TRES MARIAS,765,0.06046711
278210,RUA LRíO 6489 TRES MARIAS,875,225167,RUA ALTO BRASIL 6689 TRES MARIAS,1056,0.06750719
278210,RUA LRíO 6489 TRES MARIAS,875,306588,RUA SETE 219 TRES MARIAS,5732,0.0768906
410397,RUA CASTANHEIRA 2242 ST 3,876,410397,RUA CASTANHEIRAS 2242 ST 3,9213,0.025873385
410397,RUA CASTANHEIRA 2242 ST 3,876,134022,RUA CASTANHEIRA 3092 JK,2208,0.0772918
410397,RUA CASTANHEIRA 2242 ST 3,876,110008,RUA CASTRO ALVES 3537 ST 06,4613,0.07907611
410397,RUA CASTANHEIRA 2242 ST 3,876,290202,RUA PANDEIRO 1725 CASTANHEIRA,6686,0.079448014
410397,RUA CASTANHEIRA 2242 ST 3,876,560316,RUA CANINDE 463 BOSQUE,1321,0.08068507
461390,AVENDAJ K 126 BAIRRO BELA VSITA,877,461428,AVENIDA J K 853 BAIRRO BELA VISTA,6306,0.049161367
461390,AVENDAJ K 126 BAIRRO BELA VSITA,877,461390,AVENIDA J K 126 BAIRRO BELA VISTA,4141,0.051252954
461390,AVENDAJ K 126 BAIRRO BELA VSITA,877,461416,AVENIDA J K 617 BAIRRO BELA VISTA,8584,0.05877213
461390,AVENDAJ K 126 BAIRRO BELA VSITA,877,358897,AVENIDA B2 81 BAIRRO DA SAUDE,2657,0.07570596
461390,AVENDAJ K 126 BAIRRO BELA VSITA,877,358857,AVENIDA B1 26 BAIRRO DA SAUDE,2582,0.07627267
1133772,RUA JONATHAS PEDROSA 921 PRiACA 14 DE JAmEIRO,878,1133772,RUA JONATHAS PEDROSA 921 PRACA 14 DE JANEIRO,8011,0.02877359
1133772,RUA JONATHAS PEDROSA 921 PRiACA 14 DE JAmEIRO,878,1133938,RUA JONATHAS PEDROSA 1399 PRACA 14 DE JANEIRO,6076,0.03600474
1133772,RUA JONATHAS PEDROSA 921 PRiACA 14 DE JAmEIRO,878,1133828,RUA JONATHAS PEDROSA 1018 PRACA 14 DE JANEIRO,7171,0.0377435
1133772,RUA JONATHAS PEDROSA 921 PRiACA 14 DE JAmEIRO,878,1133833,RUA JONATHAS PEDROSA 1026 PRACA 14 DE JANEIRO,2693,0.037787076
1133772,RUA JONATHAS PEDROSA 921 PRiACA 14 DE JAmEIRO,878,1091696,RUA EMILIO MOREIRA 800 PRACA 14 DE JANEIRO,3307,0.07415375
983204,RUA AGUAS MARINHA 27 TANCREDO EVE5,879,983204,RUA AGUAS MARINHA 27 TANCREDO NEVES,799,0.039285753
983204,RUA AGUAS MARINHA 27 TANCREDO EVE5,879,988281,RUA AMAZOLANDIA 7 TANCREDO NEVES,4793,0.060187973
983204,RUA AGUAS MARINHA 27 TANCREDO EVE5,879,232173,RUA ARUBA 8192 TANCREDO NEVES,5273,0.07394677
983204,RUA AGUAS MARINHA 27 TANCREDO EVE5,879,1032932,RUA CASTANHO 142 TANCREDO NEVES,2306,0.074661374
983204,RUA AGUAS MARINHA 27 TANCREDO EVE5,879,987184,RUA ALTO PARAISO 22 JORGE TEIXEIRA,9172,0.07916921
25328,RUA MINAS GERAIS 3332 SETOR 05,880,25328,RUA MINAS GERAIS 3332 SETOR 05,1034,1.097335e-05
25328,RUA MINAS GERAIS 3332 SETOR 05,880,25353,RUA MINAS GERAIS 3524 SETOR 05,9486,0.013314822
25328,RUA MINAS GERAIS 3332 SETOR 05,880,25379,RUA MINAS GERAIS 3845 SETOR 05,7514,0.018757313
25328,RUA MINAS GERAIS 3332 SETOR 05,880,113850,RUA MINAS GERAIS 3347 SETOR 05,6968,0.022311743
25328,RUA MINAS GERAIS 3332 SETOR 05,880,113725,RUA MINAS GERAIS 1458 SETOR 04,2518,0.02427999
285907,RUA MONTE AZUL 1901 ZNOA SU1,881,330417,RUA 56A 10 NOVA MUTUM,5004,0.083220735
285907,RUA MONTE AZUL 1901 ZNOA SU1,881,1097157,RUA F OITI 98 CIDADE NOVA,438,0.08527305
285907,RUA MONTE AZUL 1901 ZNOA SU1,881,578647,RUA ITAPOAN 357 CONQUISTA,1275,0.08572528
285907,RUA MONTE AZUL 1901 ZNOA SU1,881,383517,RUA SERAFIM R CRUZ 507 SETOR ZICO,7779,0.08574582
285907,RUA MONTE AZUL 1901 ZNOA SU1,881,694752,RUA UM 90 MONTE SINAI,6600,0.09036054
239605,RUA CAgNTARINHO 4433 NOVA FLORESTA,882,239605,RUA CANTARINHO 4433 NOVA FLORESTA,9358,0.011224067
239605,RUA CAgNTARINHO 4433 NOVA FLORESTA,882,294054,RUA PINHEIRO 2247 NOVA FLORESTA,1573,0.034810957
239605,RUA CAgNTARINHO 4433 NOVA FLORESTA,882,294039,RUA PINHEIRO 2186 NOVA FLORESTA,6850,0.037194207
239605,RUA CAgNTARINHO 4433 NOVA FLORESTA,882,286636,RUA NETUNO 3570 NOVA FLORESTA,3893,0.044731945
239605,RUA CAgNTARINHO 4433 NOVA FLORESTA,882,307432,RUA SUCUPIRA 2914 NOVA FLORESTA,3122,0.045592308
242407,RUA CHICO MENDES 2054 SAOtRANCISCO,883,242407,RUA CHICO MENDES 2054 SAO FRANCISCO,8286,0.03648385
242407,RUA CHICO MENDES 2054 SAOtRANCISCO,883,767294,RUA ARMANDO MENDES 264 SAO FRANCISCOII,2543,0.063446745
242407,RUA CHICO MENDES 2054 SAOtRANCISCO,883,264559,RUA HIGIANOPOLIS 9084 SAO FRANCISCO,463,0.064365186
242407,RUA CHICO MENDES 2054 SAOtRANCISCO,883,767305,RUA ARMANDO MENDES 264 SAO FRANCISCOII,8568,0.064757995
242407,RUA CHICO MENDES 2054 SAOtRANCISCO,883,1109381,RUA GUERREIRO ANTONY 12 SAO FRANCICO,1627,0.07492058
319100,RUA DEELGADO MAURO DOS 666 AGENOR M DE CARVALHO,884,231912,RUA ARRUDA FONTES CABRAL 931 AGENOR M DE CARVALHO,1536,0.058203377
319100,RUA DEELGADO MAURO DOS 666 AGENOR M DE CARVALHO,884,298581,RUA RAIMUNDO CANTUARIA 4799 AGENOR M DE CARVALHO,2583,0.058992572
319100,RUA DEELGADO MAURO DOS 666 AGENOR M DE CARVALHO,884,231894,RUA ARRUDA FONTES CABRAL 800 AGENOR M DE CARVALHO,6983,0.062238302
319100,RUA DEELGADO MAURO DOS 666 AGENOR M DE CARVALHO,884,275302,RUA JOSE OROGO 4881 AGENOR M DE CARVALHO,8133,0.06328966
319100,RUA DEELGADO MAURO DOS 666 AGENOR M DE CARVALHO,884,298602,RUA RAIMUNDO CANTUARIA 4871 AGENOR M DE CARVALHO,9630,0.066220954
527213,RA FENRANDO GUAPINDAI 521 CENTO,885,637662,RAMAL PICAREIRA 520 AMAPA,9958,0.11932082
527213,RA FENRANDO GUAPINDAI 521 CENTO,885,510394,TRAVESSA RIO JURUA 3 1181 MIRITIZAL,7704,0.12413657
527213,RA FENRANDO GUAPINDAI 521 CENTO,885,216387,BECO DA BRASILLIA 1750 TUCUMANZAL,7440,0.13245144
527213,RA FENRANDO GUAPINDAI 521 CENTO,885,535415,SERINGAL HUMAITA 58 SEGUNDO DISTRITO,4859,0.1337536
527213,RA FENRANDO GUAPINDAI 521 CENTO,885,650108,RAMAL GLEBA F 4600 SENADOR GUIOMARD,5101,0.1426214
1059903,RUA DA PAZ 438 CIDADE DE DEU5,886,1059903,RUA DA PAZ 438 CIDADE DE DEUS,8573,0.04695315
1059903,RUA DA PAZ 438 CIDADE DE DEU5,886,1059605,RUA DA PAZ 242 CIDADE DE DEUS,7443,0.056381185
1059903,RUA DA PAZ 438 CIDADE DE DEU5,886,1059657,RUA DA PAZ 277 CIDADE NOVA,6978,0.06628618
1059903,RUA DA PAZ 438 CIDADE DE DEU5,886,1026255,RUA CAIENA 412 NOVA CIDADE,957,0.072166055
1059903,RUA DA PAZ 438 CIDADE DE DEU5,886,1012051,RUA BELEM 482 CIDADE DE DEUS,1966,0.07282467
212793,AVENIDA RIO DE JANERIO 2553 MATOcG ROSSO,887,212860,AVENIDA RIO DE JANEIRO 3074 ROQUE,6014,0.08031958
212793,AVENIDA RIO DE JANERIO 2553 MATOcG ROSSO,887,212759,AVENIDA RIO DE JANEIRO 2218 AREAL,5014,0.0821698
212793,AVENIDA RIO DE JANERIO 2553 MATOcG ROSSO,887,45753,AVENIDA RIO DE JANEIRO 498 NOVO CACOAL,2674,0.08255164
212793,AVENIDA RIO DE JANERIO 2553 MATOcG ROSSO,887,212962,AVENIDA RIO DE JANEIRO 4765 AGENOR M DE CARVALHO,68,0.085363835
212793,AVENIDA RIO DE JANERIO 2553 MATOcG ROSSO,887,45875,AVENIDA RIO DE JANEIRO 1126 NOVO CACOAL,1604,0.08772746
943352,IGAdAPE SEM DENOMINACAO 245 BETANIA,888,943352,IGARAPE SEM DENOMINACAO 245 BETANIA,9102,0.024391593
943352,IGAdAPE SEM DENOMINACAO 245 BETANIA,888,943349,IGARAPE SEM DENOMINACAO 1 BETANIA,7879,0.041646138
943352,IGAdAPE SEM DENOMINACAO 245 BETANIA,888,489086,BECO SEM DENOMINACAO 306 PARAISO,5784,0.0990565
943352,IGAdAPE SEM DENOMINACAO 245 BETANIA,888,494992,BECO SEM DENOMINACAO 448 REMANSO,4694,0.120985664
943352,IGAdAPE SEM DENOMINACAO 245 BETANIA,888,519063,TRAVESSA SEM DENOMINACAO 31 ZENAIDE PAIVA,1256,0.13122955
945766,dUA 03 67 CIDADE NOVA,889,946133,RUA 05 9 CIDADE NOVA,4967,0.07499053
945766,dUA 03 67 CIDADE NOVA,889,947415,RUA 1 2 CIDADE NOVA,101,0.08308041
945766,dUA 03 67 CIDADE NOVA,889,947460,RUA 1 5 CIDADE NOVA,3232,0.088649675
945766,dUA 03 67 CIDADE NOVA,889,966313,RUA 32 4 NOVA CIDADE,7620,0.09090933
945766,dUA 03 67 CIDADE NOVA,889,958004,RUA 2 6 CIDADE NOVA,617,0.09340587
87575,RUA ESPERANCA 1906 CIDADE ALTA,890,1093574,RUA ESPERANCA 59 CIDADE NOVA,6594,0.036016047
87575,RUA ESPERANCA 1906 CIDADE ALTA,890,457686,RUA MACAPA 1930 CIDADE BAIXA,265,0.066015586
87575,RUA ESPERANCA 1906 CIDADE ALTA,890,236039,RUA BOA ESPERANCA 91 PLANALTO,1830,0.068384886
87575,RUA ESPERANCA 1906 CIDADE ALTA,890,1111564,RUA HAVANA 185 NOVA CIDADE,7712,0.068682134
87575,RUA ESPERANCA 1906 CIDADE ALTA,890,1107778,RUA GRAVIOLA 23 CIDADE NOVA,9529,0.07167552
15983,RUA jCEU AZUL 4863 NfOE,891,768584,RUA JENIPAPO 283 MAE CREUZA,2069,0.09899773
15983,RUA jCEU AZUL 4863 NfOE,891,500051,RUA DO PARA 2063 CRUZEIRAO,3460,0.09918772
15983,RUA jCEU AZUL 4863 NfOE,891,654954,RUA MARANHAO 1667 CSU,8467,0.1036257
15983,RUA jCEU AZUL 4863 NfOE,891,500186,RUA DO PURUS 791 SABOEIRO,2617,0.107749216
15983,RUA jCEU AZUL 4863 NfOE,891,330277,RUA 54A 10 NOVA MUTUM,5805,0.109242976
975729,RUAc 9 207 dAMAONINO MENDES,892,975729,RUA 9 207 AMAZONINO MENDES,4863,0.05494006
975729,RUAc 9 207 dAMAONINO MENDES,892,975736,RUA 9 213 AMAZONINO MENDES,8394,0.061694667
975729,RUAc 9 207 dAMAONINO MENDES,892,975755,RUA 9 243 AMAZONINO MENDES,506,0.067035064
975729,RUAc 9 207 dAMAONINO MENDES,892,964385,RUA 27 2 AMAZONINO MENDES I,3451,0.070223644
975729,RUAc 9 207 dAMAONINO MENDES,892,968358,RUA 40 C 18 AMAZONINO MENDES I,6742,0.07572043
1092720,ERMANO ESTRADELI RUA 172 SAk,893,1098587,RUA FILADELFIA 15 GILBERTO MESTRINHO,5458,0.09802649
1092720,ERMANO ESTRADELI RUA 172 SAk,893,299736,RUA RINO LEVI 5235 TEIXEIRAO,1131,0.09911481
1092720,ERMANO ESTRADELI RUA 172 SAk,893,1019853,RUA BOULEVARD SA PEIXOTO 124 EDUCANDOS,1658,0.099741325
1092720,ERMANO ESTRADELI RUA 172 SAk,893,982878,RUA AGATA 20 TANCREDO NEVES,4381,0.10045502
1092720,ERMANO ESTRADELI RUA 172 SAk,893,1106376,RUA GIRASSOL 20 COROADO,4528,0.101958774
540476,UM AVEIDA 580 BAIRRO SAO FRANCISCO,894,540476,AVENIDA UM 580 BAIRRO SAO FRANCISCO,7715,0.025045041
540476,UM AVEIDA 580 BAIRRO SAO FRANCISCO,894,540487,AVENIDA UM 690 BAIRRO SAO FRANCISCO,2998,0.030906107
540476,UM AVEIDA 580 BAIRRO SAO FRANCISCO,894,696108,RUA AMIZADE 208 SAO FRANCISCO,9476,0.07496861
540476,UM AVEIDA 580 BAIRRO SAO FRANCISCO,894,1037233,RUA CENTRAL PARK 498 BAIRRO SAO FRANCISCO,5262,0.076017275
540476,UM AVEIDA 580 BAIRRO SAO FRANCISCO,894,456823,AVENIDA SAO FRANCISCO 4790 CIDADE ALTA,9406,0.07620321
717402,RIOPURUS PURUS 6 RIi PUURS,895,717613,RIO PURUS 18 RIO PURUS,7341,0.13528803
717402,RIOPURUS PURUS 6 RIi PUURS,895,717402,RIO PURUS 6 RIO PURUS,8508,0.1388358
717402,RIOPURUS PURUS 6 RIi PUURS,895,717493,RIO PURUS 11 RIO PURUS,8749,0.13993782
717402,RIOPURUS PURUS 6 RIi PUURS,895,717739,RIO PURUS 32 RIO PURUS,6284,0.14361355
717402,RIOPURUS PURUS 6 RIi PUURS,895,737668,RAMAL PURUPURU 352 PURUPURU,5820,0.15424874
30982,RUA SàO VICENTE 2974 SETOR 3,896,30982,RUA SAO VICENTE 2974 SETOR 3,9305,0.02816422
30982,RUA SàO VICENTE 2974 SETOR 3,896,436348,RUA TUCANO 2481 SETOR 05,6142,0.059407987
30982,RUA SàO VICENTE 2974 SETOR 3,896,30319,RUA SABURANA 1776 SETOR 01,9765,0.060602523
30982,RUA SàO VICENTE 2974 SETOR 3,896,33166,RUA VITORIA 2687 SETOR 3,1130,0.061482303
30982,RUA SàO VICENTE 2974 SETOR 3,896,22462,RUA JOAO PESSOA 2339 SETOR 3,7833,0.064962596
394882,AVENIDA PRINCESA IZABEL 7855 SANTA LZIâ,897,394882,AVENIDA PRINCESA IZABEL 7855 SANTA LUZIA,9235,0.022335265
394882,AVENIDA PRINCESA IZABEL 7855 SANTA LZIâ,897,104318,AVENIDA PRINCESA ISABEL 1732 GUAJARA MIRIM,307,0.0668415
394882,AVENIDA PRINCESA IZABEL 7855 SANTA LZIâ,897,104310,AVENIDA PRINCESA ISABEL 1655 GUAJARA MIRIM,9008,0.067570485
394882,AVENIDA PRINCESA IZABEL 7855 SANTA LZIâ,897,397805,AVENIDA PRINCESA ISABEL 5789 CENTRO,5699,0.07071896
394882,AVENIDA PRINCESA IZABEL 7855 SANTA LZIâ,897,348628,AVENIDA TEREZINA 5435 PLANALTO,2769,0.07474441
899754,VNEEZUELA 52 TANCREDO GILvERTO MESTRINHO,898,899754,AVENIDA VENEZUELA 52 TANCREDO NEVES GILBERTO MESTRINHO,9019,0.085131675
899754,VNEEZUELA 52 TANCREDO GILvERTO MESTRINHO,898,899786,AVENIDA VENEZUELA 200 TANCREDO NEVES GILBERTO MESTRINHO,7195,0.09117013
899754,VNEEZUELA 52 TANCREDO GILvERTO MESTRINHO,898,623703,TRAVESSA COELHO 495 MAURI SERGIO,4965,0.09782482
899754,VNEEZUELA 52 TANCREDO GILvERTO MESTRINHO,898,626273,TRAVESSA FORTALEZA 56 TANCREDO NEVES,66,0.09973688
899754,VNEEZUELA 52 TANCREDO GILvERTO MESTRINHO,898,923337,BECO MARCOS BARROS 91 GILBERTO MESTRINHO,671,0.10210235
868065,AVENîDA CRISTO REI 167 COROADO COROADO II,899,867920,AVENIDA CRISTO REI 49 COROADO III,5691,0.07871206
868065,AVENîDA CRISTO REI 167 COROADO COROADO II,899,868065,AVENIDA CRISTO REI 167 COROADO III,2908,0.08472195
868065,AVENîDA CRISTO REI 167 COROADO COROADO II,899,921850,BECO JESUS SALVADOR 1 COROADO,3847,0.11427447
868065,AVENîDA CRISTO REI 167 COROADO COROADO II,899,921855,BECO JESUS SALVADOR 11 COROADO,6232,0.11846861
868065,AVENîDA CRISTO REI 167 COROADO COROADO II,899,704088,COMUNIDADE BOM PASTOR 2 24 SURURUA,4877,0.1346499
185117,RUA ITAMAURU GOES DE SIQUEIRA 292 JARDIM AEROPORTO,900,185117,RUA ITAMAURU GOES DE SIQUEIRA 292 JARDIM AEROPORTO,6510,6.2179565e-06
185117,RUA ITAMAURU GOES DE SIQUEIRA 292 JARDIM AEROPORTO,900,403546,RUA ULISSES GUIMALHAES 4399 BAIRRO JARDIM AMERICA,7937,0.06414369
185117,RUA ITAMAURU GOES DE SIQUEIRA 292 JARDIM AEROPORTO,900,183177,RUA CELSO CARMINATI 568 JARDIM AEROPORTO,9446,0.07383232
185117,RUA ITAMAURU GOES DE SIQUEIRA 292 JARDIM AEROPORTO,900,489821,RUA RAIMUNDO HENRIQUE DE ARAUJO 361 QUIXADAMORIM,1949,0.07591968
185117,RUA ITAMAURU GOES DE SIQUEIRA 292 JARDIM AEROPORTO,900,558536,RUA BOULEVARD AUGUSTO MONTEIRO 302 BAIRRO 15,862,0.077653445
596051,RU AlRIMAVERA 370 AJRDIM BELO 1,901,1141642,RUA LABREA 331 GRANDE VITORIA,7995,0.09287582
596051,RU AlRIMAVERA 370 AJRDIM BELO 1,901,1081451,RUA DOIS 621 GRANDE VITORIA,9367,0.09457618
596051,RU AlRIMAVERA 370 AJRDIM BELO 1,901,290331,RUA PANTEON 7205 TEIXEIRAO,6697,0.10265379
596051,RU AlRIMAVERA 370 AJRDIM BELO 1,901,1145723,RUA LINHARES 265 GRANDE VITORIA,2688,0.10405022
596051,RU AlRIMAVERA 370 AJRDIM BELO 1,901,606383,RUA TIAO NATUREZA 347 VITORIA,3132,0.10564718
92494,ESTRADA PCAARANA 2 ESIPAGO DO OESTE,902,92494,ESTRADA PACARANA 2 ESPIGAO DO OESTE,6881,0.08537553
92494,ESTRADA PCAARANA 2 ESIPAGO DO OESTE,902,415706,ESTRADA SARACURA 9 PA BURITI,9120,0.0974673
92494,ESTRADA PCAARANA 2 ESIPAGO DO OESTE,902,449695,ESTRADA MASSANGANA 76 MONTE NEGRO,1631,0.09988125
92494,ESTRADA PCAARANA 2 ESIPAGO DO OESTE,902,781908,ESTRADA DA VARZEA 83 IPIXUNA,4987,0.105121054
92494,ESTRADA PCAARANA 2 ESIPAGO DO OESTE,902,781892,ESTRADA DA VARZEA 70 IPIXUNA,3493,0.10964557
1051848,RUA CUPIUBA 285 JOGE ETIXEIRA,903,1051848,RUA CUPIUBA 285 JORGE TEIXEIRA,6036,0.02300562
1051848,RUA CUPIUBA 285 JOGE ETIXEIRA,903,1051343,RUA CUBIU 22 JORGE TEIXEIRA,9029,0.061386116
1051848,RUA CUPIUBA 285 JOGE ETIXEIRA,903,1103966,RUA GAIVOTA 449 TANCREDO NEVES,9057,0.070665985
1051848,RUA CUPIUBA 285 JOGE ETIXEIRA,903,1029963,RUA CARAUACU 26 JORGE TEIXEIRA,3320,0.071929395
1051848,RUA CUPIUBA 285 JOGE ETIXEIRA,903,1126529,RUA JAMBU 812 JORGE TEIXEIRA,7111,0.07502383
928310,BECO SAOu RFANCISCO 301 CHAPAA,904,915196,BECO CELESTINO 23 CACHOEIRINHA,8479,0.06803607
928310,BECO SAOu RFANCISCO 301 CHAPAA,904,934616,BECO SANTA RITA 1007 COROADO,7523,0.0806369
928310,BECO SAOu RFANCISCO 301 CHAPAA,904,796063,BECO TEODORICO NUNES 538 JAUARY I,243,0.083358325
928310,BECO SAOu RFANCISCO 301 CHAPAA,904,796049,BECO TEODORICO NUNES 482 JAUARY I,5773,0.08373843
928310,BECO SAOu RFANCISCO 301 CHAPAA,904,652085,BECO FRANCISQUINHO 48 VITORIA,1990,0.093448766
216269,BECO ATUM 3988 CALADINi,905,216269,BECO ATUM 3988 CALADINHO,9631,0.03945692
216269,BECO ATUM 3988 CALADINi,905,64623,ALDEIA SURUIS 259 CACOAL,2368,0.11738448
216269,BECO ATUM 3988 CALADINi,905,650924,RAMAL TREIS MARIA 3662 None,3404,0.1297893
216269,BECO ATUM 3988 CALADINi,905,650304,RAMAL MULUNGU 37 None,3026,0.13731694
216269,BECO ATUM 3988 CALADINi,905,659388,RAMAL DO 25 10 CACIRIAN,5391,0.13745491
822244,PEREIRA SOBRINHO BECO 3281 VILA FALCAO,906,822244,BECO PEREIRA SOBRINHO 3281 VILA FALCAO,2052,0.017558172
822244,PEREIRA SOBRINHO BECO 3281 VILA FALCAO,906,54841,RUA JOSE BONIFACIO 3838 VILAGE DO SOL,1998,0.066265166
822244,PEREIRA SOBRINHO BECO 3281 VILA FALCAO,906,823268,RUA DO LAGO PRETO 3679 VILA FALCAO,6926,0.07548207
822244,PEREIRA SOBRINHO BECO 3281 VILA FALCAO,906,287984,RUA NOVA ESPERANCA 3721 CALADINHO,4407,0.08495527
822244,PEREIRA SOBRINHO BECO 3281 VILA FALCAO,906,47275,RUA 0LINTO FOLI 4013 VILAGE DO SOL,9964,0.089700736
340608,RUA GOVERNADOR OSVpALDO PIANA FILHvO 1607 çNETRO,907,340608,RUA GOVERNADOR OSVALDO PIANA FILHO 1607 CENTRO,2401,0.080026634
340608,RUA GOVERNADOR OSVpALDO PIANA FILHvO 1607 çNETRO,907,790947,RUA DEPUTADO ALFREDO 2660 GRACA LOPES,9912,0.09237482
340608,RUA GOVERNADOR OSVpALDO PIANA FILHvO 1607 çNETRO,907,1147186,RUA LOPES CORDOVIL 425 ALVORADA,3115,0.09626177
340608,RUA GOVERNADOR OSVpALDO PIANA FILHvO 1607 çNETRO,907,1147210,RUA LOPES CORDOVIL 445 ALVORADA,9675,0.096781015
340608,RUA GOVERNADOR OSVpALDO PIANA FILHvO 1607 çNETRO,907,426815,RUA FRANCISCO NONATO PENSADOR 200 NOVO H0RIZONTE,1086,0.09861636
179214,LINHA 126 OU 13 36 LINHA 13 OU 126,908,179214,LINHA 126 OU 13 36 LINHA 13 OU 126,640,2.2694712e-05
179214,LINHA 126 OU 13 36 LINHA 13 OU 126,908,179483,LINHA 134 OU 05 14 05 NORTE,8860,0.096419096
179214,LINHA 126 OU 13 36 LINHA 13 OU 126,908,179437,LINHA 134 OU 05 6 05 NORTE,1552,0.102575295
179214,LINHA 126 OU 13 36 LINHA 13 OU 126,908,165264,LINHA QUARTA 2340 2 LINHA GL G,5655,0.14300208
179214,LINHA 126 OU 13 36 LINHA 13 OU 126,908,437388,LINHA LINHA B 106 31 LINHA B 106,34,0.14628562
602579,RUA SAOPEpDRO 115 LAELIA ALCANTARA,909,602579,RUA SAO PEDRO 115 LAELIA ALCANTARA,9077,0.055449203
602579,RUA SAOPEpDRO 115 LAELIA ALCANTARA,909,573298,RUA FLAMENGO 208 LAELIA ALCANTARA,4755,0.06519293
602579,RUA SAOPEpDRO 115 LAELIA ALCANTARA,909,639543,RUA FLAMENGO 609 LAELIA ALCANTARA,9096,0.06533785
602579,RUA SAOPEpDRO 115 LAELIA ALCANTARA,909,516039,RUA ARICURI 1512 ZENAIDE PAIVA,830,0.069538556
602579,RUA SAOPEpDRO 115 LAELIA ALCANTARA,909,594817,RUA PLACIDO DE CASTRO 77 LAELIA ALCANTARA,6219,0.06980503
1013370,RUA BELO HORIOZNT 1830 ADRIANkPOLIS,910,1013370,RUA BELO HORIZONTE 1830 ADRIANOPOLIS,3964,0.07214643
1013370,RUA BELO HORIOZNT 1830 ADRIANkPOLIS,910,1013245,RUA BELO HORIZONTE 1375 ADRIANOPOLIS,3109,0.073616415
1013370,RUA BELO HORIOZNT 1830 ADRIANkPOLIS,910,1100827,RUA FORTALEZA 523 ADRIANOPOLIS,5335,0.08499888
1013370,RUA BELO HORIOZNT 1830 ADRIANkPOLIS,910,823189,RUA DEOCLECIANO SAMPAIO 1027 PANTANAL,601,0.08764045
1013370,RUA BELO HORIOZNT 1830 ADRIANkPOLIS,910,584151,RUA LOURIVAL RIBEIRO 387 TAQUARI,7142,0.09404482
716796,IGARAPE FLORESTA 8 RIO ACRE,911,716796,IGARAPE FLORESTA 8 RIO ACRE,1534,2.863329e-05
716796,IGARAPE FLORESTA 8 RIO ACRE,911,216190,BECO ACARA 2346 NOVA FLORESTA,1475,0.104331195
716796,IGARAPE FLORESTA 8 RIO ACRE,911,672989,RAMAL NOVA ESPERANCA 58 PORTO ACRE,6082,0.10656065
716796,IGARAPE FLORESTA 8 RIO ACRE,911,723102,RIO MARIMARI 5 ALDEIA JACARE,9642,0.11425106
716796,IGARAPE FLORESTA 8 RIO ACRE,911,754295,PARADOURO COPEA 18 NOVA JERUSALEM,4293,0.12301285
999040,RUA ARESNAL DE MARINHA 514 COL0NIA OLIVEIRA AMCHADO,912,999040,RUA ARSENAL DE MARINHA 514 COLONIA OLIVEIRA MACHADO,5498,0.019942004
999040,RUA ARESNAL DE MARINHA 514 COL0NIA OLIVEIRA AMCHADO,912,1038194,RUA CHICO QUEIROZ 5 COLONIA OLIVEIRA MACHADO,1474,0.054004274
999040,RUA ARESNAL DE MARINHA 514 COL0NIA OLIVEIRA AMCHADO,912,1033189,RUA CASTELO BRANCO 18 COLONIA OLIVEIRA MACHADO,9751,0.05884904
999040,RUA ARESNAL DE MARINHA 514 COL0NIA OLIVEIRA AMCHADO,912,1056319,RUA DA CONQUISTA 25 COLONIA OLIVEIRA MACHADO,5589,0.062794775
999040,RUA ARESNAL DE MARINHA 514 COL0NIA OLIVEIRA AMCHADO,912,1089045,RUA E 67 COLONIA OLIVEIRA MACHADO,2489,0.06646933
420467,AVENIDA JOAO FALçAO FALçAO 2535 SETOe 1,913,420467,AVENIDA JOAO FALCAO 2535 SETOR 1,6389,0.05291642
420467,AVENIDA JOAO FALçAO FALçAO 2535 SETOe 1,913,39884,AVENIDA ANTONIO JOAO 507 NOVO CACOAL,7021,0.09817008
420467,AVENIDA JOAO FALçAO FALçAO 2535 SETOe 1,913,494879,AVENIDA SAO PAULO 251 FLORESTA,1112,0.10136073
420467,AVENIDA JOAO FALçAO FALçAO 2535 SETOe 1,913,204288,AVENIDA AVENIDA PINHEIRO MACHADO 2686 SAO CRISTOVAO,4431,0.10228422
420467,AVENIDA JOAO FALçAO FALçAO 2535 SETOe 1,913,902382,AVENIDA DESEMBARGADOR JOAO MACHADO 488 ALVORADA,6739,0.108209044
1120048,RUA IRACY IRACY NEVESb 66 DISTRIbTO INDUSTRIAL 1 E 2 2,914,1120030,RUA IRACY NEVES 43 DISTRITO INDUSTRIAL 1 E 2,5327,0.07641329
1120048,RUA IRACY IRACY NEVESb 66 DISTRIbTO INDUSTRIAL 1 E 2 2,914,1120048,RUA IRACY NEVES 66 DISTRITO INDUSTRIAL 1 E 2,41,0.07674676
1120048,RUA IRACY IRACY NEVESb 66 DISTRIbTO INDUSTRIAL 1 E 2 2,914,910510,BECO ANTONIO PIZZONIA 420 DISTRITO INDUSTRIAL 1 E 2,5566,0.10609548
1120048,RUA IRACY IRACY NEVESb 66 DISTRIbTO INDUSTRIAL 1 E 2 2,914,919415,BECO ERNESTO HENRIQUE 75 DISTRITO 1 E 2,1521,0.114696
1120048,RUA IRACY IRACY NEVESb 66 DISTRIbTO INDUSTRIAL 1 E 2 2,914,1152652,RUA MANACAPURU 63 TANCREDO NEVES NOVA CONQUISTA,7710,0.11680883
548053,RUA f12 DE OUTUBRO 562 FLORESTA,915,548053,RUA 12 DE OUTUBRO 562 FLORESTA,8797,0.021411797
548053,RUA f12 DE OUTUBRO 562 FLORESTA,915,548497,RUA 2 DE DEZEMBRO 192 SOBRAL,2613,0.063135594
548053,RUA f12 DE OUTUBRO 562 FLORESTA,915,219846,RUA 12 DE DEZEMBRO 3642 CASTANHEIRA,9451,0.07482389
548053,RUA f12 DE OUTUBRO 562 FLORESTA,915,549098,RUA 3 DE AGOSTO 280 SOBRAL,6843,0.07698852
548053,RUA f12 DE OUTUBRO 562 FLORESTA,915,548696,RUA 25 DE DEZEMBR0 558 FLORESTA,8490,0.07698911
248299,RUA DAS ORQUIDEAS 6375 ELDOARDO,916,248299,RUA DAS ORQUIDEAS 6375 ELDORADO,1496,0.016558763
248299,RUA DAS ORQUIDEAS 6375 ELDOARDO,916,247740,RUA DAS CARMELIAS 5572 ELDORADO,9579,0.05233117
248299,RUA DAS ORQUIDEAS 6375 ELDOARDO,916,247701,RUA DAS CARMELIAS 644 ELDORADO,6806,0.06439724
248299,RUA DAS ORQUIDEAS 6375 ELDOARDO,916,240806,RUA CARMELIAS 6551 ELDORADO,3663,0.06639031
248299,RUA DAS ORQUIDEAS 6375 ELDOARDO,916,240826,RUA CARMELIAS 6641 ELDORADO,2561,0.070125744
37997,vRUA vRUA AIMORES 3487 CENTR0,917,468110,RUA MARACATIARA 3753 SUMAUMA,8810,0.17200217
37997,vRUA vRUA AIMORES 3487 CENTR0,917,11930,RUA ALDEBARAN 4921 RURAL,6170,0.1821906
37997,vRUA vRUA AIMORES 3487 CENTR0,917,31257,RUA SIRIUS 4907 RURAL,5021,0.18412769
37997,vRUA vRUA AIMORES 3487 CENTR0,917,60887,RUA UIRAPURU 2999 TEIXEIRAO,5284,0.18687515
37997,vRUA vRUA AIMORES 3487 CENTR0,917,27437,RUA PARIZ 5321 RES ALVORADA,2736,0.1879906
445468,xRUA RIO BRANCO 2144 CENTRO,918,445468,RUA RIO BRANCO 2144 CENTRO,8764,0.041446738
445468,xRUA RIO BRANCO 2144 CENTRO,918,442560,RUA RIO BRANCO 3060 CENTRO,264,0.06619036
445468,xRUA RIO BRANCO 2144 CENTRO,918,354903,RUA RIO VERDE 4721 CENTRO,6073,0.07019234
445468,xRUA RIO BRANCO 2144 CENTRO,918,354914,RUA RIO VERDE 4797 CENTRO,8041,0.071105674
445468,xRUA RIO BRANCO 2144 CENTRO,918,467815,RUA CEREJEIRA 3781 CENTRO,4678,0.07483472
1096673,URA F 30 CAMoOS SALES,919,1096673,RUA F 30 CAMPOS SALES,5684,0.12534644
1096673,URA F 30 CAMoOS SALES,919,1096340,RUA F 10 CAMPOS SALES,7432,0.12703083
1096673,URA F 30 CAMoOS SALES,919,1029661,RUA CARAJAS 64 C NOVA,292,0.14211082
1096673,URA F 30 CAMoOS SALES,919,1029628,RUA CARAJAS 32 C NOVA,5538,0.14406018
1096673,URA F 30 CAMoOS SALES,919,1029640,RUA CARAJAS 43 C NOVA,3271,0.1456539
794632,AVENIAD MARIO ANDREZAA 3226 SAO FRACISCO,920,910327,BECO AMIZADE 334 SAO JOSE OPERARIO,3790,0.09604001
794632,AVENIAD MARIO ANDREZAA 3226 SAO FRACISCO,920,927441,BECO SANTA ETEVINA 356 SAO LAZARO,9137,0.09653078
794632,AVENIAD MARIO ANDREZAA 3226 SAO FRACISCO,920,937069,BECO SAO JORGE 92 ALVORADA,2737,0.09751393
794632,AVENIAD MARIO ANDREZAA 3226 SAO FRACISCO,920,937083,BECO SAO JORGE 161 SAO RAIMUNDO,2943,0.10075638
794632,AVENIAD MARIO ANDREZAA 3226 SAO FRACISCO,920,643672,RAMAL SAO GERONIMO 53 RODRIGUES ALVES,8684,0.102741286
140016,RUA CEOPORANGA 980 DUQU CAXIAS DE,921,140016,RUA ECOPORANGA 980 DUQUE DE CAXIAS,9240,0.059077624
140016,RUA CEOPORANGA 980 DUQU CAXIAS DE,921,1029963,RUA CARAUACU 26 JORGE TEIXEIRA,3320,0.07965319
140016,RUA CEOPORANGA 980 DUQU CAXIAS DE,921,657325,RUA DUQUE DE CAXIAS 1325 CSU,7642,0.09036721
140016,RUA CEOPORANGA 980 DUQU CAXIAS DE,921,1051343,RUA CUBIU 22 JORGE TEIXEIRA,9029,0.100060105
140016,RUA CEOPORANGA 980 DUQU CAXIAS DE,921,1130581,RUA JOANA DARC 7 ZUMBI DOS PALMARES,9738,0.100857854
519222,TRAVESSA WALDEMAR S Dë LIMA 351 BEsLA VIST,922,519222,TRAVESSA WALDEMAR S DE LIMA 351 BELA VISTA,5148,0.06374474
519222,TRAVESSA WALDEMAR S Dë LIMA 351 BEsLA VIST,922,532008,TRAVESSA RAIMUNDO DO T. DE CARVALHO 40 CAGEACRE,3944,0.09374197
519222,TRAVESSA WALDEMAR S Dë LIMA 351 BEsLA VIST,922,518478,TRAVESSA GETULIO VARGAS 605 CIDADE NOVA,3516,0.09486771
519222,TRAVESSA WALDEMAR S Dë LIMA 351 BEsLA VIST,922,843400,TRAVESSA ALVARAES 330 APARECIDA,4953,0.09654785
519222,TRAVESSA WALDEMAR S Dë LIMA 351 BEsLA VIST,922,621330,TRAVESSA ANA MARIA 79 DOCA FURTADO,8228,0.0969969
647943,RUA ROBERTO ROLA 1230 CENRO,923,647943,RUA ROBERTO ROLA 1230 CENTRO,2094,0.011725918
647943,RUA ROBERTO ROLA 1230 CENRO,923,676377,RUA RUI BARBOSA 383 CENTRO,810,0.055285428
647943,RUA ROBERTO ROLA 1230 CENRO,923,59920,RUA RUI BARBOSA 1260 CENTRO,3564,0.062356737
647943,RUA ROBERTO ROLA 1230 CENRO,923,719614,RUA DANILO AREOSA 531 RECREIO,4565,0.06748136
647943,RUA ROBERTO ROLA 1230 CENRO,923,1098381,RUA FERREIRA PENA 1194 CENTRO,1052,0.07294774
535966,ALAMEDA PORTUGAL 770 CONUJNTO ESPERNACA,924,535966,ALAMEDA PORTUGAL 770 CONJUNTO ESPERANCA,2923,0.03177295
535966,ALAMEDA PORTUGAL 770 CONUJNTO ESPERNACA,924,535981,ALAMEDA PORTUGAL 1457 JARDIM EUROPA,4387,0.072836556
535966,ALAMEDA PORTUGAL 770 CONUJNTO ESPERNACA,924,844280,TRAVESSA ALMIRANTE TAMANDARE 1186 APARECIDA,3556,0.110341474
535966,ALAMEDA PORTUGAL 770 CONUJNTO ESPERNACA,924,850855,ALAMEDA ALEMANHA 67 PONTA NEGRA RESIDENCIAL JARDIM EUROPA 0,921,0.11076696
535966,ALAMEDA PORTUGAL 770 CONUJNTO ESPERNACA,924,851116,ALAMEDA CHINA 131 PONTA NEGRA,8448,0.11395602
454256,LINHA LINHA 41 34 LINHA 41 KM KM 4 PRIMAVERA DE RONDONIA,925,454256,LINHA LINHA 41 34 LINHA 41 KM 4 PRIMAVERA DE RONDONIA,3737,0.006386875
454256,LINHA LINHA 41 34 LINHA 41 KM KM 4 PRIMAVERA DE RONDONIA,925,454243,LINHA LINHA 41 17 LINHA 41 KM 4 PRIMAVERA DE RONDONIA,9741,0.010247152
454256,LINHA LINHA 41 34 LINHA 41 KM KM 4 PRIMAVERA DE RONDONIA,925,447154,LINHA 81 440 LNHA 81 KM 60,4043,0.091445
454256,LINHA LINHA 41 34 LINHA 41 KM KM 4 PRIMAVERA DE RONDONIA,925,447148,LINHA 81 360 LH 81 KM 68 SENTIDO A LH 84,2608,0.10440464
454256,LINHA LINHA 41 34 LINHA 41 KM KM 4 PRIMAVERA DE RONDONIA,925,437311,LINHA LINHA 02 24 AMERICO VENTURA,1489,0.10482247
55354,RUA J0SE MhARQUES DE OLIVEIRA 5063 RIlOZINHO,926,656150,RUA REMARQUE DE QUEIROZ 725 ANA ALVES VIEIRA,2257,0.07888244
55354,RUA J0SE MhARQUES DE OLIVEIRA 5063 RIlOZINHO,926,55560,RUA JOSE TOMAZ DE AQUINO 4194 JOSINO BRITO,3213,0.07957668
55354,RUA J0SE MhARQUES DE OLIVEIRA 5063 RIlOZINHO,926,55521,RUA JOSE TOMAZ DE AQUINO 3915 JOSINO BRITO,8359,0.08117428
55354,RUA J0SE MhARQUES DE OLIVEIRA 5063 RIlOZINHO,926,55922,RUA LOURIVAL MARTINS VIEIRA 3838 TEIXEIRAO,7923,0.081188515
55354,RUA J0SE MhARQUES DE OLIVEIRA 5063 RIlOZINHO,926,553571,RUA ANTONIO P DA SILVA 417 JORGE LAVOCAT,3244,0.08284249
925861,BECO PRIMEIRO MAIO 138 SrAO,927,932346,BECO VIANA 391 REDENCAO,6537,0.09303037
925861,BECO PRIMEIRO MAIO 138 SrAO,927,934762,BECO SANTO AMARO 23 REDENCAO,8907,0.09387694
925861,BECO PRIMEIRO MAIO 138 SrAO,927,701368,BECO RENOVACAO 166 CENTRO,3519,0.094961494
925861,BECO PRIMEIRO MAIO 138 SrAO,927,541047,BECO BREJAO 72 CENTRO,3614,0.09586586
925861,BECO PRIMEIRO MAIO 138 SrAO,927,931528,BECO TODOS OS SANTOS 515 REDENCAO,718,0.10196301
60031,RúA 1074 TEIXEIRAO,928,60031,RUA RURAL 1074 TEIXEIRAO,3884,0.11397551
60031,RúA 1074 TEIXEIRAO,928,722079,RIO AUTAZ ACU 476 LIMAO,7705,0.12439509
60031,RúA 1074 TEIXEIRAO,928,637662,RAMAL PICAREIRA 520 AMAPA,9958,0.12968633
60031,RúA 1074 TEIXEIRAO,928,922486,BECO KIMURA 4 JAPIIM,8265,0.13223356
60031,RúA 1074 TEIXEIRAO,928,694171,RIO RIO AUTAZ ACU 6 CURRUSA,7930,0.14537406
615433,RUA PRINCESà ISABfL 54 ESTxACAO EXPERIMENTAL,929,579278,RUA JAQUELINE1 129 ESTACAO EXPERIMENTAL,9993,0.08152516
615433,RUA PRINCESà ISABfL 54 ESTxACAO EXPERIMENTAL,929,615433,RUA PRINCESA ISABEL 54 ESTACAO EXPERIMENTAL,5241,0.08392855
615433,RUA PRINCESà ISABfL 54 ESTxACAO EXPERIMENTAL,929,615509,RUA PRINCESA ISABEL 263 ESTACAO EXPERIMENTAL,2403,0.08680123
615433,RUA PRINCESà ISABfL 54 ESTxACAO EXPERIMENTAL,929,615544,RUA PRINCESA ISABEL 403 ESTACAO EXPERIMENTAL,5230,0.092122324
615433,RUA PRINCESà ISABfL 54 ESTxACAO EXPERIMENTAL,929,578342,RUA ISAURA PARENTE 1727 ESTACAO EXPERIMENTAL,5238,0.10318551
274819,RUA JOSE DE ALENCRA 3720 OLRAI,930,274819,RUA JOSE DE ALENCAR 3720 OLARIA,4337,0.03359097
274819,RUA JOSE DE ALENCRA 3720 OLRAI,930,274770,RUA JOSE DE ALENCAR 3371 OLARIA,9011,0.050791305
274819,RUA JOSE DE ALENCRA 3720 OLRAI,930,274773,RUA JOSE DE ALENCAR 3412 OLARIA,6936,0.05303882
274819,RUA JOSE DE ALENCRA 3720 OLRAI,930,274796,RUA JOSE DE ALENCAR 3576 OLARIA,9083,0.05432123
274819,RUA JOSE DE ALENCRA 3720 OLRAI,930,274863,RUA JOSE DE ALENCAR 3849 OLARIA,9487,0.054701682
834833,RUA çONCEICàO BASTOS 1820 LIBERDEA,931,1004603,RUA B 1779 CAMPOS SALES,2710,0.072903685
834833,RUA çONCEICàO BASTOS 1820 LIBERDEA,931,599122,RUA RIACHUELO 367 BOSQUE,1242,0.074800834
834833,RUA çONCEICàO BASTOS 1820 LIBERDEA,931,312562,RUA TUCUNARE 33 LAGOA,2637,0.07655074
834833,RUA çONCEICàO BASTOS 1820 LIBERDEA,931,156341,RUA TUBARAO 1740 CAFEZINHO,9291,0.08007263
834833,RUA çONCEICàO BASTOS 1820 LIBERDEA,931,233392,RUA BANGU 3400 LAGOINHA,6108,0.08062498
1111572,HeAVANA RUA 211 NOfA iCIDADE,932,1029335,RUA CANUMA 140 JAPIIM,449,0.13255525
1111572,HeAVANA RUA 211 NOfA iCIDADE,932,329731,RUA 41 B 8 N0VA MUTUM,8357,0.1378496
1111572,HeAVANA RUA 211 NOfA iCIDADE,932,1006203,RUA BAGDA 21 TARUMA,5076,0.14200857
1111572,HeAVANA RUA 211 NOfA iCIDADE,932,330277,RUA 54A 10 NOVA MUTUM,5805,0.14300166
1111572,HeAVANA RUA 211 NOfA iCIDADE,932,964955,RUA 29 137 TARUMA ACU,6308,0.14388895
70568,RUA JOAQUIM CARDOSO DOS SANTOS 1594 CENTRO,933,70568,RUA JOAQUIM CARDOSO DOS SANTOS 1594 CENTRO,1108,3.5140125e-05
70568,RUA JOAQUIM CARDOSO DOS SANTOS 1594 CENTRO,933,70651,RUA JOAQUIM CARDOSO DOS SANTOS 2845 CENTRO,4083,0.011949994
70568,RUA JOAQUIM CARDOSO DOS SANTOS 1594 CENTRO,933,70554,RUA JOAQUIM CARDOSO DOS SANTOS 1355 CENTRO,933,0.012547993
70568,RUA JOAQUIM CARDOSO DOS SANTOS 1594 CENTRO,933,70588,RUA JOAQUIM CARDOSO DOS SANTOS 1963 CENTRO,5207,0.019915625
70568,RUA JOAQUIM CARDOSO DOS SANTOS 1594 CENTRO,933,486957,RUA JOSE AUGUSTO DE CAVALHO 1 CENTRO,9383,0.058657754
498404,RUA DE PERNAMBUCO 1986 TELEGRFAO,934,498404,RUA DE PERNAMBUCO 1986 TELEGRAFO,152,0.024651308
498404,RUA DE PERNAMBUCO 1986 TELEGRFAO,934,498625,RUA DE SERGIPE 1091 TELEGRAFO,8240,0.05954325
498404,RUA DE PERNAMBUCO 1986 TELEGRFAO,934,497808,RUA DE ALAGOAS 880 TELEGRAFO,8294,0.06667616
498404,RUA DE PERNAMBUCO 1986 TELEGRFAO,934,499971,RUA DO PARA 1251 TELEGRAFO,8398,0.09035511
498404,RUA DE PERNAMBUCO 1986 TELEGRFAO,934,502345,RUA MATO GROSSO 1196 TELEGRAFO,5565,0.093773395
381918,RUA PORTO VELHO 454 QUINTO BEC,935,381918,RUA PORTO VELHO 454 QUINTO BEC,4708,3.680915e-06
381918,RUA PORTO VELHO 454 QUINTO BEC,935,284208,RUA MEXICO 2492 PORTO VELHO,3333,0.06412719
381918,RUA PORTO VELHO 454 QUINTO BEC,935,290454,RUA PARAGUAI 4117 PORTO VELHO,5473,0.06648917
381918,RUA PORTO VELHO 454 QUINTO BEC,935,244712,RUA CRATO 6910 PORTO VELHO,813,0.067601785
381918,RUA PORTO VELHO 454 QUINTO BEC,935,254163,RUA EQUADOR 1035 NOVA PORTO VELHO,2880,0.07085102
767294,RuUA ARMANDO MNEDES 264 SAO FRáNCISC0II,936,532942,RAMAL MENDES CARLOS I 177 COLONIA SAO PEDRO,5984,0.1026656
767294,RuUA ARMANDO MNEDES 264 SAO FRáNCISC0II,936,844212,TRAVESSA WALDEMAR PEDROSA 1039 SAO FRANCISCO,5688,0.107570246
767294,RuUA ARMANDO MNEDES 264 SAO FRáNCISC0II,936,768001,RUA BOULEVARD ALVARO MAIA 3 27 SAO FRANCISCO I,5923,0.11557636
767294,RuUA ARMANDO MNEDES 264 SAO FRáNCISC0II,936,264559,RUA HIGIANOPOLIS 9084 SAO FRANCISCO,463,0.1179505
767294,RuUA ARMANDO MNEDES 264 SAO FRáNCISC0II,936,643672,RAMAL SAO GERONIMO 53 RODRIGUES ALVES,8684,0.124815255
290958,RUA PASQUALE DI PAOLO 4748 PDRkNHAS,937,290958,RUA PASQUALE DI PAOLO 4748 PEDRINHAS,2058,0.026656149
290958,RUA PASQUALE DI PAOLO 4748 PDRkNHAS,937,290938,RUA PASQUALE DI PAOLO 398 PEDRINHAS,4864,0.034221604
290958,RUA PASQUALE DI PAOLO 4748 PDRkNHAS,937,151487,RUA RANIERI MAZZILLI 762 RIACHUELO,6376,0.09497474
290958,RUA PASQUALE DI PAOLO 4748 PDRkNHAS,937,656114,RUA RAUL TAMBURINI 1451 NITEROI,1488,0.101794004
290958,RUA PASQUALE DI PAOLO 4748 PDRkNHAS,937,58149,RUA PEDRO SPAGNOL 3985 TEIXEIRAO,4459,0.104591094
39365,AVENIDA 5 DE ABRIL 1999 fIZINHO,938,39365,AVENIDA 5 DE ABRIL 1999 RIOZINHO,5234,0.02964064
39365,AVENIDA 5 DE ABRIL 1999 fIZINHO,938,41133,AVENIDA CINCO DE ABRIL 2020 RIOZINHO,6044,0.075544775
39365,AVENIDA 5 DE ABRIL 1999 fIZINHO,938,681154,AVENIDA 31 DE MARCO 57 ANORI,9513,0.08821765
39365,AVENIDA 5 DE ABRIL 1999 fIZINHO,938,660331,AVENIDA AVELINO LEAL 1 COPACABANA,4121,0.088794485
39365,AVENIDA 5 DE ABRIL 1999 fIZINHO,938,492397,AVENIDA COPACABANA 605 25 DE AGOSTO,9437,0.089778386
1112187,RUA HENIRQUE DIAS 15 SAO OJREG,939,1112187,RUA HENRIQUE DIAS 15 SAO JORGE,8925,0.048376553
1112187,RUA HENIRQUE DIAS 15 SAO OJREG,939,1107887,RUA GREGORIO DIAS 59 SAO LAZARO,4086,0.060613368
1112187,RUA HENIRQUE DIAS 15 SAO OJREG,939,1113729,RUA HUMBERTO DE CAMPOS 8 SAO JORGE,6479,0.07277282
1112187,RUA HENIRQUE DIAS 15 SAO OJREG,939,1113959,RUA HUMBERTO DE CAMPOS 215 SAO JORGE,2597,0.07334988
1112187,RUA HENIRQUE DIAS 15 SAO OJREG,939,1071488,RUA DEZESSEIS 48 SAO JOSE OPERARIO,2565,0.07774179
1148072,RUA LOURO ROSA 131 MONTE DAS OLIVEIRAS,940,1148072,RUA LOURO ROSA 131 MONTE DAS OLIVEIRAS,3301,7.5827174e-06
1148072,RUA LOURO ROSA 131 MONTE DAS OLIVEIRAS,940,1147895,RUA LOURO GAMELA 123 MONTE DAS OLIVEIRAS,5031,0.024871413
1148072,RUA LOURO ROSA 131 MONTE DAS OLIVEIRAS,940,1148139,RUA LOURO TACHI 245 MONTE DAS OLIVEIRAS,3356,0.029074527
1148072,RUA LOURO ROSA 131 MONTE DAS OLIVEIRAS,940,1147745,RUA LOURO CEDRO 165 MONTE DAS OLIVEIRAS,8938,0.03011904
1148072,RUA LOURO ROSA 131 MONTE DAS OLIVEIRAS,940,1113487,RUA HUMAITA 382 MONTE DAS OLIVEIRAS,4601,0.04079831
291857,PAUeLO RUA LEAL 588 QUILMETRO UM,941,291857,RUA PAULO LEAL 588 QUILMETRO UM,2267,0.039549008
291857,PAUeLO RUA LEAL 588 QUILMETRO UM,941,221771,RUA AFONSO PENA 668 QUILMETRO UM,5792,0.05660256
291857,PAUeLO RUA LEAL 588 QUILMETRO UM,941,319416,RUA DOM PEDRO II 1484 QUILMETRO UM,2981,0.07976809
291857,PAUeLO RUA LEAL 588 QUILMETRO UM,941,591271,RUA NETUNO 278 MORADADO SOL,4532,0.09456973
291857,PAUeLO RUA LEAL 588 QUILMETRO UM,941,591274,RUA NETUNO 279 MORADADO SOL,8375,0.09510405
952837,RUA 15 9 10,942,974760,RUA 8 9 COMPENSA,148,0.0980434
952837,RUA 15 9 10,942,952837,RUA 15 9 PARQUE 10,3093,0.11220159
952837,RUA 15 9 10,942,945209,RUA 02 10 MANAUS,749,0.1257734
952837,RUA 15 9 10,942,963382,RUA 25 664 PQ 10,7731,0.13608763
952837,RUA 15 9 10,942,955066,RUA 160 17 MANAUS,5298,0.13882351
1124392,URA J 82 MENDrS,943,1024981,RUA C SEIS 1732 JAPIIM,432,0.16302116
1124392,URA J 82 MENDrS,943,922486,BECO KIMURA 4 JAPIIM,8265,0.16538118
1124392,URA J 82 MENDrS,943,922421,BECO JUPIS 98 JAPIIM,6520,0.16651158
1124392,URA J 82 MENDrS,943,600940,RUA S SEIS 119 TUCUMA,3360,0.17532833
1124392,URA J 82 MENDrS,943,650924,RAMAL TREIS MARIA 3662 None,3404,0.17558667
247701,RUA DAS CARMELIAS 644 ELDORADO,944,247701,RUA DAS CARMELIAS 644 ELDORADO,6806,5.1685706e-06
247701,RUA DAS CARMELIAS 644 ELDORADO,944,247740,RUA DAS CARMELIAS 5572 ELDORADO,9579,0.021276753
247701,RUA DAS CARMELIAS 644 ELDORADO,944,240826,RUA CARMELIAS 6641 ELDORADO,2561,0.047409073
247701,RUA DAS CARMELIAS 644 ELDORADO,944,248299,RUA DAS ORQUIDEAS 6375 ELDORADO,1496,0.048970245
247701,RUA DAS CARMELIAS 644 ELDORADO,944,565615,RUA DAS OLIVEIRAS 470 TROPICAL,3779,0.05320665
539727,AVENIDA NRODESTE 284 TUCUMA,945,539727,AVENIDA NORDESTE 284 TUCUMA,6395,0.013879896
539727,AVENIDA NRODESTE 284 TUCUMA,945,539741,AVENIDA NORDESTE 366 TUCUMA,9385,0.02287399
539727,AVENIDA NRODESTE 284 TUCUMA,945,539756,AVENIDA NORDESTE 523 TUCUMA,2940,0.033808116
539727,AVENIDA NRODESTE 284 TUCUMA,945,539949,AVENIDA OESTE 624 TUCUMA,2638,0.041914225
539727,AVENIDA NRODESTE 284 TUCUMA,945,539965,AVENIDA OESTE 792 TUCUMA,6615,0.044334657
346293,AVENIDA NORTE SUL 4321 CENTRO,946,346293,AVENIDA NORTE SUL 4321 CENTRO,71,5.727724e-06
346293,AVENIDA NORTE SUL 4321 CENTRO,946,346392,AVENIDA NORTE SUL 4931 CENTRO,5733,0.02325052
346293,AVENIDA NORTE SUL 4321 CENTRO,946,346507,AVENIDA NORTE SUL 6024 CENTRO,7764,0.027284045
346293,AVENIDA NORTE SUL 4321 CENTRO,946,345865,AVENIDA NATAL 4721 CENTRO,2382,0.055762045
346293,AVENIDA NORTE SUL 4321 CENTRO,946,720098,RUA PERIMETRAL NORTE 1966 CENTRO,9401,0.07020454
67814,AVENIDA BRASIL 1574 CENTRO CENTRO CENTRO,947,67814,AVENIDA BRASIL 1574 CENTRO,7717,0.072241224
67814,AVENIDA BRASIL 1574 CENTRO CENTRO CENTRO,947,1004,AVENIDA BRASIL 4228 CENTRO,8425,0.08792052
67814,AVENIDA BRASIL 1574 CENTRO CENTRO CENTRO,947,67892,AVENIDA BRASIL 3096 CENTRO,4897,0.08951476
67814,AVENIDA BRASIL 1574 CENTRO CENTRO CENTRO,947,645276,AVENIDA CASTELO BRANCO 1609 CENTRO,2941,0.09280618
67814,AVENIDA BRASIL 1574 CENTRO CENTRO CENTRO,947,74413,AVENIDA RIO NEGRO 4159 CENTRO,2484,0.095407054
1012051,RUA BELEM 482 CIDqDE DE DEUS,948,1012051,RUA BELEM 482 CIDADE DE DEUS,1966,0.056625396
1012051,RUA BELEM 482 CIDqDE DE DEUS,948,1011681,RUA BELEM 7 CIDADE DE DEUS,7634,0.06279236
1012051,RUA BELEM 482 CIDqDE DE DEUS,948,1011709,RUA BELEM 21 CIDADE DE DEUS,8982,0.062977545
1012051,RUA BELEM 482 CIDqDE DE DEUS,948,1011719,RUA BELEM 28 CIDADE DE DEUS,173,0.0631269
1012051,RUA BELEM 482 CIDqDE DE DEUS,948,1049767,RUA CRICIUMA 648 CIDADE DE DEUS,6135,0.07883226
853820,rAVENIDA AJURICABA 1128 CACHOEIRINHA,949,853820,AVENIDA AJURICABA 1128 CACHOEIRINHA,1214,0.01626419
853820,rAVENIDA AJURICABA 1128 CACHOEIRINHA,949,880104,AVENIDA JAPURA 2278 CACHOEIRINHA,6525,0.041354798
853820,rAVENIDA AJURICABA 1128 CACHOEIRINHA,949,899557,AVENIDA URUCARA 838 CACHOEIRINHA,1283,0.057576478
853820,rAVENIDA AJURICABA 1128 CACHOEIRINHA,949,884729,AVENIDA MAUES 1695 CACHOEIRINHA,9231,0.05980659
853820,rAVENIDA AJURICABA 1128 CACHOEIRINHA,949,884713,AVENIDA MAUES 1312 CACHOEIRINHA,6947,0.059956856
70295,RUA FLORIAONPOLIz 1787 CENTROê,950,70295,RUA FLORIANOPOLIS 1787 CENTRO,4026,0.06039864
70295,RUA FLORIAONPOLIz 1787 CENTROê,950,352980,RUA GUAPORE 5307 CENTRO,4052,0.07462804
70295,RUA FLORIAONPOLIz 1787 CENTROê,950,578647,RUA ITAPOAN 357 CONQUISTA,1275,0.07629173
70295,RUA FLORIAONPOLIz 1787 CENTROê,950,353324,RUA JAGUARIBE 5113 CENTRO,8136,0.07917819
70295,RUA FLORIAONPOLIz 1787 CENTROê,950,353278,RUA JAGUARIBE 4679 CENTRO,2733,0.082626894
572566,RûA  100 SAO SAO FRANICSCO,951,696912,RUA JOAO R CARIOCA 199 SAO FRANCISCO,3000,0.08947672
572566,RûA  100 SAO SAO FRANICSCO,951,938165,BECO SAO LAZARO 63 SAO GERALDO,1900,0.090035684
572566,RûA  100 SAO SAO FRANICSCO,951,937083,BECO SAO JORGE 161 SAO RAIMUNDO,2943,0.09087564
572566,RûA  100 SAO SAO FRANICSCO,951,929120,BECO SAO LUIS 43 SAO LAZARO,8503,0.10967703
572566,RûA  100 SAO SAO FRANICSCO,951,1077340,RUA DO LIMAO 87 SAO JOSE OPERARIO,8298,0.11439477
591275,RUA NETUNO 279 MORADA DO SOL,952,591275,RUA NETUNO 279 MORADA DO SOL,1483,4.35276e-06
591275,RUA NETUNO 279 MORADA DO SOL,952,591274,RUA NETUNO 279 MORADADO SOL,8375,0.027085904
591275,RUA NETUNO 279 MORADA DO SOL,952,591271,RUA NETUNO 278 MORADADO SOL,4532,0.027116582
591275,RUA NETUNO 279 MORADA DO SOL,952,594492,RUA PESSEGO 96 MORADA DO SOL,5746,0.037981704
591275,RUA NETUNO 279 MORADA DO SOL,952,90513,RUA SERGIPE 2046 MORADA DO SOL,5118,0.04520453
8660,JAMRAI 2081 SEOR 01,953,64641,ALDEIA SURUIS 387 CACOAL,1136,0.1430964
8660,JAMRAI 2081 SEOR 01,953,659388,RAMAL DO 25 10 CACIRIAN,5391,0.14695458
8660,JAMRAI 2081 SEOR 01,953,628670,TRAVESSA MANAUS 63 ELDORADO,3828,0.15222529
8660,JAMRAI 2081 SEOR 01,953,637662,RAMAL PICAREIRA 520 AMAPA,9958,0.15263613
8660,JAMRAI 2081 SEOR 01,953,672888,RAMAL LINHA4 252 CAQUETA,7260,0.15344897
512326,URá JOSE FEITOSA 31 VILA VITORIA,954,512326,RUA JOSE FEITOSA 31 VILA VITORIA,6738,0.048267644
512326,URá JOSE FEITOSA 31 VILA VITORIA,954,654582,RUA MANOEL GONCALVES 95 JOSE N SOBRINHO,5615,0.0800309
512326,URá JOSE FEITOSA 31 VILA VITORIA,954,986042,RUA ALFAZEMA 125 JORGE TEIXEIRA,1531,0.08365007
512326,URá JOSE FEITOSA 31 VILA VITORIA,954,986825,RUA ALMIR PEDREIRA 44 PETROPOLIS,6043,0.08429975
512326,URá JOSE FEITOSA 31 VILA VITORIA,954,584533,RUA LUIS Z DA SILVA 78 MANOEL JULIAO,8237,0.084356785
203872,AVENIDA AMAZONAS 3399 AGNOR M DE,955,203872,AVENIDA AMAZONAS 3399 AGENOR M DE CARVALHO,9013,0.04703414
203872,AVENIDA AMAZONAS 3399 AGNOR M DE,955,203935,AVENIDA AMAZONAS 3748 AGENOR M DE CARVALHO,7657,0.07083295
203872,AVENIDA AMAZONAS 3399 AGNOR M DE,955,361905,AVENIDA AMAZONAS 5598 QUINTO BEC,4370,0.0795259
203872,AVENIDA AMAZONAS 3399 AGNOR M DE,955,890537,AVENIDA RAMOS D 256 AMAZONINO MENDES,9704,0.0830081
203872,AVENIDA AMAZONAS 3399 AGNOR M DE,955,210405,AVENIDA MEXICO 3223 EMBRATEL,2210,0.085782945
876451,AVENIDA GRANDE OTELO 669 PARQUjE 10,956,876451,AVENIDA GRANDE OTELO 669 PARQUE 10,3793,0.019011859
876451,AVENIDA GRANDE OTELO 669 PARQUjE 10,956,880366,AVENIDA JERUZALEM 168 COLONIA TERRA NOVA,3689,0.072962984
876451,AVENIDA GRANDE OTELO 669 PARQUjE 10,956,375054,RUA AMAPA 2290 PARQUE IND NOVO TEMPO,3019,0.07341237
876451,AVENIDA GRANDE OTELO 669 PARQUjE 10,956,447629,AVENIDA CURITIBA 670 JARDIM VERDE VIDA,8477,0.07442102
876451,AVENIDA GRANDE OTELO 669 PARQUjE 10,956,888744,AVENIDA PERIMETRAL II 10 PARQUE 10,8915,0.085003
169998,ROODVIA 257 2968 CENTRO,957,169998,RODOVIA 257 2968 CENTRO,5251,0.048016123
169998,ROODVIA 257 2968 CENTRO,957,170029,RODOVIA 257 3389 CENTRO,3641,0.06448552
169998,ROODVIA 257 2968 CENTRO,957,169971,RODOVIA 133 2800 CENTRO,8567,0.09900838
169998,ROODVIA 257 2968 CENTRO,957,595759,RUA PRECIOSA 528 VITORIA,2252,0.10693977
169998,ROODVIA 257 2968 CENTRO,957,438771,LINHA 621 5450 ZONA RURAL,7389,0.114089355
140993,RUoA FRANCISCO PEREIRAD OS SANTOS 2339 NOSSlA SENHORA DE FATIMA,958,731482,RUA SANDOVAL TEIXEIRA PINTO 284 NOSSA SENHORA DE FATIMA,6542,0.08864601
140993,RUoA FRANCISCO PEREIRAD OS SANTOS 2339 NOSSlA SENHORA DE FATIMA,958,140993,RUA FRANCISCO PEREIRA DOS SANTOS 2339 NOSSA SENHORA DE FATIMA,2552,0.101191506
140993,RUoA FRANCISCO PEREIRAD OS SANTOS 2339 NOSSlA SENHORA DE FATIMA,958,146728,RUA MANOEL PINHEIRO MACHADO 2348 NOSSA SENHORA DE FATIMA,2048,0.10348342
140993,RUoA FRANCISCO PEREIRAD OS SANTOS 2339 NOSSlA SENHORA DE FATIMA,958,696658,RUA FERNANDO A FERNANDES 326 NOSSA SENHORA DE NAZARE,667,0.10602019
140993,RUoA FRANCISCO PEREIRAD OS SANTOS 2339 NOSSlA SENHORA DE FATIMA,958,731040,RUA PEDRO BARBOSA DE AMORIM 65 NOSSA SENHORA DE FATIMA,1141,0.10755365
1108774,RA GUAPé 216 JORGE TEXEIRA 4 ETAPA,959,924482,BECO NOVA JERUSALEM 23 JORGE TEIXEIRA 4 ETAPA,8344,0.082471624
1108774,RA GUAPé 216 JORGE TEXEIRA 4 ETAPA,959,658217,TRAVESSA CICERO MORREIRA 3 JORGE ALVES JUNIOR,1545,0.10698277
1108774,RA GUAPé 216 JORGE TEXEIRA 4 ETAPA,959,1108774,RUA GUAPE 216 JORGE TEXEIRA 4 ETAPA,674,0.107853234
1108774,RA GUAPé 216 JORGE TEXEIRA 4 ETAPA,959,1018866,RUA BOM JESUS 2 36 JORGE TEIXEIRA 4 ETAPA,4950,0.11024709
1108774,RA GUAPé 216 JORGE TEXEIRA 4 ETAPA,959,630173,TRAVESSA PEDRO 33 TRIANGULO,5924,0.11975317
232889,RUA AUREvA 2755 VELHO,960,232889,RUA AUREA 2755 PORTO VELHO,9974,0.04278595
232889,RUA AUREvA 2755 VELHO,960,253831,RUA ENREDO 3478 CUNIA,205,0.059878338
232889,RUA AUREvA 2755 VELHO,960,288945,RUA ORION 2973 PORTO VELHO,6066,0.06050427
232889,RUA AUREvA 2755 VELHO,960,286811,RUA NEUSA 7436 IGARAPE,8043,0.061317585
232889,RUA AUREvA 2755 VELHO,960,265240,RUA IBOTIRAMA 3118 POR O VELHO,6279,0.061627418
1009054,RUA ABURU 141 TERRA NOVA,961,1009054,RUA BAURU 141 COLONHA TERRA NOVA,7954,0.03209164
1009054,RUA ABURU 141 TERRA NOVA,961,1030817,RUA CAREIRO 208 TERRA NOVA,2360,0.042849317
1009054,RUA ABURU 141 TERRA NOVA,961,1046188,RUA COARI 395 TERRA NOVA,3004,0.049404934
1009054,RUA ABURU 141 TERRA NOVA,961,1022134,RUA BURITI 26 COLONIA TERRA NOVA,9999,0.065268226
1009054,RUA ABURU 141 TERRA NOVA,961,1002240,RUA AYMORE 9 COLONIA TERRA NOVA,1424,0.06905448
1001549,RUA AURORA REGO 135 SATs ITELVINA,962,299736,RUA RINO LEVI 5235 TEIXEIRAO,1131,0.0701476
1001549,RUA AURORA REGO 135 SATs ITELVINA,962,1001901,RUA AUTAZES 44 ALEIXO,8824,0.08043508
1001549,RUA AURORA REGO 135 SATs ITELVINA,962,982878,RUA AGATA 20 TANCREDO NEVES,4381,0.08126248
1001549,RUA AURORA REGO 135 SATs ITELVINA,962,768499,RUA GENIPAPO 129 MAE CREUZA,4218,0.08173076
1001549,RUA AURORA REGO 135 SATs ITELVINA,962,1142368,RUA LAURA VINCUNA 50 C0ROADO,2580,0.08686948
568046,RUA DO DIVISOR 831 VITORIA,963,568046,RUA DO DIVISOR 831 VITORIA,1254,1.2796763e-05
568046,RUA DO DIVISOR 831 VITORIA,963,568022,RUA DO DIVISOR 682 ELDORADO,5736,0.035151042
568046,RUA DO DIVISOR 831 VITORIA,963,595734,RUA PRECIOSA 303 VITORIA,3289,0.066499904
568046,RUA DO DIVISOR 831 VITORIA,963,568271,RUA DO GIRASOL 552 ELDORADO,579,0.07621711
568046,RUA DO DIVISOR 831 VITORIA,963,565120,RUA DAMA DA NOITE 773 TROPICAL,58,0.07698189
452150,LIeNHA KAPA 24 45 SETORRUAL,964,452150,LINHA KAPA 24 45 SETOR RURAL,4075,0.11114453
452150,LIeNHA KAPA 24 45 SETORRUAL,964,452108,LINHA KAPA 0 11 ESQUERDO,7493,0.12108427
452150,LIeNHA KAPA 24 45 SETORRUAL,964,672825,RAMAL LINHA11 180 CAQUETA,1836,0.13315871
452150,LIeNHA KAPA 24 45 SETORRUAL,964,672392,RAMAL LINHA 07 357 PROGETO HUMAITA,9743,0.13694522
452150,LIeNHA KAPA 24 45 SETORRUAL,964,6804,RAMAL PARA 121 2 ZONA RURAU,6767,0.14035743
712091,BECO SEM DENOMuNACAO 157 CENTRO,965,712091,BECO SEM DENOMINACAO 157 CENTRO,9721,0.046333056
712091,BECO SEM DENOMuNACAO 157 CENTRO,965,489086,BECO SEM DENOMINACAO 306 PARAISO,5784,0.075960025
712091,BECO SEM DENOMuNACAO 157 CENTRO,965,930202,BECO SEM DENOMINACAO 73 MAUAZINHO,4583,0.08120204
712091,BECO SEM DENOMuNACAO 157 CENTRO,965,542313,BECO SEM DENOMINACAO 70 TUCUMA,3509,0.08526887
712091,BECO SEM DENOMuNACAO 157 CENTRO,965,542406,BECO SEM DENOMINACAO 254 SOBRAL,9564,0.099031135
634196,TRAVESSAv SAO JOAQUIM 295 TAQàRI,966,634196,TRAVESSA SAO JOAQUIM 295 TAQUARI,1274,0.04768993
634196,TRAVESSAv SAO JOAQUIM 295 TAQàRI,966,510440,TRAVESSA SAO FRANCISCO 106 MIRITIZAL,641,0.09478521
634196,TRAVESSAv SAO JOAQUIM 295 TAQàRI,966,626456,TRAVESSA GUANABARA 19 JOAO EDUARDO I,2898,0.096260786
634196,TRAVESSAv SAO JOAQUIM 295 TAQàRI,966,510428,TRAVESSA SANTA RITA 27 SAO JOAO,7022,0.10200445
634196,TRAVESSAv SAO JOAQUIM 295 TAQàRI,966,634291,TRAVESSA SAO JOSE 183 ESPERANCA,1050,0.10665558
444336,AVENIDA DOS hMIGRApNTES 1576 CENRTO,967,205807,AVENIDA CALAMA 7444 TEIXEIRAO,6288,0.083790325
444336,AVENIDA DOS hMIGRApNTES 1576 CENRTO,967,537277,AVENIDA CEARA 1471 FLORESTA,8918,0.088558435
444336,AVENIDA DOS hMIGRApNTES 1576 CENRTO,967,212193,AVENIDA RAIMUNDO CANTUARIA 7563 TIRADENTES,2726,0.091720775
444336,AVENIDA DOS hMIGRApNTES 1576 CENRTO,967,711674,AVENIDA OSCAR MOREIRA 2191 DESVIO,2200,0.094517045
444336,AVENIDA DOS hMIGRApNTES 1576 CENRTO,967,205177,AVENIDA CALAMA 2801 LIBERDADE,9772,0.09746973
153251,RUA S 176 MARIO ANDRAEZZA,968,153251,RUA S 176 MARIO ANDREAZZA,9058,0.00781339
153251,RUA S 176 MARIO ANDRAEZZA,968,145665,RUA L 44 MARIO ANDREAZZA,6425,0.0391361
153251,RUA S 176 MARIO ANDRAEZZA,968,158044,RUA Z 59 MARIO ANDREAZZA,7656,0.0485863
153251,RUA S 176 MARIO ANDRAEZZA,968,142541,RUA I 44 MARIO ANDREAZZA,4507,0.050774705
153251,RUA S 176 MARIO ANDRAEZZA,968,146124,RUA M 259 MARIO ANDREAZZA,6580,0.075238705
660167,RODOIVA BR 364l 30 SENA MADURdIRA,969,660167,RODOVIA BR 364 30 SENA MADUREIRA,7439,0.047655765
660167,RODOIVA BR 364l 30 SENA MADURdIRA,969,429333,RODOVIA BR 364 1510 SALSALITO,7667,0.07701029
660167,RODOIVA BR 364l 30 SENA MADURdIRA,969,666226,RODOVIA 364 29 FLORESTA DOS MOGNO,9886,0.08516156
660167,RODOIVA BR 364l 30 SENA MADURdIRA,969,666382,RODOVIA BR 364 38 TAUARE,8034,0.08717287
660167,RODOIVA BR 364l 30 SENA MADURdIRA,969,415439,ESTRADA LC 34 3 PA RIO ALTO,3208,0.09329741
1053438,RUA CURUREPA 5 MONTE DAS OLIVEIRS,970,1053438,RUA CURUREPA 5 MONTE DAS OLIVEIRAS,5091,0.036212154
1053438,RUA CURUREPA 5 MONTE DAS OLIVEIRS,970,885459,AVENIDA MULATEIRO 213 MONTE DAS OLIVEIRAS,1367,0.102308184
1053438,RUA CURUREPA 5 MONTE DAS OLIVEIRS,970,1022416,RUA BURITIZAL 8 MONTE DAS OLIVEIRAS,6627,0.10447251
1053438,RUA CURUREPA 5 MONTE DAS OLIVEIRS,970,1095476,RUA EURIPEDES 123 MONTE DAS OLIVEIRAS,4827,0.10668859
1053438,RUA CURUREPA 5 MONTE DAS OLIVEIRS,970,1006594,RUA BAGUACU 458 MONTE DAS OLIVEIRAS,1026,0.10880082
250913,URA DS ANDRADES 9173 SAO FRjCISCO,971,937773,BECO SAO JOSE 114 GLORIA,5387,0.10920145
250913,URA DS ANDRADES 9173 SAO FRjCISCO,971,937814,BECO SAO JOSE 138 GLORIA,784,0.1093302
250913,URA DS ANDRADES 9173 SAO FRjCISCO,971,937083,BECO SAO JORGE 161 SAO RAIMUNDO,2943,0.11050452
250913,URA DS ANDRADES 9173 SAO FRjCISCO,971,937467,BECO SAO JOSE 35 GLORIA,2271,0.111565985
250913,URA DS ANDRADES 9173 SAO FRjCISCO,971,937069,BECO SAO JORGE 92 ALVORADA,2737,0.11337127
1098556,RUA FGUERDEO 18 ZUMBI DOS PALMARES,972,1098556,RUA FIGUEREDO 18 ZUMBI DOS PALMARES,7729,0.018863928
1098556,RUA FGUERDEO 18 ZUMBI DOS PALMARES,972,1128846,RUA JAURI 19 ZUMBI DOS PALMARES,1689,0.04139988
1098556,RUA FGUERDEO 18 ZUMBI DOS PALMARES,972,1149282,RUA LUIZ VEZON 20 ZUMBI DOS PALMARES,8365,0.051693812
1098556,RUA FGUERDEO 18 ZUMBI DOS PALMARES,972,1018827,RUA BOM JESUS 748 ZUMBI DOS PALMARES,7961,0.05532682
1098556,RUA FGUERDEO 18 ZUMBI DOS PALMARES,972,1067764,RUA DEL MARIO 31 ZUMBI DOS PALMARES,3675,0.059228748
623058,TRAVESA CAPIXABA CAPIXABA 265 PALHEIRAL,973,623058,TRAVESSA CAPIXABA 265 PALHEIRAL,6867,0.044853613
623058,TRAVESA CAPIXABA CAPIXABA 265 PALHEIRAL,973,623073,TRAVESSA CAPIXABA 533 SANTA MARIA,5225,0.07593101
623058,TRAVESA CAPIXABA CAPIXABA 265 PALHEIRAL,973,632101,TRAVESSA SERGIPE 61 CAPOEIRA,8948,0.100615196
623058,TRAVESA CAPIXABA CAPIXABA 265 PALHEIRAL,973,357031,TRAVESSA SAFIRA 6103 JARDIM TROPICAL,5862,0.103701115
623058,TRAVESA CAPIXABA CAPIXABA 265 PALHEIRAL,973,128229,LINHA ITAPIREMA 50 LINHA ITAPIREMA,2735,0.10644663
133713,UA CASCAVEL CASCAVEL 1380 VLPARAIOS,974,37342,TRAVESSAO SODAP 12 ARIQUEMES,4162,0.12259077
133713,UA CASCAVEL CASCAVEL 1380 VLPARAIOS,974,630272,TRAVESSA PIAUI 27 MONTANHES,5880,0.14200726
133713,UA CASCAVEL CASCAVEL 1380 VLPARAIOS,974,128365,LINHA NAZARE 2 4000 NAZARE,9469,0.14236005
133713,UA CASCAVEL CASCAVEL 1380 VLPARAIOS,974,418154,TRAVESSAO C 18B 25 BUITIS,7220,0.1572913
133713,UA CASCAVEL CASCAVEL 1380 VLPARAIOS,974,626808,TRAVESSA HAVAI 213 SOBRAL,2853,0.16144228
92653,LINH 05 3538 ESPIGAO DO OESTE,975,92653,LINHA 05 3538 ESPIGAO DO OESTE,4194,0.036051985
92653,LINH 05 3538 ESPIGAO DO OESTE,975,216801,BECO DO MACIEL 937 BAIXA UNIAO,2665,0.13908845
92653,LINH 05 3538 ESPIGAO DO OESTE,975,754295,PARADOURO COPEA 18 NOVA JERUSALEM,4293,0.15393461
92653,LINH 05 3538 ESPIGAO DO OESTE,975,173465,LINHA GLEBA 04 OU R0 133 11 MACHADINHO,6438,0.15491186
92653,LINH 05 3538 ESPIGAO DO OESTE,975,466833,TRAVESSAO NOVA OLINDA 7 SITIO,6783,0.15764612
35935,LINHA SEM DENOMINACAO 3 POVOADO D 4 CACHOEIRA,976,35935,LINHA SEM DENOMINACAO 3 POVOADO D 4 CACHOEIRA,3087,2.2124212e-05
35935,LINHA SEM DENOMINACAO 3 POVOADO D 4 CACHOEIRA,976,451007,LINHA SEM DENOMINACAO 2 1051 ZONA RURAL,6477,0.062974215
35935,LINHA SEM DENOMINACAO 3 POVOADO D 4 CACHOEIRA,976,451009,LINHA SEM DENOMINACAO 2 1081 ZONA RURAL,6567,0.06382016
35935,LINHA SEM DENOMINACAO 3 POVOADO D 4 CACHOEIRA,976,416989,LINHA SEM DENOMINACAO 112 PA RIO ALTO,4927,0.06849401
35935,LINHA SEM DENOMINACAO 3 POVOADO D 4 CACHOEIRA,976,417065,LINHA SEM DENOMINACAO 7 67 PA BURITIS,3562,0.073954195
52218,RUA ERNESTO DE LAZARI 3875 TEíXEIRAO,977,52218,RUA ERNESTO DE LAZARI 3875 TEIXEIRAO,6817,0.020736367
52218,RUA ERNESTO DE LAZARI 3875 TEíXEIRAO,977,301175,RUA RODOLFO AMOEDO 5383 TEIXEIRAO,8637,0.047910377
52218,RUA ERNESTO DE LAZARI 3875 TEíXEIRAO,977,55922,RUA LOURIVAL MARTINS VIEIRA 3838 TEIXEIRAO,7923,0.055774987
52218,RUA ERNESTO DE LAZARI 3875 TEíXEIRAO,977,307058,RUA SHEILA REGINA 5541 TEIXEIRAO,5425,0.058930963
52218,RUA ERNESTO DE LAZARI 3875 TEíXEIRAO,977,299736,RUA RINO LEVI 5235 TEIXEIRAO,1131,0.06050912
160423,RUA PADRE SILVIO MICHELLUZI 1752 NVOA BRASzILIA,978,160423,RUA PADRE SILVIO MICHELLUZI 1752 NOVA BRASILIA,9576,0.02413562
160423,RUA PADRE SILVIO MICHELLUZI 1752 NVOA BRASzILIA,978,160429,RUA PADRE SILVIO MICHELLUZI 1818 NOVA BRASILIA,8586,0.027640054
160423,RUA PADRE SILVIO MICHELLUZI 1752 NVOA BRASzILIA,978,160398,RUA PADRE SILVIO MICHELLUZI 1439 NOVA BRASILIA,2926,0.031896688
160423,RUA PADRE SILVIO MICHELLUZI 1752 NVOA BRASzILIA,978,146005,RUA LUIZ MUZAMBINHO 2133 NOVA BRASILIA,232,0.08839858
160423,RUA PADRE SILVIO MICHELLUZI 1752 NVOA BRASzILIA,978,143908,RUA JOAO BATISTA NETO 3026 VALPARAISO,1650,0.09175348
784438,AVEfNIDA CURIO CURIO 42 VILA DO LIMAO,979,980375,RUA ACACIA DOURADA 77 COLONIA TERRA NOVA,4585,0.11020861
784438,AVEfNIDA CURIO CURIO 42 VILA DO LIMAO,979,792909,RIO COSTA DO CATALAO 1104 COM NSSA SENHORA P SOCORRO,1451,0.120520666
784438,AVEfNIDA CURIO CURIO 42 VILA DO LIMAO,979,927653,BECO SANTA RITA 21 LIRIO DO VALE,2511,0.120655455
784438,AVEfNIDA CURIO CURIO 42 VILA DO LIMAO,979,633144,TRAVESSA VIRGILIO DE LIMA 47 AVIARIO,2147,0.12570226
784438,AVEfNIDA CURIO CURIO 42 VILA DO LIMAO,979,466833,TRAVESSAO NOVA OLINDA 7 SITIO,6783,0.13226148
970965,RUA 5 JUNHO 1080 GILvERTk MESTRINHO,980,948753,RUA 10 370 GILBERTO MESTRINHO,332,0.073416114
970965,RUA 5 JUNHO 1080 GILvERTk MESTRINHO,980,1028368,RUA CANADA 337 GILBERTO MESTRINHO,7397,0.07669498
970965,RUA 5 JUNHO 1080 GILvERTk MESTRINHO,980,1005697,RUA B0M JARDIM 582 GILBERTO MESTRINHO,1771,0.0783667
970965,RUA 5 JUNHO 1080 GILvERTk MESTRINHO,980,1098637,RUA FILADELFIA 161 GILBERTO MESTRINHO,3359,0.07910708
970965,RUA 5 JUNHO 1080 GILvERTk MESTRINHO,980,1081274,RUA DOIS 387 GILBERTO MESTRINHO,7166,0.081522115
414888,RUA SAO FRANSICO OD GUãPORE 1212 07,981,1053888,RUA D 7 SAO JOSE OPERARIO 3,6305,0.077606246
414888,RUA SAO FRANSICO OD GUãPORE 1212 07,981,617456,RUA SAO CRISTOVAO 143 DAL PASQUALE,6757,0.0817548
414888,RUA SAO FRANSICO OD GUãPORE 1212 07,981,1078920,RUA DOIS 4 SAO JOSE OPERARIIO,3255,0.08553329
414888,RUA SAO FRANSICO OD GUãPORE 1212 07,981,144084,RUA JOAO GOULART 401 RIACHUELO,9565,0.09058043
414888,RUA SAO FRANSICO OD GUãPORE 1212 07,981,1068507,RUA DESENOVE 6 SAO JOSE OPERARIO,9526,0.091988474
850367,ALAMEDA ALAMEDA 367 AZLU,982,850367,ALAMEDA A 367 LAGO AZUL,8949,0.10600287
850367,ALAMEDA ALAMEDA 367 AZLU,982,851689,ALAMEDA ITALIA 82 CHAPADA,8757,0.12038282
850367,ALAMEDA ALAMEDA 367 AZLU,982,637662,RAMAL PICAREIRA 520 AMAPA,9958,0.12685594
850367,ALAMEDA ALAMEDA 367 AZLU,982,850333,ALAMEDA A 102 LAGO AZUL,8172,0.1436479
850367,ALAMEDA ALAMEDA 367 AZLU,982,852178,ALAMEDA TUCUMA 104 FLORES,9803,0.14405595
386106,RUA GENERLA OSORIO 664 BAIROR SAO JOSE,983,386106,RUA GENERAL OSORIO 664 BAIRRO SAO JOSE,6937,0.01325612
386106,RUA GENERLA OSORIO 664 BAIROR SAO JOSE,983,88256,RUA JERUSALEM 2026 BAIRRO SAO JOSE,3896,0.045940936
386106,RUA GENERLA OSORIO 664 BAIROR SAO JOSE,983,88260,RUA JERUSALEM 2041 BAIRRO SAO JOSE,5507,0.05388487
386106,RUA GENERLA OSORIO 664 BAIROR SAO JOSE,983,840990,RUA VALDEMAR VENTURA 2383 SAO JOSE,1471,0.06428741
386106,RUA GENERLA OSORIO 664 BAIROR SAO JOSE,983,89451,RUA PETRONIO CAMARGO 2084 SAO JOSE,3751,0.06554219
920716,BECO BECO GUARIUBA 36 MONTE DAS OLIVEIRAS,984,920716,BECO GUARIUBA 36 MONTE DAS OLIVEIRAS,8358,0.014625311
920716,BECO BECO GUARIUBA 36 MONTE DAS OLIVEIRAS,984,920715,BECO GUARIUBA 28 MONTE DAS OLIVEIRAS,1095,0.020709686
920716,BECO BECO GUARIUBA 36 MONTE DAS OLIVEIRAS,984,928987,BECO SAO LOURENCO 6 MONTE DAS OLIVEIRAS,7908,0.081036195
920716,BECO BECO GUARIUBA 36 MONTE DAS OLIVEIRAS,984,1107653,RUA GRAPIAPUNHA 183 MONTE DAS OLIVEIRAS,7504,0.09063669
920716,BECO BECO GUARIUBA 36 MONTE DAS OLIVEIRAS,984,930939,BECO SOLIMOES 34 ZUMBI DOS PALMARES,6981,0.09111257
813483,RhA FLAVIO QUsIROZ 898 NOVO REMAyNqSO,985,58149,RUA PEDRO SPAGNOL 3985 TEIXEIRAO,4459,0.14908841
813483,RhA FLAVIO QUsIROZ 898 NOVO REMAyNqSO,985,58148,RUA PEDRO SPAGNOL 3982 TEIXEIRAO,9135,0.15162906
813483,RhA FLAVIO QUsIROZ 898 NOVO REMAyNqSO,985,1092673,RUA ERICO VERISSIMO ANTIGA L4 543 NOVA REPUBLICA,8100,0.1605688
813483,RhA FLAVIO QUsIROZ 898 NOVO REMAyNqSO,985,290331,RUA PANTEON 7205 TEIXEIRAO,6697,0.16281626
813483,RhA FLAVIO QUsIROZ 898 NOVO REMAyNqSO,985,299736,RUA RINO LEVI 5235 TEIXEIRAO,1131,0.16829312
598601,RUA RAIMUNDO MATOS DE MELO 474 MANOEL kJULIAO,986,598601,RUA RAIMUNDO MATOS DE MELO 474 MANOEL JULIAO,1709,0.009449596
598601,RUA RAIMUNDO MATOS DE MELO 474 MANOEL kJULIAO,986,598540,RUA RAIMUNDO MATOS DE MELO 448 MANOEL JULIAO,1198,0.016950484
598601,RUA RAIMUNDO MATOS DE MELO 474 MANOEL kJULIAO,986,598553,RUA RAIMUNDO MATOS DE MELO 448 MANOEL JULIAO,7612,0.017786678
598601,RUA RAIMUNDO MATOS DE MELO 474 MANOEL kJULIAO,986,554499,RUA AURELIANO LOPES 228 MANOEL JULIAO,6141,0.057315335
598601,RUA RAIMUNDO MATOS DE MELO 474 MANOEL kJULIAO,986,298581,RUA RAIMUNDO CANTUARIA 4799 AGENOR M DE CARVALHO,2583,0.06964393
594846,RUAPLAIDO DE CASTRO 103 TANCREDO NEVES,987,594846,RUA PLACIDO DE CASTRO 103 TANCREDO NEVES,1845,0.017250901
594846,RUAPLAIDO DE CASTRO 103 TANCREDO NEVES,987,594838,RUA PLACIDO DE CASTRO 93 TANCREDO NEVES,9458,0.038192637
594846,RUAPLAIDO DE CASTRO 103 TANCREDO NEVES,987,1103966,RUA GAIVOTA 449 TANCREDO NEVES,9057,0.04960707
594846,RUAPLAIDO DE CASTRO 103 TANCREDO NEVES,987,1106388,RUA GIRASSOL 23 TANCREDO NEVES,892,0.05109329
594846,RUAPLAIDO DE CASTRO 103 TANCREDO NEVES,987,1095593,RUA EVALDO BRAGA 52 TANCREDO NEVES,5166,0.055238023
23436,RûA LAJS 5099 NOVE,988,1024883,RUA C NOVE 1779 JAPIIM,2648,0.14955029
23436,RûA LAJS 5099 NOVE,988,978106,RUA A DEZESSETE 1291 JAPIIM,2043,0.15165874
23436,RûA LAJS 5099 NOVE,988,374305,RUA 7607 3964 ALPHAILLE,7292,0.16090766
23436,RûA LAJS 5099 NOVE,988,129188,RUA AMAPA 1910 VALPARAISO,7274,0.16140299
23436,RûA LAJS 5099 NOVE,988,590484,RUA N DOIS 23 TUCUMA II,8320,0.16287243
765926,RUA VEREADOR CHAGAS MATTOS 387 NOcA ESPERACNA,989,765926,RUA VEREADOR CHAGAS MATTOS 387 NOVA ESPERANCA,3355,0.022212453
765926,RUA VEREADOR CHAGAS MATTOS 387 NOcA ESPERACNA,989,1105614,RUA GETULIO VARGAS 68 CIDADE NOVA,7893,0.077882335
765926,RUA VEREADOR CHAGAS MATTOS 387 NOcA ESPERACNA,989,790954,RUA DEPUTADO ARTUR VIRGILIO NETO 17 MORADA DO SOL,8256,0.080067396
765926,RUA VEREADOR CHAGAS MATTOS 387 NOcA ESPERACNA,989,574590,RUA FRANCISCO DE MATTEO 210 CONJUNTO BELA VISTA,7140,0.081094444
765926,RUA VEREADOR CHAGAS MATTOS 387 NOcA ESPERACNA,989,790947,RUA DEPUTADO ALFREDO 2660 GRACA LOPES,9912,0.08441144
443702,LINA c110 35 None,990,443702,LINHA 110 35 None,7162,0.15071678
443702,LINA c110 35 None,990,424189,LINHA C 22 15 None,3436,0.15107055
443702,LINA c110 35 None,990,121153,LINHA 632 50 None,8343,0.15707827
443702,LINA c110 35 None,990,120745,LINHA 627 941 None,5062,0.16580936
443702,LINA c110 35 None,990,485553,RAMAL 18 73 None,1810,0.1736607
96557,AVENIDA ODMINGOS fORREA DE ARAUJO 3080 GUAJARA MIRIM,991,96557,AVENIDA DOMINGOS CORREA DE ARAUJO 3080 GUAJARA MIRIM,7383,0.02572638
96557,AVENIDA ODMINGOS fORREA DE ARAUJO 3080 GUAJARA MIRIM,991,98193,AVENIDA JOSE CARDOSO ALVES 2640 GUAJARA MIRIM,3367,0.05365996
96557,AVENIDA ODMINGOS fORREA DE ARAUJO 3080 GUAJARA MIRIM,991,793753,AVENIDA ARMINDO AUZIER 1713 ARAUJO COSTA,9691,0.054413527
96557,AVENIDA ODMINGOS fORREA DE ARAUJO 3080 GUAJARA MIRIM,991,98186,AVENIDA JOSE CARDOSO ALVES 2313 GUAJARA MIRIM,3171,0.055382147
96557,AVENIDA ODMINGOS fORREA DE ARAUJO 3080 GUAJARA MIRIM,991,43553,AVENIDA JACOB MOREIRA LIMA 207 SAUDE,8830,0.060774766
394168,AVENIDA RAIMUbDO BRASILEIRO 3514 JOeE,992,74522,AVENIDA SOLIMOES 3613 JO SATO,5869,0.081943855
394168,AVENIDA RAIMUbDO BRASILEIRO 3514 JOeE,992,43553,AVENIDA JACOB MOREIRA LIMA 207 SAUDE,8830,0.092769265
394168,AVENIDA RAIMUbDO BRASILEIRO 3514 JOeE,992,210271,AVENIDA MAMORE 5162 TEIXEIRAO,8807,0.0935849
394168,AVENIDA RAIMUbDO BRASILEIRO 3514 JOeE,992,366281,AVENIDA MELVIM JONES 441 BODANESE,7329,0.09362055
394168,AVENIDA RAIMUbDO BRASILEIRO 3514 JOeE,992,855802,AVENIDA AUTAZ MIRIM 7072 TANCREDO NEVES,7532,0.095887884
97777,AVENIDA GETULIO ARGASm 849 UAJARA MIRIM,993,97777,AVENIDA GETULIO VARGAS 849 GUAJARA MIRIM,1802,0.023696497
97777,AVENIDA GETULIO ARGASm 849 UAJARA MIRIM,993,97589,AVENIDA FIRMO DE MATOS 1533 GUAJARA MIRIM,2804,0.044380832
97777,AVENIDA GETULIO ARGASm 849 UAJARA MIRIM,993,101705,AVENIDA SALOMAO JUSTINIANO MELGAR 3777 GUAJARA MIRIM,5614,0.04976819
97777,AVENIDA GETULIO ARGASm 849 UAJARA MIRIM,993,101706,AVENIDA SALOMAO JUSTINIANO MELGAR 3778 GUAJARA MIRIM,5341,0.05019923
97777,AVENIDA GETULIO ARGASm 849 UAJARA MIRIM,993,538989,AVENIDA GETULIO VARGAS 3951 RAIMUNDO MELO,5415,0.054473218
214613,AVENIDA SETE DE 5098 AGENOR M DE CARVALHO,994,214613,AVENIDA SETE DE SETEMBRO 5098 AGENOR M DE CARVALHO,6035,0.035306185
214613,AVENIDA SETE DE 5098 AGENOR M DE CARVALHO,994,214614,AVENIDA SETE DE SETEMBRO 5118 AGENOR M DE CARVALHO,6977,0.036744997
214613,AVENIDA SETE DE 5098 AGENOR M DE CARVALHO,994,207988,AVENIDA GUAPORE 3775 AGENOR M DE CARVALHO,1097,0.0427472
214613,AVENIDA SETE DE 5098 AGENOR M DE CARVALHO,994,211931,AVENIDA RAIMUNDO CANTUARIA 4441 AGENOR M DE CARVALHO,8373,0.044852123
214613,AVENIDA SETE DE 5098 AGENOR M DE CARVALHO,994,212052,AVENIDA RAIMUNDO CANTUARIA 5509 AGENOR M DE CARVALHO,1502,0.05313646
661796,RUAq ELCIAS ELCIAS C ALBUQUERQUE 13 AVELINk LEAL,995,661796,RUA ELCIAS C ALBUQUERQUE 13 AVELINO LEAL,1186,0.045988362
661796,RUAq ELCIAS ELCIAS C ALBUQUERQUE 13 AVELINk LEAL,995,661829,RUA ELCIAS C ALBUQUERQUE 250 AVELINO LEAL,7976,0.054069433
661796,RUAq ELCIAS ELCIAS C ALBUQUERQUE 13 AVELINk LEAL,995,277542,RUA LEAO 2 11933 ULISSES GUIMARAES,2897,0.09310731
661796,RUAq ELCIAS ELCIAS C ALBUQUERQUE 13 AVELINk LEAL,995,747651,RUA LEONCIO SALINGNAC 199 TAUA MIRIM,724,0.09824352
661796,RUAq ELCIAS ELCIAS C ALBUQUERQUE 13 AVELINk LEAL,995,299736,RUA RINO LEVI 5235 TEIXEIRAO,1131,0.09884278
1116920,RUA ILHA BELA 23 GILBeERTO GILBeERTO MESTRINHO,996,1098637,RUA FILADELFIA 161 GILBERTO MESTRINHO,3359,0.098908134
1116920,RUA ILHA BELA 23 GILBeERTO GILBeERTO MESTRINHO,996,1098587,RUA FILADELFIA 15 GILBERTO MESTRINHO,5458,0.10483049
1116920,RUA ILHA BELA 23 GILBeERTO GILBeERTO MESTRINHO,996,280571,RUA MALTA 5035 FLODOALDO PONTES PINTO,3959,0.10605125
1116920,RUA ILHA BELA 23 GILBeERTO GILBeERTO MESTRINHO,996,245961,RUA DA ESMERALDA 3832 FLODOALDO PONTES PINTO,5552,0.10909341
1116920,RUA ILHA BELA 23 GILBeERTO GILBeERTO MESTRINHO,996,558656,RUA BOULEVARD AUGUSTO MONTEIRO 1019 TRIANGULO VELHO,4904,0.11259429
60010,RUlA RIU BARBOSA 3243 BAIRRO FLORESTA,997,48499,RUA ANITA GARIBALDI 2086 BAIRRO FLORESTA,8277,0.06869399
60010,RUlA RIU BARBOSA 3243 BAIRRO FLORESTA,997,60010,RUA RUI BARBOSA 3243 BAIRRO FLORESTA,6650,0.075100146
60010,RUlA RIU BARBOSA 3243 BAIRRO FLORESTA,997,48540,RUA ANITA GARIBALDI 2471 BAIRRO FLORESTA,2289,0.07800543
60010,RUlA RIU BARBOSA 3243 BAIRRO FLORESTA,997,49266,RUA ANTONIO DEODATO DURCE 3701 BAIRRO FLORESTA,5332,0.07987605
60010,RUlA RIU BARBOSA 3243 BAIRRO FLORESTA,997,805311,RUA QUINTINO BOCAIUVA 2295 BAIRRO CENTRO,7149,0.08897251
857520,AVENIDA BEIJA BEIJA FLO 25 JORGE TEXêIRA 1 ETP,998,857520,AVENIDA BEIJA FLOR 25 JORGE TEXEIRA 1 ETP,209,0.04166405
857520,AVENIDA BEIJA BEIJA FLO 25 JORGE TEXêIRA 1 ETP,998,889206,AVENIDA PISTA DA RAQUETE 43 JORGE TEIXEIRA,7539,0.080110155
857520,AVENIDA BEIJA BEIJA FLO 25 JORGE TEXêIRA 1 ETP,998,1006731,RUA BALEIA 24 JORGE TEIXEIRA 3 ETAPA,6153,0.084135115
857520,AVENIDA BEIJA BEIJA FLO 25 JORGE TEXêIRA 1 ETP,998,889216,AVENIDA PISTA DA RAQUETE 101 JORGE TEIXEIRA,9237,0.08503698
857520,AVENIDA BEIJA BEIJA FLO 25 JORGE TEXêIRA 1 ETP,998,895880,AVENIDA SUMARE 1433 JORGE TEIXEIRA COMUNIDADE VAL PARAISO,5082,0.08904201
675487,AVENIDA SAO JOAQUIM 1090 NETRO,999,675487,AVENIDA SAO JOAQUIM 1090 CENTRO,5469,0.036349934
675487,AVENIDA SAO JOAQUIM 1090 NETRO,999,830230,AVENIDA JOAO XXIII 1071 SAO FRANCISCO,1134,0.05747313
675487,AVENIDA SAO JOAQUIM 1090 NETRO,999,123425,AVENIDA ARACAJU 4930 SAO PEDRO,2195,0.05785202
675487,AVENIDA SAO JOAQUIM 1090 NETRO,999,123231,AVENIDA ARACAJU 2068 SAO PEDRO,937,0.059690773
675487,AVENIDA SAO JOAQUIM 1090 NETRO,999,499251,RUA DO BREU 325 JOAO ALVES,2327,0.06440498
