id_x,endereco_x,id_lt_x,id_y,endereco_y,id_lt_y
488403,RAMA LPONTE COuBERTA 118228 BR 364 KM 58,0,488403,RAMAL PONTE COBERTA 118228 BR 364 KM 58,5346
488403,RAMA LPONTE COuBERTA 118228 BR 364 KM 58,0,533274,RODOVIA 364 16 RAMAL SAMAUMA,3303
488403,RAMA LPONTE COuBERTA 118228 BR 364 KM 58,0,543002,ESTRADA AC90 320 SOBRAL,9941
488403,RAMA LPONTE COuBERTA 118228 BR 364 KM 58,0,519487,ESTRADA BR364 49 RAMAL,3178
488403,RAMA LPONTE COuBERTA 118228 BR 364 KM 58,0,11297,RODOVIA BR 364 640 MARECHAL RONDON 01,606
743531,gC 110 UNIAO,1,831195,BECO 1 129 UNIAO,7030
743531,gC 110 UNIAO,1,743489,RUA C 42 UNIAO,19
743531,gC 110 UNIAO,1,932044,BECO UNIAO 12 PETROPOLIS,2879
743531,gC 110 UNIAO,1,745730,RUA F 3 UNIAO,9799
743531,gC 110 UNIAO,1,743531,RUA C 110 UNIAO,4226
229818,RUA RUA ANTONIO VIOLAO 2948 JûSCELINO KUBITSHEK,2,229818,RUA ANTONIO VIOLAO 2948 JUSCELINO KUBITSCHEK,4329
229818,RUA RUA ANTONIO VIOLAO 2948 JûSCELINO KUBITSHEK,2,310240,RUA TEOTONIO VILELA 3223 JUSCELINO KUBITSCHEK,1739
229818,RUA RUA ANTONIO VIOLAO 2948 JûSCELINO KUBITSHEK,2,256464,RUA FELIPE DOS SANTOS 8185 JUSCELINO KUBITSCHEK,9051
229818,RUA RUA ANTONIO VIOLAO 2948 JûSCELINO KUBITSHEK,2,310264,RUA TEOTONIO VILELA 7761 JUSCELINO KUBITSCHEK,5258
229818,RUA RUA ANTONIO VIOLAO 2948 JûSCELINO KUBITSHEK,2,310293,RUA TEOTONIO VILELA 7983 JUSCELINO KUBITSCHEK,6682
949932,tU A11 455 ALVORADA,3,120327,LINHA 612 50 JARU,4021
949932,tU A11 455 ALVORADA,3,175554,LINHA TB 10 869 MACHADIHO,4766
949932,tU A11 455 ALVORADA,3,1053711,RUA D 1 TARUMA ACU,6023
949932,tU A11 455 ALVORADA,3,955485,RUA 17 295 ALVORADA,8517
949932,tU A11 455 ALVORADA,3,947673,RUA 1 34 ALVORADA,426
566489,RUA DEZ DE JULHO 122 PLAAS,4,566489,RUA DEZ DE JULHO 122 PLACAS,3083
566489,RUA DEZ DE JULHO 122 PLAAS,4,566572,RUA DEZ DE JULHO 698 PLACAS,4239
566489,RUA DEZ DE JULHO 122 PLAAS,4,566535,RUA DEZ DE JULHO 428 PLACAS,3684
566489,RUA DEZ DE JULHO 122 PLAAS,4,566635,RUA DEZ DE JUNHO 399 TROPICAL,234
566489,RUA DEZ DE JULHO 122 PLAAS,4,1070198,RUA DEZ DE JULHO 172 COMPENSA,9334
668727,RUA PETROPOLIS 351 SIBERboA,5,668727,RUA PETROPOLIS 351 SIBERIA,542
668727,RUA PETROPOLIS 351 SIBERboA,5,668716,RUA PETROPOLIS 161 SIBERIA,8840
668727,RUA PETROPOLIS 351 SIBERboA,5,744204,RUA CODAJAS 141 CIGANOPOLIS,9119
668727,RUA PETROPOLIS 351 SIBERboA,5,1108307,RUA GUANABARA 11 PETROPOLIS,3412
668727,RUA PETROPOLIS 351 SIBERboA,5,987262,RUA ALUISIO BRASIL 22 PETROPOLIS,442
376299,RUA CENTO E TRES 723 BãIRRO xAO JOSE,6,376299,RUA CENTO E TRES 723 BAIRRO SAO JOSE,6311
376299,RUA CENTO E TRES 723 BãIRRO xAO JOSE,6,88256,RUA JERUSALEM 2026 BAIRRO SAO JOSE,3896
376299,RUA CENTO E TRES 723 BãIRRO xAO JOSE,6,427972,RUA TRINTA E DOIS 188 BAIRRO UNIAO,1284
376299,RUA CENTO E TRES 723 BãIRRO xAO JOSE,6,691403,RUA VINTE E UM DE ABRIL 241 BAIRRO MUTIRAO,491
376299,RUA CENTO E TRES 723 BãIRRO xAO JOSE,6,1132589,RUA JOAO QUEIROS 700 BAIRRO DA PAZ,3977
442189,BECO CAMINHO DO CEU 5769 CENTRO,7,442189,BECO CAMINHO DO CEU 5769 CENTRO,1578
442189,BECO CAMINHO DO CEU 5769 CENTRO,7,925405,BECO PENAROL 623 BAIRRO RAIZ,6986
442189,BECO CAMINHO DO CEU 5769 CENTRO,7,376256,RUA CEARA 2493 PARQUE IND NOVO TEMPO,3242
442189,BECO CAMINHO DO CEU 5769 CENTRO,7,375054,RUA AMAPA 2290 PARQUE IND NOVO TEMPO,3019
442189,BECO CAMINHO DO CEU 5769 CENTRO,7,375032,RUA AMAPA 2186 PARQUE IND NOVO TEMPO,1139
502732,RUA NEWTON PRADO 676 JOAOw ALVES,8,502732,RUA NEWTON PRADO 676 JOAO ALVES,1741
502732,RUA NEWTON PRADO 676 JOAOw ALVES,8,502735,RUA NEWTON PRADO 694 JOAO ALVES,8083
502732,RUA NEWTON PRADO 676 JOAOw ALVES,8,655356,RUA NEWTON PRADO 746 CAFEZAL,2620
502732,RUA NEWTON PRADO 676 JOAOw ALVES,8,655344,RUA NEWTON PRADO 705 CAFEZAL,4250
502732,RUA NEWTON PRADO 676 JOAOw ALVES,8,655251,RUA NEWTON PRADO 6 CAFEZAL,9241
158144,RUA ALMIRANTE BARRO5O 1783 dASA RETA,9,58149,RUA PEDRO SPAGNOL 3985 TEIXEIRAO,4459
158144,RUA ALMIRANTE BARRO5O 1783 dASA RETA,9,57339,RUA MONTEIRO LOBATO 1768 TEIXEIRAO,382
158144,RUA ALMIRANTE BARRO5O 1783 dASA RETA,9,58148,RUA PEDRO SPAGNOL 3982 TEIXEIRAO,9135
158144,RUA ALMIRANTE BARRO5O 1783 dASA RETA,9,147124,RUA MARACATIARA 783 MARIO ANDREAZZA,7300
158144,RUA ALMIRANTE BARRO5O 1783 dASA RETA,9,321368,RUA MARECHAL DEODORO 2808 OLARIA,4030
510752,AVENIDAINTERNACIONAL 269 CsNTRO,10,870159,AVENIDA DO CONTORNO 2081 CRESPO,525
510752,AVENIDAINTERNACIONAL 269 CsNTRO,10,210405,AVENIDA MEXICO 3223 EMBRATEL,2210
510752,AVENIDAINTERNACIONAL 269 CsNTRO,10,397495,AVENIDA MARECHAL RONDON 4616 CENTRO,2470
510752,AVENIDAINTERNACIONAL 269 CsNTRO,10,397405,AVENIDA MARECHAL RONDON 1197 CENTRO,2641
510752,AVENIDAINTERNACIONAL 269 CsNTRO,10,397418,AVENIDA MARECHAL RONDON 1294 CENTRO,1794
103607,AVENIDA D0UTOR LEWERGR 4865 GUAJARA MIRIM,11,103607,AVENIDA DOUTOR LEWERGER 4865 GUAJARA MIRIM,3237
103607,AVENIDA D0UTOR LEWERGR 4865 GUAJARA MIRIM,11,103632,AVENIDA DOUTOR LEWERGER 5154 GUAJARA MIRIM,9238
103607,AVENIDA D0UTOR LEWERGR 4865 GUAJARA MIRIM,11,855818,AVENIDA AUTAZ MIRIM 7204 TANCREDO NEVES,2572
103607,AVENIDA D0UTOR LEWERGR 4865 GUAJARA MIRIM,11,855854,AVENIDA AUTAZ MIRIM 7404 TANCREDO NEVES,3239
103607,AVENIDA D0UTOR LEWERGR 4865 GUAJARA MIRIM,11,855802,AVENIDA AUTAZ MIRIM 7072 TANCREDO NEVES,7532
687789,RUA SAO SEBSTIAO 2 sCENRO,12,276789,RUA JURUA 1486 SAO SEBASTIAO,9998
687789,RUA SAO SEBSTIAO 2 sCENRO,12,345119,AVENIDA MACEIO 6226 SAO CRISTOVAO,6114
687789,RUA SAO SEBSTIAO 2 sCENRO,12,261309,RUA GIRUA 5552 SAO SEBASTIAO,6994
687789,RUA SAO SEBSTIAO 2 sCENRO,12,617456,RUA SAO CRISTOVAO 143 DAL PASQUALE,6757
687789,RUA SAO SEBSTIAO 2 sCENRO,12,773233,RUA ACAR 1249 SAO CRISTOVAO,4588
373686,RUw 347 491 VLIA iPERARIA,13,508804,RAMAL TRES 44 BR364,1759
373686,RUw 347 491 VLIA iPERARIA,13,510394,TRAVESSA RIO JURUA 3 1181 MIRITIZAL,7704
373686,RUw 347 491 VLIA iPERARIA,13,931897,BECO UIRAPURU 3 75 COROADO,3053
373686,RUw 347 491 VLIA iPERARIA,13,922486,BECO KIMURA 4 JAPIIM,8265
373686,RUw 347 491 VLIA iPERARIA,13,468110,RUA MARACATIARA 3753 SUMAUMA,8810
961181,RUA 219 99 NOVO ALEIXO,14,961181,RUA 219 99 NOVO ALEIXO,3136
961181,RUA 219 99 NOVO ALEIXO,14,961149,RUA 219 61 NOVO ALEIXO,9048
961181,RUA 219 99 NOVO ALEIXO,14,961169,RUA 219 81 NOVO ALEIXO,1523
961181,RUA 219 99 NOVO ALEIXO,14,961146,RUA 219 59 NOVO ALEIXO,30
961181,RUA 219 99 NOVO ALEIXO,14,961127,RUA 219 45 NOVO ALEIXO,8884
694752,RUAU RUAU M 90 MONTE SINAI,15,694752,RUA UM 90 MONTE SINAI,6600
694752,RUAU RUAU M 90 MONTE SINAI,15,290331,RUA PANTEON 7205 TEIXEIRAO,6697
694752,RUAU RUAU M 90 MONTE SINAI,15,770957,RUA MINELVINA 27 GUAJARA,9128
694752,RUAU RUAU M 90 MONTE SINAI,15,694680,RUA QUATRO 66 MONTE SINAI,7428
694752,RUAU RUAU M 90 MONTE SINAI,15,329679,RUA 40 16 NOVA MUTUM,8315
148586,RUA MNEZES FILO 2997 DO5 DE ABRIL,16,141398,RUA GIRASSOL 130 DOIS DE ABRIL,4170
148586,RUA MNEZES FILO 2997 DO5 DE ABRIL,16,148586,RUA MENEZES FILHO 2997 DOIS DE ABRIL,1068
148586,RUA MNEZES FILO 2997 DO5 DE ABRIL,16,141400,RUA GIRASSOL 146 DOIS DE ABRIL,5597
148586,RUA MNEZES FILO 2997 DO5 DE ABRIL,16,140689,RUA FLORES 490 DOIS DE ABRIL,8432
148586,RUA MNEZES FILO 2997 DO5 DE ABRIL,16,577190,RUA HIDALGO LIMA 140 06 DE AGOSTO,8385
496224,RUA AkFREO TELES 227 Noé,17,970588,RUA 5 69 COROADO,6778
496224,RUA AkFREO TELES 227 Noé,17,1130158,RUA JERUSALEM 41 COROADO,6093
496224,RUA AkFREO TELES 227 Noé,17,496224,RUA ALFREDO TELES 227 None,4304
496224,RUA AkFREO TELES 227 Noé,17,1129990,RUA JERUSALEM 18 COROADO,5934
496224,RUA AkFREO TELES 227 Noé,17,1124508,RUA J 142 COROADO,1494
530273,RUA JOSE JOAQUI PEREIRA 1275 OLARIA,18,530273,RUA JOSE JOAQUIM PEREIRA 1275 OLARIA,122
530273,RUA JOSE JOAQUI PEREIRA 1275 OLARIA,18,55560,RUA JOSE TOMAZ DE AQUINO 4194 JOSINO BRITO,3213
530273,RUA JOSE JOAQUI PEREIRA 1275 OLARIA,18,55551,RUA JOSE TOMAZ DE AQUINO 4114 JOSINO BRITO,175
530273,RUA JOSE JOAQUI PEREIRA 1275 OLARIA,18,1148280,RUA LUIS MONTENEGRO 373 JORGE TEIXEIRA,4469
530273,RUA JOSE JOAQUI PEREIRA 1275 OLARIA,18,55521,RUA JOSE TOMAZ DE AQUINO 3915 JOSINO BRITO,8359
657331,RUA GOVERNADOR ORLEIR CAMELI 1 AsNá ALVES VIEIRA,19,657331,RUA GOVERNADOR ORLEIR CAMELI 1 ANA ALVES VIEIRA,5044
657331,RUA GOVERNADOR ORLEIR CAMELI 1 AsNá ALVES VIEIRA,19,223428,RUA ALEXANDRE GUIMARAES 4610 AGENOR M DE CARVALHO,1030
657331,RUA GOVERNADOR ORLEIR CAMELI 1 AsNá ALVES VIEIRA,19,1105935,RUA GILBERTO MESTRINHO 64 TANCREDO NEVES,7948
657331,RUA GOVERNADOR ORLEIR CAMELI 1 AsNá ALVES VIEIRA,19,1092201,RUA ENGENHEIRO VILAR FIUZA 3 SSO JOSE OPERARIO,1840
657331,RUA GOVERNADOR ORLEIR CAMELI 1 AsNá ALVES VIEIRA,19,320542,RUA GOVERNADOR ARI MARCOS 1280 AGENOR M DE CARVALHO,8360
883933,AVENIDA MARGAITâ 2258 NOVA CIDADE,20,883933,AVENIDA MARGARITA 2258 NOVA CIDADE,9900
883933,AVENIDA MARGAITâ 2258 NOVA CIDADE,20,885836,AVENIDA NEPAL 22 NOVA CIDADE,1505
883933,AVENIDA MARGAITâ 2258 NOVA CIDADE,20,885817,AVENIDA NEPAL 18 NOVA CIDADE,1319
883933,AVENIDA MARGAITâ 2258 NOVA CIDADE,20,885732,AVENIDA NEPAL 8 NOVA CIDADE,8862
883933,AVENIDA MARGAITâ 2258 NOVA CIDADE,20,885947,AVENIDA NEPAL 290 NOVA CIDADE,7801
1042581,RUA CINCO DE SETEMBRO 709 JAPIIM,21,1042581,RUA CINCO DE SETEMBRO 709 JAPIIM,6539
1042581,RUA CINCO DE SETEMBRO 709 JAPIIM,21,1042146,RUA CINCO DE SETEMBRO 27 JAPIIM,5569
1042581,RUA CINCO DE SETEMBRO 709 JAPIIM,21,1041641,RUA CINCO DE FEVEREIRO 623 BETANIA,1164
1042581,RUA CINCO DE SETEMBRO 709 JAPIIM,21,312099,RUA TREZE DE SETEMBRO 1017 AREAL,7907
1042581,RUA CINCO DE SETEMBRO 709 JAPIIM,21,1041914,RUA CINCO DE JUNHO 516 COROADO,3671
912916,BECO BOA SORTE 4 317 PRESIDENTE,22,912916,BECO BOA SORTE 4 317 PRESIDENTE VARGAS,8438
912916,BECO BOA SORTE 4 317 PRESIDENTE,22,912896,BECO BOA SORTE 4 103 PRESIDENTE VARGAS,360
912916,BECO BOA SORTE 4 317 PRESIDENTE,22,934616,BECO SANTA RITA 1007 COROADO,7523
912916,BECO BOA SORTE 4 317 PRESIDENTE,22,921850,BECO JESUS SALVADOR 1 COROADO,3847
912916,BECO BOA SORTE 4 317 PRESIDENTE,22,924482,BECO NOVA JERUSALEM 23 JORGE TEIXEIRA 4 ETAPA,8344
565120,RA DAMA DA NOjTE 773 TROPCIL,23,535900,ALAMEDA MANACAIAS 358 CHACARA IPE,182
565120,RA DAMA DA NOjTE 773 TROPCIL,23,851689,ALAMEDA ITALIA 82 CHAPADA,8757
565120,RA DAMA DA NOjTE 773 TROPCIL,23,637662,RAMAL PICAREIRA 520 AMAPA,9958
565120,RA DAMA DA NOjTE 773 TROPCIL,23,627658,TRAVESSA JERUSALEM 144 AIRTON SENA,4102
565120,RA DAMA DA NOjTE 773 TROPCIL,23,796063,BECO TEODORICO NUNES 538 JAUARY I,243
1026490,RUA CAJyBIA CAJyBIA ANTIGA RUA MARGINAL 63 SAO JOSE OPERARIO 2,24,1026490,RUA CAJUBIA ANTIGA RUA MARGINAL 63 SAO JOSE OPERARIO 2,8788
1026490,RUA CAJyBIA CAJyBIA ANTIGA RUA MARGINAL 63 SAO JOSE OPERARIO 2,24,1008200,RUA BARREIRINHA ANTIGA RUA J 4 SAO JOSE OPERARIO,492
1026490,RUA CAJyBIA CAJyBIA ANTIGA RUA MARGINAL 63 SAO JOSE OPERARIO 2,24,1008456,RUA BARREIRINHA ANTIGA RUA J 245 SAO JOSE OPERARIO,4729
1026490,RUA CAJyBIA CAJyBIA ANTIGA RUA MARGINAL 63 SAO JOSE OPERARIO 2,24,1052061,RUA CURIAU ANTIGA RUA RIO BRANCO 120 SAO JOSE OPERARIO,5802
1026490,RUA CAJyBIA CAJyBIA ANTIGA RUA MARGINAL 63 SAO JOSE OPERARIO 2,24,1008165,RUA BARREIRINHA (RUA J) 2 SAO JOSE OPERARIO 3,5479
840990,RUA VALDEMAR VENTURA 2383 SAOJOS,25,840990,RUA VALDEMAR VENTURA 2383 SAO JOSE,1471
840990,RUA VALDEMAR VENTURA 2383 SAOJOS,25,841033,RUA VALDEMAR VENTURA 2486 SAO JOSE,3912
840990,RUA VALDEMAR VENTURA 2383 SAOJOS,25,280768,RUA MANE GARRINCHA 3423 PORTO VELHO,7458
840990,RUA VALDEMAR VENTURA 2383 SAOJOS,25,608459,RUA VALERIO MAGALHAES 26 BOSQUE,9448
840990,RUA VALDEMAR VENTURA 2383 SAOJOS,25,608482,RUA VALERIO MAGALHAES 81 BOSQUE,6473
103307,AVENIDA DOeUTOR LEWERGER 1248 CETNR0,26,103307,AVENIDA DOUTOR LEWERGER 1248 CENTRO,7633
103307,AVENIDA DOeUTOR LEWERGER 1248 CETNR0,26,103607,AVENIDA DOUTOR LEWERGER 4865 GUAJARA MIRIM,3237
103307,AVENIDA DOeUTOR LEWERGER 1248 CETNR0,26,210405,AVENIDA MEXICO 3223 EMBRATEL,2210
103307,AVENIDA DOeUTOR LEWERGER 1248 CETNR0,26,461147,AVENIDA FLAMBOYANT 63 CENTRO,2425
103307,AVENIDA DOeUTOR LEWERGER 1248 CETNR0,26,74860,AVENIDA TROMBETAS 4582 CRUZEIRO,2348
66429,LINH â14 33 LIHNA 14,27,473931,LINHA 202 FINAL 40 ESQUINA LH 153,8478
66429,LINH â14 33 LIHNA 14,27,423463,LINHA 02 17 None,3913
66429,LINH â14 33 LIHNA 14,27,173958,LINHA LJ 4 141 MACHADINHO,9817
66429,LINH â14 33 LIHNA 14,27,672888,RAMAL LINHA4 252 CAQUETA,7260
66429,LINH â14 33 LIHNA 14,27,174027,LINHA LJ 5 214 MACHADINHO,9098
916711,BEC0 DA INDUSTRIA 96 NOSSA SENHORA APARECIDA,28,916711,BECO DA INDUSTRIA 96 NOSSA SENHORA APARECIDA,7650
916711,BEC0 DA INDUSTRIA 96 NOSSA SENHORA APARECIDA,28,917963,BECO DAS FLORES 15 NOSSA SENHORA APARECIDA,9527
916711,BEC0 DA INDUSTRIA 96 NOSSA SENHORA APARECIDA,28,903851,AVENIDA NOSSA SENHORA APARECIDA 147 CIDADE DE DEUS,2114
916711,BEC0 DA INDUSTRIA 96 NOSSA SENHORA APARECIDA,28,913845,BECO BRASIL 377 NOSSA SENHORA APARECIDA,1704
916711,BEC0 DA INDUSTRIA 96 NOSSA SENHORA APARECIDA,28,1135473,RUA JOSE CLEMENTE 127 NOSSA SENHORA APARECIDA,9271
597425,RUA QUARUB 20 RES. SANT CRUZ/PLACAS,29,597425,RUA QUARUBA 20 RES. SANTA CRUZ/PLACAS,2203
597425,RUA QUARUB 20 RES. SANT CRUZ/PLACAS,29,558080,RUA BOM JESUS 196 PLACAS/XAVIER MAIA,4047
597425,RUA QUARUB 20 RES. SANT CRUZ/PLACAS,29,598190,RUA RADIO FAROL 337 GLORIA,1238
597425,RUA QUARUB 20 RES. SANT CRUZ/PLACAS,29,1017502,RUA BOGOTA 9 PLANALTO,4932
597425,RUA QUARUB 20 RES. SANT CRUZ/PLACAS,29,1018267,RUA BOM JESUS 23 ZUMBI III,5187
865429,AVENIDA CONSTANTINO NERY 2229 CqHAPAfA,30,865458,AVENIDA CONSTANTINO NERY 2229 CHAPADA,4991
865429,AVENIDA CONSTANTINO NERY 2229 CqHAPAfA,30,865268,AVENIDA CONSTANTINO NERY 2229 CAHAPADA,3926
865429,AVENIDA CONSTANTINO NERY 2229 CqHAPAfA,30,865429,AVENIDA CONSTANTINO NERY 2229 CAHAPADA,6884
865429,AVENIDA CONSTANTINO NERY 2229 CqHAPAfA,30,865287,AVENIDA CONSTANTINO NERY 2229 CAHAPADA,6050
865429,AVENIDA CONSTANTINO NERY 2229 CqHAPAfA,30,866345,AVENIDA CONSTANTINO NERY 3451 CHAPADA,4169
801812,RUA HILARIO ANTUNES 1782 SANTO ANTNOIO,31,801812,RUA HILARIO ANTUNES 1782 SANTO ANTONIO,3791
801812,RUA HILARIO ANTUNES 1782 SANTO ANTNOIO,31,762497,RUA OLAVO BILAC 456 SANTO ANTONIO,1351
801812,RUA HILARIO ANTUNES 1782 SANTO ANTNOIO,31,998091,RUA ARISTOFANO ANTONY 438 PETROPOLIS,1515
801812,RUA HILARIO ANTUNES 1782 SANTO ANTNOIO,31,725042,RUA TEMISTOCLES MORAIS 550 SANTO ANTONIO,8522
801812,RUA HILARIO ANTUNES 1782 SANTO ANTNOIO,31,999697,RUA ARTUR REIS 283 SANTO ANTONIO,3145
267902,RUA JACINTO 3016 ELETRONORTE,32,267902,RUA JACINTO 3016 ELETRONORTE,2141
267902,RUA JACINTO 3016 ELETRONORTE,32,227905,RUA ANGICO 2720 ELETRONORTE,4213
267902,RUA JACINTO 3016 ELETRONORTE,32,308140,RUA TAMAREIRA 3167 ELETRONORTE,5134
267902,RUA JACINTO 3016 ELETRONORTE,32,276601,RUA JUNQUILHO 1336 ELETRONORTE,1259
267902,RUA JACINTO 3016 ELETRONORTE,32,276684,RUA JUPITER 3320 B ELETRONORTE,3274
181317,AqVENIDA DUQUED E CAXIAS 1455 BAIRRO NOVA OURO PRETO,33,181348,AVENIDA DUQUE DE CAXIAS 1733 BAIRRO NOVA OURO PRETO,9228
181317,AqVENIDA DUQUED E CAXIAS 1455 BAIRRO NOVA OURO PRETO,33,181317,AVENIDA DUQUE DE CAXIAS 1455 BAIRRO NOVA OURO PRETO,3529
181317,AqVENIDA DUQUED E CAXIAS 1455 BAIRRO NOVA OURO PRETO,33,181323,AVENIDA DUQUE DE CAXIAS 1509 BAIRRO NOVA OURO PRETO,354
181317,AqVENIDA DUQUED E CAXIAS 1455 BAIRRO NOVA OURO PRETO,33,297640,RUA QUINTINO BOCAIUVA 3196 PORTO VELHO,8153
181317,AqVENIDA DUQUED E CAXIAS 1455 BAIRRO NOVA OURO PRETO,33,185191,RUA JOANA DARC 249 NOVA OURO PRETO,2669
889216,AVENIDA PIST ADA RArQUETE 101 JROGE TEIXEIRA,34,898712,AVENIDA TORQUATO TAPAJOS 6437 TARUMA,9777
889216,AVENIDA PIST ADA RArQUETE 101 JROGE TEIXEIRA,34,895880,AVENIDA SUMARE 1433 JORGE TEIXEIRA COMUNIDADE VAL PARAISO,5082
889216,AVENIDA PIST ADA RArQUETE 101 JROGE TEIXEIRA,34,889206,AVENIDA PISTA DA RAQUETE 43 JORGE TEIXEIRA,7539
889216,AVENIDA PIST ADA RArQUETE 101 JROGE TEIXEIRA,34,100432,AVENIDA PEDRO ELEOTHERIO 1328 TAMANDARE,6837
889216,AVENIDA PIST ADA RArQUETE 101 JROGE TEIXEIRA,34,855802,AVENIDA AUTAZ MIRIM 7072 TANCREDO NEVES,7532
726724,RUA JiOA PONTES 1039 CANUTAMA,35,726724,RUA JOAO PONTES 1039 CANUTAMA,7072
726724,RUA JiOA PONTES 1039 CANUTAMA,35,726710,RUA JOAO PONTES 904 CANUTAMA,4760
726724,RUA JiOA PONTES 1039 CANUTAMA,35,726840,RUA PORFIRIO CHAGAS 1102 CANUTAMA,1225
726724,RUA JiOA PONTES 1039 CANUTAMA,35,571811,RUA EPAMINONDAS JACOME 2080 CADEIA VELHA,8411
726724,RUA JiOA PONTES 1039 CANUTAMA,35,744204,RUA CODAJAS 141 CIGANOPOLIS,9119
950737,RUA h12 481 AVORADA,36,950737,RUA 12 481 ALVORADA,1239
950737,RUA h12 481 AVORADA,36,956183,RUA 18 322 ALVORADA,4127
950737,RUA h12 481 AVORADA,36,970733,RUA 5 358 ALVORADA,7964
950737,RUA h12 481 AVORADA,36,1004802,RUA B 36 916 ALVORADA,6513
950737,RUA h12 481 AVORADA,36,967981,RUA 4 1152 ALVORADA,104
380228,RU NOVECëNTOS E TRES 2097 BAIRRO NOVA ESPEANCA,37,380228,RUA NOVECENTOS E TRES 2097 BAIRRO NOVA ESPEANCA,9848
380228,RU NOVECëNTOS E TRES 2097 BAIRRO NOVA ESPEANCA,37,1082076,RUA DOIS RIACHOS ANTIGA A11 9 ALVORADA,6358
380228,RU NOVECëNTOS E TRES 2097 BAIRRO NOVA ESPEANCA,37,804979,RUA PENETRACAO TRES 23 JARDIM AMANDA,7992
380228,RU NOVECëNTOS E TRES 2097 BAIRRO NOVA ESPEANCA,37,311779,RUA TRES E MEIO 2242 NOVA FLORESTA,4002
380228,RU NOVECëNTOS E TRES 2097 BAIRRO NOVA ESPEANCA,37,1027403,RUA CAMPO DO ROMA 2 NOVO ALEIXO,5762
1011292,RUA BLA BLA VISTA 400 GILBERTO MESTRINHO,38,1011292,RUA BELA VISTA 400 GILBERTO MESTRINHO,4747
1011292,RUA BLA BLA VISTA 400 GILBERTO MESTRINHO,38,1010839,RUA BELA VISTA 50 GILBERTO MESTRINHO,2022
1011292,RUA BLA BLA VISTA 400 GILBERTO MESTRINHO,38,1098587,RUA FILADELFIA 15 GILBERTO MESTRINHO,5458
1011292,RUA BLA BLA VISTA 400 GILBERTO MESTRINHO,38,988202,RUA AMATURA 174 GILBERTO MESTRINHO,6332
1011292,RUA BLA BLA VISTA 400 GILBERTO MESTRINHO,38,1001444,RUA AURORA 5 GLBERTO MESTRINHO,2415
426034,RuUA CASTELO BRANCO 653 BAIROR UNIAO,39,426034,RUA CASTELO BRANCO 653 BAIRRO UNIAO,4424
426034,RuUA CASTELO BRANCO 653 BAIROR UNIAO,39,426038,RUA CASTELO BRANCO 700 BAIRRO UNIAO,8234
426034,RuUA CASTELO BRANCO 653 BAIROR UNIAO,39,426074,RUA CASTELO BRANCO 1070 UNIAO,1243
426034,RuUA CASTELO BRANCO 653 BAIROR UNIAO,39,1131969,RUA JOAO LIBERAL 95 CIDADE NOVA,5617
426034,RuUA CASTELO BRANCO 653 BAIROR UNIAO,39,244036,RUA CONSTELACAO 8773 PORTO VELHO,8696
6056,LpINHA 425 85 ZONA RURAL,40,6056,LINHA 42 5 85 ZONA RURAL,9852
6056,LpINHA 425 85 ZONA RURAL,40,120557,LINHA 619 20 ZONA RURAL,3640
6056,LpINHA 425 85 ZONA RURAL,40,120513,LINHA 619 6 ZONA RURAL,7412
6056,LpINHA 425 85 ZONA RURAL,40,462943,LINHA 43 1 ZONA RURAL,2347
6056,LpINHA 425 85 ZONA RURAL,40,120497,LINHA 619 2 ZONA RURAL,4045
1128047,BOTANICO RU JARDIM 401 SAO OJRGqE,41,926425,BECO REGO BARROS 251 SAO RAIMUNDO,275
1128047,BOTANICO RU JARDIM 401 SAO OJRGqE,41,926427,BECO REGO BARROS 255 SAO RAIMUNDO,5713
1128047,BOTANICO RU JARDIM 401 SAO OJRGqE,41,297625,RUA QUINTINO BOCAIUVA 2899 SAO CRISTOVAO,3734
1128047,BOTANICO RU JARDIM 401 SAO OJRGqE,41,394434,AVENIDA SEBASTIAO JOAO CLIMACO 6343 SAO JOSE,7824
1128047,BOTANICO RU JARDIM 401 SAO OJRGqE,41,778675,RUA MARECHAL RONDON 1731 SAO CRISTOVAO,8859
393637,AVENIDA LUIS DE FRANCA TORRES 6360 SAO JOSE,42,393637,AVENIDA LUIS DE FRANCA TORRES 6360 SAO JOSE,9263
393637,AVENIDA LUIS DE FRANCA TORRES 6360 SAO JOSE,42,336605,AVENIDA SAO LUIZ 2088 ERNANDES GONCALVES,6694
393637,AVENIDA LUIS DE FRANCA TORRES 6360 SAO JOSE,42,537834,AVENIDA EDMUNDO PINTO 607 SAO FRANCISCO,7530
393637,AVENIDA LUIS DE FRANCA TORRES 6360 SAO JOSE,42,537810,AVENIDA EDMUNDO PINTO 473 SAO FRANCISCO,260
393637,AVENIDA LUIS DE FRANCA TORRES 6360 SAO JOSE,42,74100,AVENIDA PAULO DE ASSIS RIBEIRO 5059 SAO JOSE,1317
489874,RUA ASLIM FARHAT 1643 CENTRO,43,489874,RUA SALIM FARHAT 1643 CENTRO,144
489874,RUA ASLIM FARHAT 1643 CENTRO,43,601385,RUA SALIM FAHAT 502 BAIRRO 15,3120
489874,RUA ASLIM FARHAT 1643 CENTRO,43,338292,RUA RICARDO SOMENSARI 2896 CENTRO,3428
489874,RUA ASLIM FARHAT 1643 CENTRO,43,274394,RUA JOSE CAUBY 249 CENTRO,2787
489874,RUA ASLIM FARHAT 1643 CENTRO,43,824512,RUA LUIZ FALCAO 1481 CENTRO,5219
1108319,RUA GUANABaARA 12 LIRIO DO VALE,44,1108319,RUA GUANABARA 12 LIRIO DO VALE,7969
1108319,RUA GUANABaARA 12 LIRIO DO VALE,44,1118936,RUA IPANEMA 5 LIRIO DO VALE,3899
1108319,RUA GUANABaARA 12 LIRIO DO VALE,44,1102652,RUA G 8 LIRIO DO VALE,3960
1108319,RUA GUANABaARA 12 LIRIO DO VALE,44,1108400,RUA GUANABARA 25 LIRIO DO VALE,5209
1108319,RUA GUANABaARA 12 LIRIO DO VALE,44,1034145,RUA CATORZE 17 LIRIO DO VALE,6270
408992,VAENIDA PORTO VELHO 2207 SETOR 4,45,408992,AVENIDA PORTO VELHO 2207 SETOR 4,8800
408992,VAENIDA PORTO VELHO 2207 SETOR 4,45,408886,AVENIDA PORTO VELHO 1579 ST 3,6840
408992,VAENIDA PORTO VELHO 2207 SETOR 4,45,114030,RUA MINERVINO VIANA 2609 SETOR 4,6042
408992,VAENIDA PORTO VELHO 2207 SETOR 4,45,409008,AVENIDA PORTO VELHO 2261 SETOR 4,9200
408992,VAENIDA PORTO VELHO 2207 SETOR 4,45,490714,RAMAL CIMENTEIRA 2 1020 LOTE 18,5189
298197,RUA RAFAEL VAZ E E SILVA 2991 LIBERDADEp,46,298197,RUA RAFAEL VAZ E SILVA 2991 LIBERDADE,7562
298197,RUA RAFAEL VAZ E E SILVA 2991 LIBERDADEp,46,298207,RUA RAFAEL VAZ E SILVA 3045 LIBERDADE,6529
298197,RUA RAFAEL VAZ E E SILVA 2991 LIBERDADEp,46,297896,RUA RAFAEL VAZ E SILVA 904 ROQUE,3442
298197,RUA RAFAEL VAZ E E SILVA 2991 LIBERDADEp,46,297897,RUA RAFAEL VAZ E SILVA 904 ROQUE,8663
298197,RUA RAFAEL VAZ E E SILVA 2991 LIBERDADEp,46,297893,RUA RAFAEL VAZ E SILVA 884 ROQUE,8297
687622,RUA RUA TRINTA E UMD E MARCO 686 CENTRO,47,687622,RUA TRINTA E UM DE MARCO 686 CENTRO,8888
687622,RUA RUA TRINTA E UMD E MARCO 686 CENTRO,47,687614,RUA TRINTA E UM DE MARCO 685 CENTRO,4970
687622,RUA RUA TRINTA E UMD E MARCO 686 CENTRO,47,156212,RUA TRINTA E UM DE MARCO 1472 BAIRRO SANTIAGO,4346
687622,RUA RUA TRINTA E UMD E MARCO 686 CENTRO,47,1036959,RUA CENTO E VINTE E QUATRO 25 CIDADE NOVA,9104
687622,RUA RUA TRINTA E UMD E MARCO 686 CENTRO,47,1037023,RUA CENTO SETENTA E DOIS 45 NOVO ALEIXO,254
945442,RUA 02 DE AGOSTO 1 FLkRpES,48,945442,RUA 02 DE AGOSTO 1 FLORES,6125
945442,RUA 02 DE AGOSTO 1 FLkRpES,48,956183,RUA 18 322 ALVORADA,4127
945442,RUA 02 DE AGOSTO 1 FLkRpES,48,970733,RUA 5 358 ALVORADA,7964
945442,RUA 02 DE AGOSTO 1 FLkRpES,48,947926,RUA 1 102 ALEIXO,1807
945442,RUA 02 DE AGOSTO 1 FLkRpES,48,945130,RUA 01 229 NOVO ALEIXO,7478
961984,RUA 20 21 CIDADE NOVA,49,961984,RUA 230 21 CIDADE NOVA,1957
961984,RUA 20 21 CIDADE NOVA,49,962798,RUA 242 20 CIDADE NOVA,9693
961984,RUA 20 21 CIDADE NOVA,49,962139,RUA 234 22 CIDADE NOVA,133
961984,RUA 20 21 CIDADE NOVA,49,964483,RUA 27 21 CIDADE NOVA,9000
961984,RUA 20 21 CIDADE NOVA,49,962119,RUA 233 22 CIDADE NOVA,5885
505171,RUA DESEMBARGADOR TAVORrA 13 CENTR,50,505171,RUA DESEMBARGADOR TAVORA 13 CENTRO,1400
505171,RUA DESEMBARGADOR TAVORrA 13 CENTR,50,494652,AVENIDA DESEMBARGADOR TAVORA 230 CENTRO,2576
505171,RUA DESEMBARGADOR TAVORrA 13 CENTR,50,494827,AVENIDA DESEMBARGADOR TAVORA 1772 VARZIA,8077
505171,RUA DESEMBARGADOR TAVORrA 13 CENTR,50,494656,AVENIDA DESEMBARGADOR TAVORA 282 CENTRO,5774
505171,RUA DESEMBARGADOR TAVORrA 13 CENTR,50,73177,RUA DEPUTADO JO SATO 2960 CENTRO,4710
1116749,RjA II 113 REDENrCAO REDENrCAO,51,1116749,RUA II 113 REDENCAO,7124
1116749,RjA II 113 REDENrCAO REDENrCAO,51,970335,RUA 5 13 REDENCAO,287
1116749,RjA II 113 REDENrCAO REDENrCAO,51,1110079,RUA GURUPI 1685 REDENCAO,6052
1116749,RjA II 113 REDENrCAO REDENrCAO,51,1030256,RUA CARAUARI 1338 REDENCAO,300
1116749,RjA II 113 REDENrCAO REDENrCAO,51,1037730,RUA CHAPADA 245 REDENCAO,2339
796929,RUA RUA LEITE 2751 IRAxY,52,796929,RUA ACACIO LEITE 2751 IRACY,6637
796929,RUA RUA LEITE 2751 IRAxY,52,799478,RUA BORBA 2720 IRACY,3843
796929,RUA RUA LEITE 2751 IRAxY,52,797623,RUA ALVARO MAIA 2959 IRACY,4195
796929,RUA RUA LEITE 2751 IRAxY,52,796941,RUA ACACIO LEITE 2888 IRACY,2331
796929,RUA RUA LEITE 2751 IRAxY,52,299736,RUA RINO LEVI 5235 TEIXEIRAO,1131
301612,RUA ROSALINA GOMéS 10211 MARANA,53,301612,RUA ROSALINA GOMES 10211 MARIANA,1085
301612,RUA ROSALINA GOMéS 10211 MARANA,53,301616,RUA ROSALINA GOMES 10381 MARIANA,9147
301612,RUA ROSALINA GOMéS 10211 MARANA,53,301467,RUA ROSALINA GOMES 2000 MARIANA,3669
301612,RUA ROSALINA GOMéS 10211 MARANA,53,296702,RUA PROTASIO ALVES 10076 MARIANA,2441
301612,RUA ROSALINA GOMéS 10211 MARANA,53,309957,RUA TEODORA LOPES 9527 MARIANA,1291
104310,AVENIDA PRINCESvA ISABL 1655 GmUAJARA,54,538106,AVENIDA EPAMINONDAS JACOME 1538 CADEIA VELHA,5216
104310,AVENIDA PRINCESvA ISABL 1655 GmUAJARA,54,81860,AVENIDA HASSIB CURY 1406 SETOR0005,424
104310,AVENIDA PRINCESvA ISABL 1655 GmUAJARA,54,537902,AVENIDA EPAMINONDAS JACOME 548 CADEIA VELHA,5205
104310,AVENIDA PRINCESvA ISABL 1655 GmUAJARA,54,104310,AVENIDA PRINCESA ISABEL 1655 GUAJARA MIRIM,9008
104310,AVENIDA PRINCESvA ISABL 1655 GmUAJARA,54,888523,AVENIDA PENETRACAO UM 1311 JAPIIM,1022
507629,COMUNIcADE COMUNIcADE ESTIRAO 6731 ESTRADA VARoANTwE,55,507629,COMUNIDADE ESTIRAO 6731 ESTRADA VARIANTE,8587
507629,COMUNIcADE COMUNIcADE ESTIRAO 6731 ESTRADA VARoANTwE,55,507638,COMUNIDADE ESTIRAO 8757 ESTRADA VARIANTE,9082
507629,COMUNIcADE COMUNIcADE ESTIRAO 6731 ESTRADA VARoANTwE,55,507609,COMUNIDADE ESTIRAO 2723 ESTRADA VARIANTE,1440
507629,COMUNIcADE COMUNIcADE ESTIRAO 6731 ESTRADA VARoANTwE,55,679285,COMUNIDADE NITEROI 8 NITEROI,1089
507629,COMUNIcADE COMUNIcADE ESTIRAO 6731 ESTRADA VARoANTwE,55,810472,ESTRADA RONDON 2 32 COMUNIDADE,4191
1109719,RúA GURUPI 17 BwIRRO DA PAzZ,56,806435,RUA UIRAPURU 129 DA PAZ,9465
1109719,RúA GURUPI 17 BwIRRO DA PAzZ,56,235799,RUA BIDU SAIAO 6298 APONIA,4338
1109719,RúA GURUPI 17 BwIRRO DA PAzZ,56,60887,RUA UIRAPURU 2999 TEIXEIRAO,5284
1109719,RúA GURUPI 17 BwIRRO DA PAzZ,56,235826,RUA BIDU SAIAO 6439 APONIA,3980
1109719,RúA GURUPI 17 BwIRRO DA PAzZ,56,235926,RUA BIDU SAIAO 7069 APONIA,5879
550388,RUA ADERBAL gRASoIL 29 MANOEL JUkIAO,57,550388,RUA ADERBAL BRASIL 29 MANOEL JULIAO,2590
550388,RUA ADERBAL gRASoIL 29 MANOEL JUkIAO,57,586684,RUA MARANHAO 118 BOSQUE,8384
550388,RUA ADERBAL gRASoIL 29 MANOEL JUkIAO,57,608946,RUA VETERANO R PINTO 99 MANOEL JULIAO,6634
550388,RUA ADERBAL gRASoIL 29 MANOEL JUkIAO,57,1132875,RUA JOAO WALTER 44 COROADO,655
550388,RUA ADERBAL gRASoIL 29 MANOEL JUkIAO,57,620353,RUA VETERANO R PINTO 46 MANOEL JULIAO,6794
565927,PLACAS RUA DAS 1684 WANDERLEY DNAyAS,58,565927,RUA DAS PLACAS 1684 WANDERLEY DANTAS,3152
565927,PLACAS RUA DAS 1684 WANDERLEY DNAyAS,58,575563,RUA GAIVOTA 69 PLACAS,4903
565927,PLACAS RUA DAS 1684 WANDERLEY DNAyAS,58,575561,RUA GAIVOTA 58 PLACAS,288
565927,PLACAS RUA DAS 1684 WANDERLEY DNAyAS,58,1061454,RUA DALLAS 25 FLORES,8627
565927,PLACAS RUA DAS 1684 WANDERLEY DNAyAS,58,573351,RUA FLAMINGO 96 PLACAS,8314
132552,UA CAETAO COSTA 127 URUPA,59,216648,BECO DA UNIAO 698 B FLORESTA,1230
132552,UA CAETAO COSTA 127 URUPA,59,105267,TRAVESSA MUTIRAO 02 98 GUAJARA MIRIM,2697
132552,UA CAETAO COSTA 127 URUPA,59,934762,BECO SANTO AMARO 23 REDENCAO,8907
132552,UA CAETAO COSTA 127 URUPA,59,791540,TRAVESSA TRES 161 MUTIRAO,4495
132552,UA CAETAO COSTA 127 URUPA,59,722079,RIO AUTAZ ACU 476 LIMAO,7705
977593,RUA A 1005 ADRIàNOPOLIS,60,977593,RUA A 1005 ADRIANOPOLIS,1072
977593,RUA A 1005 ADRIàNOPOLIS,60,1079242,RUA DOIS 11 ADRIANOPOLIS,5299
977593,RUA A 1005 ADRIàNOPOLIS,60,645795,RUA A 2539 AMOTI,2666
977593,RUA A 1005 ADRIàNOPOLIS,60,1042848,RUA CINE ODEON 5 ADRIANOPOLIS,1231
977593,RUA A 1005 ADRIàNOPOLIS,60,977790,RUA A 23 234 ALVORADA,5977
118963,RUA PADRE 1072 5TEOR 07,61,1129990,RUA JERUSALEM 18 COROADO,5934
118963,RUA PADRE 1072 5TEOR 07,61,410110,RUA CACOAL 1272 ST 02,5664
118963,RUA PADRE 1072 5TEOR 07,61,1149600,RUA M 2 COROADO,1507
118963,RUA PADRE 1072 5TEOR 07,61,1053849,RUA D 6 COROADO,400
118963,RUA PADRE 1072 5TEOR 07,61,1124508,RUA J 142 COROADO,1494
1103324,RUA G 576 BOM,62,645945,RUA B 2678 AMOTI,6220
1103324,RUA G 576 BOM,62,746285,RUA G 107 PERA 3,9923
1103324,RUA G 576 BOM,62,1003967,RUA B 109 COROADO,4091
1103324,RUA G 576 BOM,62,1149600,RUA M 2 COROADO,1507
1103324,RUA G 576 BOM,62,1103324,RUA G 576 BOM JARDIM,9723
556002,RUw BEïJA FLOR 44 TANCREDOmEVES,63,643703,RAMAL TIRIRICA 12 R0DRIGUES ALVES,1410
556002,RUw BEïJA FLOR 44 TANCREDOmEVES,63,924482,BECO NOVA JERUSALEM 23 JORGE TEIXEIRA 4 ETAPA,8344
556002,RUw BEïJA FLOR 44 TANCREDOmEVES,63,506379,TRAVESSA JOAQUIM ESTEVAO 22 SABOEIRO,5408
556002,RUw BEïJA FLOR 44 TANCREDOmEVES,63,817635,TRAVESSA RAMUNDO AMADEU MAIA 21 ACANAUE,9479
556002,RUw BEïJA FLOR 44 TANCREDOmEVES,63,505850,TRAVESSA CARLOS O. DE FARIAS 1198 CRUZEIRAO,8278
435143,RUA GRALHA-AZUL 1743 SETOR 1p,64,435143,RUA GRALHA-AZUL 1743 SETOR 1,6746
435143,RUA GRALHA-AZUL 1743 SETOR 1p,64,435134,RUA GRALHA-AZUL 1702 SETOR 1,9160
435143,RUA GRALHA-AZUL 1743 SETOR 1p,64,113089,RUA MARANHAO 739 SETOR 4,9655
435143,RUA GRALHA-AZUL 1743 SETOR 1p,64,436118,RUA TANGARA 1465 SETOR 02,893
435143,RUA GRALHA-AZUL 1743 SETOR 1p,64,113152,RUA MARANHAO 1885 SETOR 04,1826
701016,AVENIDAq 21 DE ABRIL 1252 CENTRO,65,701016,AVENIDA 21 DE ABRIL 1252 CENTRO,9070
701016,AVENIDAq 21 DE ABRIL 1252 CENTRO,65,333778,AVENIDA 30 DE JUNHO 1525 CENTRO,2198
701016,AVENIDAq 21 DE ABRIL 1252 CENTRO,65,710451,AVENIDA 15 DE NOVEMBRO 1502 CENTRO,824
701016,AVENIDAq 21 DE ABRIL 1252 CENTRO,65,367278,AVENIDA PRIMEIRO DE MAIO 3414 CENTRO,8965
701016,AVENIDAq 21 DE ABRIL 1252 CENTRO,65,718791,AVENIDA TREZE DE MAIO 361 CENTRO,9180
770452,RUA DO IGARAPE GRANDE 18 GUAJARA,66,770452,RUA DO IGARAPE GRANDE 18 GUAJARA,1884
770452,RUA DO IGARAPE GRANDE 18 GUAJARA,66,770957,RUA MINELVINA 27 GUAJARA,9128
770452,RUA DO IGARAPE GRANDE 18 GUAJARA,66,877910,AVENIDA IGARAPE DE MANAUS 34 CACHOERINHA,4092
770452,RUA DO IGARAPE GRANDE 18 GUAJARA,66,1077235,RUA DO IGARAPE 1290 NOVO ALEIXO,8818
770452,RUA DO IGARAPE GRANDE 18 GUAJARA,66,576490,RUA GUARUJA 161 VILAGE,1812
134362,RUA CASTRO ALVES 281 mARDIM DO SMIGRANTES,67,134362,RUA CASTRO ALVES 281 JARDIM DOS MIGRANTES,2734
134362,RUA CASTRO ALVES 281 mARDIM DO SMIGRANTES,67,134384,RUA CASTRO ALVES 534 JARDIM DOS MIGRANTES,5191
134362,RUA CASTRO ALVES 281 mARDIM DO SMIGRANTES,67,198452,RUA CASTRO ALVES 397 SERINGAL,8303
134362,RUA CASTRO ALVES 281 mARDIM DO SMIGRANTES,67,1033975,RUA CASTRO ALVES 524 ALEIXO,1586
134362,RUA CASTRO ALVES 281 mARDIM DO SMIGRANTES,67,698241,AVENIDA TANCREDO NEVES 73 CAMETA DO RAMOS,5941
980080,RUA ABRAAO tCARDOSO 106 CMPfNSA,68,980080,RUA ABRAAO CARDOSO 106 COMPENSA,8790
980080,RUA ABRAAO tCARDOSO 106 CMPfNSA,68,980007,RUA ABRAAO CARDOSO 24 COMPENSA,3483
980080,RUA ABRAAO tCARDOSO 106 CMPfNSA,68,980062,RUA ABRAAO CARDOSO 82 COMPENSA,52
980080,RUA ABRAAO tCARDOSO 106 CMPfNSA,68,980282,RUA ABRAAO CARDOSO 604 COMPENSA,4486
980080,RUA ABRAAO tCARDOSO 106 CMPfNSA,68,834725,RUA CODAJAS 16 UNIAO,5354
205064,AVENIDA CALAMA 2097 JOAO SAO B0SCO,69,205064,AVENIDA CALAMA 2097 SAO JOAO BOSCO,4843
205064,AVENIDA CALAMA 2097 JOAO SAO B0SCO,69,205075,AVENIDA CALAMA 2112 SAO JOAO BOSCO,3023
205064,AVENIDA CALAMA 2097 JOAO SAO B0SCO,69,205025,AVENIDA CALAMA 1817 SAO JOAO BOSCO,7181
205064,AVENIDA CALAMA 2097 JOAO SAO B0SCO,69,394434,AVENIDA SEBASTIAO JOAO CLIMACO 6343 SAO JOSE,7824
205064,AVENIDA CALAMA 2097 JOAO SAO B0SCO,69,345119,AVENIDA MACEIO 6226 SAO CRISTOVAO,6114
558925,RUA BRASILIAO 82 BELO JARDIM,70,558925,RUA BRASILIANO 82 BELO JARDIM,1213
558925,RUA BRASILIAO 82 BELO JARDIM,70,596051,RUA PRIMAVERA 370 BELO JARDIM 1,955
558925,RUA BRASILIAO 82 BELO JARDIM,70,553818,RUA APURINA 193 BELO JARDIM 1,4772
558925,RUA BRASILIAO 82 BELO JARDIM,70,1010685,RUA BELA VISTA 29 NOVO ISRAEL,5156
558925,RUA BRASILIAO 82 BELO JARDIM,70,564293,RUA DA PAZ 72 BELO JARDIM,4941
140746,RUA FLORESTA 1381 NOVO HORIZONTE HORIZONTE,71,140746,RUA FLORESTA 1381 NOVO HORIZONTE,832
140746,RUA FLORESTA 1381 NOVO HORIZONTE HORIZONTE,71,263791,RUA HAITI 2894 NOVO HORIZONTE,1967
140746,RUA FLORESTA 1381 NOVO HORIZONTE HORIZONTE,71,233664,RUA BARCELONA 3064 NOVO HORIZONTE,3246
140746,RUA FLORESTA 1381 NOVO HORIZONTE HORIZONTE,71,468613,RUA SELMA REGINA 1518 NOVO HORIZONTE,2239
140746,RUA FLORESTA 1381 NOVO HORIZONTE HORIZONTE,71,468387,RUA OLAVO PIRES 1319 NOVO HORIZONTE,9596
89107,RU AAPRAIBA 1954 BAIRR OCAIXA D AGUA,72,89107,RUA PARAIBA 1954 BAIRRO CAIXA D AGUA,3286
89107,RU AAPRAIBA 1954 BAIRR OCAIXA D AGUA,72,88472,RUA MARANHAO 3335 BAIRRO CAIXA D AGUA,9364
89107,RU AAPRAIBA 1954 BAIRR OCAIXA D AGUA,72,90497,RUA SERGIPE 1921 BAIRRO CAIXA D AGUA,2851
89107,RU AAPRAIBA 1954 BAIRR OCAIXA D AGUA,72,88215,RUA ITAPORANGA 2222 BAIRRO CAIXA D AGUA,673
89107,RU AAPRAIBA 1954 BAIRR OCAIXA D AGUA,72,594357,RUA PERU 161 BAIXA DA HABITASA,5353
617456,RUA SAO CRISTOVAO 143 PASQUALE DáL,73,617456,RUA SAO CRISTOVAO 143 DAL PASQUALE,6757
617456,RUA SAO CRISTOVAO 143 PASQUALE DáL,73,297625,RUA QUINTINO BOCAIUVA 2899 SAO CRISTOVAO,3734
617456,RUA SAO CRISTOVAO 143 PASQUALE DáL,73,617468,RUA SAO DAMIAO 66 RUI LINO II,9711
617456,RUA SAO CRISTOVAO 143 PASQUALE DáL,73,797322,RUA ALDINO REIS 14 SAO CRISTOVAO,7522
617456,RUA SAO CRISTOVAO 143 PASQUALE DáL,73,797312,RUA ALDINO REIS 4 SAO CRISTOVAO,6876
862714,AVENuIDA CENTRAL 5 LIRIOD O VLAE,74,73566,AVENIDA A 3037 ODILON NOIA,7692
862714,AVENuIDA CENTRAL 5 LIRIOD O VLAE,74,626583,TRAVESSA GUAPORE 58 AVIARIO,7304
862714,AVENuIDA CENTRAL 5 LIRIOD O VLAE,74,538106,AVENIDA EPAMINONDAS JACOME 1538 CADEIA VELHA,5216
862714,AVENuIDA CENTRAL 5 LIRIOD O VLAE,74,888523,AVENIDA PENETRACAO UM 1311 JAPIIM,1022
862714,AVENuIDA CENTRAL 5 LIRIOD O VLAE,74,81860,AVENIDA HASSIB CURY 1406 SETOR0005,424
655356,RUANWTON PRADO 746 CAFEZAL,75,655356,RUA NEWTON PRADO 746 CAFEZAL,2620
655356,RUANWTON PRADO 746 CAFEZAL,75,655251,RUA NEWTON PRADO 6 CAFEZAL,9241
655356,RUANWTON PRADO 746 CAFEZAL,75,655344,RUA NEWTON PRADO 705 CAFEZAL,4250
655356,RUANWTON PRADO 746 CAFEZAL,75,577465,RUA HUGO CARNEIRO 724 BOSQUE,620
655356,RUANWTON PRADO 746 CAFEZAL,75,285274,RUA MILTON COSTA 7819 TEIXEIRAO,6925
264691,RUA HOLMES ALMEIDA 3723 TANCREDO NEVES,76,264691,RUA HOLMES ALMEIDA 3723 TANCREDO NEVES,5005
264691,RUA HOLMES ALMEIDA 3723 TANCREDO NEVES,76,225593,RUA AMELIA FARIAS 3755 TANCREDO NEVES,914
264691,RUA HOLMES ALMEIDA 3723 TANCREDO NEVES,76,308865,RUA TANCREDO NEVES 4575 CALADINHO,8423
264691,RUA HOLMES ALMEIDA 3723 TANCREDO NEVES,76,605673,RUA TANCREDO NEVES 1667 TUCUMA,9438
264691,RUA HOLMES ALMEIDA 3723 TANCREDO NEVES,76,1015268,RUA BERNARDO CABRAL 688 TANCREDO NEVES,8113
906030,AVENDA PRESIDENTE KENNEDY 398 EDUCANDOS,77,906030,AVENIDA PRESIDENTE KENNEDY 398 EDUCANDOS,7457
906030,AVENDA PRESIDENTE KENNEDY 398 EDUCANDOS,77,894040,AVENIDA RIO NEGRO 263 EDUCANDOS,9554
906030,AVENDA PRESIDENTE KENNEDY 398 EDUCANDOS,77,706865,AVENIDA PRESIDENTE KENNEDY 160 CAVIANA,954
906030,AVENDA PRESIDENTE KENNEDY 398 EDUCANDOS,77,881986,AVENIDA LEOPOLDO PERES 430 EDUCANDOS,8431
906030,AVENDA PRESIDENTE KENNEDY 398 EDUCANDOS,77,882006,AVENIDA LEOPOLDO PERES 499 EDUCANDOS,3587
220240,Rs 3 53 NOxVO HORIZONT,78,466745,TRAVESSAO 2 23 THEOBROMA,1670
220240,Rs 3 53 NOxVO HORIZONT,78,175463,LINHA TB 12 110 MACHADIHO,5501
220240,Rs 3 53 NOxVO HORIZONT,78,650304,RAMAL MULUNGU 37 None,3026
220240,Rs 3 53 NOxVO HORIZONT,78,627658,TRAVESSA JERUSALEM 144 AIRTON SENA,4102
220240,Rs 3 53 NOxVO HORIZONT,78,175554,LINHA TB 10 869 MACHADIHO,4766
992618,RUA ANDERSON DE MEEZES 23 PETePOLIS,79,992618,RUA ANDERSON DE MENEZES 23 PETROPOLIS,6367
992618,RUA ANDERSON DE MEEZES 23 PETePOLIS,79,998217,RUA ARISTOTELES BONFIM 4 PETROPOLIS,9218
992618,RUA ANDERSON DE MEEZES 23 PETePOLIS,79,998028,RUA ARISTOFANO ANTONY 10 PETROPOLIS,7402
992618,RUA ANDERSON DE MEEZES 23 PETePOLIS,79,998093,RUA ARISTOFANO ANTONY 439 PETROPOLIS,3593
992618,RUA ANDERSON DE MEEZES 23 PETePOLIS,79,998091,RUA ARISTOFANO ANTONY 438 PETROPOLIS,1515
345433,MAANUS 6493 SAO CRISTOVAO,80,355916,RUA URUPA 6491 SAO CRISTOVAO,6433
345433,MAANUS 6493 SAO CRISTOVAO,80,345433,AVENIDA MANAUS 6493 SAO CRISTOVAO,9581
345433,MAANUS 6493 SAO CRISTOVAO,80,356766,TRAVESSA PARECIS 5468 SAO CRISTOVAO,2537
345433,MAANUS 6493 SAO CRISTOVAO,80,640475,SERINGAL SAO PEDRO 34 RAMAL UNIAO,5071
345433,MAANUS 6493 SAO CRISTOVAO,80,773241,RUA ACAR 1495 SAO CRISTOVAO,9159
558144,UA BONSAMIGOS 140 JORGE,81,627658,TRAVESSA JERUSALEM 144 AIRTON SENA,4102
558144,UA BONSAMIGOS 140 JORGE,81,922486,BECO KIMURA 4 JAPIIM,8265
558144,UA BONSAMIGOS 140 JORGE,81,780453,RIO MADEIRA 30 MALVINA,7761
558144,UA BONSAMIGOS 140 JORGE,81,930911,BECO SOLIMOES 10 ALEIXO,3457
558144,UA BONSAMIGOS 140 JORGE,81,931643,BECO TRES IRMAOS 1527 COROADO,7173
855351,AVENIDA ATROARIS 119 CIDADE OVA,82,855351,AVENIDA ATROARIS 119 CIDADE NOVA,4692
855351,AVENIDA ATROARIS 119 CIDADE OVA,82,855274,AVENIDA ATROARIS 55 CIDADE NOVA,407
855351,AVENIDA ATROARIS 119 CIDADE OVA,82,855324,AVENIDA ATROARIS 93 CIDADE NOVA,7678
855351,AVENIDA ATROARIS 119 CIDADE OVA,82,885735,AVENIDA NEPAL 8 NOVA CIDADE,7940
855351,AVENIDA ATROARIS 119 CIDADE OVA,82,877025,AVENIDA I 38 CIDADE NOVA,1305
148625,RUA FILHO FILHO 3296 BAIRRO CASA PkRéTA,83,148625,RUA MENEZES FILHO 3296 BAIRRO CASA PRETA,4566
148625,RUA FILHO FILHO 3296 BAIRRO CASA PkRéTA,83,838723,RUA NAZARE CAVALCANTE 2608 MORADA DO SOL,5983
148625,RUA FILHO FILHO 3296 BAIRRO CASA PkRéTA,83,261868,RUA GRAFITA 3337 BAIRRO CIDADE DO LOBO,8929
148625,RUA FILHO FILHO 3296 BAIRRO CASA PkRéTA,83,388360,AVENIDA CACOAL 3001 BAIRRO CRISTO REI,7763
148625,RUA FILHO FILHO 3296 BAIRRO CASA PkRéTA,83,801349,RUA FILETO PIRES 1300 BAIRRO COLONIA,3128
1151729,RUMA AGUARIBE 2 NOVO ALEIXO ALEIXO,84,506379,TRAVESSA JOAQUIM ESTEVAO 22 SABOEIRO,5408
1151729,RUMA AGUARIBE 2 NOVO ALEIXO ALEIXO,84,925421,BECO PENETRACAO IV 132 NOVO ALEIXO,5201
1151729,RUMA AGUARIBE 2 NOVO ALEIXO ALEIXO,84,1151729,RUA MAGUARIBE 2 NOVO ALEIXO,7981
1151729,RUMA AGUARIBE 2 NOVO ALEIXO ALEIXO,84,532165,RAMAL BIRROQUE 80 TRIUNFO,5703
1151729,RUMA AGUARIBE 2 NOVO ALEIXO ALEIXO,84,1151842,RUA MAGUARIBE 302 NOVO ALEIXO,7661
877481,AVENIDA IGARAPE DE MANAUS 2 CENTRc,85,877481,AVENIDA IGARAPE DE MANAUS 2 CENTRO,9436
877481,AVENIDA IGARAPE DE MANAUS 2 CENTRc,85,877556,AVENIDA IGARAPE DE MANAUS 4 CENTRO,7607
877481,AVENIDA IGARAPE DE MANAUS 2 CENTRc,85,877758,AVENIDA IGARAPE DE MANAUS 10 CENTRO,8795
877481,AVENIDA IGARAPE DE MANAUS 2 CENTRc,85,877910,AVENIDA IGARAPE DE MANAUS 34 CACHOERINHA,4092
877481,AVENIDA IGARAPE DE MANAUS 2 CENTRc,85,537378,AVENIDA CEARA 2994 BOSQUE,2876
998835,RUA RAOEIRAS 191 MONTE DAS OLIVERAS,86,998835,RUA AROEIRAS 191 MONTE DAS OLIVEIRAS,8984
998835,RUA RAOEIRAS 191 MONTE DAS OLIVERAS,86,998809,RUA AROEIRAS 58 MONTE DAS OLIVEIRAS,878
998835,RUA RAOEIRAS 191 MONTE DAS OLIVERAS,86,998852,RUA AROEIRAS 399 MONTE DAS OLIVEIRA,9927
998835,RUA RAOEIRAS 191 MONTE DAS OLIVERAS,86,957551,RUA 193 9 MONTE DAS OLIVEIRAS,2791
998835,RUA RAOEIRAS 191 MONTE DAS OLIVERAS,86,993092,RUA ANDORINHA 458 MONTE DAS OLIVEIRAS,9136
448339,RUA BURITIS 2652 MONTE NEGtO,87,448339,RUA BURITIS 2652 MONTE NEGRO,5316
448339,RUA BURITIS 2652 MONTE NEGtO,87,448330,RUA BURITIS 2504 MONTE NEGRO,9089
448339,RUA BURITIS 2652 MONTE NEGtO,87,59602,RUA RIO NEGRO 2093 TEIXEIRAO,2354
448339,RUA BURITIS 2652 MONTE NEGtO,87,449151,RUA SAMUEL M LOPES 3767 MONTE NEGRO,29
448339,RUA BURITIS 2652 MONTE NEGtO,87,577465,RUA HUGO CARNEIRO 724 BOSQUE,620
503557,RUA REGOSBARRO 1850 VA 25 DE AGOSTO,88,503557,RUA REGOS BARROS 1850 AV 25 DE AGOSTO,9745
503557,RUA REGOSBARRO 1850 VA 25 DE AGOSTO,88,503536,RUA REGOS BARROS 1411 25 DE AGOSTO,9328
503557,RUA REGOSBARRO 1850 VA 25 DE AGOSTO,88,226941,RUA ANARI 558 B FLORESTA,7455
503557,RUA REGOSBARRO 1850 VA 25 DE AGOSTO,88,492397,AVENIDA COPACABANA 605 25 DE AGOSTO,9437
503557,RUA REGOSBARRO 1850 VA 25 DE AGOSTO,88,23436,RUA LAJES 5099 NOVE,3976
390110,RUA MARACATIARA 1675 CRISTO REî,89,390110,RUA MARACATIARA 1675 CRISTO REI,9601
390110,RUA MARACATIARA 1675 CRISTO REî,89,654759,RUA MARANHAO 8 CRISTO LIBERTADOR,8434
390110,RUA MARACATIARA 1675 CRISTO REî,89,157905,RUA XAPURI 1303 RIACHUELO,9578
390110,RUA MARACATIARA 1675 CRISTO REî,89,59602,RUA RIO NEGRO 2093 TEIXEIRAO,2354
390110,RUA MARACATIARA 1675 CRISTO REî,89,241060,RUA CARTOLA 3294 LAGOINHA,3334
813727,RUA MqRdILIO DANTAS 5 NOVO REMANSO,90,813727,RUA MARCILIO DANTAS 5 NOVO REMANSO,2982
813727,RUA MqRdILIO DANTAS 5 NOVO REMANSO,90,812874,RUA AMATARI 201 NOVO REMANSO,4257
813727,RUA MqRdILIO DANTAS 5 NOVO REMANSO,90,812785,RUA ALAMANDAS 285 NOVO REMANSO,1325
813727,RUA MqRdILIO DANTAS 5 NOVO REMANSO,90,813538,RUA GUARANI 197 NOVO REMANSO,4452
813727,RUA MqRdILIO DANTAS 5 NOVO REMANSO,90,812767,RUA AFONSO PACHECO 397 NOVO REMANSO,6129
165266,LINHA LINHAo QUARTA 2395 2 LsINHA GL G,91,165266,LINHA QUARTA 2395 2 LINHA GL G,7289
165266,LINHA LINHAo QUARTA 2395 2 LsINHA GL G,91,165264,LINHA QUARTA 2340 2 LINHA GL G,5655
165266,LINHA LINHAo QUARTA 2395 2 LsINHA GL G,91,455810,LINHA LH FA 12 LINHA F A,6287
165266,LINHA LINHAo QUARTA 2395 2 LsINHA GL G,91,164269,LINHA 206 19 GLEBA 31 E 32,6823
165266,LINHA LINHAo QUARTA 2395 2 LsINHA GL G,91,164456,LINHA 3 2680 GLEBA G,8988
370663,AVENIDA BARAO D0 RIO BRANCO 3842 CENTRO,92,370663,AVENIDA BARAO DO RIO BRANCO 3842 CENTRO,9653
370663,AVENIDA BARAO D0 RIO BRANCO 3842 CENTRO,92,370404,AVENIDA BARAO DO RIO BRANCO 530 CENTRO,6578
370663,AVENIDA BARAO D0 RIO BRANCO 3842 CENTRO,92,370480,AVENIDA BARAO DO RIO BRANCO 2290 CENTRO,8276
370663,AVENIDA BARAO D0 RIO BRANCO 3842 CENTRO,92,370534,AVENIDA BARAO DO RIO BRANCO 2800 CENTRO,790
370663,AVENIDA BARAO D0 RIO BRANCO 3842 CENTRO,92,830756,AVENIDA BARAO DO RIO BRANCO 249 CENTRO,5170
315208,RUA VESPASIANO RAMOS 3018 NOVA PORTO VeELHO,93,315208,RUA VESPASIANO RAMOS 3018 NOVA PORTO VELHO,6604
315208,RUA VESPASIANO RAMOS 3018 NOVA PORTO VeELHO,93,315200,RUA VESPASIANO RAMOS 2939 NOVA PORTO VELHO,2091
315208,RUA VESPASIANO RAMOS 3018 NOVA PORTO VeELHO,93,496366,RUA ALFREDO TELES 2491 FORMOSO,2521
315208,RUA VESPASIANO RAMOS 3018 NOVA PORTO VeELHO,93,284176,RUA MEXICO 2332 NOVA PORTO VELHO,2921
315208,RUA VESPASIANO RAMOS 3018 NOVA PORTO VeELHO,93,282919,RUA MARIO ANDREAZZA 8340 PORTO VELHO,1889
1070435,RUA DEZ ED SETEMBR 136 TEIXEIRA 4A ETAPA JORvE,94,1139615,RUA JUTAI 36 JORGE TEIXEIRA II ETAPA,1387
1070435,RUA DEZ ED SETEMBR 136 TEIXEIRA 4A ETAPA JORvE,94,1069352,RUA DEZ 66 JORGE TEIXEIRA 4 ETAPA,3956
1070435,RUA DEZ ED SETEMBR 136 TEIXEIRA 4A ETAPA JORvE,94,924482,BECO NOVA JERUSALEM 23 JORGE TEIXEIRA 4 ETAPA,8344
1070435,RUA DEZ ED SETEMBR 136 TEIXEIRA 4A ETAPA JORvE,94,978106,RUA A DEZESSETE 1291 JAPIIM,2043
1070435,RUA DEZ ED SETEMBR 136 TEIXEIRA 4A ETAPA JORvE,94,1108774,RUA GUAPE 216 JORGE TEXEIRA 4 ETAPA,674
133442,RUA RUA CARAMûA 144 URUPhA URUPhA,95,133442,RUA CARAMUA 144 URUPA,2136
133442,RUA RUA CARAMûA 144 URUPhA URUPhA,95,133474,RUA CARAMUA 274 URUPA,5582
133442,RUA RUA CARAMûA 144 URUPhA URUPhA,95,133427,RUA CARAMUA 39 URUPA,3147
133442,RUA RUA CARAMûA 144 URUPhA URUPhA,95,742638,RUA AJURIMAUA 47 URUCU,1938
133442,RUA RUA CARAMûA 144 URUPhA URUPhA,95,786178,RUA 3 781 CACAU PIRERA,293
27455,RUA PEDRO NAVA 3112 SETOR 06,96,27455,RUA PEDRO NAVA 3112 SETOR 06,8118
27455,RUA PEDRO NAVA 3112 SETOR 06,96,108803,RUA AFONSO JOSE 3248 SETOR 01,6143
27455,RUA PEDRO NAVA 3112 SETOR 06,96,26457,RUA OLAVO BILAC 3457 SETOR 6,9378
27455,RUA PEDRO NAVA 3112 SETOR 06,96,436348,RUA TUCANO 2481 SETOR 05,6142
27455,RUA PEDRO NAVA 3112 SETOR 06,96,26262,RUA NATAL 2816 SETOR 3,8047
1122461,RUA ITAPEMERIM 307 REDENCA,97,1122461,RUA ITAPEMERIM 307 REDENCAO,3144
1122461,RUA ITAPEMERIM 307 REDENCA,97,1122131,RUA ITAITUBA 697 REDENCAO,7436
1122461,RUA ITAPEMERIM 307 REDENCA,97,1122093,RUA ITAITUBA 479 REDENCAO,757
1122461,RUA ITAPEMERIM 307 REDENCA,97,1123352,RUA ITUIUTABA 837 ALVORADA,5921
1122461,RUA ITAPEMERIM 307 REDENCA,97,610460,RUA VITORIA 707 CONQUISTA,9604
585184,RUAwMACA 15 OCINHA MAGALHAES,98,585184,RUA MACA 15 MOCINHA MAGALHAES,6328
585184,RUAwMACA 15 OCINHA MAGALHAES,98,585657,RUA MAMAO 115 MOCINHA MAGALHAES,3480
585184,RUAwMACA 15 OCINHA MAGALHAES,98,1061347,RUA DALIA 8 TANCREDO NEVES,6721
585184,RUAwMACA 15 OCINHA MAGALHAES,98,205807,AVENIDA CALAMA 7444 TEIXEIRAO,6288
585184,RUAwMACA 15 OCINHA MAGALHAES,98,308941,RUA TANGARA 1918 CASTANHEIRA,3969
963054,RtUA 247 46 CONJUNTO çIADAO VII,99,672392,RAMAL LINHA 07 357 PROGETO HUMAITA,9743
963054,RtUA 247 46 CONJUNTO çIADAO VII,99,828217,RAMAL LINHA 2 29 P A MONTE 1,1735
963054,RtUA 247 46 CONJUNTO çIADAO VII,99,976358,RUA A 7 COROADO,9790
963054,RtUA 247 46 CONJUNTO çIADAO VII,99,486336,RAMAL 2 21731 CENTRO,4999
963054,RtUA 247 46 CONJUNTO çIADAO VII,99,174991,LINHA MP 35 211 DISTRITO 5 BEC,7254
546337,RAMAoL MpREIRA 444 SANTA MARIA,100,546337,RAMAL MOREIRA 444 SANTA MARIA,5429
546337,RAMAoL MpREIRA 444 SANTA MARIA,100,628291,TRAVESSA JURANDIR 1 128 SANTA MARIA,1409
546337,RAMAoL MpREIRA 444 SANTA MARIA,100,546271,RAMAL MARTINS BRUZUGU 156 SANTA MARIA,9898
546337,RAMAoL MpREIRA 444 SANTA MARIA,100,510394,TRAVESSA RIO JURUA 3 1181 MIRITIZAL,7704
546337,RAMAoL MpREIRA 444 SANTA MARIA,100,546350,RAMAL MOREIRA 1997 SANTA MARIA,8111
17312,RUAv DAS SAFIRAS 1216 PARQUE DAS GEMAS,101,17312,RUA DAS SAFIRAS 1216 PARQUE DAS GEMAS,2035
17312,RUAv DAS SAFIRAS 1216 PARQUE DAS GEMAS,101,17361,RUA DAS SAFIRAS 1634 PARQUE DAS GEMAS,9522
17312,RUAv DAS SAFIRAS 1216 PARQUE DAS GEMAS,101,17300,RUA DAS SAFIRAS 1062 PARQUE DAS GEMAS,7477
17312,RUAv DAS SAFIRAS 1216 PARQUE DAS GEMAS,101,17472,RUA DIAMANTES 1197 PARQUE DAS GEMAS,3940
17312,RUAv DAS SAFIRAS 1216 PARQUE DAS GEMAS,101,17466,RUA DIAMANTES 1096 PARQUE DAS GEMAS,3199
973240,RUA 77 1 COLONIA SANTO ANTONIO,102,973240,RUA 7 1 COLONIA SANTO ANTONIO,9910
973240,RUA 77 1 COLONIA SANTO ANTONIO,102,970329,RUA 5 12 COLONIA SANTO ANTONIO,7558
973240,RUA 77 1 COLONIA SANTO ANTONIO,102,1115409,RUA IANOMAMI 18 COLONIA SANTO ANTONIO,7726
973240,RUA 77 1 COLONIA SANTO ANTONIO,102,1134991,RUA JOSE BONIFACIO 22 COLONIA SANTO ANTONIO,835
973240,RUA 77 1 COLONIA SANTO ANTONIO,102,976894,RUA A 30 SANTO ANTONIO,5886
554634,RUA 121 JARDIM PRIMAVERA,103,554634,RUA AZALEIA 121 JARDIM PRIMAVERA,4360
554634,RUA 121 JARDIM PRIMAVERA,103,796740,RUA A 704 JARDIM FLORESTAL,884
554634,RUA 121 JARDIM PRIMAVERA,103,364716,AVENIDA JASMIM 1713 JARDIM PRIMAVERA,4924
554634,RUA 121 JARDIM PRIMAVERA,103,573021,RUA FELICIDADE 90 JARDIM PRIMAVERA,5165
554634,RUA 121 JARDIM PRIMAVERA,103,364699,AVENIDA JASMIM 1217 JARDIM PRIMAVERA,9617
425106,AVENIDA AIRTON SENNA 1061 UNîAO,104,425106,AVENIDA AIRTON SENNA 1061 UNIAO,3262
425106,AVENIDA AIRTON SENNA 1061 UNîAO,104,425088,AVENIDA AIRTON SENNA 846 UNIAO,9945
425106,AVENIDA AIRTON SENNA 1061 UNîAO,104,538894,AVENIDA GETULIO VARGAS 2406 BOSQUE,3161
425106,AVENIDA AIRTON SENNA 1061 UNîAO,104,210209,AVENIDA MAMORE 4362 TIRADENTES,5860
425106,AVENIDA AIRTON SENNA 1061 UNîAO,104,123052,AVENIDA ARACAJU 370 PRIMAVERA,3539
1062265,RUA DANILi CORREA 442 JAPIIM JAPIIM,105,1062265,RUA DANILO CORREA 442 JAPIIM,2746
1062265,RUA DANILi CORREA 442 JAPIIM JAPIIM,105,1062256,RUA DANILO CORREA 442 JAPIIM,8640
1062265,RUA DANILi CORREA 442 JAPIIM JAPIIM,105,1062117,RUA DANILO CORREA 93 JAPIIM,7735
1062265,RUA DANILi CORREA 442 JAPIIM JAPIIM,105,571883,RUA EPAMINONDAS JACOME 2865 CENTRO,1418
1062265,RUA DANILi CORREA 442 JAPIIM JAPIIM,105,1071722,RUA DEZESSEIS 221 JAPIIM,9506
201175,RU RIO GRANDE DO NORTE 1099 NOVA PMIENTA,106,201175,RUA RIO GRANDE DO NORTE 1099 NOVA PIMENTA,1190
201175,RU RIO GRANDE DO NORTE 1099 NOVA PMIENTA,106,4750,RUA RIO GRANDE DO NORTE 4321 LIBERDADE,5592
201175,RU RIO GRANDE DO NORTE 1099 NOVA PMIENTA,106,599872,RUA RIO GRANDE DO SUL 2013 PREVENTORIO,6892
201175,RU RIO GRANDE DO NORTE 1099 NOVA PMIENTA,106,599814,RUA RIO GRANDE DO SUL 1327 PREVENTORIO,1003
201175,RU RIO GRANDE DO NORTE 1099 NOVA PMIENTA,106,599958,RUA RIO GRANDE DO SUL 2648 SOBRAL,1764
102731,AVENIDA CAPITAO CAPITAO ALIPIO 1421 ONSSA SENHORA APARECIDA,107,102731,AVENIDA CAPITAO ALIPIO 1421 NOSSA SENHORA APARECIDA,8801
102731,AVENIDA CAPITAO CAPITAO ALIPIO 1421 ONSSA SENHORA APARECIDA,107,102732,AVENIDA CAPITAO ALIPIO 1431 NOSSA SENHORA APARECIDA,1736
102731,AVENIDA CAPITAO CAPITAO ALIPIO 1421 ONSSA SENHORA APARECIDA,107,101683,AVENIDA SALOMAO JUSTINIANO DE MELGAR 3105 NOSSA SENHORA APARECIDA,6027
102731,AVENIDA CAPITAO CAPITAO ALIPIO 1421 ONSSA SENHORA APARECIDA,107,11045,AVENIDA CAPITAO SILVIO 5303 AREAS ESPECIAIS,8072
102731,AVENIDA CAPITAO CAPITAO ALIPIO 1421 ONSSA SENHORA APARECIDA,107,760184,AVENIDA PREFEITO CAVALCANTE 1336 NOSSA SENHORA DE FATIMA,3253
739572,CABEçEIRA CAMPNIA 15 RIO MUTUCA,108,739572,CABECEIRA CAMPINA 15 RIO MUTUCA,6490
739572,CABEçEIRA CAMPNIA 15 RIO MUTUCA,108,764218,RIO EIRU 16 SANTA LUCIA,2976
739572,CABEçEIRA CAMPNIA 15 RIO MUTUCA,108,909633,BECO AJURICABA 37 CACHOEIRINHA,301
739572,CABEçEIRA CAMPNIA 15 RIO MUTUCA,108,644079,RIO VIUVA PARANA 22 BARRA DO JARDIM,13
739572,CABEçEIRA CAMPNIA 15 RIO MUTUCA,108,780453,RIO MADEIRA 30 MALVINA,7761
1092086,RUA ENCONTRO DA SAGUAS 34 MAUAZINHO MAUAZINHO,109,1092086,RUA ENCONTRO DAS AGUAS 34 MAUAZINHO,4331
1092086,RUA ENCONTRO DA SAGUAS 34 MAUAZINHO MAUAZINHO,109,154487,RUA SURINAME 64 JARDIM DAS SERINGUEIRAS,9640
1092086,RUA ENCONTRO DA SAGUAS 34 MAUAZINHO MAUAZINHO,109,140147,RUA EQUADOR 1891 JARDIM DAS SERINGUEIRAS,9452
1092086,RUA ENCONTRO DA SAGUAS 34 MAUAZINHO MAUAZINHO,109,152458,RUA RIO NEGRO 119 JARDIM DOS MIGRANTES,387
1092086,RUA ENCONTRO DA SAGUAS 34 MAUAZINHO MAUAZINHO,109,157422,RUA VISTA ALEGRE 863 JARDIM DOS MIGRANTES,6013
1150356,RUA MACJA ANTIGA DOZE A 63 SAO JOSE,110,1150356,RUA MACAJA ANTIGA RUA DOZE A 63 SAO JOSE,7498
1150356,RUA MACJA ANTIGA DOZE A 63 SAO JOSE,110,1150350,RUA MACAJA ANTIGA RUA DOZE A 31 SAO JOSE,851
1150356,RUA MACJA ANTIGA DOZE A 63 SAO JOSE,110,1008456,RUA BARREIRINHA ANTIGA RUA J 245 SAO JOSE OPERARIO,4729
1150356,RUA MACJA ANTIGA DOZE A 63 SAO JOSE,110,1026490,RUA CAJUBIA ANTIGA RUA MARGINAL 63 SAO JOSE OPERARIO 2,8788
1150356,RUA MACJA ANTIGA DOZE A 63 SAO JOSE,110,1008200,RUA BARREIRINHA ANTIGA RUA J 4 SAO JOSE OPERARIO,492
866538,AVENIDA CONTANTINO CONTANTINO NERY 3900 CHAPAsAm,111,866538,AVENIDA CONSTANTINO NERY 3900 CHAPADA,317
866538,AVENIDA CONTANTINO CONTANTINO NERY 3900 CHAPAsAm,111,866292,AVENIDA CONSTANTINO NERY 3245 CHAPADA,2186
866538,AVENIDA CONTANTINO CONTANTINO NERY 3900 CHAPAsAm,111,865801,AVENIDA CONSTANTINO NERY 2525 CHAPADA,7789
866538,AVENIDA CONTANTINO CONTANTINO NERY 3900 CHAPAsAm,111,866334,AVENIDA CONSTANTINO NERY 3451 CHAPADA,6386
866538,AVENIDA CONTANTINO CONTANTINO NERY 3900 CHAPAsAm,111,865458,AVENIDA CONSTANTINO NERY 2229 CHAPADA,4991
528705,RUA ALZIRA PEREIRA 191 MULTIRAO II,112,528705,RUA ALZIRA PEREIRA 191 MULTIRAO II,8112
528705,RUA ALZIRA PEREIRA 191 MULTIRAO II,112,530883,RUA MOACIR DE P. E SOUZA 180 MULTIRAO III,3540
528705,RUA ALZIRA PEREIRA 191 MULTIRAO II,112,530415,RUA JOSE SIQUEIRA 1864 MULTIRAO II,5476
528705,RUA ALZIRA PEREIRA 191 MULTIRAO II,112,530874,RUA MOACIR DE P. E SOUZA 130 MULTIRAO III,9988
528705,RUA ALZIRA PEREIRA 191 MULTIRAO II,112,986042,RUA ALFAZEMA 125 JORGE TEIXEIRA,1531
483909,RAiU MARIA ESTER DE OLIVEIRA 210 BIARRO ELDOURADO,113,518723,TRAVESSA NAIR RAMOS DE OLIVEIRA 561 BELA VISTA,7158
483909,RAiU MARIA ESTER DE OLIVEIRA 210 BIARRO ELDOURADO,113,298602,RUA RAIMUNDO CANTUARIA 4871 AGENOR M DE CARVALHO,9630
483909,RAiU MARIA ESTER DE OLIVEIRA 210 BIARRO ELDOURADO,113,831819,BOULEVARD PEDRO RATES DE OLIVEIRA 590 CENTRO,9439
483909,RAiU MARIA ESTER DE OLIVEIRA 210 BIARRO ELDOURADO,113,231912,RUA ARRUDA FONTES CABRAL 931 AGENOR M DE CARVALHO,1536
483909,RAiU MARIA ESTER DE OLIVEIRA 210 BIARRO ELDOURADO,113,483909,RUA MARIA ESTER DE OLIVEIRA 210 BAIRRO ELDOURADO,8104
94891,AVENIDA AYRT0h SENNA 3771 JARDIM DAS ESMERALDAS,114,94891,AVENIDA AYRTON SENNA 3771 JARDIM DAS ESMERALDAS,5740
94891,AVENIDA AYRT0h SENNA 3771 JARDIM DAS ESMERALDAS,114,97362,AVENIDA ESTEVAO CORREA 5132 JARDIM DAS ESMERALDAS,1393
94891,AVENIDA AYRT0h SENNA 3771 JARDIM DAS ESMERALDAS,114,102289,AVENIDA TOUFIC MELHEN ABICHABIK 5961 JARDIM DAS ESMERALDAS,7339
94891,AVENIDA AYRT0h SENNA 3771 JARDIM DAS ESMERALDAS,114,102201,AVENIDA TOUFIC MELHEN ABICHABIK 5220 JARDIM DAS ESMERALDAS,8538
94891,AVENIDA AYRT0h SENNA 3771 JARDIM DAS ESMERALDAS,114,894722,AVENIDA SAMAUMA 1293 MONTE DAS OLIVEIRAS,5167
953282,jA 15 287 ALVORADA ALVORADA,115,956183,RUA 18 322 ALVORADA,4127
953282,jA 15 287 ALVORADA ALVORADA,115,953179,RUA 15 206 ALVORADA,8163
953282,jA 15 287 ALVORADA ALVORADA,115,977667,RUA A 14 155 ALVORADA,8363
953282,jA 15 287 ALVORADA ALVORADA,115,967981,RUA 4 1152 ALVORADA,104
953282,jA 15 287 ALVORADA ALVORADA,115,950737,RUA 12 481 ALVORADA,1239
721811,LAGO DO PIAUsI 27 BOw EPERANCA,116,755390,RIO URUCU 6 IGARAPE DA MARTA,3391
721811,LAGO DO PIAUsI 27 BOw EPERANCA,116,728706,RIO MUCUIM 3 LAGO DO ACANIA,4291
721811,LAGO DO PIAUsI 27 BOw EPERANCA,116,917026,BECO DA PAZ 8 MAUAZINHO,3374
721811,LAGO DO PIAUsI 27 BOw EPERANCA,116,701208,BECO 30 101 JAVARIZINHO,7774
721811,LAGO DO PIAUsI 27 BOw EPERANCA,116,827100,ALDEIA JAPIIM 16 RIO PACIA,4457
1058978,RUA DA PAZ 53 COLONIA ANTONIO ALEIO,117,1058978,RUA DA PAZ 53 COLONIA ANTONIO ALEIXO,8151
1058978,RUA DA PAZ 53 COLONIA ANTONIO ALEIO,117,1058787,RUA DA PAZ 32 COLONIA ANTONIO ALEIXO,5022
1058978,RUA DA PAZ 53 COLONIA ANTONIO ALEIO,117,1022216,RUA BURITI 55 COLONIA ANTONIO ALEIXO,8611
1058978,RUA DA PAZ 53 COLONIA ANTONIO ALEIO,117,970598,RUA 5 71 COLONIA ANTONIO ALEIXO,2067
1058978,RUA DA PAZ 53 COLONIA ANTONIO ALEIO,117,1022074,RUA BURITI 16 COLONIA ANTONIO ALEIXO,6195
715243,RUA TAPAUA 57 PRAIA DO GADO,118,715243,RUA TAPAUA 57 PRAIA DO GADO,1776
715243,RUA TAPAUA 57 PRAIA DO GADO,118,713649,RUA GAIVOTA 251 PRAIA DO GADO,2672
715243,RUA TAPAUA 57 PRAIA DO GADO,118,714324,RUA PAUINI 38 PRAIA DO GADO,3332
715243,RUA TAPAUA 57 PRAIA DO GADO,118,713351,RUA CURIO 197 PRAIA DO GADO,3388
715243,RUA TAPAUA 57 PRAIA DO GADO,118,713724,RUA JACANA I 244 PRAIA DO GADO,2088
55922,RUA LOUttIVAL MARTINS VIEIRA 3838 TEzIXEIRAO,119,55922,RUA LOURIVAL MARTINS VIEIRA 3838 TEIXEIRAO,7923
55922,RUA LOUttIVAL MARTINS VIEIRA 3838 TEzIXEIRAO,119,818183,RUA NAPOLEAO MONTEIRO 2 JURUA,8836
55922,RUA LOUttIVAL MARTINS VIEIRA 3838 TEzIXEIRAO,119,277542,RUA LEAO 2 11933 ULISSES GUIMARAES,2897
55922,RUA LOUttIVAL MARTINS VIEIRA 3838 TEzIXEIRAO,119,277531,RUA LEAO 2 11878 ULISSES GUIMARAES,4153
55922,RUA LOUttIVAL MARTINS VIEIRA 3838 TEzIXEIRAO,119,57339,RUA MONTEIRO LOBATO 1768 TEIXEIRAO,382
797680,RUA ALVORADA 159 JARDIM AMADA,120,797680,RUA ALVORADA 159 JARDIM AMANDA,8718
797680,RUA ALVORADA 159 JARDIM AMADA,120,554634,RUA AZALEIA 121 JARDIM PRIMAVERA,4360
797680,RUA ALVORADA 159 JARDIM AMADA,120,364699,AVENIDA JASMIM 1217 JARDIM PRIMAVERA,9617
797680,RUA ALVORADA 159 JARDIM AMADA,120,1011206,RUA BELA VISTA 350 ALVORADA,7886
797680,RUA ALVORADA 159 JARDIM AMADA,120,801288,RUA FELICIDADE 3331 JARDIM AMANDA,1379
91472,RUA DOUTOR MIGUEL VFERREIRA OU qRUA DAS NACOES UNIDAS 1830 VISTA ALêGRE,121,91472,RUA DOUTOR MIGUEL V FERREIRA OU RUA DAS NACOES UNIDAS 1830 VISTA ALEGRE,9847
91472,RUA DOUTOR MIGUEL VFERREIRA OU qRUA DAS NACOES UNIDAS 1830 VISTA ALêGRE,121,901350,AVENIDA DESEMBARGADOR GASPAR GUIMARAES 8 BAIRRO DA UNIAO,4474
91472,RUA DOUTOR MIGUEL VFERREIRA OU qRUA DAS NACOES UNIDAS 1830 VISTA ALêGRE,121,706522,RUA VICENTE LOMAS 5 BAIRRO SAO RAIMUNDO,9737
91472,RUA DOUTOR MIGUEL VFERREIRA OU qRUA DAS NACOES UNIDAS 1830 VISTA ALêGRE,121,425369,AVENIDA TANCREDO NEVES 1488 BAIRRO UNIAO,8613
91472,RUA DOUTOR MIGUEL VFERREIRA OU qRUA DAS NACOES UNIDAS 1830 VISTA ALêGRE,121,51076,RUA DELMIRO JOAO DA SILVA 1799 JARDIM CLODOALDO,8165
624589,TRAVESSA DAb PISTA 306 AREAL,122,624589,TRAVESSA DA PISTA 306 AREAL,7599
624589,TRAVESSA DAb PISTA 306 AREAL,122,630272,TRAVESSA PIAUI 27 MONTANHES,5880
624589,TRAVESSA DAb PISTA 306 AREAL,122,623384,TRAVESSA CEARA 286 SOBRAL,142
624589,TRAVESSA DAb PISTA 306 AREAL,122,37342,TRAVESSAO SODAP 12 ARIQUEMES,4162
624589,TRAVESSA DAb PISTA 306 AREAL,122,626808,TRAVESSA HAVAI 213 SOBRAL,2853
677986,RUA DE RIO 51 VILA DE NOGUEIRA,123,677986,RUA RIO DE JANEIRO 51 VILA DE NOGUEIRA,9634
677986,RUA DE RIO 51 VILA DE NOGUEIRA,123,1048513,RUA CORUMBA 146 TERRA NOVA,603
677986,RUA DE RIO 51 VILA DE NOGUEIRA,123,59602,RUA RIO NEGRO 2093 TEIXEIRAO,2354
677986,RUA DE RIO 51 VILA DE NOGUEIRA,123,576490,RUA GUARUJA 161 VILAGE,1812
677986,RUA DE RIO 51 VILA DE NOGUEIRA,123,1151791,RUA MAGUARIBE 92 NOVO ALEIXO,4031
44815,AVENIDA PORTO ALEGRE 519 NOVO CACOAL,124,44815,AVENIDA PORTO ALEGRE 519 NOVO CACOAL,417
44815,AVENIDA PORTO ALEGRE 519 NOVO CACOAL,124,44826,AVENIDA PORTO ALEGRE 619 NOVO CACOAL,4413
44815,AVENIDA PORTO ALEGRE 519 NOVO CACOAL,124,44795,AVENIDA PORTO ALEGRE 315 NOVO CACOAL,9252
44815,AVENIDA PORTO ALEGRE 519 NOVO CACOAL,124,44770,AVENIDA PORTO ALEGRE 111 NOVO CACOAL,7338
44815,AVENIDA PORTO ALEGRE 519 NOVO CACOAL,124,215258,AVENIDA URUGUAI 853 NOVA PORTO VELHO,1411
187748,RUA PORTO SEGURO 68 JARDIM AEROPORTO AEROPORTO,125,187748,RUA PORTO SEGURO 68 JARDIM AEROPORTO,7354
187748,RUA PORTO SEGURO 68 JARDIM AEROPORTO AEROPORTO,125,189797,RUA SANTO ANDRE 72 JARDIM AEROPORTO,5100
187748,RUA PORTO SEGURO 68 JARDIM AEROPORTO AEROPORTO,125,183542,RUA DO CACAU 331 JARDIM AEROPORTO,3817
187748,RUA PORTO SEGURO 68 JARDIM AEROPORTO AEROPORTO,125,186764,RUA MARCOS FREIRE 216 JARDIM AEROPORTO,9355
187748,RUA PORTO SEGURO 68 JARDIM AEROPORTO AEROPORTO,125,185074,RUA ITABIRA 391 JARDIM AEROPORTO,8625
605430,RUA TAMANDARE 236 BOSQUE,126,605430,RUA TAMANDARE 236 BOSQUE,4480
605430,RUA TAMANDARE 236 BOSQUE,126,605431,RUA TAMANDARE 243 BOSQUE,8620
605430,RUA TAMANDARE 236 BOSQUE,126,560316,RUA CANINDE 463 BOSQUE,1321
605430,RUA TAMANDARE 236 BOSQUE,126,599122,RUA RIACHUELO 367 BOSQUE,1242
605430,RUA TAMANDARE 236 BOSQUE,126,572783,RUA FARROUPILHA 136 BOSQUE,9482
570851,EDMUNDO RUA PINTO 108 AIMhNDO MELO,127,926136,BECO RAIMUNDO MONTEIRO 31 MAUAZINHO,4891
570851,EDMUNDO RUA PINTO 108 AIMhNDO MELO,127,608946,RUA VETERANO R PINTO 99 MANOEL JULIAO,6634
570851,EDMUNDO RUA PINTO 108 AIMhNDO MELO,127,643588,RAMAL PINHEIROS 41 R0DRIGUES ALVES,4895
570851,EDMUNDO RUA PINTO 108 AIMhNDO MELO,127,658606,TRAVESSA RAIMUNDO NONATO RAULINO 39 BOSQUE,652
570851,EDMUNDO RUA PINTO 108 AIMhNDO MELO,127,919241,BECO EDUARDO RIBEIRO 45 CHAPADA,7188
240178,RUA CARDEAL 3619 CALADkNHO,128,240178,RUA CARDEAL 3619 CALADINHO,3885
240178,RUA CARDEAL 3619 CALADkNHO,128,232909,RUA AVAI 2602 CALADINHO,9657
240178,RUA CARDEAL 3619 CALADkNHO,128,240246,RUA CARDEAL 4200 CALADINHO,9555
240178,RUA CARDEAL 3619 CALADkNHO,128,299240,RUA RENASCER 4762 CALADINHO,7629
240178,RUA CARDEAL 3619 CALADkNHO,128,525979,RUA LINDOARTE 386 MANUEL URBANO,2852
317921,RUA ALMIRANTE BARROSO 2075 NOSSA SENHORA DAS GRACAS,129,317921,RUA ALMIRANTE BARROSO 2075 NOSSA SENHORA DAS GRACAS,7502
317921,RUA ALMIRANTE BARROSO 2075 NOSSA SENHORA DAS GRACAS,129,317927,RUA ALMIRANTE BARROSO 2095 NOSSA SENHORA DAS GRACAS,1681
317921,RUA ALMIRANTE BARROSO 2075 NOSSA SENHORA DAS GRACAS,129,317961,RUA ALMIRANTE BARROSO 2455 NOSSA SENHORA DAS GRACAS,4550
317921,RUA ALMIRANTE BARROSO 2075 NOSSA SENHORA DAS GRACAS,129,317965,RUA ALMIRANTE BARROSO 2455 NOSSA SENHORA DAS GRACAS,2108
317921,RUA ALMIRANTE BARROSO 2075 NOSSA SENHORA DAS GRACAS,129,317863,RUA ALMIRANTE BARROSO 1713 NOSSA SENHORA DAS GRACAS,8158
259574,RúA GAROúPA 4414 NOVA PORTO VELHO,130,259574,RUA GAROUPA 4414 NOVA PORTO VELHO,1951
259574,RúA GAROúPA 4414 NOVA PORTO VELHO,130,754295,PARADOURO COPEA 18 NOVA JERUSALEM,4293
259574,RúA GAROúPA 4414 NOVA PORTO VELHO,130,287211,RUA NICARAGUA 1567 NOVA PORTO VELHO,2037
259574,RúA GAROúPA 4414 NOVA PORTO VELHO,130,287113,RUA NICARAGUA 1186 NOVA PORTO VELHO,2549
259574,RúA GAROúPA 4414 NOVA PORTO VELHO,130,405378,RUA MASSANGANA 2807 ALTO PARAISO,6249
119043,RUA PADRE CHIQUINHO 1736 SETOR 40,131,119043,RUA PADRE CHIQUINHO 1736 SETOR 04,7516
119043,RUA PADRE CHIQUINHO 1736 SETOR 40,131,119041,RUA PADRE CHIQUINHO 1706 SETOR 07,869
119043,RUA PADRE CHIQUINHO 1736 SETOR 40,131,119209,RUA PADRE CHIQUINHO 4053 SETOR 02,8146
119043,RUA PADRE CHIQUINHO 1736 SETOR 40,131,118963,RUA PADRE CHIQUINHO 1072 SETOR 07,3296
119043,RUA PADRE CHIQUINHO 1736 SETOR 40,131,322112,RUA PADRE CHIQHINHO 2693 LIBERDADE,5122
618318,RUA RUA SAO JOSE 188 SkvRAL,132,618496,RUA SAO LUCAS 91 SOBRAL,1601
618318,RUA RUA SAO JOSE 188 SkvRAL,132,778194,RUA VILLA LOBOS 745 SAO JOSE,216
618318,RUA RUA SAO JOSE 188 SkvRAL,132,618318,RUA SAO JOSE I 188 SOBRAL,1535
618318,RUA RUA SAO JOSE 188 SkvRAL,132,972022,RUA 6 10 SAO JOSE OPERARIO,5988
618318,RUA RUA SAO JOSE 188 SkvRAL,132,617468,RUA SAO DAMIAO 66 RUI LINO II,9711
1094863,RUA EdTRELA DALVA 100 JORGE TEIXEIRA,133,1094863,RUA ESTRELA DALVA 100 JORGE TEIXEIRA,7795
1094863,RUA EdTRELA DALVA 100 JORGE TEIXEIRA,133,1061609,RUA DALVA DE OLIVEIRA 74 JORGE TEIXEIRA,2795
1094863,RUA EdTRELA DALVA 100 JORGE TEIXEIRA,133,1019807,RUA BOTO ROSA 50 JORGE TEIXEIRA,7265
1094863,RUA EdTRELA DALVA 100 JORGE TEIXEIRA,133,1105529,RUA GERGELIN 52 JORGE TEIXEIRA,7888
1094863,RUA EdTRELA DALVA 100 JORGE TEIXEIRA,133,1099968,RUA FNA 21 JORGE TEIXEIRA,2409
1085817,RUA DOZE 26 PARQUE 10 DE NOVEMBRO,134,1085817,RUA DOZE 26 PARQUE 10 DE NOVEMBRO,5671
1085817,RUA DOZE 26 PARQUE 10 DE NOVEMBRO,134,1081685,RUA DOIS A 5 PARQUE 10 DE NOVEMBRO,4385
1085817,RUA DOZE 26 PARQUE 10 DE NOVEMBRO,134,1069834,RUA DEZ 356 PARQUE 10 DE NOVEMBRO,3257
1085817,RUA DOZE 26 PARQUE 10 DE NOVEMBRO,134,1088027,RUA E 4 PARQUE 10 DE NOVEMBRO,8351
1085817,RUA DOZE 26 PARQUE 10 DE NOVEMBRO,134,1071100,RUA DEZENOVE 577 PARQUE 10 DE NOVEMBRO,8579
277912,RA LIBEROBADARO LIBEROBADARO 3056 COiTA E SILVA,135,277912,RUA LIBEROBADARO 3056 COSTA E SILVA,9379
277912,RA LIBEROBADARO LIBEROBADARO 3056 COiTA E SILVA,135,277909,RUA LIBEROBADARO 3056 COSTA E SILVA,1144
277912,RA LIBEROBADARO LIBEROBADARO 3056 COiTA E SILVA,135,532024,TRAVESSA SEBASTIAO PEIXOTO 398 SERRARIA,2234
277912,RA LIBEROBADARO LIBEROBADARO 3056 COiTA E SILVA,135,298197,RUA RAFAEL VAZ E SILVA 2991 LIBERDADE,7562
277912,RA LIBEROBADARO LIBEROBADARO 3056 COiTA E SILVA,135,298207,RUA RAFAEL VAZ E SILVA 3045 LIBERDADE,6529
1018827,RUA BOM 748 ZUMBI DOS PáLMAES,136,1018827,RUA BOM JESUS 748 ZUMBI DOS PALMARES,7961
1018827,RUA BOM 748 ZUMBI DOS PáLMAES,136,1098556,RUA FIGUEREDO 18 ZUMBI DOS PALMARES,7729
1018827,RUA BOM 748 ZUMBI DOS PáLMAES,136,1128846,RUA JAURI 19 ZUMBI DOS PALMARES,1689
1018827,RUA BOM 748 ZUMBI DOS PáLMAES,136,980436,RUA ACAI 15 ZUMBI DOS PALMARES,2014
1018827,RUA BOM 748 ZUMBI DOS PáLMAES,136,1111823,RUA HELOISA 60 ZUMBI DOS PALMARES,552
741200,BECO AGAMENON AGAMENON 70 URUCU,137,741200,BECO AGAMENON 70 URUCU,8457
741200,BECO AGAMENON AGAMENON 70 URUCU,137,216387,BECO DA BRASILLIA 1750 TUCUMANZAL,7440
741200,BECO AGAMENON AGAMENON 70 URUCU,137,796063,BECO TEODORICO NUNES 538 JAUARY I,243
741200,BECO AGAMENON AGAMENON 70 URUCU,137,931897,BECO UIRAPURU 3 75 COROADO,3053
741200,BECO AGAMENON AGAMENON 70 URUCU,137,701208,BECO 30 101 JAVARIZINHO,7774
613904,RUA MwARCHAL DEODORO 231 CENTRO,138,613904,RUA MARECHAL DEODORO 231 CENTRO,8528
613904,RUA MwARCHAL DEODORO 231 CENTRO,138,390244,RUA NAPOLEAO BONAPARTE 2091 CENTRO,729
613904,RUA MwARCHAL DEODORO 231 CENTRO,138,321351,RUA MARECHAL DEODORO 2581 CENTRO,8026
613904,RUA MwARCHAL DEODORO 231 CENTRO,138,321327,RUA MARECHAL DEODORO 2450 CENTRO,7919
613904,RUA MwARCHAL DEODORO 231 CENTRO,138,515133,AVENIDA MARECHAL DEODORO 978 CENTRO,5175
168067,AVENIDA MATO GROSSO 3559 BAIRRO UNIAO,139,168067,AVENIDA MATO GROSSO 3559 BAIRRO UNIAO,1796
168067,AVENIDA MATO GROSSO 3559 BAIRRO UNIAO,139,168123,AVENIDA MATO GROSSO 4126 BAIRRO UNIAO,1479
168067,AVENIDA MATO GROSSO 3559 BAIRRO UNIAO,139,350423,AVENIDA SAO LUIZ 5308 BAIRRO PLANALTO,189
168067,AVENIDA MATO GROSSO 3559 BAIRRO UNIAO,139,425369,AVENIDA TANCREDO NEVES 1488 BAIRRO UNIAO,8613
168067,AVENIDA MATO GROSSO 3559 BAIRRO UNIAO,139,540630,AVENIDA DOUTOR MARIO MAIA 439 BAIRRO SAO FRANCISCO,1171
953761,15 NOVEMBOR DE RUA 233 ALViRAaDA,140,888523,AVENIDA PENETRACAO UM 1311 JAPIIM,1022
953761,15 NOVEMBOR DE RUA 233 ALViRAaDA,140,850333,ALAMEDA A 102 LAGO AZUL,8172
953761,15 NOVEMBOR DE RUA 233 ALViRAaDA,140,817635,TRAVESSA RAMUNDO AMADEU MAIA 21 ACANAUE,9479
953761,15 NOVEMBOR DE RUA 233 ALViRAaDA,140,977790,RUA A 23 234 ALVORADA,5977
953761,15 NOVEMBOR DE RUA 233 ALViRAaDA,140,947673,RUA 1 34 ALVORADA,426
91032,RUA VALE FORMOSO 1132 VISTA ALEGRE,141,91032,RUA VALE FORMOSO 1132 VISTA ALEGRE,5982
91032,RUA VALE FORMOSO 1132 VISTA ALEGRE,141,91039,RUA VALE FORMOSO 1264 VISTA ALEGRE,9443
91032,RUA VALE FORMOSO 1132 VISTA ALEGRE,141,91072,RUA VALE FORMOSO 1757 VISTA ALEGRE,845
91032,RUA VALE FORMOSO 1132 VISTA ALEGRE,141,734451,RUA MARIMBA 561 VISTA ALEGRE,2068
91032,RUA VALE FORMOSO 1132 VISTA ALEGRE,141,89510,RUA PETRONIO CAMARGO 2896 VISTA ALEGRE,7816
218808,ESTRADA DO CANIL CANIL 7494 NACIONgL,142,218808,ESTRADA DO CANIL 7494 NACIONAL,7604
218808,ESTRADA DO CANIL CANIL 7494 NACIONgL,142,218491,ESTRADA DO BELMONT 2086 NACIONAL,5625
218808,ESTRADA DO CANIL CANIL 7494 NACIONgL,142,218526,ESTRADA DO BELMONT 2609 NACIONAL,4776
218808,ESTRADA DO CANIL CANIL 7494 NACIONgL,142,218501,ESTRADA DO BELMONT 2358 NACIONAL,4548
218808,ESTRADA DO CANIL CANIL 7494 NACIONgL,142,218366,ESTRADA DO BELMONT 1999 NACIONAL,8366
1017026,RUA 3 VILA DA PjRATA,143,673772,RUA DA MACA 126 VILA DO V,9105
1017026,RUA 3 VILA DA PjRATA,143,594363,RUA PERU 179 BAIXA DA HABITASA,5572
1017026,RUA 3 VILA DA PjRATA,143,738414,RUA 1 10 VILA DO ARACA,9953
1017026,RUA 3 VILA DA PjRATA,143,594357,RUA PERU 161 BAIXA DA HABITASA,5353
1017026,RUA 3 VILA DA PjRATA,143,673780,RUA DA MACA 271 VILA DO V,4889
1043066,sRUA 81 AMAoZONINO,144,722079,RIO AUTAZ ACU 476 LIMAO,7705
1043066,sRUA 81 AMAoZONINO,144,290331,RUA PANTEON 7205 TEIXEIRAO,6697
1043066,sRUA 81 AMAoZONINO,144,976358,RUA A 7 COROADO,9790
1043066,sRUA 81 AMAoZONINO,144,970335,RUA 5 13 REDENCAO,287
1043066,sRUA 81 AMAoZONINO,144,527939,RIO JURUA 80 None,8698
188163,RUA RIO DE JANEIRO 150 JARDIM BNDEIRATE,145,188163,RUA RIO DE JANEIRO 150 JARDIM BANDEIRANTE,289
188163,RUA RIO DE JANEIRO 150 JARDIM BNDEIRATE,145,677986,RUA RIO DE JANEIRO 51 VILA DE NOGUEIRA,9634
188163,RUA RIO DE JANEIRO 150 JARDIM BNDEIRATE,145,500371,RUA DO RIO DE JANEIRO 660 BAIRRO CRUZEIRAO,8681
188163,RUA RIO DE JANEIRO 150 JARDIM BNDEIRATE,145,189021,RUA TREZE DE MAIO 39 JARDIM BANDEIRANTE,9174
188163,RUA RIO DE JANEIRO 150 JARDIM BNDEIRATE,145,300102,RUA RIO DE JANEIRO 9290 PORTO VELHO,4648
869341,AVENIDA AVENIDADJALMA BATISTA 34 FLORES,146,869341,AVENIDA DJALMA BATISTA 34 FLORES,5991
869341,AVENIDA AVENIDADJALMA BATISTA 34 FLORES,146,869737,AVENIDA DJALMA BATISTA 2465 CHAPADA,7794
869341,AVENIDA AVENIDADJALMA BATISTA 34 FLORES,146,898545,AVENIDA TORQUATO TAPAJOS 840 FLORES,2497
869341,AVENIDA AVENIDADJALMA BATISTA 34 FLORES,146,869310,AVENIDA DJALMA BATISTA 15 CHAPADA,2676
869341,AVENIDA AVENIDADJALMA BATISTA 34 FLORES,146,903801,AVENIDA MARQUES DE TAMANDARE 404 FLORES,9719
516104,RUA BURITI 1338 ZENAIDE,147,516104,RUA BURITI 1338 ZENAIDE PAIVA,8413
516104,RUA BURITI 1338 ZENAIDE,147,517747,RUA TUCUMA 1339 ZENAIDE PAIVA,1932
516104,RUA BURITI 1338 ZENAIDE,147,517766,RUA TUCUMA 1509 ZENAIDE PAIVA,1278
516104,RUA BURITI 1338 ZENAIDE,147,516039,RUA ARICURI 1512 ZENAIDE PAIVA,830
516104,RUA BURITI 1338 ZENAIDE,147,157905,RUA XAPURI 1303 RIACHUELO,9578
838346,RUA MARIO SgILVA DE ALMEIDA 163 TEjRRA PRETA,148,838346,RUA MARIO SILVA DE ALMEIDA 163 TERRA PRETA,1299
838346,RUA MARIO SgILVA DE ALMEIDA 163 TEjRRA PRETA,148,838322,RUA MARIO SILVA DE ALMEIDA 45 TERRA PRETA,9140
838346,RUA MARIO SgILVA DE ALMEIDA 163 TEjRRA PRETA,148,1092807,RUA ERMELINDA DE QUEIROZ 24 NOVA ESPERANCA,7854
838346,RUA MARIO SgILVA DE ALMEIDA 163 TEjRRA PRETA,148,1061609,RUA DALVA DE OLIVEIRA 74 JORGE TEIXEIRA,2795
838346,RUA MARIO SgILVA DE ALMEIDA 163 TEjRRA PRETA,148,1094863,RUA ESTRELA DALVA 100 JORGE TEIXEIRA,7795
154281,MADUREIRA RUA SENw 3641 JORGE TEIXEIRA,149,154281,RUA SENA MADUREIRA 3641 JORGE TEIXEIRA,8420
154281,MADUREIRA RUA SENw 3641 JORGE TEIXEIRA,149,154218,RUA SENA MADUREIRA 3165 JORGE TEIXEIRA,3433
154281,MADUREIRA RUA SENw 3641 JORGE TEIXEIRA,149,149385,RUA NITEROI 3970 JORGE TEIXEIRA,3616
154281,MADUREIRA RUA SENw 3641 JORGE TEIXEIRA,149,145790,RUA LINS 3149 JORGE TEIXEIRA,3272
154281,MADUREIRA RUA SENw 3641 JORGE TEIXEIRA,149,77289,RUA NU ARUAGUES 3910 JORGE TEIXEIRA,9649
1148139,RUA LiURO TàCHI 245 MOjTE DAS OrLIVEIRAS,150,57339,RUA MONTEIRO LOBATO 1768 TEIXEIRAO,382
1148139,RUA LiURO TàCHI 245 MOjTE DAS OrLIVEIRAS,150,1113496,RUA HUMAITA 409 MONTE DAS OLIVEIRAS,4825
1148139,RUA LiURO TàCHI 245 MOjTE DAS OrLIVEIRAS,150,299736,RUA RINO LEVI 5235 TEIXEIRAO,1131
1148139,RUA LiURO TàCHI 245 MOjTE DAS OrLIVEIRAS,150,48598,RUA ANITA GARIBALDI 2970 TEIXEIRAO,7224
1148139,RUA LiURO TàCHI 245 MOjTE DAS OrLIVEIRAS,150,55922,RUA LOURIVAL MARTINS VIEIRA 3838 TEIXEIRAO,7923
303164,RUz kSALVADOR 340 PORTO VELHO,151,358220,LINHA 200 NORTE LD ESQUERDO 7 ROLIM DE MOURA,1696
303164,RUz kSALVADOR 340 PORTO VELHO,151,524077,RAMAL ALTO PENTENCOSTE 214 PARANA,5186
303164,RUz kSALVADOR 340 PORTO VELHO,151,510394,TRAVESSA RIO JURUA 3 1181 MIRITIZAL,7704
303164,RUz kSALVADOR 340 PORTO VELHO,151,290331,RUA PANTEON 7205 TEIXEIRAO,6697
303164,RUz kSALVADOR 340 PORTO VELHO,151,476921,PORTO DIAS 60 SERINGAL TRIUNFO,1772
375032,RUA AMAPA 2186 PARQUE IDN NOVO TEMOP,152,375032,RUA AMAPA 2186 PARQUE IND NOVO TEMPO,1139
375032,RUA AMAPA 2186 PARQUE IDN NOVO TEMOP,152,375054,RUA AMAPA 2290 PARQUE IND NOVO TEMPO,3019
375032,RUA AMAPA 2186 PARQUE IDN NOVO TEMOP,152,375100,RUA AMAPA 2612 PARQUE IND NOVO TEMPO,6866
375032,RUA AMAPA 2186 PARQUE IDN NOVO TEMOP,152,376256,RUA CEARA 2493 PARQUE IND NOVO TEMPO,3242
375032,RUA AMAPA 2186 PARQUE IDN NOVO TEMOP,152,376266,RUA CEARA 2630 PARQUE IND NOVO TEMPO,8739
1037233,RUA CENTRjAL PARK 498 BAIRRO SAO FRANCISCO,153,1037233,RUA CENTRAL PARK 498 BAIRRO SAO FRANCISCO,5262
1037233,RUA CENTRjAL PARK 498 BAIRRO SAO FRANCISCO,153,690802,RUA NESTOR CORDOVIL 67 BAIRRO SAO JOSE,6478
1037233,RUA CENTRjAL PARK 498 BAIRRO SAO FRANCISCO,153,705828,RUA FELIPE CAMARAO 351 BAIRRO SAO FRANCISCO,7577
1037233,RUA CENTRjAL PARK 498 BAIRRO SAO FRANCISCO,153,555942,RUA BEBETO ALVES 110 BAIRRO SAO FRANCISCO,3407
1037233,RUA CENTRjAL PARK 498 BAIRRO SAO FRANCISCO,153,1000541,RUA ATAIDE VERONE 181 BAIRRO SAO FRANCISCO,2010
782376,RUA JOAO HERCULANO NETO 174 IPIXUAN,154,782376,RUA JOAO HERCULANO NETO 174 IPIXUNA,8200
782376,RUA JOAO HERCULANO NETO 174 IPIXUAN,154,782377,RUA JOAO HERCULANO NETO 218 IPIXUNA,5956
782376,RUA JOAO HERCULANO NETO 174 IPIXUAN,154,781194,AVENIDA JOAO HERCULANO PRIMO 18 IPIXUNA,6085
782376,RUA JOAO HERCULANO NETO 174 IPIXUAN,154,702479,RUA JOAO BERTOLDO 116 COIMBRA,2949
782376,RUA JOAO HERCULANO NETO 174 IPIXUAN,154,143908,RUA JOAO BATISTA NETO 3026 VALPARAISO,1650
6617,LINH P 44 10 ZONA RURAL RúRAL,155,6617,LINHA P 44 10 ZONA RURAL,7277
6617,LINH P 44 10 ZONA RURAL RúRAL,155,6614,LINHA P 44 8 ZONA RURAL,9193
6617,LINH P 44 10 ZONA RURAL RúRAL,155,450951,LINHA P 13 701 ZONA RURAL,8922
6617,LINH P 44 10 ZONA RURAL RúRAL,155,360446,LINHA 184 11 ZONA RURAL,6705
6617,LINH P 44 10 ZONA RURAL RúRAL,155,360641,LINHA 204 SUL 20 ZONA RURAL,516
56320,RUA LUTHEt LUTHER KING 2176 JARDIM CL0DOALDO,156,56320,RUA LUTHER KING 2176 JARDIM CLODOALDO,9788
56320,RUA LUTHEt LUTHER KING 2176 JARDIM CL0DOALDO,156,13977,RUA BOUGAINVILLEA 2608 SETOR 4,241
56320,RUA LUTHEt LUTHER KING 2176 JARDIM CL0DOALDO,156,292985,RUA PERCY HOLDER 4034 CIDADE DO LOBO,8036
56320,RUA LUTHEt LUTHER KING 2176 JARDIM CL0DOALDO,156,1139505,RUA JUSCELINO KUBITCHECK 401 NOVO ISRAEL,5264
56320,RUA LUTHEt LUTHER KING 2176 JARDIM CL0DOALDO,156,270518,RUA JOAO CANDIDO 2076 JUSCELINO KUBITSCHEK,7778
1085006,SAMARITANOS RU ADOS 16 ZUMBI 03,157,931897,BECO UIRAPURU 3 75 COROADO,3053
1085006,SAMARITANOS RU ADOS 16 ZUMBI 03,157,931908,BECO UIRAPURU 4 20 COROADO,3010
1085006,SAMARITANOS RU ADOS 16 ZUMBI 03,157,532223,RAMAL CEU ABERTO 5 COLONIA 3 IRMAOS,6612
1085006,SAMARITANOS RU ADOS 16 ZUMBI 03,157,758567,COMUNIDADE ARPAUBA 2 PARANA BADAJOS,4846
1085006,SAMARITANOS RU ADOS 16 ZUMBI 03,157,758575,COMUNIDADE ARPAUBA 10 PARANA BADAJOS,5292
895880,AVENDIA SUMARE 1433 JORGE TEIXEIRA COMUNIDADE VAL PARAISO,158,895880,AVENIDA SUMARE 1433 JORGE TEIXEIRA COMUNIDADE VAL PARAISO,5082
895880,AVENDIA SUMARE 1433 JORGE TEIXEIRA COMUNIDADE VAL PARAISO,158,990773,RUA AMBE 90 JORGE TEIXEIRA COMUNIDADE VAL PARAISO,4419
895880,AVENDIA SUMARE 1433 JORGE TEIXEIRA COMUNIDADE VAL PARAISO,158,1031655,RUA CARLOS SANTOS 60 JORGE TEIXEIRA COMUNIDADE VAL PARAISO,7877
895880,AVENDIA SUMARE 1433 JORGE TEIXEIRA COMUNIDADE VAL PARAISO,158,895772,AVENIDA SUMARE 231 JORGE TEIXEIRA,2155
895880,AVENDIA SUMARE 1433 JORGE TEIXEIRA COMUNIDADE VAL PARAISO,158,876264,AVENIDA GRANDE CIRCULAR 10754 JORGE TEIXEIRA,7810
128229,LINA ITAPIrREMA 50 LINHA ITsPIREMwA,159,175554,LINHA TB 10 869 MACHADIHO,4766
128229,LINA ITAPIrREMA 50 LINHA ITsPIREMwA,159,535900,ALAMEDA MANACAIAS 358 CHACARA IPE,182
128229,LINA ITAPIrREMA 50 LINHA ITsPIREMwA,159,780660,RIO MARMELO 35 TI TORA,964
128229,LINA ITAPIrREMA 50 LINHA ITsPIREMwA,159,174072,LINHA LJ 9 270 MACHADIHO,2317
128229,LINA ITAPIrREMA 50 LINHA ITsPIREMwA,159,623384,TRAVESSA CEARA 286 SOBRAL,142
288120,RUA NOVA ESPERCA 4730 CALADNaHO,160,288120,RUA NOVA ESPERANCA 4730 CALADINHO,3679
288120,RUA NOVA ESPERCA 4730 CALADNaHO,160,288063,RUA NOVA ESPERANCA 4220 CALADINHO,5108
288120,RUA NOVA ESPERCA 4730 CALADNaHO,160,287984,RUA NOVA ESPERANCA 3721 CALADINHO,4407
288120,RUA NOVA ESPERCA 4730 CALADNaHO,160,785619,RUA 06 264 CACAU PIRERA,1973
288120,RUA NOVA ESPERCA 4730 CALADNaHO,160,253831,RUA ENREDO 3478 CUNIA,205
358220,LINHA 200r ORTE LD ESQUERDO 7 ROLIM DE MOURA,161,358220,LINHA 200 NORTE LD ESQUERDO 7 ROLIM DE MOURA,1696
358220,LINHA 200r ORTE LD ESQUERDO 7 ROLIM DE MOURA,161,358178,LINHA 200 NORTE 4 ROLIM DE MOURA,1956
358220,LINHA 200r ORTE LD ESQUERDO 7 ROLIM DE MOURA,161,358247,LINHA 200 SUL 5 ROLIM DE MOURA,6388
358220,LINHA 200r ORTE LD ESQUERDO 7 ROLIM DE MOURA,161,358270,LINHA 200 SUL 11 ROLIM DE MOURA,2831
358220,LINHA 200r ORTE LD ESQUERDO 7 ROLIM DE MOURA,161,358101,LINHA 196 NORTE 4 ROLIM DE MOURA,3201
791879,ESTRADA DO JANAUARI 43 COMUNIDADE SAO JOSE,162,791879,ESTRADA DO JANAUARI 43 COMUNIDADE SAO JOSE,8725
791879,ESTRADA DO JANAUARI 43 COMUNIDADE SAO JOSE,162,692538,ESTRADA ROSARINHO 13 BOCA DO LIMAO,2783
791879,ESTRADA DO JANAUARI 43 COMUNIDADE SAO JOSE,162,967192,RUA 38 121 COMUNIDADE PORTELINHA SAO JOSE 2,9806
791879,ESTRADA DO JANAUARI 43 COMUNIDADE SAO JOSE,162,710253,RUA NICOLAU VIANA 281 COMUNIDADE SAO BENEDITO,3585
791879,ESTRADA DO JANAUARI 43 COMUNIDADE SAO JOSE,162,495146,ESTRADA DO AEROPORTO 12 RESIDENCIAL SAO SALVADOR,8055
1069777,RUA DEkZ 316 ALVORADA,163,1069777,RUA DEZ 316 ALVORADA,9603
1069777,RUA DEkZ 316 ALVORADA,163,1069668,RUA DEZ 240 ALVORADA,3536
1069777,RUA DEkZ 316 ALVORADA,163,1069807,RUA DEZ 341 ALVORADA,3555
1069777,RUA DEkZ 316 ALVORADA,163,947974,RUA 1 120 ALVORADA,7045
1069777,RUA DEkZ 316 ALVORADA,163,977832,RUA A 26 326 ALVORADA,2849
834439,RUA CAROLINA FERNANDES 1289 SAO JkSé,164,834439,RUA CAROLINA FERNANDES 1289 SAO JOSE,939
834439,RUA CAROLINA FERNANDES 1289 SAO JkSé,164,834419,RUA CAROLINA FERNANDES 1156 SAO JOSE,9442
834439,RUA CAROLINA FERNANDES 1289 SAO JkSé,164,309890,RUA TEODORA LOPES 8952 SAO FRANCISCO,1466
834439,RUA CAROLINA FERNANDES 1289 SAO JkSé,164,301522,RUA ROSALINA GOMES 9191 SAO FRANCISCO,7194
834439,RUA CAROLINA FERNANDES 1289 SAO JkSé,164,695085,AVENIDA MANOEL GUIMARAES 213 SAO FRANCISCO,4854
851689,AALMEDA ITAILA 82 CHPADA,165,851689,ALAMEDA ITALIA 82 CHAPADA,8757
851689,AALMEDA ITAILA 82 CHPADA,165,535900,ALAMEDA MANACAIAS 358 CHACARA IPE,182
851689,AALMEDA ITAILA 82 CHPADA,165,844280,TRAVESSA ALMIRANTE TAMANDARE 1186 APARECIDA,3556
851689,AALMEDA ITAILA 82 CHPADA,165,623980,TRAVESSA CUPUACU 59 MOCINHA MAGALHAES,295
851689,AALMEDA ITAILA 82 CHPADA,165,638189,RAMAL SERRINHA 90 QUIXADA,2772
511110,AVENIDA DUQUE DE CAXIAS 899 VoLA,166,511110,AVENIDA DUQUE DE CAXIAS 899 VILA MILITAR,8914
511110,AVENIDA DUQUE DE CAXIAS 899 VoLA,166,320113,RUA DUQUE DE CAXIAS 755 CAIARI,8331
511110,AVENIDA DUQUE DE CAXIAS 899 VoLA,166,657325,RUA DUQUE DE CAXIAS 1325 CSU,7642
511110,AVENIDA DUQUE DE CAXIAS 899 VoLA,166,744287,RUA COSTA E SILVA 219 DUQUE DE CAXIAS,6335
511110,AVENIDA DUQUE DE CAXIAS 899 VoLA,166,903276,AVENIDA DUQUE DE CAXIAS 1593 PRACA 14 DE JANEIRO,1033
554099,DA CAVáLCANTE SILVA RUA ARGEMIRO 129 VILA ACRE,167,554099,RUA ARGEMIRO CAVALCANTE DA SILVA 129 VILA ACRE,9298
554099,DA CAVáLCANTE SILVA RUA ARGEMIRO 129 VILA ACRE,167,554100,RUA ARGEMIRO CAVALCANTE DA SILVA 142 VILA ACRE,5053
554099,DA CAVáLCANTE SILVA RUA ARGEMIRO 129 VILA ACRE,167,838723,RUA NAZARE CAVALCANTE 2608 MORADA DO SOL,5983
554099,DA CAVáLCANTE SILVA RUA ARGEMIRO 129 VILA ACRE,167,588794,RUA MEIRE ALVES DA SILVA 305 TANCREDO NEVES,2903
554099,DA CAVáLCANTE SILVA RUA ARGEMIRO 129 VILA ACRE,167,564193,RUA DA OLARIA 157 TANCREDO NEVES,258
108227,AVENIDA APDRE AD0LPHO ROHL 2449 ET0R 01,168,108227,AVENIDA PADRE ADOLPHO ROHL 2449 SETOR 01,8500
108227,AVENIDA APDRE AD0LPHO ROHL 2449 ET0R 01,168,108138,AVENIDA PADRE ADOLPHO ROHL 2210 SETOR 01,5125
108227,AVENIDA APDRE AD0LPHO ROHL 2449 ET0R 01,168,81860,AVENIDA HASSIB CURY 1406 SETOR0005,424
108227,AVENIDA APDRE AD0LPHO ROHL 2449 ET0R 01,168,202711,ALDEIA RO0SEVELT 10 ALDEIA ROSEVELT,6521
108227,AVENIDA APDRE AD0LPHO ROHL 2449 ET0R 01,168,218526,ESTRADA DO BELMONT 2609 NACIONAL,4776
575229,RUA FUTURO 147 AVIARIO,169,575229,RUA FUTURO 147 AVIARIO,5018
575229,RUA FUTURO 147 AVIARIO,169,575241,RUA FUTURO 196 AVIARIO,5545
575229,RUA FUTURO 147 AVIARIO,169,575248,RUA FUTURO 223 AVIARIO,1017
575229,RUA FUTURO 147 AVIARIO,169,227117,RUA ANARI 5549 ELDORADO,646
575229,RUA FUTURO 147 AVIARIO,169,945130,RUA 01 229 NOVO ALEIXO,7478
30674,RUA SANTA CATARuINA 3667 STEOR 05,170,157147,RUA VILAGRAN CABRITA 2072 CASA PRETA,4305
30674,RUA SANTA CATARuINA 3667 STEOR 05,170,1001590,RUA AURORA REGO 423 SANTA ITELVINA,4989
30674,RUA SANTA CATARuINA 3667 STEOR 05,170,296702,RUA PROTASIO ALVES 10076 MARIANA,2441
30674,RUA SANTA CATARuINA 3667 STEOR 05,170,1001549,RUA AURORA REGO 135 SANTA ITELVINA,9090
30674,RUA SANTA CATARuINA 3667 STEOR 05,170,808162,RUA SANTA ETELVINA 3596 MAMOUD AMED,7749
298845,RUAR AoMUNDO PINHEIRO 2700 SAO JOAO BOSCO,171,298845,RUA RAIMUNDO PINHEIRO 2700 SAO JOAO BOSCO,656
298845,RUAR AoMUNDO PINHEIRO 2700 SAO JOAO BOSCO,171,275444,RUA JOSE R FILHO 1550 SAO JOAO BOSCO,6310
298845,RUAR AoMUNDO PINHEIRO 2700 SAO JOAO BOSCO,171,274167,RUA JOSE CAMACHO 2115 SAO JOAO BOSCO,8341
298845,RUAR AoMUNDO PINHEIRO 2700 SAO JOAO BOSCO,171,298326,RUA RAIMUNDA LEITE 1605 SAO JOAO BOSCO,3563
298845,RUAR AoMUNDO PINHEIRO 2700 SAO JOAO BOSCO,171,274134,RUA JOSE CAMACHO 1362 SAO JOAO BOSCO,4546
123231,AVENIDA ARACAJU 2068 SAO PEDRO,172,123231,AVENIDA ARACAJU 2068 SAO PEDRO,937
123231,AVENIDA ARACAJU 2068 SAO PEDRO,172,123425,AVENIDA ARACAJU 4930 SAO PEDRO,2195
123231,AVENIDA ARACAJU 2068 SAO PEDRO,172,123200,AVENIDA ARACAJU 1682 SAO PEDRO,7438
123231,AVENIDA ARACAJU 2068 SAO PEDRO,172,908303,AVENIDA SAO PEDRO 140 TARUMA,8785
123231,AVENIDA ARACAJU 2068 SAO PEDRO,172,855107,AVENIDA ARACUA 1331 TARUMA COMUNIDADE SAO PEDRO,9198
837967,MANOEL BASTOS 275 TERRá PiRETA,173,627658,TRAVESSA JERUSALEM 144 AIRTON SENA,4102
837967,MANOEL BASTOS 275 TERRá PiRETA,173,535900,ALAMEDA MANACAIAS 358 CHACARA IPE,182
837967,MANOEL BASTOS 275 TERRá PiRETA,173,924790,BECO OLARIA 235 PRESIDENTE VARGAS,3143
837967,MANOEL BASTOS 275 TERRá PiRETA,173,623703,TRAVESSA COELHO 495 MAURI SERGIO,4965
837967,MANOEL BASTOS 275 TERRá PiRETA,173,532024,TRAVESSA SEBASTIAO PEIXOTO 398 SERRARIA,2234
651173,RODpVIA BR 317 6 RODOVIA BR 317,174,651173,RODOVIA BR 317 6 RODOVIA BR 317,4255
651173,RODpVIA BR 317 6 RODOVIA BR 317,174,738197,RODOVIA BR 319 76 BR 319,8110
651173,RODpVIA BR 317 6 RODOVIA BR 317,174,738141,RODOVIA BR 319 32 BR 319,9835
651173,RODpVIA BR 317 6 RODOVIA BR 317,174,11390,RODOVIA BR 421 3 BR 421,2216
651173,RODpVIA BR 317 6 RODOVIA BR 317,174,509219,RODOVIA BR 364 10 BR 364,5877
229654,RUrA ANTeONIO OLIMPIO 777 CêNTRO CENTRO,175,823189,RUA DEOCLECIANO SAMPAIO 1027 PANTANAL,601
229654,RUrA ANTeONIO OLIMPIO 777 CêNTRO CENTRO,175,839582,RUA QUINTINO BOCAIUVA 1267 CENTRO,1971
229654,RUrA ANTeONIO OLIMPIO 777 CêNTRO CENTRO,175,1022074,RUA BURITI 16 COLONIA ANTONIO ALEIXO,6195
229654,RUrA ANTeONIO OLIMPIO 777 CêNTRO CENTRO,175,606418,RUA TIAO NATUREZA 454 CHICO MENDES,4791
229654,RUrA ANTeONIO OLIMPIO 777 CêNTRO CENTRO,175,584119,RUA LOURIVAL RIBEIRO 288 TRIANGULO,9611
831243,BECOANTOmIO AFONSO 1649 PRETA,176,701208,BECO 30 101 JAVARIZINHO,7774
831243,BECOANTOmIO AFONSO 1649 PRETA,176,701190,BECO 30 16 JAVARIZINHO,5786
831243,BECOANTOmIO AFONSO 1649 PRETA,176,915196,BECO CELESTINO 23 CACHOEIRINHA,8479
831243,BECOANTOmIO AFONSO 1649 PRETA,176,216190,BECO ACARA 2346 NOVA FLORESTA,1475
831243,BECOANTOmIO AFONSO 1649 PRETA,176,924312,BECO NONATO 2370 CACHOEIRINHA,8063
924312,BECOm ONATO 2370 CACHOEIRINHA,177,924312,BECO NONATO 2370 CACHOEIRINHA,8063
924312,BECOm ONATO 2370 CACHOEIRINHA,177,915196,BECO CELESTINO 23 CACHOEIRINHA,8479
924312,BECOm ONATO 2370 CACHOEIRINHA,177,701208,BECO 30 101 JAVARIZINHO,7774
924312,BECOm ONATO 2370 CACHOEIRINHA,177,909633,BECO AJURICABA 37 CACHOEIRINHA,301
924312,BECOm ONATO 2370 CACHOEIRINHA,177,701190,BECO 30 16 JAVARIZINHO,5786
907912,AVENIDA SAO JORGë 730 AO JOGRE,178,908303,AVENIDA SAO PEDRO 140 TARUMA,8785
907912,AVENIDA SAO JORGë 730 AO JOGRE,178,972022,RUA 6 10 SAO JOSE OPERARIO,5988
907912,AVENIDA SAO JORGë 730 AO JOGRE,178,855708,AVENIDA AUTAZ MIRIM 5405 SAO JOSE OPERARIO,7306
907912,AVENIDA SAO JORGë 730 AO JOGRE,178,464984,AVENIDA MONTE SIAO 73 CENTRO,5701
907912,AVENIDA SAO JORGë 730 AO JOGRE,178,872894,AVENIDA ESTRADA DO ALEIXO 10067 SAO JOSE OPERARIO 4,4318
1062363,RUA DANILO CORREA 1712 BAIRRO RAIZ,179,1062363,RUA DANILO CORREA 1712 BAIRRO RAIZ,3992
1062363,RUA DANILO CORREA 1712 BAIRRO RAIZ,179,1061979,RUA DANILO CORREA 16 BAIRRO RAIZ,8770
1062363,RUA DANILO CORREA 1712 BAIRRO RAIZ,179,59979,RUA RUI BARBOSA 3115 BAIRRO FLORESTA,5164
1062363,RUA DANILO CORREA 1712 BAIRRO RAIZ,179,1002526,RUA AYRES DE ALMEIDA 154 BAIRRO RAIZ,4745
1062363,RUA DANILO CORREA 1712 BAIRRO RAIZ,179,527459,RUA RAIMUNDO BEZERRA 234 CENTRO,7628
284465,RUA MIGUEL ANGELO 7363 CUNIA,180,284465,RUA MIGUEL ANGELO 7363 CUNIA,951
284465,RUA MIGUEL ANGELO 7363 CUNIA,180,284450,RUA MIGUEL ANGELO 7283 CUNIA,3270
284465,RUA MIGUEL ANGELO 7363 CUNIA,180,284745,RUA MIGUEL CALMON 3706 CALADINHO,358
284465,RUA MIGUEL ANGELO 7363 CUNIA,180,726865,RUA RAIMUNDO GOMES 708 CANUTAMA,9582
284465,RUA MIGUEL ANGELO 7363 CUNIA,180,283791,RUA MEDIANEIRA 6069 CUNIA,9926
804938,dUA PEDRO FERNANDrS 3485 SANTO ANTONîO,181,58149,RUA PEDRO SPAGNOL 3985 TEIXEIRAO,4459
804938,dUA PEDRO FERNANDrS 3485 SANTO ANTONîO,181,58148,RUA PEDRO SPAGNOL 3982 TEIXEIRAO,9135
804938,dUA PEDRO FERNANDrS 3485 SANTO ANTONîO,181,934894,BECO SANTO ANTONIO 55 BETANIA,6758
804938,dUA PEDRO FERNANDrS 3485 SANTO ANTONîO,181,934507,BECO SANTA RITA 8 SANTO AGOSTINHO,1179
804938,dUA PEDRO FERNANDrS 3485 SANTO ANTONîO,181,924042,BECO NATAL 67 SANTO AGOSTINHO,6380
684013,RUA DA LAGOA 905 CENTR,182,684013,RUA DA LAGOA 905 CENTRO,5534
684013,RUA DA LAGOA 905 CENTR,182,683987,RUA DA LAGOA 200 CENTRO,7962
684013,RUA DA LAGOA 905 CENTR,182,684082,RUA DA MORENA 835 CENTRO,3599
684013,RUA DA LAGOA 905 CENTR,182,684067,RUA DA MORENA 808 CENTRO,8307
684013,RUA DA LAGOA 905 CENTR,182,246787,RUA DA PISTA 111 CENTRO,4451
718029,RUA COMANDANTE MOcESTO 1647 RIO PURUS,183,718029,RUA COMANDANTE MODESTO 1647 RIO PURUS,9341
718029,RUA COMANDANTE MOcESTO 1647 RIO PURUS,183,717958,RUA COMANDANTE MODESTO 1037 RIO PURUS,5330
718029,RUA COMANDANTE MOcESTO 1647 RIO PURUS,183,163117,RUA TENENTE ANTONIO JOAO 1388 PRIMAVERA,535
718029,RUA COMANDANTE MOcESTO 1647 RIO PURUS,183,297640,RUA QUINTINO BOCAIUVA 3196 PORTO VELHO,8153
718029,RUA COMANDANTE MOcESTO 1647 RIO PURUS,183,286061,RUA MONTEIRO LOBATO 5713 ELDORADO,5026
245154,RA CRUEZIRO 3249 LAGOINHA,184,245154,RUA CRUZEIRO 3249 LAGOINHA,6333
245154,RA CRUEZIRO 3249 LAGOINHA,184,134802,RUA CAUCHEIRO 2848 VALPARAISO,5080
245154,RA CRUEZIRO 3249 LAGOINHA,184,915196,BECO CELESTINO 23 CACHOEIRINHA,8479
245154,RA CRUEZIRO 3249 LAGOINHA,184,290331,RUA PANTEON 7205 TEIXEIRAO,6697
245154,RA CRUEZIRO 3249 LAGOINHA,184,496138,RUA ALAGOAS 761 CRUZEIRAO,7826
549459,RUA 8 DE MARCO 96 TANCREDO NEVES,185,549459,RUA 8 DE MARCO 96 TANCREDO NEVES,6953
549459,RUA 8 DE MARCO 96 TANCREDO NEVES,185,547767,RUA 08 DE MARCO 81 TANCREDO NEVES,8735
549459,RUA 8 DE MARCO 96 TANCREDO NEVES,185,1082103,RUA DOM BOSCO 7 TANCREDO NEVES,2748
549459,RUA 8 DE MARCO 96 TANCREDO NEVES,185,953647,RUA 15 DE NOVEMBRO 18 TANCREDO NEVES,8591
549459,RUA 8 DE MARCO 96 TANCREDO NEVES,185,1128460,RUA JASMIM 38 TANCREDO NEVES,4310
27873,RUâ PIQUIà 1949 SETOR0 m1,186,60887,RUA UIRAPURU 2999 TEIXEIRAO,5284
27873,RUâ PIQUIà 1949 SETOR0 m1,186,728678,RIO MUCUIM 1 PUREQUE,7588
27873,RUâ PIQUIà 1949 SETOR0 m1,186,290331,RUA PANTEON 7205 TEIXEIRAO,6697
27873,RUâ PIQUIà 1949 SETOR0 m1,186,931897,BECO UIRAPURU 3 75 COROADO,3053
27873,RUâ PIQUIà 1949 SETOR0 m1,186,143214,RUA IPE 2741 VALPARAISO,4366
1070259,RUA xEZ DE JULH0 567 CENTRO CENTRO,187,398308,RUA ECA DE QUEIROZ 4658 CENTRO,2961
1070259,RUA xEZ DE JULH0 567 CENTRO CENTRO,187,1005127,RUA B DOZE 1660 JAPIIM,3265
1070259,RUA xEZ DE JULH0 567 CENTRO CENTRO,187,1130400,RUA JERUSALEM 560 CIDADE NOVA,2146
1070259,RUA xEZ DE JULH0 567 CENTRO CENTRO,187,287579,RUA NOROESTE 1717 CASTANHEIRA,2454
1070259,RUA xEZ DE JULH0 567 CENTRO CENTRO,187,566635,RUA DEZ DE JUNHO 399 TROPICAL,234
948981,RUâ 101 30 NiVA CIDDE,188,659388,RAMAL DO 25 10 CACIRIAN,5391
948981,RUâ 101 30 NiVA CIDDE,188,659396,RAMAL DO 25 33 CACIRIAN,3234
948981,RUâ 101 30 NiVA CIDDE,188,976358,RUA A 7 COROADO,9790
948981,RUâ 101 30 NiVA CIDDE,188,964955,RUA 29 137 TARUMA ACU,6308
948981,RUâ 101 30 NiVA CIDDE,188,965248,RUA 3 18 COROADO,8288
975152,RUA 8 DE NOVEMBRO 4279 GILBERTO MESTRINHO,189,975152,RUA 8 DE NOVEMBRO 4279 GILBERTO MESTRINHO,4832
975152,RUA 8 DE NOVEMBRO 4279 GILBERTO MESTRINHO,189,972526,RUA 6 DE OUTUBRO 275 GILBERTO MESTRINHO,6387
975152,RUA 8 DE NOVEMBRO 4279 GILBERTO MESTRINHO,189,970965,RUA 5 DE JUNHO 1080 GILBERTO MESTRINHO,7474
975152,RUA 8 DE NOVEMBRO 4279 GILBERTO MESTRINHO,189,952059,RUA 14 ABRIL 982 GILBERTO MESTRINHO,2390
975152,RUA 8 DE NOVEMBRO 4279 GILBERTO MESTRINHO,189,1146794,RUA LONDRES 971 GILBERTO MESTRINHO,4703
57595,RUA NOVO EnSTArDO 1057 BAIRRO DO INCAR,190,57595,RUA NOVO ESTADO 1057 BAIRRO DO INCRA,7005
57595,RUA NOVO EnSTArDO 1057 BAIRRO DO INCAR,190,1027403,RUA CAMPO DO ROMA 2 NOVO ALEIXO,5762
57595,RUA NOVO EnSTArDO 1057 BAIRRO DO INCAR,190,375054,RUA AMAPA 2290 PARQUE IND NOVO TEMPO,3019
57595,RUA NOVO EnSTArDO 1057 BAIRRO DO INCAR,190,376256,RUA CEARA 2493 PARQUE IND NOVO TEMPO,3242
57595,RUA NOVO EnSTArDO 1057 BAIRRO DO INCAR,190,1052691,RUA CURIPACO 9 CIDADE NOVA,3313
1018434,RaUA BOM JESUyS 52 PETROPOLIS,191,1029211,RUA CANUMA 5 PETROPOLIS,6346
1018434,RaUA BOM JESUyS 52 PETROPOLIS,191,912129,BECO BELA VISTA 5 PETROPOLIS,9590
1018434,RaUA BOM JESUyS 52 PETROPOLIS,191,1029304,RUA CANUMA 58 PETROPOLIS,7845
1018434,RaUA BOM JESUyS 52 PETROPOLIS,191,1090650,RUA EFESIOS 21 PETROPOLIS,113
1018434,RaUA BOM JESUyS 52 PETROPOLIS,191,675178,TRAVESSA BUJARI 210 VILA DO V,5359
505487,RUA PADRE ALFREDO LEITE 34 AEROPORTO VELHO,192,505487,RUA PADRE ALFREDO LEITE 34 AEROPORTO VELHO,1595
505487,RUA PADRE ALFREDO LEITE 34 AEROPORTO VELHO,192,505510,RUA PADRE ALFREDO LEITE 290 AEROPORTO VELHO,4260
505487,RUA PADRE ALFREDO LEITE 34 AEROPORTO VELHO,192,554179,RUA ARI RODRIGUES 120 AEROPORTO VELHO,2500
505487,RUA PADRE ALFREDO LEITE 34 AEROPORTO VELHO,192,502070,RUA JOSE PEDRO CRUZ 101 AEROPORTO VELHO,5130
505487,RUA PADRE ALFREDO LEITE 34 AEROPORTO VELHO,192,575065,RUA FRANCISCO VIEIRA 26 AEROPORTO VELHO,279
661299,RUA ALIPIO 111 LEAL AVLINO,193,661299,RUA ALIPIO ALVES 111 AVELINO LEAL,4788
661299,RUA ALIPIO 111 LEAL AVLINO,193,661297,RUA ALIPIO ALVES 91 AVELINO LEAL,1425
661299,RUA ALIPIO 111 LEAL AVLINO,193,661304,RUA ALIPIO ALVES 170 AVELINO LEAL,5430
661299,RUA ALIPIO 111 LEAL AVLINO,193,832716,RUA ANDRE VIDAL 119 APARECIDA,2564
661299,RUA ALIPIO 111 LEAL AVLINO,193,832731,RUA ANDRE VIDAL 147 APARECIDA,9733
921303,BECO IPIRANGA 79 RAîZf,194,921303,BECO IPIRANGA 79 RAIZ,8492
921303,BECO IPIRANGA 79 RAîZf,194,917089,BECO DA PAZ 16 CRESPO,8247
921303,BECO IPIRANGA 79 RAîZf,194,921343,BECO IPIRANGA 230 RAIZ,777
921303,BECO IPIRANGA 79 RAîZf,194,929852,BECO SARAIVA 86 ALEIXO,3902
921303,BECO IPIRANGA 79 RAîZf,194,701208,BECO 30 101 JAVARIZINHO,7774
1114313,RUA HUMBERTO GOMES 10 lETROPOpIS,195,1114313,RUA HUMBERTO GOMES 10 PETROPOLIS,5870
1114313,RUA HUMBERTO GOMES 10 lETROPOpIS,195,1114308,RUA HUMBERTO GOMES 10 PETROPOLIS,2686
1114313,RUA HUMBERTO GOMES 10 lETROPOpIS,195,1106388,RUA GIRASSOL 23 TANCREDO NEVES,892
1114313,RUA HUMBERTO GOMES 10 lETROPOpIS,195,58149,RUA PEDRO SPAGNOL 3985 TEIXEIRAO,4459
1114313,RUA HUMBERTO GOMES 10 lETROPOpIS,195,1106376,RUA GIRASSOL 20 COROADO,4528
434031,AVENIDA ROUXINOL 2932 SETOR 01,196,434031,AVENIDA ROUXINOL 2932 SETOR 01,1616
434031,AVENIDA ROUXINOL 2932 SETOR 01,196,433992,AVENIDA ROUXINOL 2121 SETOR 02,2890
434031,AVENIDA ROUXINOL 2932 SETOR 01,196,433342,AVENIDA CUJUBIM 3458 SETOR 06,9885
434031,AVENIDA ROUXINOL 2932 SETOR 01,196,433430,AVENIDA CURIO 2194 SETOR 04,2528
434031,AVENIDA ROUXINOL 2932 SETOR 01,196,433849,AVENIDA MARACANA 2114 SETOR 01,2024
311941,RUA TREZE DE MAI 199 MOCAMO,197,311941,RUA TREZE DE MAIO 199 MOCAMBO,2685
311941,RUA TREZE DE MAI 199 MOCAMO,197,31496,RUA TAPEJARA 5098 NOVE,6945
311941,RUA TREZE DE MAI 199 MOCAMO,197,141398,RUA GIRASSOL 130 DOIS DE ABRIL,4170
311941,RUA TREZE DE MAI 199 MOCAMO,197,745301,RUA DOIS DE NOVEMBRO 43 TAUA MIRIM,1180
311941,RUA TREZE DE MAI 199 MOCAMO,197,1071530,RUA DEZESSEIS 58 JAPIIM,1480
935182,BECO CAfLOS SAO 17 SANTO AGOSINHO,198,935182,BECO SAO CARLOS 17 SANTO AGOSTINHO,1605
935182,BECO CAfLOS SAO 17 SANTO AGOSINHO,198,937467,BECO SAO JOSE 35 GLORIA,2271
935182,BECO CAfLOS SAO 17 SANTO AGOSINHO,198,937773,BECO SAO JOSE 114 GLORIA,5387
935182,BECO CAfLOS SAO 17 SANTO AGOSINHO,198,937814,BECO SAO JOSE 138 GLORIA,784
935182,BECO CAfLOS SAO 17 SANTO AGOSINHO,198,937083,BECO SAO JORGE 161 SAO RAIMUNDO,2943
999947,VIRGILIO ARTUR RUA 165 SAO JORG,199,999947,RUA ARTUR VIRGILIO 165 SAO JORGE,3001
999947,VIRGILIO ARTUR RUA 165 SAO JORG,199,937069,BECO SAO JORGE 92 ALVORADA,2737
999947,VIRGILIO ARTUR RUA 165 SAO JORG,199,602264,RUA SAO JOSE 79 JORGE LAVOCAT,9370
999947,VIRGILIO ARTUR RUA 165 SAO JORG,199,923905,BECO MOSSORO 100 SAO FRANCISCO,5834
999947,VIRGILIO ARTUR RUA 165 SAO JORG,199,921629,BECO ITAPURANGA 50 SAO JORGE,6622
573351,RUA FLAMINGO 96 LACAS,200,832604,RUA ALVARAES 195 APARECIDA,9641
573351,RUA FLAMINGO 96 LACAS,200,1061454,RUA DALLAS 25 FLORES,8627
573351,RUA FLAMINGO 96 LACAS,200,573351,RUA FLAMINGO 96 PLACAS,8314
573351,RUA FLAMINGO 96 LACAS,200,1049295,RUA CRAVO 23 ALEIXO,4080
573351,RUA FLAMINGO 96 LACAS,200,586684,RUA MARANHAO 118 BOSQUE,8384
1081191,URA 339 GILBERTO MESTRINHO,201,923337,BECO MARCOS BARROS 91 GILBERTO MESTRINHO,671
1081191,URA 339 GILBERTO MESTRINHO,201,1139334,RUA JURUA 243 GILBERTO MESTRINHO,8562
1081191,URA 339 GILBERTO MESTRINHO,201,928337,BECO SAO FRANCISCO 1339 GILBERTO MESTRINHO,4851
1081191,URA 339 GILBERTO MESTRINHO,201,1053139,RUA CURITIBA 659 GILBERTO MESTRINHO,1313
1081191,URA 339 GILBERTO MESTRINHO,201,1146794,RUA LONDRES 971 GILBERTO MESTRINHO,4703
846494,RUA DOS IGAS 705 VILA DO JACARE,202,846494,RUA DOS INGAS 705 VILA DO JACARE,7217
846494,RUA DOS IGAS 705 VILA DO JACARE,202,738631,RUA CONTORNO 100 VILA DO ARACA,3836
846494,RUA DOS IGAS 705 VILA DO JACARE,202,674158,RUA DO CEDRO 132 VILA DO V,8813
846494,RUA DOS IGAS 705 VILA DO JACARE,202,846388,RUA BEIRA RIO 600 VILA DO JACARE,681
846494,RUA DOS IGAS 705 VILA DO JACARE,202,342999,AVENIDA DOS IPES 6905 BOM JARDIM,6431
805797,URA RIO SOILMOES 4087 MAMOUD MAMOU DAMED,203,805797,RUA RIO SOLIMOES 4087 MAMOUD AMED,7038
805797,URA RIO SOILMOES 4087 MAMOUD MAMOU DAMED,203,808162,RUA SANTA ETELVINA 3596 MAMOUD AMED,7749
805797,URA RIO SOILMOES 4087 MAMOUD MAMOU DAMED,203,805618,RUA RIO HONDIRA 408 MAMOUD AMED,3024
805797,URA RIO SOILMOES 4087 MAMOUD MAMOU DAMED,203,643729,RAMAL TIRIRICA 2280 R0DRIGUES ALVES,5283
805797,URA RIO SOILMOES 4087 MAMOUD MAMOU DAMED,203,817635,TRAVESSA RAMUNDO AMADEU MAIA 21 ACANAUE,9479
585657,RyA MAMAO 115 MOCINHA MGAALHAES,204,541918,BECO MARACUJA 69 MOCINHA MAGALHAES,6726
585657,RyA MAMAO 115 MOCINHA MGAALHAES,204,934762,BECO SANTO AMARO 23 REDENCAO,8907
585657,RyA MAMAO 115 MOCINHA MGAALHAES,204,672041,RAMAL DO LEONARDO 78 INVASAO DO BETAO,9625
585657,RyA MAMAO 115 MOCINHA MGAALHAES,204,658655,TRAVESSA SIMAO AGUIAR 261 ANA ALVES VIEIRA,1211
585657,RyA MAMAO 115 MOCINHA MGAALHAES,204,937467,BECO SAO JOSE 35 GLORIA,2271
663750,OLIMPIAv MORAIS RUA 70 BAIRRO BAIRRO NOVO,205,663750,RUA OLIMPIA MORAIS 70 BAIRRO NOVO,1386
663750,OLIMPIAv MORAIS RUA 70 BAIRRO BAIRRO NOVO,205,663744,RUA OLIMPIA MORAIS 40 BAIRRO NOVO,9164
663750,OLIMPIAv MORAIS RUA 70 BAIRRO BAIRRO NOVO,205,653069,RUA AURINDO BRITO 41 BAIRRO VITORIA,1953
663750,OLIMPIAv MORAIS RUA 70 BAIRRO BAIRRO NOVO,205,847380,RUA CAETANO FARIA 89 BAIRRO NOVO,6791
663750,OLIMPIAv MORAIS RUA 70 BAIRRO BAIRRO NOVO,205,654672,RUA MANOEL VAZ DE ARAUJO 10 BOM SUCESSO,2817
661829,RUA ELCIAS C ALBUQUERUEQ 250 AVELINO LEA1,206,661829,RUA ELCIAS C ALBUQUERQUE 250 AVELINO LEAL,7976
661829,RUA ELCIAS C ALBUQUERUEQ 250 AVELINO LEA1,206,661796,RUA ELCIAS C ALBUQUERQUE 13 AVELINO LEAL,1186
661829,RUA ELCIAS C ALBUQUERUEQ 250 AVELINO LEA1,206,661869,RUA ELCIAS CUNHA DE ALBUQUERQUE 65 AVELINO LEAL,6206
661829,RUA ELCIAS C ALBUQUERUEQ 250 AVELINO LEA1,206,577031,RUA HENRIQUE ALFANE 150 BOSQUE,4134
661829,RUA ELCIAS C ALBUQUERUEQ 250 AVELINO LEA1,206,668378,RUA LUIZ RAMOS DE ALBUQUERQUE 82 PANTANAL,7184
373345,RU A2q513 3554 JARDIM SOCIAL,207,373345,RUA 2513 3554 JARDIM SOCIAL,1223
373345,RU A2q513 3554 JARDIM SOCIAL,207,33564,RUA ZELIA GATAI 3376 COLONIAL,1656
373345,RU A2q513 3554 JARDIM SOCIAL,207,31257,RUA SIRIUS 4907 RURAL,5021
373345,RU A2q513 3554 JARDIM SOCIAL,207,270274,RUA JK 4674 CALADINHO,7285
373345,RU A2q513 3554 JARDIM SOCIAL,207,673307,RODOVIA AC 10 30623 PROJETO HUMAITA,4641
711485,AVENIDA NZIIO LIMA 385 PLATO DO PkQUIA,208,711485,AVENIDA NIZIO LIMA 385 PLATO DO PIQUIA,4248
711485,AVENIDA NZIIO LIMA 385 PLATO DO PkQUIA,208,711864,AVENIDA TREZE 247 PLATO DO PIQUIA,1872
711485,AVENIDA NZIIO LIMA 385 PLATO DO PkQUIA,208,493392,AVENIDA LEOPOLDO BULHOES 85 BAIRRO DO ALUMNIO,8555
711485,AVENIDA NZIIO LIMA 385 PLATO DO PkQUIA,208,713913,RUA JOSE COSTA 405 PLATO DO PIQUIA,9997
711485,AVENIDA NZIIO LIMA 385 PLATO DO PkQUIA,208,894865,AVENIDA SANTA CRUZ MACHADO 69 JAPIIM,6391
175734,17 LINHâ TB 5 MACHAIDNnO,209,175554,LINHA TB 10 869 MACHADIHO,4766
175734,17 LINHâ TB 5 MACHAIDNnO,209,175463,LINHA TB 12 110 MACHADIHO,5501
175734,17 LINHâ TB 5 MACHAIDNnO,209,175701,LINHA TB 16 168 MACHADIHO,2937
175734,17 LINHâ TB 5 MACHAIDNnO,209,175691,LINHA TB 16 140 MACHADIHO,7844
175734,17 LINHâ TB 5 MACHAIDNnO,209,175734,LINHA TB 17 5 MACHADINHO,7085
786466,RUA 6 208 PIRERA CCA,210,786466,RUA 6 208 CACA PIRERA,222
786466,RUA 6 208 PIRERA CCA,210,785619,RUA 06 264 CACAU PIRERA,1973
786466,RUA 6 208 PIRERA CCA,210,785452,RUA 02 132 CACAU PIRERA,7461
786466,RUA 6 208 PIRERA CCA,210,785568,RUA 06 101 CACAU PIRERA,5217
786466,RUA 6 208 PIRERA CCA,210,973686,RUA 7 327 ALVORADA,4228
148183,RUA MATO RGOSSO 1019 CENTRO,211,148183,RUA MATO GROSSO 1019 CENTRO,5297
148183,RUA MATO RGOSSO 1019 CENTRO,211,148196,RUA MATO GROSSO 1218 CENTRO,1614
148183,RUA MATO RGOSSO 1019 CENTRO,211,59914,RUA RUI BARBOSA 1212 CENTRO,4817
148183,RUA MATO RGOSSO 1019 CENTRO,211,442442,RUA MATO GROSSO 5386 CENTRO,1986
148183,RUA MATO RGOSSO 1019 CENTRO,211,452830,RUA MATO GROSSO 409 CENTRO,3900
998852,RUA AROEIRAS 399 MONTE DAS OLIVEIRA,212,998852,RUA AROEIRAS 399 MONTE DAS OLIVEIRA,9927
998852,RUA AROEIRAS 399 MONTE DAS OLIVEIRA,212,998809,RUA AROEIRAS 58 MONTE DAS OLIVEIRAS,878
998852,RUA AROEIRAS 399 MONTE DAS OLIVEIRA,212,998835,RUA AROEIRAS 191 MONTE DAS OLIVEIRAS,8984
998852,RUA AROEIRAS 399 MONTE DAS OLIVEIRA,212,993092,RUA ANDORINHA 458 MONTE DAS OLIVEIRAS,9136
998852,RUA AROEIRAS 399 MONTE DAS OLIVEIRA,212,1113487,RUA HUMAITA 382 MONTE DAS OLIVEIRAS,4601
272752,RUA JAQUIMN ABUCO 457 TUçUMANZAL,213,272752,RUA JOAQUIM NABUCO 457 TUCUMANZAL,1514
272752,RUA JAQUIMN ABUCO 457 TUçUMANZAL,213,272738,RUA JOAQUIM NABUCO 392 TUCUMANZAL,9004
272752,RUA JAQUIMN ABUCO 457 TUçUMANZAL,213,584151,RUA LOURIVAL RIBEIRO 387 TAQUARI,7142
272752,RUA JAQUIMN ABUCO 457 TUçUMANZAL,213,1137419,RUA JOSE RIBAMAR 10 MAUAZINHO JERUSALEM,1246
272752,RUA JAQUIMN ABUCO 457 TUçUMANZAL,213,577465,RUA HUGO CARNEIRO 724 BOSQUE,620
294054,dRUà PINHEIRO 2247 NOVA FLORESTA FLOnRESTA,214,216190,BECO ACARA 2346 NOVA FLORESTA,1475
294054,dRUà PINHEIRO 2247 NOVA FLORESTA FLOnRESTA,214,294054,RUA PINHEIRO 2247 NOVA FLORESTA,1573
294054,dRUà PINHEIRO 2247 NOVA FLORESTA FLOnRESTA,214,216960,BECO MARANHENSE 2611 NOVA FLORESTA,6562
294054,dRUà PINHEIRO 2247 NOVA FLORESTA FLOnRESTA,214,307432,RUA SUCUPIRA 2914 NOVA FLORESTA,3122
294054,dRUà PINHEIRO 2247 NOVA FLORESTA FLOnRESTA,214,259315,RUA FRUTAL 4974 FLORESTA,4547
34140,RUA SANTO MIGUEL 1596 URRAL URRAL,215,34140,RUA SANTO MIGUEL 1596 RURAL,1029
34140,RUA SANTO MIGUEL 1596 URRAL URRAL,215,150954,RUA PORTO ALEGRE 1551 VALPARAISO,6803
34140,RUA SANTO MIGUEL 1596 URRAL URRAL,215,150967,RUA PORTO ALEGRE 1681 VALPARAISO,2656
34140,RUA SANTO MIGUEL 1596 URRAL URRAL,215,287429,RUA NICARAGUA 2916 PORTO VELHO,888
34140,RUA SANTO MIGUEL 1596 URRAL URRAL,215,145802,RUA LONDRINA 1698 VALPARAISO,9430
141691,RUA GOIANIA 2578 NOVA BRAeILIA,216,141691,RUA GOIANIA 2578 NOVA BRASILIA,9091
141691,RUA GOIANIA 2578 NOVA BRAeILIA,216,141565,RUA GOIANIA 1536 NOVA BRASILIA,9899
141691,RUA GOIANIA 2578 NOVA BRAeILIA,216,141535,RUA GOIANIA 1284 NOVA BRASILIA,9484
141691,RUA GOIANIA 2578 NOVA BRAeILIA,216,141545,RUA GOIANIA 1398 NOVA BRASILIA,9162
141691,RUA GOIANIA 2578 NOVA BRAeILIA,216,141599,RUA GOIANIA 1891 NOVA BRASILIA,4319
773067,BECO SANTcO ANTONIO 129 SANTO ANTONIO,217,773067,BECO SANTO ANTONIO 129 SANTO ANTONIO,9208
773067,BECO SANTcO ANTONIO 129 SANTO ANTONIO,217,524719,RAMAL SANTO ANTONIO 58 SANTO ANTONIO,9633
773067,BECO SANTcO ANTONIO 129 SANTO ANTONIO,217,779119,RUA SANTO ANTONIO 184 SANTO ANTONIO,6729
773067,BECO SANTcO ANTONIO 129 SANTO ANTONIO,217,934507,BECO SANTA RITA 8 SANTO AGOSTINHO,1179
773067,BECO SANTcO ANTONIO 129 SANTO ANTONIO,217,934894,BECO SANTO ANTONIO 55 BETANIA,6758
806317,RUA UATUMA 1046 SANTA LUZIA,218,806317,RUA UATUMA 1046 SANTA LUZIA,1935
806317,RUA UATUMA 1046 SANTA LUZIA,218,76252,RUA CORUMBIARA 4303 SANTA LUZIA,5724
806317,RUA UATUMA 1046 SANTA LUZIA,218,1077090,RUA DO CUMARU 20 SANTA LUZIA,8147
806317,RUA UATUMA 1046 SANTA LUZIA,218,1107125,RUA GOIANIA 2891 TARUMA,6844
806317,RUA UATUMA 1046 SANTA LUZIA,218,798570,RUA ARMINDO AUZIER 1233 SANTA LUZIA,6360
927497,BECO SANTA LUCIA 8 SAOu LAAZRO,219,741662,BECO SANTA LUZIA 122 TAUA MIRIM,3423
927497,BECO SANTA LUCIA 8 SAOu LAAZRO,219,921086,BECO INGA 76 SANTA ETELVINA,3068
927497,BECO SANTA LUCIA 8 SAOu LAAZRO,219,934616,BECO SANTA RITA 1007 COROADO,7523
927497,BECO SANTA LUCIA 8 SAOu LAAZRO,219,927497,BECO SANTA LUCIA 8 SAO LAZARO,2643
927497,BECO SANTA LUCIA 8 SAOu LAAZRO,219,927291,BECO SANHACU 52 CIDADE DE DEUS,6054
401081,RODOVIAB R 4o29 24 ALVORADA DO OESTE,220,400855,LINHA T 07 39 ALVORADA DO OESTE R0,2279
401081,RODOVIAB R 4o29 24 ALVORADA DO OESTE,220,401081,RODOVIA BR 429 24 ALVORADA DO OESTE,2364
401081,RODOVIAB R 4o29 24 ALVORADA DO OESTE,220,400252,LINHA 72 19 ALVORADA DO OESTE,1127
401081,RODOVIAB R 4o29 24 ALVORADA DO OESTE,220,666574,RODOVIA BR 364 2465 CORCOVADO,4015
401081,RODOVIAB R 4o29 24 ALVORADA DO OESTE,220,623384,TRAVESSA CEARA 286 SOBRAL,142
1071816,RUA DEZESSEIS 439 ALVdORADA II,221,1071816,RUA DEZESSEIS 439 ALVORADA II,7095
1071816,RUA DEZESSEIS 439 ALVdORADA II,221,1071813,RUA DEZESSEIS 439 ALVORADA II,5421
1071816,RUA DEZESSEIS 439 ALVdORADA II,221,1073398,RUA DEZOITO 499 ALVORADA,2324
1071816,RUA DEZESSEIS 439 ALVdORADA II,221,1085979,RUA DOZE 49 ALVORADA I,7276
1071816,RUA DEZESSEIS 439 ALVdORADA II,221,1069777,RUA DEZ 316 ALVORADA,9603
175104,LINHA LINHA MP169 244 MACHADIHNO,222,175104,LINHA MP169 244 MACHADINHO,6831
175104,LINHA LINHA MP169 244 MACHADIHNO,222,175554,LINHA TB 10 869 MACHADIHO,4766
175104,LINHA LINHA MP169 244 MACHADIHNO,222,173958,LINHA LJ 4 141 MACHADINHO,9817
175104,LINHA LINHA MP169 244 MACHADIHNO,222,174072,LINHA LJ 9 270 MACHADIHO,2317
175104,LINHA LINHA MP169 244 MACHADIHNO,222,174027,LINHA LJ 5 214 MACHADINHO,9098
656476,RUA SEM DENOMINACAO 5 20 ELGENI ALGUSTO AREAL,223,656476,RUA SEM DENOMINACAO 5 20 ELGENIO ALGUSTO AREAL,3775
656476,RUA SEM DENOMINACAO 5 20 ELGENI ALGUSTO AREAL,223,603981,RUA SEM DENOMINACAO 698 JARDIM EUROPA,3858
656476,RUA SEM DENOMINACAO 5 20 ELGENI ALGUSTO AREAL,223,504672,RUA SEM DENOMINACAO 4175 AEROPORTO VELHO,5202
656476,RUA SEM DENOMINACAO 5 20 ELGENI ALGUSTO AREAL,223,305503,RUA SEM DENOMINACAO 685 NOVA ESPERANCA,1948
656476,RUA SEM DENOMINACAO 5 20 ELGENI ALGUSTO AREAL,223,481177,CAMINHO SEM DENOMINACAO 1112 BAIRRO LEONARDO BARBOSA,8268
448462,RUA CARLO SG0MES 2813 MONTE NEGRO,224,448462,RUA CARLOS GOMES 2813 MONTE NEGRO,79
448462,RUA CARLO SG0MES 2813 MONTE NEGRO,224,448330,RUA BURITIS 2504 MONTE NEGRO,9089
448462,RUA CARLO SG0MES 2813 MONTE NEGRO,224,449151,RUA SAMUEL M LOPES 3767 MONTE NEGRO,29
448462,RUA CARLO SG0MES 2813 MONTE NEGRO,224,448339,RUA BURITIS 2652 MONTE NEGRO,5316
448462,RUA CARLO SG0MES 2813 MONTE NEGRO,224,183177,RUA CELSO CARMINATI 568 JARDIM AEROPORTO,9446
689243,RUA ANGELO PORTUGAL 561 BAIRRO OjLINDA DE,225,689243,RUA ANGELO PORTUGAL 561 BAIRRO DE OLINDA,1218
689243,RUA ANGELO PORTUGAL 561 BAIRRO OjLINDA DE,225,690703,RUA MATHIAS FERREIRA LIMA 421 BAIRRO DE OLINDA,8183
689243,RUA ANGELO PORTUGAL 561 BAIRRO OjLINDA DE,225,689195,RUA ANGELO PORTUGAL 214 CENTRO,2097
689243,RUA ANGELO PORTUGAL 561 BAIRRO OjLINDA DE,225,1068125,RUA DELFIM DE SOUZA 711 BAIRRO PETROPOLIS,6518
689243,RUA ANGELO PORTUGAL 561 BAIRRO OjLINDA DE,225,483353,RUA JOSE JOAQUIM DE LIMA 798 BAIRRO ELDOURADO,16
558656,RUA BOULEVARD AUGUSTO MONTEIRO 1019 TRIANGULO VELH,226,558656,RUA BOULEVARD AUGUSTO MONTEIRO 1019 TRIANGULO VELHO,4904
558656,RUA BOULEVARD AUGUSTO MONTEIRO 1019 TRIANGULO VELH,226,558713,RUA BOULEVARD AUGUSTO MONTEIRO 1241 TRIANGULO VELHO,5808
558656,RUA BOULEVARD AUGUSTO MONTEIRO 1019 TRIANGULO VELH,226,558605,RUA BOULEVARD AUGUSTO MONTEIRO 768 QUINZE,337
558656,RUA BOULEVARD AUGUSTO MONTEIRO 1019 TRIANGULO VELH,226,558621,RUA BOULEVARD AUGUSTO MONTEIRO 838 QUINZE,4454
558656,RUA BOULEVARD AUGUSTO MONTEIRO 1019 TRIANGULO VELH,226,558604,RUA BOULEVARD AUGUSTO MONTEIRO 758 QUINZE,2465
60024,RUA RUA RUI BARBOSA 3526 BAIthRO DO INCRA,227,60024,RUA RUI BARBOSA 3526 BAIRRO DO INCRA,3256
60024,RUA RUA RUI BARBOSA 3526 BAIthRO DO INCRA,227,503590,RUA REGOS BARROS 4640 MORRO DA GLORIA,6083
60024,RUA RUA RUI BARBOSA 3526 BAIthRO DO INCRA,227,503506,RUA REGOS BARROS 1092 MORRO DA GLORIA,5061
60024,RUA RUA RUI BARBOSA 3526 BAIthRO DO INCRA,227,675081,RUA PASTOR BERNARDES 131 VILA DO INCRA,4468
60024,RUA RUA RUI BARBOSA 3526 BAIthRO DO INCRA,227,60010,RUA RUI BARBOSA 3243 BAIRRO FLORESTA,6650
392592,AVENIDA ANTONIO PEREIRA DE SOUiZA 6905 ENTRO,228,392592,AVENIDA ANTONIO PEREIRA DE SOUZA 6905 CENTRO,9516
392592,AVENIDA ANTONIO PEREIRA DE SOUiZA 6905 ENTRO,228,875750,AVENIDA GONZAGA PINHEIRO 60 CENTRO,5686
392592,AVENIDA ANTONIO PEREIRA DE SOUiZA 6905 ENTRO,228,392485,AVENIDA ANTONIO LUIZ DE MACEDO 6766 PLANALTO,5542
392592,AVENIDA ANTONIO PEREIRA DE SOUiZA 6905 ENTRO,228,392486,AVENIDA ANTONIO LUIZ DE MACEDO 6775 PLANALTO,8419
392592,AVENIDA ANTONIO PEREIRA DE SOUiZA 6905 ENTRO,228,393243,AVENIDA EDUARDO CORREIA DE ARAUJO 4385 PLANALTO,7850
174508,LINHA MA 28 191 ACHADINHO,229,174544,LINHA MA 32 21 MACHADINHO,4881
174508,LINHA MA 28 191 ACHADINHO,229,174508,LINHA MA 28 191 MACHADINHO,73
174508,LINHA MA 28 191 ACHADINHO,229,174348,LINHA MA 16 1 MACHADINHO,7026
174508,LINHA MA 28 191 ACHADINHO,229,173239,LINHA 50 273 MACHADINHO,1432
174508,LINHA MA 28 191 ACHADINHO,229,174747,LINHA MC 07 10 MACHADINHO,4210
744287,UA COSTA SILVA E 219 DUQUE DE DE CXAIAS,230,744287,RUA COSTA E SILVA 219 DUQUE DE CAXIAS,6335
744287,UA COSTA SILVA E 219 DUQUE DE DE CXAIAS,230,519003,TRAVESSA SAMUEL ELIAS DO NASCIMENTO 131 GENI NUNES,8968
744287,UA COSTA SILVA E 219 DUQUE DE DE CXAIAS,230,318874,RUA CAPITAO NATANAEL AGUILAR 1631 AGENOR M DE CARVALHO,4435
744287,UA COSTA SILVA E 219 DUQUE DE DE CXAIAS,230,156972,RUA VICENTE SABORA CAVALCANTE 1260 DUQUE DE CAXIAS,7759
744287,UA COSTA SILVA E 219 DUQUE DE DE CXAIAS,230,231912,RUA ARRUDA FONTES CABRAL 931 AGENOR M DE CARVALHO,1536
708632,AVENvIDA SEBASTIAO SAO 1850 NOSSA SENHORA DE FATIMA,231,708632,AVENIDA SAO SEBASTIAO 1850 NOSSA SENHORA DE FATIMA,6717
708632,AVENvIDA SEBASTIAO SAO 1850 NOSSA SENHORA DE FATIMA,231,162859,RUA SAO PAULO 2708 NOSSA SENHORA DE FATIMA,3816
708632,AVENvIDA SEBASTIAO SAO 1850 NOSSA SENHORA DE FATIMA,231,342044,AVENIDA BOA VISTA 6478 SAO CRISTOVAO,9146
708632,AVENvIDA SEBASTIAO SAO 1850 NOSSA SENHORA DE FATIMA,231,342022,AVENIDA BOA VISTA 6226 SAO CRISTOVAO,1335
708632,AVENvIDA SEBASTIAO SAO 1850 NOSSA SENHORA DE FATIMA,231,907943,AVENIDA SAO MARCOS 13 NOVO ISRAEL,8099
262107,RUA GRANDE 3243 ZONA LETSE,232,262107,RUA GRANDE OTELO 3243 ZONA LESTE,383
262107,RUA GRANDE 3243 ZONA LETSE,232,254394,RUA ERECHIM 4272 ZONA LESTE,3032
262107,RUA GRANDE 3243 ZONA LETSE,232,312788,RUA TURMALINA 9723 ZONA LESTE,3869
262107,RUA GRANDE 3243 ZONA LETSE,232,241082,RUA CARUANA 4025 ZONA LESTE,9820
262107,RUA GRANDE 3243 ZONA LETSE,232,231342,RUA ARIPUANA 3273 ZONA LESTE,5631
1003950,RUA B 107 CIDADE NOVA,233,1003950,RUA B 107 CIDADE NOVA,5800
1003950,RUA B 107 CIDADE NOVA,233,1004107,RUA B 182 CIDADE NOVA,7878
1003950,RUA B 107 CIDADE NOVA,233,1003882,RUA B 81 CIDADE NOVA,3859
1003950,RUA B 107 CIDADE NOVA,233,1004168,RUA B 215 CIDADE NOVA,9363
1003950,RUA B 107 CIDADE NOVA,233,971034,RUA 50 75 CIDADE NOVA,3799
982349,RUA ADRIANO 125 MRRO DA kIBERDADE,234,982349,RUA ADRIANO JORGE 125 MORRO DA LIBERDADE,4752
982349,RUA ADRIANO 125 MRRO DA kIBERDADE,234,188796,RUA SIDNEY GIRAO 345 DA LIBERDADE,5075
982349,RUA ADRIANO 125 MRRO DA kIBERDADE,234,321879,RUA PADRE ANGELO CERY 2366 LIBERDADE,4584
982349,RUA ADRIANO 125 MRRO DA kIBERDADE,234,839836,RUA RAIMUNDO DIAS 1982 LIBERDADE,6747
982349,RUA ADRIANO 125 MRRO DA kIBERDADE,234,668456,RUA MARIA DE BRITO 67 SIBERIA,9792
536486,AVENIDA ANTONIO DA ROCHA VIANA 3252 VILA IVONETE,235,536486,AVENIDA ANTONIO DA ROCHA VIANA 3252 VILA IVONETE,4940
536486,AVENIDA ANTONIO DA ROCHA VIANA 3252 VILA IVONETE,235,536406,AVENIDA ANTONIO DA ROCHA VIANA 2686 VILA IVONETE,1600
536486,AVENIDA ANTONIO DA ROCHA VIANA 3252 VILA IVONETE,235,125995,AVENIDA JOSE ANTONIO DA SILVA 1001 NOVA COLINA,4660
536486,AVENIDA ANTONIO DA ROCHA VIANA 3252 VILA IVONETE,235,507044,AVENIDA JOSE APOLINARIO DE SOUZA 280 VILA SANTA ROSA,7508
536486,AVENIDA ANTONIO DA ROCHA VIANA 3252 VILA IVONETE,235,335099,AVENIDA NATALINO R. JAVARINI 1286 VILA BANDEIRA BRANCA,8069
1033303,dRUA CASTELO BRANC0 92 d0ROqDO,236,290331,RUA PANTEON 7205 TEIXEIRAO,6697
1033303,dRUA CASTELO BRANC0 92 d0ROqDO,236,1054983,RUA D 105 COROADO,4396
1033303,dRUA CASTELO BRANC0 92 d0ROqDO,236,1053849,RUA D 6 COROADO,400
1033303,dRUA CASTELO BRANC0 92 d0ROqDO,236,532024,TRAVESSA SEBASTIAO PEIXOTO 398 SERRARIA,2234
1033303,dRUA CASTELO BRANC0 92 d0ROqDO,236,185198,RUA JOANA DARC 2110 RONDOMINAS,7974
167976,AVENIAD JOSE LOPES DE OLIVEIRA 2614 CENTRO,237,167976,AVENIDA JOSE LOPES DE OLIVEIRA 2614 CENTRO,9426
167976,AVENIAD JOSE LOPES DE OLIVEIRA 2614 CENTRO,237,831819,BOULEVARD PEDRO RATES DE OLIVEIRA 590 CENTRO,9439
167976,AVENIAD JOSE LOPES DE OLIVEIRA 2614 CENTRO,237,168524,AVENIDA RIVELINO CAMPOS DE AMOEDO 2640 CENTRO,634
167976,AVENIAD JOSE LOPES DE OLIVEIRA 2614 CENTRO,237,168436,AVENIDA RIVELINO CAMPOS AMOEDO 3655 CENTRO,7281
167976,AVENIAD JOSE LOPES DE OLIVEIRA 2614 CENTRO,237,338214,RUA PEDRO DE OLIVEIRA 3094 LINO ALVES TEIXEIRA,9317
408033,RODOVIA BR 364 7 None,238,408033,RODOVIA BR 364 7 None,478
408033,RODOVIA BR 364 7 None,238,421722,RODOVIA BR 364 1 None,8756
408033,RODOVIA BR 364 7 None,238,424858,RODOVIA BR 421 171 None,9794
408033,RODOVIA BR 364 7 None,238,509219,RODOVIA BR 364 10 BR 364,5877
408033,RODOVIA BR 364 7 None,238,533538,RODOVIA AC 40 3 POLO 2,6442
572314,RUA EUCIDES TEIXEIRA 559 RESIDêCIAL SANTO AFONSO,239,572314,RUA EUCIDES TEIXEIRA 559 RESIDENCIAL SANTO AFONSO,6549
572314,RUA EUCIDES TEIXEIRA 559 RESIDêCIAL SANTO AFONSO,239,538547,AVENIDA FRANCISCO PINHEIRO 99 RESIDENCIAL SANTO AFONSO,9285
572314,RUA EUCIDES TEIXEIRA 559 RESIDêCIAL SANTO AFONSO,239,57102,RUA MARTINS FREDERICO 626 RESIDENCIAL PARQUE BRIZON,4733
572314,RUA EUCIDES TEIXEIRA 559 RESIDêCIAL SANTO AFONSO,239,265018,RUA HUMBERTO FLORENCIO 5732 CIDADE NOVA,2842
572314,RUA EUCIDES TEIXEIRA 559 RESIDêCIAL SANTO AFONSO,239,496757,RUA ANTONIO COSTEIRA 2056 BAIRRO DO FORMOSO,6565
30840,RUA SAO PAULO 3434 SETO 05,240,30840,RUA SAO PAULO 3434 SETOR 05,2332
30840,RUA SAO PAULO 3434 SETO 05,240,119533,RUA SAO PAULO 2775 SETOR 05,9031
30840,RUA SAO PAULO 3434 SETO 05,240,30982,RUA SAO VICENTE 2974 SETOR 3,9305
30840,RUA SAO PAULO 3434 SETO 05,240,92157,RUA SAO PAULO 2634 CENTRO,5825
30840,RUA SAO PAULO 3434 SETO 05,240,414923,RUA SAO GABRIEL 3610 SETOR 06,7788
973259,RA7  4 PnARQUE 10 SHANGRI LA 4,241,973259,RUA 7 4 PARQUE 10 CONJ SHANGRI LA 4,6573
973259,RA7  4 PnARQUE 10 SHANGRI LA 4,241,722079,RIO AUTAZ ACU 476 LIMAO,7705
973259,RA7  4 PnARQUE 10 SHANGRI LA 4,241,931897,BECO UIRAPURU 3 75 COROADO,3053
973259,RA7  4 PnARQUE 10 SHANGRI LA 4,241,164456,LINHA 3 2680 GLEBA G,8988
973259,RA7  4 PnARQUE 10 SHANGRI LA 4,241,922486,BECO KIMURA 4 JAPIIM,8265
635411,ESTRADA AC 10 KM19 POLO HELIO PIMENTA 276 RAMAL ELIO PIMENTA,242,635411,ESTRADA AC 10 KM19 POLO HELIO PIMENTA 276 RAMAL HELIO PIMENTA,720
635411,ESTRADA AC 10 KM19 POLO HELIO PIMENTA 276 RAMAL ELIO PIMENTA,242,545006,ESTRADA JARBAS PASSARINHO 159 PLACAS/XAVIER MAIA,2172
635411,ESTRADA AC 10 KM19 POLO HELIO PIMENTA 276 RAMAL ELIO PIMENTA,242,213729,AVENIDA RIO MADEIRA 2452 FLODOALDO PONTES PINTO,3060
635411,ESTRADA AC 10 KM19 POLO HELIO PIMENTA 276 RAMAL ELIO PIMENTA,242,415802,ESTRADA TRAVESSAO 28 MENEZES FILHO,9986
635411,ESTRADA AC 10 KM19 POLO HELIO PIMENTA 276 RAMAL ELIO PIMENTA,242,205350,AVENIDA CALAMA 4715 FLODOALDO PONTES PINTO,3372
183463,DAS FLORES 110 JARDIM AEROPORTO,243,183463,RUA DAS FLORES 110 JARDIM AEROPORTO,8232
183463,DAS FLORES 110 JARDIM AEROPORTO,243,23219,RUA LAJES 3480 JARDIM DAS FLORES,7355
183463,DAS FLORES 110 JARDIM AEROPORTO,243,701303,BECO DAS FLORES 73 CENTRO,4640
183463,DAS FLORES 110 JARDIM AEROPORTO,243,247893,RUA DAS FLORES 114 B FLORESTA,3822
183463,DAS FLORES 110 JARDIM AEROPORTO,243,1022416,RUA BURITIZAL 8 MONTE DAS OLIVEIRAS,6627
54841,RUA JOSE BONIFACIO 3838 VILAGE DO SOL,244,54841,RUA JOSE BONIFACIO 3838 VILAGE DO SOL,1998
54841,RUA JOSE BONIFACIO 3838 VILAGE DO SOL,244,47921,RUA AMILTON BOLSSO 4040 VILAGE DO SOL,4446
54841,RUA JOSE BONIFACIO 3838 VILAGE DO SOL,244,273732,RUA JOSE BONIFACIO 845 OLARIA,5735
54841,RUA JOSE BONIFACIO 3838 VILAGE DO SOL,244,273796,RUA JOSE BONIFACIO 1257 OLARIA,1558
54841,RUA JOSE BONIFACIO 3838 VILAGE DO SOL,244,47275,RUA 0LINTO FOLI 4013 VILAGE DO SOL,9964
408522,AVENIDA MONTE NEGRO 1500 SETR c5,245,449695,ESTRADA MASSANGANA 76 MONTE NEGRO,1631
408522,AVENIDA MONTE NEGRO 1500 SETR c5,245,540522,AVENIDA VITORIA REGIA 343 TROPICAL,3877
408522,AVENIDA MONTE NEGRO 1500 SETR c5,245,880366,AVENIDA JERUZALEM 168 COLONIA TERRA NOVA,3689
408522,AVENIDA MONTE NEGRO 1500 SETR c5,245,893564,AVENIDA RIO NEGRO 78 JAPIIM,5489
408522,AVENIDA MONTE NEGRO 1500 SETR c5,245,885413,AVENIDA MOSSORO 284 COLONHA TERRA NOVA,1397
378716,RUA JOSE GOMES FILHO 899 BODANESE,246,378716,RUA JOSE GOMES FILHO 899 BODANESE,527
378716,RUA JOSE GOMES FILHO 899 BODANESE,246,837232,RUA JOSE FERNANDES 968 BIRIBIRI,4597
378716,RUA JOSE GOMES FILHO 899 BODANESE,246,278877,RUA LUIS DE CAMOES 5913 RIO MADEIRA,6158
378716,RUA JOSE GOMES FILHO 899 BODANESE,246,308773,RUA TANCREDO NEVES 4161 CALADINHO,3043
378716,RUA JOSE GOMES FILHO 899 BODANESE,246,308745,RUA TANCREDO NEVES 3997 CALADINHO,3461
1089045,UA E 67 COLONIA OILVEIRA MACHADO,247,1089045,RUA E 67 COLONIA OLIVEIRA MACHADO,2489
1089045,UA E 67 COLONIA OILVEIRA MACHADO,247,1038194,RUA CHICO QUEIROZ 5 COLONIA OLIVEIRA MACHADO,1474
1089045,UA E 67 COLONIA OILVEIRA MACHADO,247,919557,BECO ESPERANCA 39 COLONIA OLIVEIRA MACHADO,3743
1089045,UA E 67 COLONIA OILVEIRA MACHADO,247,658655,TRAVESSA SIMAO AGUIAR 261 ANA ALVES VIEIRA,1211
1089045,UA E 67 COLONIA OILVEIRA MACHADO,247,920749,BECO HELENA DE MOURA 23 ALVORADA,1635
492750,AVENIDA GETULIO VARGAS 380 CdTROS,248,492750,AVENIDA GETULIO VARGAS 380 CENTROS,4242
492750,AVENIDA GETULIO VARGAS 380 CdTROS,248,718454,AVENIDA GETULIO VARGAS 153 RECREIO,7352
492750,AVENIDA GETULIO VARGAS 380 CdTROS,248,538894,AVENIDA GETULIO VARGAS 2406 BOSQUE,3161
492750,AVENIDA GETULIO VARGAS 380 CdTROS,248,492791,AVENIDA GETULIO VARGAS 1163 VARZEA,6941
492750,AVENIDA GETULIO VARGAS 380 CdTROS,248,538910,AVENIDA GETULIO VARGAS 3001 VILA IVONETE,1679
978156,RUA A DOIS 20 SAO JOSE JOSE OPERRAIO,249,978156,RUA A DOIS 20 SAO JOSE OPERARIO,8728
978156,RUA A DOIS 20 SAO JOSE JOSE OPERRAIO,249,978928,RUA A UM 5 SAO JOSE OPERARIO,1445
978156,RUA A DOIS 20 SAO JOSE JOSE OPERRAIO,249,1078920,RUA DOIS 4 SAO JOSE OPERARIIO,3255
978156,RUA A DOIS 20 SAO JOSE JOSE OPERRAIO,249,1079072,RUA DOIS 8 SAO JOSE OPERARIIO,1219
978156,RUA A DOIS 20 SAO JOSE JOSE OPERRAIO,249,1079859,RUA DOIS 34 SAO JOSE OPERARIO,6128
1052978,dRoUA CURITIBA 242 GILBERTO MESTRINHO,250,1052978,RUA CURITIBA 242 GILBERTO MESTRINHO,4117
1052978,dRoUA CURITIBA 242 GILBERTO MESTRINHO,250,1053139,RUA CURITIBA 659 GILBERTO MESTRINHO,1313
1052978,dRoUA CURITIBA 242 GILBERTO MESTRINHO,250,1053116,RUA CURITIBA 593 GILBERTO MESTRINHO,7941
1052978,dRoUA CURITIBA 242 GILBERTO MESTRINHO,250,928337,BECO SAO FRANCISCO 1339 GILBERTO MESTRINHO,4851
1052978,dRoUA CURITIBA 242 GILBERTO MESTRINHO,250,952018,RUA 14 ABRIL 255 GILBERTO MESTRINHO,247
111286,RAFLORIANOPOLIS 2204 SETOR 03,251,111286,RUA FLORIANOPOLIS 2204 SETOR 03,7623
111286,RAFLORIANOPOLIS 2204 SETOR 03,251,34903,TRAVESSA VIOLETA 3851 SETOR 4,4064
111286,RAFLORIANOPOLIS 2204 SETOR 03,251,1079242,RUA DOIS 11 ADRIANOPOLIS,5299
111286,RAFLORIANOPOLIS 2204 SETOR 03,251,111296,RUA FLORIANOPOLIS 2265 SETOR 03,320
111286,RAFLORIANOPOLIS 2204 SETOR 03,251,490714,RAMAL CIMENTEIRA 2 1020 LOTE 18,5189
354774,RUA RIi MADEIRá 6955 BOA ESPERANCA,252,354774,RUA RIO MADEIRA 6955 BOA ESPERANCA,8516
354774,RUA RIi MADEIRá 6955 BOA ESPERANCA,252,351753,RUA CAPIBARIBE 6827 BOA ESPERANCA,2431
354774,RUA RIi MADEIRá 6955 BOA ESPERANCA,252,345594,AVENIDA MARINGA 5546 BOA ESPERANCA,420
354774,RUA RIi MADEIRá 6955 BOA ESPERANCA,252,345580,AVENIDA MARINGA 5445 BOA ESPERANCA,1519
354774,RUA RIi MADEIRá 6955 BOA ESPERANCA,252,345683,AVENIDA MARINGA 6867 BOA ESPERANCA,6693
964152,wUA 260 43 CIDADE NOVA,253,964152,RUA 260 43 CIDADE NOVA,6398
964152,wUA 260 43 CIDADE NOVA,253,961984,RUA 230 21 CIDADE NOVA,1957
964152,wUA 260 43 CIDADE NOVA,253,967444,RUA 39 26 CIDADE NOVA,4425
964152,wUA 260 43 CIDADE NOVA,253,961993,RUA 230 26 CIDADE NOVA,3238
964152,wUA 260 43 CIDADE NOVA,253,962502,RUA 24 7 CIDADE NOVA,5752
266460,RjUA INTERNACIONAL 3460 LAGOjNHA,254,510394,TRAVESSA RIO JURUA 3 1181 MIRITIZAL,7704
266460,RjUA INTERNACIONAL 3460 LAGOjNHA,254,266220,RUA INDAIA 2126 LAGOINHA,8279
266460,RjUA INTERNACIONAL 3460 LAGOjNHA,254,266460,RUA INTERNACIONAL 3460 LAGOINHA,4357
266460,RjUA INTERNACIONAL 3460 LAGOjNHA,254,476921,PORTO DIAS 60 SERINGAL TRIUNFO,1772
266460,RjUA INTERNACIONAL 3460 LAGOjNHA,254,488324,RAMAL LINHA NOVA UM 711623 SERINGAL MERCEDES,6098
643435,RAMAL PARANA DOS MOhRAS 54 FO ZDO lARANA,255,643474,RAMAL PARANA DOS MOURAS 74 LUZEIRO2,72
643435,RAMAL PARANA DOS MOhRAS 54 FO ZDO lARANA,255,643435,RAMAL PARANA DOS MOURAS 54 FOZ DO PARANA,4296
643435,RAMAL PARANA DOS MOhRAS 54 FO ZDO lARANA,255,643536,RAMAL PARANA DOS MOURAS 124 FOZ DO PARANA,4896
643435,RAMAL PARANA DOS MOhRAS 54 FO ZDO lARANA,255,758567,COMUNIDADE ARPAUBA 2 PARANA BADAJOS,4846
643435,RAMAL PARANA DOS MOhRAS 54 FO ZDO lARANA,255,524077,RAMAL ALTO PENTENCOSTE 214 PARANA,5186
1076519,RUA DO COnERCIO 475 COMUNIeADE DE SAO PEDRi,256,1100972,RUA FOZ DO IGUACU 345 TARUMA COMUNIDADE RIO SOLIMOES,3110
1076519,RUA DO COnERCIO 475 COMUNIeADE DE SAO PEDRi,256,776875,RUA MUNICIPAL II 1669 SAO CRISTOVAO,7027
1076519,RUA DO COnERCIO 475 COMUNIeADE DE SAO PEDRi,256,753221,COMUNIDADE SAO RAIMUNDO 3 RIO SOLIMOES,9009
1076519,RUA DO COnERCIO 475 COMUNIeADE DE SAO PEDRi,256,1078315,RUA DO ROSARIO 408 SAO RAIMUNDO,3074
1076519,RUA DO COnERCIO 475 COMUNIeADE DE SAO PEDRi,256,783392,COMUNIDADE SAO RAIMUNDO 25 RIO LIBERDADE,7028
315410,RhA VICENTE DE FONTOURA 8466 PORTO PORTO VELHO,257,315410,RUA VICENTE DE FONTOURA 8466 PORTO VELHO,6019
315410,RhA VICENTE DE FONTOURA 8466 PORTO PORTO VELHO,257,314649,RUA VENEZUELA 1179 NOVA PORTO VELHO,5585
315410,RhA VICENTE DE FONTOURA 8466 PORTO PORTO VELHO,257,278940,RUA LUIS DE CAMOES 6449 PORTO VELHO,5389
315410,RhA VICENTE DE FONTOURA 8466 PORTO PORTO VELHO,257,314531,RUA VENEZUELA 629 NOVA PORTO VELHO,5718
315410,RhA VICENTE DE FONTOURA 8466 PORTO PORTO VELHO,257,314781,RUA VENEZUELA 1713 NOVA PORTO VELHO,3949
671161,AVENIDA CENTRAL 8 AGROVILA,258,671161,AVENIDA CENTRAL 8 AGROVILA,8466
671161,AVENIDA CENTRAL 8 AGROVILA,258,855193,AVENIDA ATLANTICA 71 RAIZ,2863
671161,AVENIDA CENTRAL 8 AGROVILA,258,671149,AVENIDA BR 317 20732 AGROVILA,572
671161,AVENIDA CENTRAL 8 AGROVILA,258,862714,AVENIDA CENTRAL 5 LIRIO DO VALE,2762
671161,AVENIDA CENTRAL 8 AGROVILA,258,855274,AVENIDA ATROARIS 55 CIDADE NOVA,407
17049,RA DA BANDEIRAS 761 MUTIRAO,259,17049,RUA DAS BANDEIRAS 761 MUTIRAO,7892
17049,RA DA BANDEIRAS 761 MUTIRAO,259,216648,BECO DA UNIAO 698 B FLORESTA,1230
17049,RA DA BANDEIRAS 761 MUTIRAO,259,105267,TRAVESSA MUTIRAO 02 98 GUAJARA MIRIM,2697
17049,RA DA BANDEIRAS 761 MUTIRAO,259,17098,RUA DAS NACOES 2147 MUTIRAO,1895
17049,RA DA BANDEIRAS 761 MUTIRAO,259,532024,TRAVESSA SEBASTIAO PEIXOTO 398 SERRARIA,2234
62303,RUA MARECHAL DEODORO DA FONSECA 2021 CENTRO,260,62303,RUA MARECHAL DEODORO DA FONSECA 2021 CENTRO,7055
62303,RUA MARECHAL DEODORO DA FONSECA 2021 CENTRO,260,178640,RUA MARECHAL DEODORO DA FONSECA 3356 SETOR 14,4821
62303,RUA MARECHAL DEODORO DA FONSECA 2021 CENTRO,260,178630,RUA MARECHAL DEODORO DA FONSECA 3141 SETOR 13,8971
62303,RUA MARECHAL DEODORO DA FONSECA 2021 CENTRO,260,669807,RUA MARECHAL FLORIANO PEIXOTO 105 CENTRO,628
62303,RUA MARECHAL DEODORO DA FONSECA 2021 CENTRO,260,613904,RUA MARECHAL DEODORO 231 CENTRO,8528
910,AVENIDA BRASIL 3616 CENTRO,261,910,AVENIDA BRASIL 3616 CENTRO,6112
910,AVENIDA BRASIL 3616 CENTRO,261,1008,AVENIDA BRASIL 4260 CENTRO,1890
910,AVENIDA BRASIL 3616 CENTRO,261,1004,AVENIDA BRASIL 4228 CENTRO,8425
910,AVENIDA BRASIL 3616 CENTRO,261,166281,AVENIDA BRASIL 3469 CENTRO,8134
910,AVENIDA BRASIL 3616 CENTRO,261,166273,AVENIDA BRASIL 3343 CENTRO,5561
1034372,fUA CAVALO MARINHO 464 DI5TRITO íI,262,476921,PORTO DIAS 60 SERINGAL TRIUNFO,1772
1034372,fUA CAVALO MARINHO 464 DI5TRITO íI,262,978106,RUA A DEZESSETE 1291 JAPIIM,2043
1034372,fUA CAVALO MARINHO 464 DI5TRITO íI,262,688108,RIO ITACOAI 18 REMANCINHO,9124
1034372,fUA CAVALO MARINHO 464 DI5TRITO íI,262,643474,RAMAL PARANA DOS MOURAS 74 LUZEIRO2,72
1034372,fUA CAVALO MARINHO 464 DI5TRITO íI,262,510394,TRAVESSA RIO JURUA 3 1181 MIRITIZAL,7704
626681,TRAVESSA GUARANI 417 AVIARíO,263,626681,TRAVESSA GUARANI 417 AVIARIO,4537
626681,TRAVESSA GUARANI 417 AVIARíO,263,626583,TRAVESSA GUAPORE 58 AVIARIO,7304
626681,TRAVESSA GUARANI 417 AVIARíO,263,620905,TRAVESSA ACRE 195 AEROPORTO VELHO,6743
626681,TRAVESSA GUARANI 417 AVIARíO,263,631710,TRAVESSA SANTOS DUMOND 14 AEROPORTO VELHO,3118
626681,TRAVESSA GUARANI 417 AVIARíO,263,620884,TRAVESSA ACRE 55 AEROPORTO VELHO,4802
656241,ROxIMEIRE TEXEIRA RUA M 249 âNA ALVES VIEIRA,264,656241,RUA ROSIMEIRE M TEXEIRA 249 ANA ALVES VIEIRA,6382
656241,ROxIMEIRE TEXEIRA RUA M 249 âNA ALVES VIEIRA,264,656263,RUA ROSIMEIRE M TEXEIRA 481 ANA ALVES VIEIRA,481
656241,ROxIMEIRE TEXEIRA RUA M 249 âNA ALVES VIEIRA,264,55922,RUA LOURIVAL MARTINS VIEIRA 3838 TEIXEIRAO,7923
656241,ROxIMEIRE TEXEIRA RUA M 249 âNA ALVES VIEIRA,264,439593,RUA CEDRO 7217 GOV JORGE TEIXEIRA,8350
656241,ROxIMEIRE TEXEIRA RUA M 249 âNA ALVES VIEIRA,264,584119,RUA LOURIVAL RIBEIRO 288 TRIANGULO,9611
212945,AVENIDA IO DE JANIRO 4350 NOVA PORTO VELHO,265,213575,AVENIDA RIO MADEIRA 1263 NOVA PORTO VELHO,136
212945,AVENIDA IO DE JANIRO 4350 NOVA PORTO VELHO,265,203780,AVENIDA AMAZONAS 2935 NOVA PORTO VELHO,9514
212945,AVENIDA IO DE JANIRO 4350 NOVA PORTO VELHO,265,211663,AVENIDA RAIMUNDO CANTUARIA 3141 NOVA PORTO VELHO,6728
212945,AVENIDA IO DE JANIRO 4350 NOVA PORTO VELHO,265,212945,AVENIDA RIO DE JANEIRO 4350 NOVA PORTO VELHO,2190
212945,AVENIDA IO DE JANIRO 4350 NOVA PORTO VELHO,265,284176,RUA MEXICO 2332 NOVA PORTO VELHO,2921
174216,LINH ALU 62 MACHADINHO DO OETE,266,174216,LINHA LU 2 62 MACHADINHO DO OETE,1756
174216,LINH ALU 62 MACHADINHO DO OETE,266,174166,LINHA LU 2 7 MACHADINHO DO OETE,7109
174216,LINH ALU 62 MACHADINHO DO OETE,266,174241,LINHA LU 5 28 MACHADINHO DO OETE,8218
174216,LINH ALU 62 MACHADINHO DO OETE,266,173585,LINHA LH MA 35 21 MACHADINHO DO OETE,3363
174216,LINH ALU 62 MACHADINHO DO OETE,266,174211,LINHA LU 2 52 MACHADINHO DO OETE,1166
34903,TRAVESSA VIOLETA 3851 SETbOR 4,267,34903,TRAVESSA VIOLETA 3851 SETOR 4,4064
34903,TRAVESSA VIOLETA 3851 SETbOR 4,267,672888,RAMAL LINHA4 252 CAQUETA,7260
34903,TRAVESSA VIOLETA 3851 SETbOR 4,267,627658,TRAVESSA JERUSALEM 144 AIRTON SENA,4102
34903,TRAVESSA VIOLETA 3851 SETbOR 4,267,630173,TRAVESSA PEDRO 33 TRIANGULO,5924
34903,TRAVESSA VIOLETA 3851 SETbOR 4,267,505674,TRAVESSA BECO DO TRAPICHO 1 31 None,5410
1071758,RUA DEZESSEIS 345 JAIIM,268,1071758,RUA DEZESSEIS 345 JAPIIM,2304
1071758,RUA DEZESSEIS 345 JAIIM,268,1071722,RUA DEZESSEIS 221 JAPIIM,9506
1071758,RUA DEZESSEIS 345 JAIIM,268,1071530,RUA DEZESSEIS 58 JAPIIM,1480
1071758,RUA DEZESSEIS 345 JAIIM,268,978050,RUA A DEZESSEIS 1270 JAPIIM,1431
1071758,RUA DEZESSEIS 345 JAIIM,268,1005591,RUA B VINTE 1568 JAPIIM,9784
417732,RUAQUINZE DE N0VEMBRO 883 8 SETOdR,269,1097025,RUA F 143 PARQUE DEZ DE NOVEMBROL,9613
417732,RUAQUINZE DE N0VEMBRO 883 8 SETOdR,269,549098,RUA 3 DE AGOSTO 280 SOBRAL,6843
417732,RUAQUINZE DE N0VEMBRO 883 8 SETOdR,269,976178,RUA A 2 PARQUE 10 DE NOVEMBRO,8120
417732,RUAQUINZE DE N0VEMBRO 883 8 SETOdR,269,548696,RUA 25 DE DEZEMBR0 558 FLORESTA,8490
417732,RUAQUINZE DE N0VEMBRO 883 8 SETOdR,269,1088027,RUA E 4 PARQUE 10 DE NOVEMBRO,8351
1139816,tuUA K 20 ARaMANDO MENDES,270,915117,BECO CCE 91 ARMANDO MENDES,7666
1139816,tuUA K 20 ARaMANDO MENDES,270,909532,BECO ADEMAR 110 MAUAZINHO,3840
1139816,tuUA K 20 ARaMANDO MENDES,270,643588,RAMAL PINHEIROS 41 R0DRIGUES ALVES,4895
1139816,tuUA K 20 ARaMANDO MENDES,270,643703,RAMAL TIRIRICA 12 R0DRIGUES ALVES,1410
1139816,tuUA K 20 ARaMANDO MENDES,270,930848,BECO SILVA 2 MAUAZINHO,7105
653765,RUA FLORNETINO MORENO 646 B0M SUCESSO,271,653765,RUA FLORENTINO MORENO 646 BOM SUCESSO,9595
653765,RUA FLORNETINO MORENO 646 B0M SUCESSO,271,1005697,RUA B0M JARDIM 582 GILBERTO MESTRINHO,1771
653765,RUA FLORNETINO MORENO 646 B0M SUCESSO,271,558713,RUA BOULEVARD AUGUSTO MONTEIRO 1241 TRIANGULO VELHO,5808
653765,RUA FLORNETINO MORENO 646 B0M SUCESSO,271,606418,RUA TIAO NATUREZA 454 CHICO MENDES,4791
653765,RUA FLORNETINO MORENO 646 B0M SUCESSO,271,558656,RUA BOULEVARD AUGUSTO MONTEIRO 1019 TRIANGULO VELHO,4904
883751,AVENIDA MARCOS CAVALCANTE 820 DEUS DE CIDADE,272,883751,AVENIDA MARCOS CAVALCANTE 820 CIDADE DE DEUS,9724
883751,AVENIDA MARCOS CAVALCANTE 820 DEUS DE CIDADE,272,883933,AVENIDA MARGARITA 2258 NOVA CIDADE,9900
883751,AVENIDA MARCOS CAVALCANTE 820 DEUS DE CIDADE,272,890395,AVENIDA RAMOS D 22 CIDADE NOVA,351
883751,AVENIDA MARCOS CAVALCANTE 820 DEUS DE CIDADE,272,212209,AVENIDA RAIMUNDO CANTUARIA 7740 TANCREDO NEVES,3308
883751,AVENIDA MARCOS CAVALCANTE 820 DEUS DE CIDADE,272,872263,AVENIDA EFIGENIO SALES 780 ALEIXO,5384
633515,TRAVESSA SANTA SANTA CALRA 55 GERALDO FLEMING,273,633515,TRAVESSA SANTA CLARA 55 GERALDO FLEMING,3062
633515,TRAVESSA SANTA SANTA CALRA 55 GERALDO FLEMING,273,628174,TRAVESSA JOSE CARLOS 11 SANTA INES,2967
633515,TRAVESSA SANTA SANTA CALRA 55 GERALDO FLEMING,273,622974,TRAVESSA CANOA 32 SANTA MARIA,3973
633515,TRAVESSA SANTA SANTA CALRA 55 GERALDO FLEMING,273,518790,TRAVESSA PADRE GUILHERME 51 COHABE,7469
633515,TRAVESSA SANTA SANTA CALRA 55 GERALDO FLEMING,273,629634,TRAVESSA NETO 98 SANTA INES,6946
1052581,RU ACURIO ACURIO 216 JORGEn TEIXEIRA TEIXEIRA,274,658217,TRAVESSA CICERO MORREIRA 3 JORGE ALVES JUNIOR,1545
1052581,RU ACURIO ACURIO 216 JORGEn TEIXEIRA TEIXEIRA,274,1010403,RUA BEIRA RIO 413 JORGE TEIXEIRA MONTE SIAO,1324
1052581,RU ACURIO ACURIO 216 JORGEn TEIXEIRA TEIXEIRA,274,922209,BECO JORGE TEIXEIRA 17 ALEIXO,3982
1052581,RU ACURIO ACURIO 216 JORGEn TEIXEIRA TEIXEIRA,274,932543,BECO VINTE 45 JORGE TEIXEIRA,7232
1052581,RU ACURIO ACURIO 216 JORGEn TEIXEIRA TEIXEIRA,274,628654,TRAVESSA MADUREIRA 710 MAURI SERGIO,2703
253024,RUA ELIENE 5IQUEIA 172 ORQEU,275,599122,RUA RIACHUELO 367 BOSQUE,1242
253024,RUA ELIENE 5IQUEIA 172 ORQEU,275,578238,RUA ISAURA PARENTE 292 BOSQUE,650
253024,RUA ELIENE 5IQUEIA 172 ORQEU,275,559521,RUA CAMBURIU 65 BOSQUE,4466
253024,RUA ELIENE 5IQUEIA 172 ORQEU,275,803117,RUA JOSE NOBRE 141 IRACY,6259
253024,RUA ELIENE 5IQUEIA 172 ORQEU,275,578213,RUA ISAURA PARENTE 136 BOSQUE,1323
968844,RUà 7 1 CONJUNTOw AMAZONINO MENDES,276,968844,RUA 43 7 CONJUNTO AMAZONINO MENDES 1,3812
968844,RUà 7 1 CONJUNTOw AMAZONINO MENDES,276,968358,RUA 40 C 18 AMAZONINO MENDES I,6742
968844,RUà 7 1 CONJUNTOw AMAZONINO MENDES,276,968348,RUA 40 C 10 AMAZONINO MENDES I,6007
968844,RUà 7 1 CONJUNTOw AMAZONINO MENDES,276,975452,RUA 9 6 AMAZONINO MENDES,6979
968844,RUà 7 1 CONJUNTOw AMAZONINO MENDES,276,358247,LINHA 200 SUL 5 ROLIM DE MOURA,6388
44078,MALAQUuTA AVENIDA 2728 NOVOH ORIZONTE,277,290331,RUA PANTEON 7205 TEIXEIRAO,6697
44078,MALAQUuTA AVENIDA 2728 NOVOH ORIZONTE,277,205807,AVENIDA CALAMA 7444 TEIXEIRAO,6288
44078,MALAQUuTA AVENIDA 2728 NOVOH ORIZONTE,277,210271,AVENIDA MAMORE 5162 TEIXEIRAO,8807
44078,MALAQUuTA AVENIDA 2728 NOVOH ORIZONTE,277,888523,AVENIDA PENETRACAO UM 1311 JAPIIM,1022
44078,MALAQUuTA AVENIDA 2728 NOVOH ORIZONTE,277,870334,AVENIDA DO SOL NASCENTE 626 TARUMA ACU,5102
634953,VA VERDEo 1585 VIA VERDE,278,634953,VIA VERDE 1585 VIA VERDE,7748
634953,VA VERDEo 1585 VIA VERDE,278,634966,VIA VERDE 1897 VIA VERDE,1477
634953,VA VERDEo 1585 VIA VERDE,278,634965,VIA VERDE 1877 VIA VERDE,4853
634953,VA VERDEo 1585 VIA VERDE,278,634940,VIA VERDE 1345 VIA VERDE,5635
634953,VA VERDEo 1585 VIA VERDE,278,786347,RUA 5 9 NOVA VENEZA,4900
323722,RUA SANTO DUMONT DUMONT 53 ACLAMA,279,323722,RUA SANTO DUMONT 53 CALAMA,959
323722,RUA SANTO DUMONT DUMONT 53 ACLAMA,279,60189,RUA SANTOS DUMONT 2787 NOVO CACOAL,3279
323722,RUA SANTO DUMONT DUMONT 53 ACLAMA,279,808162,RUA SANTA ETELVINA 3596 MAMOUD AMED,7749
323722,RUA SANTO DUMONT DUMONT 53 ACLAMA,279,656304,RUA SANTOS DUMONT 9 CSU,2698
323722,RUA SANTO DUMONT DUMONT 53 ACLAMA,279,749863,RUA SANTOS DUMONT 554 ITAMARATI,1415
1130448,RUA JESUS DA LIBERTACAO 66 PARQUEj SAO PEDR,280,1130448,RUA JESUS DA LIBERTACAO 66 PARQUE SAO PEDRO,4041
1130448,RUA JESUS DA LIBERTACAO 66 PARQUEj SAO PEDR,280,1132362,RUA JOAO PESSOA 170 SAO LAZARO,4905
1130448,RUA JESUS DA LIBERTACAO 66 PARQUEj SAO PEDR,280,141934,RUA GRECIA 1056 JARDIM SAO CRISTOVAO,5120
1130448,RUA JESUS DA LIBERTACAO 66 PARQUEj SAO PEDR,280,804905,RUA PAULO MENEZES 72 SAO CRISTOVAO,9538
1130448,RUA JESUS DA LIBERTACAO 66 PARQUEj SAO PEDR,280,513609,RUA SAO JOAO DELREY 135 LIBERDADE,9467
196991,AVENIhDA PRESIDENTE MEDICI 173 ALVORfAA,281,933746,BECO PRESIDENTE MEDICI 45 COMPENSA,5310
196991,AVENIhDA PRESIDENTE MEDICI 173 ALVORfAA,281,922634,BECO LEAO 63 PRESIDENTE VARGAS,2179
196991,AVENIhDA PRESIDENTE MEDICI 173 ALVORfAA,281,535900,ALAMEDA MANACAIAS 358 CHACARA IPE,182
196991,AVENIhDA PRESIDENTE MEDICI 173 ALVORfAA,281,747651,RUA LEONCIO SALINGNAC 199 TAUA MIRIM,724
196991,AVENIhDA PRESIDENTE MEDICI 173 ALVORfAA,281,741662,BECO SANTA LUZIA 122 TAUA MIRIM,3423
585862,RUA MANCI0LIMA 28 BAIvRRO DA AZ,282,48598,RUA ANITA GARIBALDI 2970 TEIXEIRAO,7224
585862,RUA MANCI0LIMA 28 BAIvRRO DA AZ,282,806435,RUA UIRAPURU 129 DA PAZ,9465
585862,RUA MANCI0LIMA 28 BAIvRRO DA AZ,282,235826,RUA BIDU SAIAO 6439 APONIA,3980
585862,RUA MANCI0LIMA 28 BAIvRRO DA AZ,282,235926,RUA BIDU SAIAO 7069 APONIA,5879
585862,RUA MANCI0LIMA 28 BAIvRRO DA AZ,282,60887,RUA UIRAPURU 2999 TEIXEIRAO,5284
1085753,RUA DpZE 19 LIRIO DO VALE,283,1085753,RUA DOZE 19 LIRIO DO VALE,3266
1085753,RUA DpZE 19 LIRIO DO VALE,283,1085872,RUA DOZE 31 LIRIO DO VALE,2826
1085753,RUA DpZE 19 LIRIO DO VALE,283,1072983,RUA DEZOITO 24 LIRIO DO VALE,857
1085753,RUA DpZE 19 LIRIO DO VALE,283,1070826,RUA DEZENOVE 49 LIRIO DO VALE,2651
1085753,RUA DpZE 19 LIRIO DO VALE,283,1068782,RUA DEZ 2 LIRIO DO VALE,2692
952945,RUA 15 25 NOVO,284,952945,RUA 15 25 NOVO ALEIXO,8024
952945,RUA 15 25 NOVO,284,970588,RUA 5 69 COROADO,6778
952945,RUA 15 25 NOVO,284,949347,RUA 11 25 ALVORADA,1173
952945,RUA 15 25 NOVO,284,955066,RUA 160 17 MANAUS,5298
952945,RUA 15 25 NOVO,284,966792,RUA 35 16 NOVO ALEIXO,5560
971664,RUAv 57 35 NOVO ALEIXO,285,971664,RUA 57 35 NOVO ALEIXO,6497
971664,RUAv 57 35 NOVO ALEIXO,285,966792,RUA 35 16 NOVO ALEIXO,5560
971664,RUAv 57 35 NOVO ALEIXO,285,955804,RUA 176 43 NOVO ALEIXO,4112
971664,RUAv 57 35 NOVO ALEIXO,285,972942,RUA 67 19 NOVO ALEIXO,6873
971664,RUAv 57 35 NOVO ALEIXO,285,955819,RUA 177 37 NOVO ALEIXO,6619
107352,TIRADENTES AVENIDA 1959 SwTRO 01,286,107352,AVENIDA TIRADENTES 1959 SETOR 01,1768
107352,TIRADENTES AVENIDA 1959 SwTRO 01,286,107283,AVENIDA TIRADENTES 1098 SETOR 2,9562
107352,TIRADENTES AVENIDA 1959 SwTRO 01,286,107269,AVENIDA TIRADENTES 1083 SETOR 2,4909
107352,TIRADENTES AVENIDA 1959 SwTRO 01,286,855274,AVENIDA ATROARIS 55 CIDADE NOVA,407
107352,TIRADENTES AVENIDA 1959 SwTRO 01,286,107497,AVENIDA TIRADENTES 3086 SETOR 05,2444
1095989,RUA EZEQUIEL 71 NOVO ISRAtEL,287,1095989,RUA EZEQUIEL 71 NOVO ISRAEL,1490
1095989,RUA EZEQUIEL 71 NOVO ISRAtEL,287,1096032,RUA EZEQUIEL 90 NOVO ISRAEL,8704
1095989,RUA EZEQUIEL 71 NOVO ISRAtEL,287,1096099,RUA EZEQUIEL 447 NOVO ISRAEL,1603
1095989,RUA EZEQUIEL 71 NOVO ISRAtEL,287,1095896,RUA EZEQUIEL 18 NOVO ISRAEL,3660
1095989,RUA EZEQUIEL 71 NOVO ISRAtEL,287,1151791,RUA MAGUARIBE 92 NOVO ALEIXO,4031
11682,RUA ALAGOAS 4061 SEuTOR 05,288,11682,RUA ALAGOAS 4061 SETOR 05,6976
11682,RUA ALAGOAS 4061 SEuTOR 05,288,23938,RUA MACAUBAS 5206 NOVE,359
11682,RUA ALAGOAS 4061 SEuTOR 05,288,436118,RUA TANGARA 1465 SETOR 02,893
11682,RUA ALAGOAS 4061 SEuTOR 05,288,15571,RUA CASTRO ALVES 3686 SETOR 06,1680
11682,RUA ALAGOAS 4061 SEuTOR 05,288,436348,RUA TUCANO 2481 SETOR 05,6142
835493,RUA ELADIO ALBUQUERQUE 951 NOVA MANACA,289,835493,RUA ELADIO ALBUQUERQUE 951 NOVA MANACA,4405
835493,RUA ELADIO ALBUQUERQUE 951 NOVA MANACA,289,841661,RUA ZORAIDA ALEXANDRE 890 NOVA MANACA,4461
835493,RUA ELADIO ALBUQUERQUE 951 NOVA MANACA,289,761999,RUA JULIETA ALBUQUERQUE 509 SANTO ANTONIO,3502
835493,RUA ELADIO ALBUQUERQUE 951 NOVA MANACA,289,762002,RUA JULIETA ALBUQUERQUE 515 SANTO ANTONIO,9033
835493,RUA ELADIO ALBUQUERQUE 951 NOVA MANACA,289,839740,RUA RAIMUNDO AQUINO 436 NOVA MANACA,3567
969420,RUã 44 C 70 NOVO ALEIXO,290,914291,BECO C 50 ALVORADA,5793
969420,RUã 44 C 70 NOVO ALEIXO,290,813860,RUA PARA 366 NOVO REMANSO,3240
969420,RUã 44 C 70 NOVO ALEIXO,290,932224,BECO UVA 16 COMPENSA,2406
969420,RUã 44 C 70 NOVO ALEIXO,290,851564,ALAMEDA E 91 LAGO AZUL,5739
969420,RUã 44 C 70 NOVO ALEIXO,290,946338,RUA 06 18 NOVO ALEIXO,8553
746202,RUA FRANCISCO SILVA 107 SANTAH ELENA,291,746202,RUA FRANCISCO SILVA 107 SANTA HELENA,195
746202,RUA FRANCISCO SILVA 107 SANTAH ELENA,291,1105162,RUA GEISILENE FERREIRA 20 SANTA ETELVINA,8121
746202,RUA FRANCISCO SILVA 107 SANTAH ELENA,291,1121000,RUA ISAIAS FILHO 14 SANTA ETELVINA,2353
746202,RUA FRANCISCO SILVA 107 SANTAH ELENA,291,1136749,RUA JOSE MARIA 51 SANTA ETELVINA,583
746202,RUA FRANCISCO SILVA 107 SANTAH ELENA,291,990561,RUA AMAZONINO MENDES 24 SANTA ETELVINA,5895
751447,RUwA oADRE VICTOR 536 fSPIRITOSANTO,292,722079,RIO AUTAZ ACU 476 LIMAO,7705
751447,RUwA oADRE VICTOR 536 fSPIRITOSANTO,292,627658,TRAVESSA JERUSALEM 144 AIRTON SENA,4102
751447,RUwA oADRE VICTOR 536 fSPIRITOSANTO,292,650924,RAMAL TREIS MARIA 3662 None,3404
751447,RUwA oADRE VICTOR 536 fSPIRITOSANTO,292,931897,BECO UIRAPURU 3 75 COROADO,3053
751447,RUwA oADRE VICTOR 536 fSPIRITOSANTO,292,532024,TRAVESSA SEBASTIAO PEIXOTO 398 SERRARIA,2234
709798,AGLOMERADO DO PERPETUO SOCORO DO BACBAL 1100 COMUNIDADE PERPETUO SOCORRO DO BACABAL,293,709798,AGLOMERADO DO PERPETUO SOCORRO DO BACABAL 1100 COMUNIDADE PERPETUO SOCORRO DO BACABAL,9444
709798,AGLOMERADO DO PERPETUO SOCORO DO BACBAL 1100 COMUNIDADE PERPETUO SOCORRO DO BACABAL,293,754343,RAMAL DO CORUJA 9 ESTRADA DO AEROPORTO,2077
709798,AGLOMERADO DO PERPETUO SOCORO DO BACBAL 1100 COMUNIDADE PERPETUO SOCORRO DO BACABAL,293,737124,RAMAL CABECEIRA DO PURUPURU 10220 RAMAL DA CABECEIRA DO PURUPURU,1907
709798,AGLOMERADO DO PERPETUO SOCORO DO BACBAL 1100 COMUNIDADE PERPETUO SOCORRO DO BACABAL,293,181678,RODOVIA RO 470 OU RUA MARECHAL DEODORO DA FONSECA 1561 BAIRRO INDUSTRIAL,9556
709798,AGLOMERADO DO PERPETUO SOCORO DO BACBAL 1100 COMUNIDADE PERPETUO SOCORRO DO BACABAL,293,386553,TRAVESSA 308 7318 PARQUE INDUSTRIAL TRANCREDO NEVES,3653
994860,RUA ANTONIO MATIS 21 SAO JOSE OPERARíO OPERARIO,294,994860,RUA ANTONIO MATIAS 21 SAO JOSE OPERARIO,3748
994860,RUA ANTONIO MATIS 21 SAO JOSE OPERARíO OPERARIO,294,972022,RUA 6 10 SAO JOSE OPERARIO,5988
994860,RUA ANTONIO MATIS 21 SAO JOSE OPERARíO OPERARIO,294,963362,RUA 25 34 SAO JOSE OPERARIO,4637
994860,RUA ANTONIO MATIS 21 SAO JOSE OPERARíO OPERARIO,294,1032661,RUA CASTANHO 6 SAO JOSE OPERARIO,6673
994860,RUA ANTONIO MATIS 21 SAO JOSE OPERARíO OPERARIO,294,1032743,RUA CASTANHO 28 SAO JOSE OPERARIO,5726
975227,RUA 3 8 NOO ALEIXO,295,975227,RUA 83 8 NOVO ALEIXO,1959
975227,RUA 3 8 NOO ALEIXO,295,973551,RUA 7 89 ALEIXO,909
975227,RUA 3 8 NOO ALEIXO,295,945130,RUA 01 229 NOVO ALEIXO,7478
975227,RUA 3 8 NOO ALEIXO,295,946338,RUA 06 18 NOVO ALEIXO,8553
975227,RUA 3 8 NOO ALEIXO,295,966143,RUA 31 22 NOVO ALEIXO,6702
609461,RAUV INTE DE NOVEMBRO 712 UNIAO BiA,296,216648,BECO DA UNIAO 698 B FLORESTA,1230
609461,RAUV INTE DE NOVEMBRO 712 UNIAO BiA,296,216801,BECO DO MACIEL 937 BAIXA UNIAO,2665
609461,RAUV INTE DE NOVEMBRO 712 UNIAO BiA,296,932346,BECO VIANA 391 REDENCAO,6537
609461,RAUV INTE DE NOVEMBRO 712 UNIAO BiA,296,508589,RAMAL MACAXEIRAL 1 2073 SAO BRAS,9100
609461,RAUV INTE DE NOVEMBRO 712 UNIAO BiA,296,650502,RAMAL NOVA ALDEIA 206 NOVA UNIAO,97
503536,RUA iRGOS BARROS 1411 25 DE AGOSTO,297,503536,RUA REGOS BARROS 1411 25 DE AGOSTO,9328
503536,RUA iRGOS BARROS 1411 25 DE AGOSTO,297,503557,RUA REGOS BARROS 1850 AV 25 DE AGOSTO,9745
503536,RUA iRGOS BARROS 1411 25 DE AGOSTO,297,498556,RUA DE SERGIPE 460 25 DE AGOSTO,3117
503536,RUA iRGOS BARROS 1411 25 DE AGOSTO,297,141398,RUA GIRASSOL 130 DOIS DE ABRIL,4170
503536,RUA iRGOS BARROS 1411 25 DE AGOSTO,297,577190,RUA HIDALGO LIMA 140 06 DE AGOSTO,8385
606979,RUA TREZE DE MAIO 23 BOA UNIwO,298,606979,RUA TREZE DE MAIO 23 BOA UNIAO,7690
606979,RUA TREZE DE MAIO 23 BOA UNIwO,298,596073,RUA PRIMEIRO DE ABRIL 168 BOA UNIAO,9682
606979,RUA TREZE DE MAIO 23 BOA UNIwO,298,607098,RUA TREZE DE MAIO 1270 BOA UNIAO,8092
606979,RUA TREZE DE MAIO 23 BOA UNIwO,298,609474,RUA VINTE DE SETEMBRO 433 BOA UNIAO,3437
606979,RUA TREZE DE MAIO 23 BOA UNIwO,298,960188,RUA 21 DE MAIO 85 CIDADE NOVA,5654
455142,RUA PINCESA IZAEL 770 NOVA ESPéRANAC,299,455142,RUA PRINCESA IZABEL 770 NOVA ESPERANCA,7553
455142,RUA PINCESA IZAEL 770 NOVA ESPéRANAC,299,1147107,RUA LOPES CORDOVIL 39 NOVA ESPERANCA,1376
455142,RUA PINCESA IZAEL 770 NOVA ESPéRANAC,299,58148,RUA PEDRO SPAGNOL 3982 TEIXEIRAO,9135
455142,RUA PINCESA IZAEL 770 NOVA ESPéRANAC,299,319673,RUA DONA LEOPOLDINA 4592 NOVA ESPERANCA,963
455142,RUA PINCESA IZAEL 770 NOVA ESPéRANAC,299,58149,RUA PEDRO SPAGNOL 3985 TEIXEIRAO,4459
1143299,RUA LEONARDO MALCHER 101 NOSSA SENHOA APARECIDA,300,1143299,RUA LEONARDO MALCHER 101 NOSSA SENHORA APARECIDA,9754
1143299,RUA LEONARDO MALCHER 101 NOSSA SENHOA APARECIDA,300,1143359,RUA LEONARDO MALCHER 201 NOSSA SENHORA APARECIDA,4882
1143299,RUA LEONARDO MALCHER 101 NOSSA SENHOA APARECIDA,300,1143346,RUA LEONARDO MALCHER 146 NOSSA SENHORA APARECIDA,132
1143299,RUA LEONARDO MALCHER 101 NOSSA SENHOA APARECIDA,300,1143422,RUA LEONARDO MALCHER 324 NOSSA SENHORA APARECIDA,473
1143299,RUA LEONARDO MALCHER 101 NOSSA SENHOA APARECIDA,300,1143418,RUA LEONARDO MALCHER 318 NOSSA SENHORA APARECIDA,7415
606555,RUA TIRADENTES 339 BAyIROR 15,301,606555,RUA TIRADENTES 339 BAIRRO 15,2283
606555,RUA TIRADENTES 339 BAyIROR 15,301,606590,RUA TIRADENTES 503 BAIRRO 15,3716
606555,RUA TIRADENTES 339 BAyIROR 15,301,734556,RUA MIRACAUERA 5 CENTRO,3636
606555,RUA TIRADENTES 339 BAyIROR 15,301,432105,RUA TIRADENTES 1147 CENTRO,1520
606555,RUA TIRADENTES 339 BAyIROR 15,301,409557,RUA ARIQUEMES 1174 SETOR 2,6957
1057594,RUA DA LIBERTACAO 38 COLONIA TERRA TERRA NOVw,302,1057594,RUA DA LIBERTACAO 38 COLONIA TERRA NOVA,5016
1057594,RUA DA LIBERTACAO 38 COLONIA TERRA TERRA NOVw,302,1057600,RUA DA LIBERTACAO 115 COLONIA TERRA NOVA,2847
1057594,RUA DA LIBERTACAO 38 COLONIA TERRA TERRA NOVw,302,1057229,RUA DA ILUSAO 14 COLONIA TERRA NOVA,7096
1057594,RUA DA LIBERTACAO 38 COLONIA TERRA TERRA NOVw,302,1057272,RUA DA ILUSAO 35 COLONIA TERRA NOVA,2592
1057594,RUA DA LIBERTACAO 38 COLONIA TERRA TERRA NOVw,302,137179,RUA DA PROCLAMACAO 535 PRIMAVERA,1013
864591,AVENIDA CONSTANTINO NERY 138 CENTRO,303,864591,AVENIDA CONSTANTINO NERY 138 CENTRO,4219
864591,AVENIDA CONSTANTINO NERY 138 CENTRO,303,864570,AVENIDA CONSTANTINO NERY 110 CENTRO,2358
864591,AVENIDA CONSTANTINO NERY 138 CENTRO,303,864623,AVENIDA CONSTANTINO NERY 199 CENTRO,2120
864591,AVENIDA CONSTANTINO NERY 138 CENTRO,303,864563,AVENIDA CONSTANTINO NERY 68 CENTRO,8920
864591,AVENIDA CONSTANTINO NERY 138 CENTRO,303,864629,AVENIDA CONSTANTINO NERY 211 CENTRO,2376
156875,RUA VENCESLAU BRAS BRAS BRAS 1115 SAOo PEDRO,304,156875,RUA VENCESLAU BRAS 1115 SAO PEDRO,3736
156875,RUA VENCESLAU BRAS BRAS BRAS 1115 SAOo PEDRO,304,156866,RUA VENCESLAU BRAS 1008 SAO PEDRO,5213
156875,RUA VENCESLAU BRAS BRAS BRAS 1115 SAOo PEDRO,304,156881,RUA VENCESLAU BRAS 1483 SAO PEDRO,6971
156875,RUA VENCESLAU BRAS BRAS BRAS 1115 SAOo PEDRO,304,1052061,RUA CURIAU ANTIGA RUA RIO BRANCO 120 SAO JOSE OPERARIO,5802
156875,RUA VENCESLAU BRAS BRAS BRAS 1115 SAOo PEDRO,304,1025519,RUA CACAU PEREIRA 252 SAO JOSE OPERARIO,8310
819622,RUA BELO FERREIRA 359 CENTRO,305,819622,RUA BELO FERREIRA 359 CENTRO,1384
819622,RUA BELO FERREIRA 359 CENTRO,305,819695,RUA BELO FERREIRA 840 CENTRO,8589
819622,RUA BELO FERREIRA 359 CENTRO,305,281118,RUA MANOEL FERREIRA 257 CENTRO,7271
819622,RUA BELO FERREIRA 359 CENTRO,305,463528,RUA LUIZ BORGES 1179 CENTRO,2925
819622,RUA BELO FERREIRA 359 CENTRO,305,483502,RUA JOSE MEIRELES 458 CENTRO,5063
140076,RUA EDUARDO DA SILVA 1973 UNIAO2 ,306,140076,RUA EDUARDO BARROSO DA SILVA 1973 UNIAO 2,3424
140076,RUA EDUARDO DA SILVA 1973 UNIAO2 ,306,142624,RUA IDELFONSO DA SILVA 2018 NOVA BRASILIA,3958
140076,RUA EDUARDO DA SILVA 1973 UNIAO2 ,306,667895,RUA EVARISTO S. DA SILVA 144 MULTIRAO,4300
140076,RUA EDUARDO DA SILVA 1973 UNIAO2 ,306,426558,RUA DUARTE DA COSTA 1411 UNIAO,4683
140076,RUA EDUARDO DA SILVA 1973 UNIAO2 ,306,531279,RUA PEDRO LOPES DA SILVA 1301 OLARIA,7550
301616,RUA ROSALINA GOMES 10381 MARIANA,307,301616,RUA ROSALINA GOMES 10381 MARIANA,9147
301616,RUA ROSALINA GOMES 10381 MARIANA,307,301612,RUA ROSALINA GOMES 10211 MARIANA,1085
301616,RUA ROSALINA GOMES 10381 MARIANA,307,301584,RUA ROSALINA GOMES 9691 MARIANA,2970
301616,RUA ROSALINA GOMES 10381 MARIANA,307,301467,RUA ROSALINA GOMES 2000 MARIANA,3669
301616,RUA ROSALINA GOMES 10381 MARIANA,307,310508,RUA TEREZA AMELIA 9573 MARIANA,1591
1038116,RUA fCHICO MENEDS 196 COLONIA TmERRA NOVAx,308,1152859,RUA MANANCIAL 166 COLONIA TERRA NOVA,1150
1038116,RUA fCHICO MENEDS 196 COLONIA TmERRA NOVAx,308,606418,RUA TIAO NATUREZA 454 CHICO MENDES,4791
1038116,RUA fCHICO MENEDS 196 COLONIA TmERRA NOVAx,308,1038203,RUA CHICO XAVIER 2 COLONIA TERRA NOVA,5419
1038116,RUA fCHICO MENEDS 196 COLONIA TmERRA NOVAx,308,1104873,RUA GANDI 8 COLONIA TERRA NOVA,3685
1038116,RUA fCHICO MENEDS 196 COLONIA TmERRA NOVAx,308,1130507,RUA JESUS DE NAZARE 138 COLONIA TERRA NOVA,8302
880366,AVENIDA JERUZALEM 168 xOLONIA TEhRRA NOVA,309,880366,AVENIDA JERUZALEM 168 COLONIA TERRA NOVA,3689
880366,AVENIDA JERUZALEM 168 xOLONIA TEhRRA NOVA,309,880370,AVENIDA JERUZALEM 266 COLONIA TERRA NOVA,3655
880366,AVENIDA JERUZALEM 168 xOLONIA TEhRRA NOVA,309,205807,AVENIDA CALAMA 7444 TEIXEIRAO,6288
880366,AVENIDA JERUZALEM 168 xOLONIA TEhRRA NOVA,309,537902,AVENIDA EPAMINONDAS JACOME 548 CADEIA VELHA,5205
880366,AVENIDA JERUZALEM 168 xOLONIA TEhRRA NOVA,309,210271,AVENIDA MAMORE 5162 TEIXEIRAO,8807
329459,RUA 32 D0 01 A0 11 P2 33 DO 22 12 2 NpVA MUUN,310,329459,RUA 32 D0 01 A0 11 P2 33 DO 22 12 2 NOVA MUTUN,6278
329459,RUA 32 D0 01 A0 11 P2 33 DO 22 12 2 NpVA MUUN,310,329469,RUA 32 D0 01 A0 11 P2 33 DO 22 12 12 NOVA MUTUN,4737
329459,RUA 32 D0 01 A0 11 P2 33 DO 22 12 2 NpVA MUUN,310,329731,RUA 41 B 8 N0VA MUTUM,8357
329459,RUA 32 D0 01 A0 11 P2 33 DO 22 12 2 NpVA MUUN,310,1053711,RUA D 1 TARUMA ACU,6023
329459,RUA 32 D0 01 A0 11 P2 33 DO 22 12 2 NpVA MUUN,310,1117357,RUA IMBU 411 TARUMA ACU,6067
805975,RUA RORAIMA 220 SAO FRANCISCO,311,805975,RUA RORAIMA 220 SAO FRANCISCO,6959
805975,RUA RORAIMA 220 SAO FRANCISCO,311,805906,RUA RONDONIA 219 SAO FRANCISCO,8088
805975,RUA RORAIMA 220 SAO FRANCISCO,311,840641,RUA TAPAJOS 749 SAO FRANCISCO,8270
805975,RUA RORAIMA 220 SAO FRANCISCO,311,696108,RUA AMIZADE 208 SAO FRANCISCO,9476
805975,RUA RORAIMA 220 SAO FRANCISCO,311,805133,RUA PRIMAVERA 3468 SAO FRANCISCO,2366
223386,RUA ALEXANDRE GUIMARAES 4130 NOVA PORTOV ELHO,312,223386,RUA ALEXANDRE GUIMARAES 4130 NOVA PORTO VELHO,3095
223386,RUA ALEXANDRE GUIMARAES 4130 NOVA PORTOV ELHO,312,223028,RUA ALEXANDRE GUIMARAES 1341 AREAL,4790
223386,RUA ALEXANDRE GUIMARAES 4130 NOVA PORTOV ELHO,312,297640,RUA QUINTINO BOCAIUVA 3196 PORTO VELHO,8153
223386,RUA ALEXANDRE GUIMARAES 4130 NOVA PORTOV ELHO,312,222996,RUA ALEXANDRE GUIMARAES 1143 AREAL,6432
223386,RUA ALEXANDRE GUIMARAES 4130 NOVA PORTOV ELHO,312,223428,RUA ALEXANDRE GUIMARAES 4610 AGENOR M DE CARVALHO,1030
68654,qVENIDA AO PAULO 456 CENjRO,313,500117,RUA DO PARA 6710 COBAL,571
68654,qVENIDA AO PAULO 456 CENjRO,313,500051,RUA DO PARA 2063 CRUZEIRAO,3460
68654,qVENIDA AO PAULO 456 CENjRO,313,1053849,RUA D 6 COROADO,400
68654,qVENIDA AO PAULO 456 CENjRO,313,978106,RUA A DEZESSETE 1291 JAPIIM,2043
68654,qVENIDA AO PAULO 456 CENjRO,313,500186,RUA DO PURUS 791 SABOEIRO,2617
1132877,RUA JOAO WALTER 46 COMPENSA,314,1132877,RUA JOAO WALTER 46 COMPENSA,446
1132877,RUA JOAO WALTER 46 COMPENSA,314,1132875,RUA JOAO WALTER 44 COROADO,655
1132877,RUA JOAO WALTER 46 COMPENSA,314,1132021,RUA JOAO MEIRELES 8 COROADO,5066
1132877,RUA JOAO WALTER 46 COMPENSA,314,980052,RUA ABRAAO CARDOSO 75 COMPENSA,5067
1132877,RUA JOAO WALTER 46 COMPENSA,314,980007,RUA ABRAAO CARDOSO 24 COMPENSA,3483
891763,AVENIDA RI BRANCO 493 $AO RAuMUNDO,315,899284,AVENIDA UIRAPURU 32 COROADO,3930
891763,AVENIDA RI BRANCO 493 $AO RAuMUNDO,315,537378,AVENIDA CEARA 2994 BOSQUE,2876
891763,AVENIDA RI BRANCO 493 $AO RAuMUNDO,315,891322,AVENIDA RIACHO FUNDO 10 TARUMA ACU,6429
891763,AVENIDA RI BRANCO 493 $AO RAuMUNDO,315,208227,AVENIDA GUAPORE 6056 RIO MADEIRA,6294
891763,AVENIDA RI BRANCO 493 $AO RAuMUNDO,315,888523,AVENIDA PENETRACAO UM 1311 JAPIIM,1022
286791,RUA NEúSA 7306 IGARPE,316,286791,RUA NEUSA 7306 IGARAPE,3654
286791,RUA NEúSA 7306 IGARPE,316,286718,RUA NEUSA 6373 IGARAPE,5306
286791,RUA NEúSA 7306 IGARPE,316,286678,RUA NEUSA 5977 IGARAPE,4948
286791,RUA NEúSA 7306 IGARPE,316,286811,RUA NEUSA 7436 IGARAPE,8043
286791,RUA NEúSA 7306 IGARPE,316,143292,RUA IPE 3826 VALPARAISO,2840
218526,ESTRADA DO BELMONT 2609 NyACwIONAL,317,218526,ESTRADA DO BELMONT 2609 NACIONAL,4776
218526,ESTRADA DO BELMONT 2609 NyACwIONAL,317,218491,ESTRADA DO BELMONT 2086 NACIONAL,5625
218526,ESTRADA DO BELMONT 2609 NyACwIONAL,317,218501,ESTRADA DO BELMONT 2358 NACIONAL,4548
218526,ESTRADA DO BELMONT 2609 NyACwIONAL,317,218366,ESTRADA DO BELMONT 1999 NACIONAL,8366
218526,ESTRADA DO BELMONT 2609 NyACwIONAL,317,218808,ESTRADA DO CANIL 7494 NACIONAL,7604
884904,AVNEIDA MAX gEIXEIRA 144 FLORES,318,884904,AVENIDA MAX TEIXEIRA 144 FLORES,2371
884904,AVNEIDA MAX gEIXEIRA 144 FLORES,318,920140,BECO FLORES 15 ALVORADA,8293
884904,AVNEIDA MAX gEIXEIRA 144 FLORES,318,920139,BECO FLORES 15 ALVORADA,6439
884904,AVNEIDA MAX gEIXEIRA 144 FLORES,318,910349,BECO ANA NOGUEIRA 25 EDUCANDOS,2078
884904,AVNEIDA MAX gEIXEIRA 144 FLORES,318,903801,AVENIDA MARQUES DE TAMANDARE 404 FLORES,9719
491932,AkVENIDA AFONSO ENA 640 JOAO ALVES,319,491932,AVENIDA AFONSO PENA 640 JOAO ALVES,6029
491932,AkVENIDA AFONSO ENA 640 JOAO ALVES,319,491966,AVENIDA AFONSO PENA 1131 JOAO ALVES,8986
491932,AkVENIDA AFONSO ENA 640 JOAO ALVES,319,496215,RUA ALFREDO TELES 192 JOAO ALVES,8572
491932,AkVENIDA AFONSO ENA 640 JOAO ALVES,319,500158,RUA DO PURUS 260 JOAO ALVES,8219
491932,AkVENIDA AFONSO ENA 640 JOAO ALVES,319,501003,RUA FELIX GASPAR 1590 JOAO ALVES,983
986343,RUA ALFREDO MOREIR 44 SANTO zrANTONIO,320,986343,RUA ALFREDO MOREIRA 44 SANTO ANTONIO,6772
986343,RUA ALFREDO MOREIR 44 SANTO zrANTONIO,320,1134991,RUA JOSE BONIFACIO 22 COLONIA SANTO ANTONIO,835
986343,RUA ALFREDO MOREIR 44 SANTO zrANTONIO,320,1149173,RUA LUIZ MIRANDA 4 COLONIA SANTO ANTONIO,9116
986343,RUA ALFREDO MOREIR 44 SANTO zrANTONIO,320,987472,RUA ALVARAES 122 GILBERTO MESTRIHO,4433
986343,RUA ALFREDO MOREIR 44 SANTO zrANTONIO,320,999754,RUA ARTUR REIS 366 SANTO ANTONIO,882
920715,BECO GUARIûBA 28 AS OLIVEIRAS,321,920716,BECO GUARIUBA 36 MONTE DAS OLIVEIRAS,8358
920715,BECO GUARIûBA 28 AS OLIVEIRAS,321,920715,BECO GUARIUBA 28 MONTE DAS OLIVEIRAS,1095
920715,BECO GUARIûBA 28 AS OLIVEIRAS,321,909532,BECO ADEMAR 110 MAUAZINHO,3840
920715,BECO GUARIûBA 28 AS OLIVEIRAS,321,929852,BECO SARAIVA 86 ALEIXO,3902
920715,BECO GUARIûBA 28 AS OLIVEIRAS,321,846805,BECO LARANJEIRA 156 AJURICABA,6208
531431,RUA PROJEATDA 9 292 ARPIRAR II,322,531431,RUA PROJETADA 9 292 RAPIRRA II,7010
531431,RUA PROJEATDA 9 292 ARPIRAR II,322,531234,RUA PANTANAL 568 RAPIRRA II,6371
531431,RUA PROJEATDA 9 292 ARPIRAR II,322,597198,RUA PROJETADA 710 143 AIRTON SENA,7683
531431,RUA PROJEATDA 9 292 ARPIRAR II,322,468110,RUA MARACATIARA 3753 SUMAUMA,8810
531431,RUA PROJEATDA 9 292 ARPIRAR II,322,31747,RUA TOPAZIO 1420 RURAL,8972
122798,RUA VISCONDE MAUA 4025 BAIRRO JARDIM DO ESTADOS,323,122798,RUA VISCONDE MAUA 4025 BAIRRO JARDIM DO ESTADOS,6453
122798,RUA VISCONDE MAUA 4025 BAIRRO JARDIM DO ESTADOS,323,122560,RUA TANGUA 3353 BAIRRO JARDIM DO ESTADOS,6661
122798,RUA VISCONDE MAUA 4025 BAIRRO JARDIM DO ESTADOS,323,122210,RUA MARCILIO DIAS 3898 BAIRRO JARDIM DO ESTADOS,4750
122798,RUA VISCONDE MAUA 4025 BAIRRO JARDIM DO ESTADOS,323,121923,RUA AYRTON SENNA 4042 BAIRRO JARDIM DO ESTADOS,5276
122798,RUA VISCONDE MAUA 4025 BAIRRO JARDIM DO ESTADOS,323,122133,RUA JEAN CARLOS 3788 BAIRRO JARDIM DO ESTADOS,6786
839724,RUA RAIMUNsDA RUjZ 2409 oLIBERDDE,324,48598,RUA ANITA GARIBALDI 2970 TEIXEIRAO,7224
839724,RUA RAIMUNsDA RUjZ 2409 oLIBERDDE,324,60887,RUA UIRAPURU 2999 TEIXEIRAO,5284
839724,RUA RAIMUNsDA RUjZ 2409 oLIBERDDE,324,290331,RUA PANTEON 7205 TEIXEIRAO,6697
839724,RUA RAIMUNsDA RUjZ 2409 oLIBERDDE,324,805797,RUA RIO SOLIMOES 4087 MAMOUD AMED,7038
839724,RUA RAIMUNsDA RUjZ 2409 oLIBERDDE,324,235926,RUA BIDU SAIAO 7069 APONIA,5879
521024,AVENIDA JAPfIIM 336 GAUyRANI,325,521024,AVENIDA JAPIIM 336 GUARANI,4324
521024,AVENIDA JAPfIIM 336 GAUyRANI,325,521395,AVENIDA JAPIIM 7440 GUARANI,8765
521024,AVENIDA JAPfIIM 336 GAUyRANI,325,520925,AVENIDA JAPIIM 51 GUARANI,1161
521024,AVENIDA JAPfIIM 336 GAUyRANI,325,897168,AVENIDA TEFE 522 JAPIIM,116
521024,AVENIDA JAPfIIM 336 GAUyRANI,325,897192,AVENIDA TEFE 533 JAPIIM,5579
253207,RUA ELkZIO BRANDA 4887 IARAPE,326,253207,RUA ELIZIO BRANDAO 4887 IGARAPE,7750
253207,RUA ELkZIO BRANDA 4887 IARAPE,326,768584,RUA JENIPAPO 283 MAE CREUZA,2069
253207,RUA ELkZIO BRANDA 4887 IARAPE,326,1062256,RUA DANILO CORREA 442 JAPIIM,8640
253207,RUA ELkZIO BRANDA 4887 IARAPE,326,1062265,RUA DANILO CORREA 442 JAPIIM,2746
253207,RUA ELkZIO BRANDA 4887 IARAPE,326,256454,RUA FELIPE CAMARAO 9727 MARIANA,5378
678727,RUA PLIhNIO COELHO COELHO 1314 AMTARA,327,678727,RUA PLINIO COELHO 1314 AMATURA,828
678727,RUA PLIhNIO COELHO COELHO 1314 AMTARA,327,757178,RUA PLINIO COELHO 113 CODAJAS,472
678727,RUA PLIhNIO COELHO COELHO 1314 AMTARA,327,823189,RUA DEOCLECIANO SAMPAIO 1027 PANTANAL,601
678727,RUA PLIhNIO COELHO COELHO 1314 AMTARA,327,243778,RUA COIMBRA 5097 FLODOALDO PONTES PINTO,9336
678727,RUA PLIhNIO COELHO COELHO 1314 AMTARA,327,55922,RUA LOURIVAL MARTINS VIEIRA 3838 TEIXEIRAO,7923
309634,RUuA TENREIR ARANHA 1971 ARL,328,817635,TRAVESSA RAMUNDO AMADEU MAIA 21 ACANAUE,9479
309634,RUuA TENREIR ARANHA 1971 ARL,328,623090,TRAVESSA CARAMURU 167 BOSQUE,3581
309634,RUuA TENREIR ARANHA 1971 ARL,328,930911,BECO SOLIMOES 10 ALEIXO,3457
309634,RUuA TENREIR ARANHA 1971 ARL,328,175554,LINHA TB 10 869 MACHADIHO,4766
309634,RUuA TENREIR ARANHA 1971 ARL,328,173465,LINHA GLEBA 04 OU R0 133 11 MACHADINHO,6438
10310,AVENID TABAOPA 3113 3,329,10310,AVENIDA TABAPOA 3113 SETOR 3,2704
10310,AVENID TABAOPA 3113 3,329,10311,AVENIDA TABAPOA 3147 SETOR 3,6785
10310,AVENID TABAOPA 3113 3,329,10273,AVENIDA TABAPOA 2767 SETOR 3,3406
10310,AVENID TABAOPA 3113 3,329,897329,AVENIDA TEFE 801 CACHOEIRINHA,1156
10310,AVENID TABAOPA 3113 3,329,899930,AVENIDA VIA LACTEA 317 ALEIXO,3687
961365,RUA 22 36 CIDADE hOVA,330,961365,RUA 22 36 CIDADE NOVA,9571
961365,RUA 22 36 CIDADE hOVA,330,968495,RUA 41 24 NOVA CIDADE,2154
961365,RUA 22 36 CIDADE hOVA,330,952730,RUA 148 22 NOVA CIDADE,4232
961365,RUA 22 36 CIDADE hOVA,330,944996,RUA 0 32 CIDADE NOVA,5159
961365,RUA 22 36 CIDADE hOVA,330,972646,RUA 62 8 CIDADE NOVA,3688
468652,RUA SELMA RGEINà 1968 NOVO HORIZNTE,331,468652,RUA SELMA REGINA 1968 NOVO HORIZONTE,4581
468652,RUA SELMA RGEINà 1968 NOVO HORIZNTE,331,157554,RUA VITORIA REGES 1995 NOVO HORIZONTE,177
468652,RUA SELMA RGEINà 1968 NOVO HORIZNTE,331,734354,RUA MARGARIDA 201 NOVO HORIZONTE,7079
468652,RUA SELMA RGEINà 1968 NOVO HORIZNTE,331,468613,RUA SELMA REGINA 1518 NOVO HORIZONTE,2239
468652,RUA SELMA RGEINà 1968 NOVO HORIZNTE,331,589861,RUA MOGNO 38 NOVO HORIZONTE,2269
799182,RUA BENJAMIN 2993 COSAT,332,497513,RUA CHANDLESS 973 COHAB,3495
799182,RUA BENJAMIN 2993 COSAT,332,797623,RUA ALVARO MAIA 2959 IRACY,4195
799182,RUA BENJAMIN 2993 COSAT,332,286678,RUA NEUSA 5977 IGARAPE,4948
799182,RUA BENJAMIN 2993 COSAT,332,799478,RUA BORBA 2720 IRACY,3843
799182,RUA BENJAMIN 2993 COSAT,332,599116,RUA RIACHUELO 341 BOSQUE,5518
757613,RO RUA BADAJOS 416 CODAJAS,333,757613,RUA RIO BADAJOS 416 CODAJAS,759
757613,RO RUA BADAJOS 416 CODAJAS,333,560316,RUA CANINDE 463 BOSQUE,1321
757613,RO RUA BADAJOS 416 CODAJAS,333,757178,RUA PLINIO COELHO 113 CODAJAS,472
757613,RO RUA BADAJOS 416 CODAJAS,333,605431,RUA TAMANDARE 243 BOSQUE,8620
757613,RO RUA BADAJOS 416 CODAJAS,333,1147226,RUA LOPES CORDOVIL 483 ALVORADA,6385
244184,RUA CONSTELACAO 10331 MARkANA,334,244184,RUA CONSTELACAO 10331 MARIANA,8453
244184,RUA CONSTELACAO 10331 MARkANA,334,1031980,RUA CARPINA 302 REDENCAO,2135
244184,RUA CONSTELACAO 10331 MARkANA,334,1048609,RUA CORUMBA 365 REDENCAO,2281
244184,RUA CONSTELACAO 10331 MARkANA,334,980282,RUA ABRAAO CARDOSO 604 COMPENSA,4486
244184,RUA CONSTELACAO 10331 MARkANA,334,834751,RUA CODAJAS 84 UNIAO,8378
568578,URA DO PAdSSEIO 275 TAUARI,335,60887,RUA UIRAPURU 2999 TEIXEIRAO,5284
568578,URA DO PAdSSEIO 275 TAUARI,335,621679,TRAVESSA BAGUARI 228 TAQUARI,8651
568578,URA DO PAdSSEIO 275 TAUARI,335,621655,TRAVESSA BAGUARI 127 TAQUARI,8428
568578,URA DO PAdSSEIO 275 TAUARI,335,524077,RAMAL ALTO PENTENCOSTE 214 PARANA,5186
568578,URA DO PAdSSEIO 275 TAUARI,335,740614,RIO APIPICA 2 ALDEIA JUTAI,5232
281118,RUA MANOEL FERREIRA 257 CENTRO,336,281118,RUA MANOEL FERREIRA 257 CENTRO,7271
281118,RUA MANOEL FERREIRA 257 CENTRO,336,1091521,RUA EMILIO MOREIRA 247 CENTRO,7814
281118,RUA MANOEL FERREIRA 257 CENTRO,336,483502,RUA JOSE MEIRELES 458 CENTRO,5063
281118,RUA MANOEL FERREIRA 257 CENTRO,336,72716,RUA ROBISON FERREIRA 3032 CENTRO,8943
281118,RUA MANOEL FERREIRA 257 CENTRO,336,463528,RUA LUIZ BORGES 1179 CENTRO,2925
67144,INHA 54 CACOAL,337,67144,LINHA 9 54 CACOAL,2244
67144,INHA 54 CACOAL,337,67145,LINHA 9 55 CACOAL,5756
67144,INHA 54 CACOAL,337,66769,LINHA 4 11 CACOAL,4100
67144,INHA 54 CACOAL,337,64997,LINHA 06 40 CACOAL,7560
67144,INHA 54 CACOAL,337,64816,LINHA 05 26 CACOAL,2328
916450,BEC ODq ESPERANCA 75 CIDADr DE DEUS,338,916450,BECO DA ESPERANCA 75 CIDADE DE DEUS,1000
916450,BEC ODq ESPERANCA 75 CIDADr DE DEUS,338,927291,BECO SANHACU 52 CIDADE DE DEUS,6054
916450,BEC ODq ESPERANCA 75 CIDADr DE DEUS,338,923361,BECO MARFIM 34 CIDADE DE DEUS,4478
916450,BEC ODq ESPERANCA 75 CIDADr DE DEUS,338,917158,BECO DA PAZ 30 NOVA ESPERANCA,7905
916450,BEC ODq ESPERANCA 75 CIDADr DE DEUS,338,919649,BECO ESPERANCA 1420 JAPIIM,1963
993485,RUA ANhELIMz 101 SANTá,339,996627,RUA ARAPARIS 82 COROADO,7910
993485,RUA ANhELIMz 101 SANTá,339,235826,RUA BIDU SAIAO 6439 APONIA,3980
993485,RUA ANhELIMz 101 SANTá,339,964955,RUA 29 137 TARUMA ACU,6308
993485,RUA ANhELIMz 101 SANTá,339,235926,RUA BIDU SAIAO 7069 APONIA,5879
993485,RUA ANhELIMz 101 SANTá,339,992743,RUA ANDIRA 72 JAPIIM,8130
907824,AVENIDA SAO JOGE 545 SAO JORE,340,907824,AVENIDA SAO JORGE 545 SAO JORGE,925
907824,AVENIDA SAO JOGE 545 SAO JORE,340,907743,AVENIDA SAO JORGE 207 SAO GERALDO,4479
907824,AVENIDA SAO JOGE 545 SAO JORE,340,895020,AVENIDA SAO VICENTE 90 SAO LAZARO,7743
907824,AVENIDA SAO JOGE 545 SAO JORE,340,350798,AVENIDA SAO PAULO 6197 SAO CRISTOVAO,1402
907824,AVENIDA SAO JOGE 545 SAO JORE,340,907912,AVENIDA SAO JORGE 730 SAO JORGE,3468
78628,LINHA 02 02 RO 485 RUMO ESCONDIDhO 2 TERRA RICA RUMO,341,78628,LINHA 02 RO 485 RUMO ESCONDIDO 2 TERRA RICA RUMO ESCONDIDO,1148
78628,LINHA 02 02 RO 485 RUMO ESCONDIDhO 2 TERRA RICA RUMO,341,358220,LINHA 200 NORTE LD ESQUERDO 7 ROLIM DE MOURA,1696
78628,LINHA 02 02 RO 485 RUMO ESCONDIDhO 2 TERRA RICA RUMO,341,415821,ESTRADA TRAVESSAO 2 20 PA RIO ALTO,9729
78628,LINHA 02 02 RO 485 RUMO ESCONDIDhO 2 TERRA RICA RUMO,341,218123,ESTRADA DE FERRO MADEIRA MAMORE 1211 TRIANGULO,8308
78628,LINHA 02 02 RO 485 RUMO ESCONDIDhO 2 TERRA RICA RUMO,341,358178,LINHA 200 NORTE 4 ROLIM DE MOURA,1956
745578,RUA EDUARDO RBEIR 478 CENTRO,342,745578,RUA EDUARDO RIBEIRO 478 CENTRO,414
745578,RUA EDUARDO RBEIR 478 CENTRO,342,745541,RUA EDUARDO RIBEIRO 348 CENTRO,3646
745578,RUA EDUARDO RBEIR 478 CENTRO,342,871678,AVENIDA EDUARDO RIBEIRO 629 CENTRO,9396
745578,RUA EDUARDO RBEIR 478 CENTRO,342,432046,RUA OSVALDO CRUZ 3690 CENTRO,4236
745578,RUA EDUARDO RBEIR 478 CENTRO,342,647943,RUA ROBERTO ROLA 1230 CENTRO,2094
44170,AVENIDA MARGINAL 484 SUDE,343,44170,AVENIDA MARGINAL 484 SAUDE,1172
44170,AVENIDA MARGINAL 484 SUDE,343,44167,AVENIDA MARGINAL 464 SAUDE,490
44170,AVENIDA MARGINAL 484 SUDE,343,44151,AVENIDA MARGINAL 225 SAUDE,1463
44170,AVENIDA MARGINAL 484 SUDE,343,539949,AVENIDA OESTE 624 TUCUMA,2638
44170,AVENIDA MARGINAL 484 SUDE,343,210405,AVENIDA MEXICO 3223 EMBRATEL,2210
554499,RUA AURELIANO LOPES 228 MANOEL JULIâO,344,554499,RUA AURELIANO LOPES 228 MANOEL JULIAO,6141
554499,RUA AURELIANO LOPES 228 MANOEL JULIâO,344,598540,RUA RAIMUNDO MATOS DE MELO 448 MANOEL JULIAO,1198
554499,RUA AURELIANO LOPES 228 MANOEL JULIâO,344,598553,RUA RAIMUNDO MATOS DE MELO 448 MANOEL JULIAO,7612
554499,RUA AURELIANO LOPES 228 MANOEL JULIâO,344,620530,RUA VETERANO R PINTO 228 MANOEL JULIAO,5619
554499,RUA AURELIANO LOPES 228 MANOEL JULIâO,344,609057,RUA VETERANO R PINTO 285 MANOEL JULIAO,3739
886905,OITIS AVENDIA 37 ARMAmsO MENDES,345,886905,AVENIDA OITIS 37 ARMANDO MENDES,3989
886905,OITIS AVENDIA 37 ARMAmsO MENDES,345,539949,AVENIDA OESTE 624 TUCUMA,2638
886905,OITIS AVENDIA 37 ARMAmsO MENDES,345,975729,RUA 9 207 AMAZONINO MENDES,4863
886905,OITIS AVENDIA 37 ARMAmsO MENDES,345,895588,AVENIDA SOLIMOES 100 MAUAZINHO,6620
886905,OITIS AVENDIA 37 ARMAmsO MENDES,345,975736,RUA 9 213 AMAZONINO MENDES,8394
662156,RUA FLORIAN PEXOTO 17 CENTRO,346,662156,RUA FLORIANO PEIXOTO 17 CENTRO,503
662156,RUA FLORIAN PEXOTO 17 CENTRO,346,662251,RUA FLORIANO PEIXOTO 717 CENTRO,4994
662156,RUA FLORIAN PEXOTO 17 CENTRO,346,669807,RUA MARECHAL FLORIANO PEIXOTO 105 CENTRO,628
662156,RUA FLORIAN PEXOTO 17 CENTRO,346,662184,RUA FLORIANO PEIXOTO 243 CENTRO,8336
662156,RUA FLORIAN PEXOTO 17 CENTRO,346,847906,RUA INACIO MACHADO 117 CENTRO,2219
695233,AVwNIDA MARIyA 513 NOSSA SNEHORA DE APAtECIDA,347,680904,COMUNIDADE NOSSA SENHORA NAZARE 35 NS SENHORA DE NASARE,6737
695233,AVwNIDA MARIyA 513 NOSSA SNEHORA DE APAtECIDA,347,811035,LAGO COMUNIDADE SANTISSIMA TRINDADE 27 AMATARI,564
695233,AVwNIDA MARIyA 513 NOSSA SNEHORA DE APAtECIDA,347,706882,AVENIDA NOSSA SENHORA NAZARE 3 ARUMA,6638
695233,AVwNIDA MARIyA 513 NOSSA SNEHORA DE APAtECIDA,347,468138,RUA MARACATIARA 4546 SANTISSIMA TRINDADE,3084
695233,AVwNIDA MARIyA 513 NOSSA SNEHORA DE APAtECIDA,347,851359,ALAMEDA DA ESPERANCA 14 NOSSA SRA DE FATIMA,684
549728,RAU A 1126 NOVO HORIZOgNTE,348,722079,RIO AUTAZ ACU 476 LIMAO,7705
549728,RAU A 1126 NOVO HORIZOgNTE,348,694171,RIO RIO AUTAZ ACU 6 CURRUSA,7930
549728,RAU A 1126 NOVO HORIZOgNTE,348,575229,RUA FUTURO 147 AVIARIO,5018
549728,RAU A 1126 NOVO HORIZOgNTE,348,575241,RUA FUTURO 196 AVIARIO,5545
549728,RAU A 1126 NOVO HORIZOgNTE,348,701208,BECO 30 101 JAVARIZINHO,7774
385293,RAU UM MIL QUINHENTOS E QUATRO 2134 CRISxT REI,349,385293,RUA UM MIL QUINHENTOS E QUATRO 2134 CRISTO REI,4837
385293,RAU UM MIL QUINHENTOS E QUATRO 2134 CRISxT REI,349,385164,RUA UM MIL QUINHENTOS E DOIS 2329 CRISTO REI,207
385293,RAU UM MIL QUINHENTOS E QUATRO 2134 CRISxT REI,349,385342,RUA UM MIL QUINHENTOS E SEIS 2064 CRISTO REI,7311
385293,RAU UM MIL QUINHENTOS E QUATRO 2134 CRISxT REI,349,387150,TRAVESSA UM MIL QUINHENTOS E DOZE 2062 CRISTO REI,9117
385293,RAU UM MIL QUINHENTOS E QUATRO 2134 CRISxT REI,349,369664,AVENIDA UM MIL QUINHENTOS E TRES 1207 CRISTO REI,5462
38825,LuNHA 12 4091 CABIXI,350,38825,LINHA 12 4091 CABIXI,2310
38825,LuNHA 12 4091 CABIXI,350,92813,LINHA 40 175 PACARANA,4536
38825,LuNHA 12 4091 CABIXI,350,175554,LINHA TB 10 869 MACHADIHO,4766
38825,LuNHA 12 4091 CABIXI,350,175567,LINHA TB 10 1040 MACHADIHO,7635
38825,LuNHA 12 4091 CABIXI,350,175463,LINHA TB 12 110 MACHADIHO,5501
47921,RUA AMILTON BOLSSO 4040 VILAGE VILAGE DO,351,47921,RUA AMILTON BOLSSO 4040 VILAGE DO SOL,4446
47921,RUA AMILTON BOLSSO 4040 VILAGE VILAGE DO,351,54841,RUA JOSE BONIFACIO 3838 VILAGE DO SOL,1998
47921,RUA AMILTON BOLSSO 4040 VILAGE VILAGE DO,351,838723,RUA NAZARE CAVALCANTE 2608 MORADA DO SOL,5983
47921,RUA AMILTON BOLSSO 4040 VILAGE VILAGE DO,351,47275,RUA 0LINTO FOLI 4013 VILAGE DO SOL,9964
47921,RUA AMILTON BOLSSO 4040 VILAGE VILAGE DO,351,789505,RUA PAUDERNEI AVELINO 137 MORADA DO SOL,6303
1130400,RUA JERUSALEM 560 CIDADE NOVA,352,1130400,RUA JERUSALEM 560 CIDADE NOVA,2146
1130400,RUA JERUSALEM 560 CIDADE NOVA,352,1130381,RUA JERUSALEM 476 CIDADE NOVA,900
1130400,RUA JERUSALEM 560 CIDADE NOVA,352,1139390,RUA JURUNAS 490 CIDADE NOVA,4371
1130400,RUA JERUSALEM 560 CIDADE NOVA,352,236303,RUA BOLONHA 5532 CIDADE NOVA,8305
1130400,RUA JERUSALEM 560 CIDADE NOVA,352,1005427,RUA B TRES 301 CIDADE NOVA,8697
336449,AVENIDA SAO JOAO BATISTA 592 CUNHA E E SILVA,353,336449,AVENIDA SAO JOAO BATISTA 592 CUNHA E SILVA,9266
336449,AVENIDA SAO JOAO BATISTA 592 CUNHA E E SILVA,353,334719,AVENIDA JOAO PESSOA 1212 CUNHA E SILVA,7669
336449,AVENIDA SAO JOAO BATISTA 592 CUNHA E E SILVA,353,167934,AVENIDA JOAO BATISTA FIGUEIREDO 3348 BAIRRO UNIAO,5543
336449,AVENIDA SAO JOAO BATISTA 592 CUNHA E E SILVA,353,207764,AVENIDA GETULIO VARGAS 3637 SAO JOAO BOSCO,7975
336449,AVENIDA SAO JOAO BATISTA 592 CUNHA E E SILVA,353,210922,AVENIDA PINHEIRO MACHADO 2803 SAO CRISTOVAO,5989
493392,AVENIDA LEOPOLDO UBLHOES 85 BAIRRO DO ALUMNIO,354,493392,AVENIDA LEOPOLDO BULHOES 85 BAIRRO DO ALUMNIO,8555
493392,AVENIDA LEOPOLDO UBLHOES 85 BAIRRO DO ALUMNIO,354,784833,AVENIDA SOLIMOES 100 BAIRRO BARRO ALTO,5239
493392,AVENIDA LEOPOLDO UBLHOES 85 BAIRRO DO ALUMNIO,354,816550,AVENIDA SENADOR LEOPOLDO PERES 35 BAIRRO CHICO VIEIRA,4582
493392,AVENIDA LEOPOLDO UBLHOES 85 BAIRRO DO ALUMNIO,354,362571,AVENIDA BENNO LUIS GRAEBIM 7 JARDIM ELDORADO,3784
493392,AVENIDA LEOPOLDO UBLHOES 85 BAIRRO DO ALUMNIO,354,425369,AVENIDA TANCREDO NEVES 1488 BAIRRO UNIAO,8613
365398,JURACI CORREIA MULLER 5866 JARDIM ELDkRADO,355,365398,AVENIDA JURACI CORREIA MULLER 5866 JARDIM ELDORADO,9599
365398,JURACI CORREIA MULLER 5866 JARDIM ELDkRADO,355,943164,IGARAPE DO MINDU 3 TANCREDO NEVES,7644
365398,JURACI CORREIA MULLER 5866 JARDIM ELDkRADO,355,48598,RUA ANITA GARIBALDI 2970 TEIXEIRAO,7224
365398,JURACI CORREIA MULLER 5866 JARDIM ELDkRADO,355,316232,RUA VILA NOVA ARTIGAS 3026 JUSCELINO KUBITSCHEK,852
365398,JURACI CORREIA MULLER 5866 JARDIM ELDkRADO,355,265470,RUA IDALVA FRAGA MOREIRA 3035 JUSCELINO KUBITSCHEK,9340
283937,RUA MESTRE VALENTIM 5428 TEIEIRAO TEIXEIRAO,356,283937,RUA MESTRE VALENTIM 5428 TEIXEIRAO,9837
283937,RUA MESTRE VALENTIM 5428 TEIEIRAO TEIXEIRAO,356,55922,RUA LOURIVAL MARTINS VIEIRA 3838 TEIXEIRAO,7923
283937,RUA MESTRE VALENTIM 5428 TEIEIRAO TEIXEIRAO,356,57339,RUA MONTEIRO LOBATO 1768 TEIXEIRAO,382
283937,RUA MESTRE VALENTIM 5428 TEIEIRAO TEIXEIRAO,356,149385,RUA NITEROI 3970 JORGE TEIXEIRA,3616
283937,RUA MESTRE VALENTIM 5428 TEIEIRAO TEIXEIRAO,356,154281,RUA SENA MADUREIRA 3641 JORGE TEIXEIRA,8420
162230,RUA SãO LUIZ 2707 BRASILIA OVA,357,162230,RUA SAO LUIZ 2707 NOVA BRASILIA,2199
162230,RUA SãO LUIZ 2707 BRASILIA OVA,357,162021,RUA SAO LUIZ 841 NOVA BRASILIA,9602
162230,RUA SãO LUIZ 2707 BRASILIA OVA,357,162093,RUA SAO LUIZ 1569 NOVA BRASILIA,3833
162230,RUA SãO LUIZ 2707 BRASILIA OVA,357,162013,RUA SAO LUIZ 738 NOVA BRASILIA,1743
162230,RUA SãO LUIZ 2707 BRASILIA OVA,357,26877,RUA PALMAS 5451 RURAL SAO LUIZ,4627
571234,RUA EDSONF ERREIRA 92 SAO FRANCISCO,358,571234,RUA EDSON FERREIRA 92 SAO FRANCISCO,3104
571234,RUA EDSONF ERREIRA 92 SAO FRANCISCO,358,572677,RUA F FERREIRA 262 SAO FRANCISCO,8439
571234,RUA EDSONF ERREIRA 92 SAO FRANCISCO,358,697284,RUA ROBERTO TEIXEIRA 92 SAO FRANCISCO,768
571234,RUA EDSONF ERREIRA 92 SAO FRANCISCO,358,767365,RUA BARNABE GOMES 55 SAO FRANCISCO II,4432
571234,RUA EDSONF ERREIRA 92 SAO FRANCISCO,358,580725,RUA JOAQUIM MACEDO 73 SAO FRANCISCO,1750
155810,RUA TRuEZE DE SETEMBRO 560 MIGRANTES DO JARDIM,359,155810,RUA TREZE DE SETEMBRO 560 JARDIM DOS MIGRANTES,3770
155810,RUA TRuEZE DE SETEMBRO 560 MIGRANTES DO JARDIM,359,1042581,RUA CINCO DE SETEMBRO 709 JAPIIM,6539
155810,RUA TRuEZE DE SETEMBRO 560 MIGRANTES DO JARDIM,359,312218,RUA TREZE DE SETEMBRO 1538 AREAL,2240
155810,RUA TRuEZE DE SETEMBRO 560 MIGRANTES DO JARDIM,359,757430,RUA QUINZE DE NOVEMBRO 148 CODAJAS,6524
155810,RUA TRuEZE DE SETEMBRO 560 MIGRANTES DO JARDIM,359,155597,RUA TOLEDO 610 BAIRRO JARDIM DOS MIGRANTES,2869
7612,AVrNIDA ANAA 1958 SETOR 01,360,7231,ALAMEDA DO IPE 1818 SETOR 01,611
7612,AVrNIDA ANAA 1958 SETOR 01,360,7398,ALAMEDA PIQUIA 1890 SETOR 01,3078
7612,AVrNIDA ANAA 1958 SETOR 01,360,718204,SERINGAL NOVO ANDIRA 188 PIRA PORA SETOR 12,754
7612,AVrNIDA ANAA 1958 SETOR 01,360,675145,TRAVESSA 13 DE MAIO 642 AGROVILA,5963
7612,AVrNIDA ANAA 1958 SETOR 01,360,627394,TRAVESSA JAGUARI 70 ESTACAO EXPERIMENTAL,1980
31972,RUA TRIyNFO 4241 SETOR 09,361,31972,RUA TRIUNFO 4241 SETOR 09,3849
31972,RUA TRIyNFO 4241 SETOR 09,361,32037,RUA TRIUNFO 4610 SETOR 09,3139
31972,RUA TRIyNFO 4241 SETOR 09,361,23274,RUA LAJES 4218 SETOR 09,1579
31972,RUA TRIyNFO 4241 SETOR 09,361,118939,RUA MARECHAL RONDON 3541 SETOR 01,7928
31972,RUA TRIyNFO 4241 SETOR 09,361,12002,RUA ALTO PARAISO 2067 SETOR 04,9279
899604,AVENIxA URUCAA 1416 CACHOEIRINHhA,362,722079,RIO AUTAZ ACU 476 LIMAO,7705
899604,AVENIxA URUCAA 1416 CACHOEIRINHhA,362,973259,RUA 7 4 PARQUE 10 CONJ SHANGRI LA 4,6573
899604,AVENIxA URUCAA 1416 CACHOEIRINHhA,362,888523,AVENIDA PENETRACAO UM 1311 JAPIIM,1022
899604,AVENIxA URUCAA 1416 CACHOEIRINHhA,362,924312,BECO NONATO 2370 CACHOEIRINHA,8063
899604,AVENIxA URUCAA 1416 CACHOEIRINHhA,362,909633,BECO AJURICABA 37 CACHOEIRINHA,301
353283,RUA JAwGUARkBE 4698 CENTOR,363,645945,RUA B 2678 AMOTI,6220
353283,RUA JAwGUARkBE 4698 CENTOR,363,290331,RUA PANTEON 7205 TEIXEIRAO,6697
353283,RUA JAwGUARkBE 4698 CENTOR,363,270265,RUA JK 4635 CALADINHO,2011
353283,RUA JAwGUARkBE 4698 CENTOR,363,801696,RUA GASPAR MAIA 782 JAUARY I,497
353283,RUA JAwGUARkBE 4698 CENTOR,363,801691,RUA GASPAR MAIA 770 JAUARY I,7647
358865,wAVENIDA B1 B1 35 BAIRROD  ASAUDE,364,358865,AVENIDA B1 35 BAIRRO DA SAUDE,3628
358865,wAVENIDA B1 B1 35 BAIRROD  ASAUDE,364,537378,AVENIDA CEARA 2994 BOSQUE,2876
358865,wAVENIDA B1 B1 35 BAIRROD  ASAUDE,364,537154,AVENIDA CEARA 506 HABITASA,5085
358865,wAVENIDA B1 B1 35 BAIRROD  ASAUDE,364,852707,AVENIDA A 660 LAGO AZUL,664
358865,wAVENIDA B1 B1 35 BAIRROD  ASAUDE,364,9118,AVENIDA JARU 3083 BNH,9956
459073,RUA PRINCESA IZABEL 4648 CIDADE kALfA,365,459073,RUA PRINCESA IZABEL 4648 CIDADE ALTA,9520
459073,RUA PRINCESA IZABEL 4648 CIDADE kALfA,365,455142,RUA PRINCESA IZABEL 770 NOVA ESPERANCA,7553
459073,RUA PRINCESA IZABEL 4648 CIDADE kALfA,365,516039,RUA ARICURI 1512 ZENAIDE PAIVA,830
459073,RUA PRINCESA IZABEL 4648 CIDADE kALfA,365,48254,RUA ANISIO SERRAO 976 PRINCESA ISABEL,1927
459073,RUA PRINCESA IZABEL 4648 CIDADE kALfA,365,48279,RUA ANISIO SERRAO 1190 PRINCESA ISABEL,2434
436029,RUw SABIã 2654 SETOR 07,366,436031,RUA SABIA 2750 SETOR 07,4646
436029,RUw SABIã 2654 SETOR 07,366,31257,RUA SIRIUS 4907 RURAL,5021
436029,RUw SABIã 2654 SETOR 07,366,37008,RUA SIRIUS 4973 RURAL,8999
436029,RUw SABIã 2654 SETOR 07,366,436029,RUA SABIA 2654 SETOR 07,504
436029,RUw SABIã 2654 SETOR 07,366,114650,RUA PARA 1113 SETOR 03,7343
365263,AVENIDA JOSE JOSE DO PATROxINIO 4381 xENTRO,367,100432,AVENIDA PEDRO ELEOTHERIO 1328 TAMANDARE,6837
365263,AVENIDA JOSE JOSE DO PATROxINIO 4381 xENTRO,367,609173,RUA VETERANO R PINTO 453 MANOEL JULIAO,385
365263,AVENIDA JOSE JOSE DO PATROxINIO 4381 xENTRO,367,620430,RUA VETERANO R PINTO 136 MANOEL JULIAO,2055
365263,AVENIDA JOSE JOSE DO PATROxINIO 4381 xENTRO,367,100424,AVENIDA PEDRO ELEOTHERIO 1214 TAMANDARE,9841
365263,AVENIDA JOSE JOSE DO PATROxINIO 4381 xENTRO,367,538894,AVENIDA GETULIO VARGAS 2406 BOSQUE,3161
1124496,dUA J 131 NOVO TEIXEIRA JORGE BAIRO COMUNIDADE,368,1124496,RUA J 131 JORGE TEIXEIRA COMUNIDADE BAIRRO NOVO,458
1124496,dUA J 131 NOVO TEIXEIRA JORGE BAIRO COMUNIDADE,368,967192,RUA 38 121 COMUNIDADE PORTELINHA SAO JOSE 2,9806
1124496,dUA J 131 NOVO TEIXEIRA JORGE BAIRO COMUNIDADE,368,990773,RUA AMBE 90 JORGE TEIXEIRA COMUNIDADE VAL PARAISO,4419
1124496,dUA J 131 NOVO TEIXEIRA JORGE BAIRO COMUNIDADE,368,1017442,RUA BOCA DO ACRE 64 TANCREDO NEVES COMUNIDADE NOVA CONQUIST,8829
1124496,dUA J 131 NOVO TEIXEIRA JORGE BAIRO COMUNIDADE,368,968509,RUA 41 192 COMUNIDADE PORTELINHA SAO JOSE 2,4804
950263,RUA 114 19 NOVrA CIDADE,369,950263,RUA 114 19 NOVA CIDADE,8582
950263,RUA 114 19 NOVrA CIDADE,369,972944,RUA 67 19 NOVA CIDADE,1581
950263,RUA 114 19 NOVrA CIDADE,369,968495,RUA 41 24 NOVA CIDADE,2154
950263,RUA 114 19 NOVrA CIDADE,369,955193,RUA 166 24 NOVA CIDADE,4829
950263,RUA 114 19 NOVrA CIDADE,369,959417,RUA 205 A 42 NOVA CIDADE,408
343626,AVENIDA FORTALEZA 3497 CENTEARkO,370,343626,AVENIDA FORTALEZA 3497 CENTENARIO,6152
343626,AVENIDA FORTALEZA 3497 CENTEARkO,370,348628,AVENIDA TEREZINA 5435 PLANALTO,2769
343626,AVENIDA FORTALEZA 3497 CENTEARkO,370,343799,AVENIDA FORTALEZA 5477 CENTRO,8306
343626,AVENIDA FORTALEZA 3497 CENTEARkO,370,348036,AVENIDA SALVADOR 3904 CENTENARIO,9720
343626,AVENIDA FORTALEZA 3497 CENTEARkO,370,342469,AVENIDA CUIABA 3290 CENTENARIO,9143
195085,VAENIDA RAIMUNDO RAIMUNDO SOARES 1084 VILA NOVA,371,195085,AVENIDA RAIMUNDO SOARES 1084 VILA NOVA,5206
195085,VAENIDA RAIMUNDO RAIMUNDO SOARES 1084 VILA NOVA,371,195077,AVENIDA RAIMUNDO SOARES 1020 VILA NOVA,8652
195085,VAENIDA RAIMUNDO RAIMUNDO SOARES 1084 VILA NOVA,371,58882,RUA RAIMUNDO FAUSTINO FILHO 3896 VILAGE DO SOL,4460
195085,VAENIDA RAIMUNDO RAIMUNDO SOARES 1084 VILA NOVA,371,212209,AVENIDA RAIMUNDO CANTUARIA 7740 TANCREDO NEVES,3308
195085,VAENIDA RAIMUNDO RAIMUNDO SOARES 1084 VILA NOVA,371,58854,RUA RAIMUNDO FAUSTINO FILHO 3745 VILLAGE DO SOL II,7496
138536,RúA DO DO JASMIM 2052 BAIRRO5ANTIAGO,372,770452,RUA DO IGARAPE GRANDE 18 GUAJARA,1884
138536,RúA DO DO JASMIM 2052 BAIRRO5ANTIAGO,372,138638,RUA DO JASMIM 2628 BAIRRO SANTIAGO,619
138536,RúA DO DO JASMIM 2052 BAIRRO5ANTIAGO,372,1077235,RUA DO IGARAPE 1290 NOVO ALEIXO,8818
138536,RúA DO DO JASMIM 2052 BAIRRO5ANTIAGO,372,142556,RUA IAPU 1785 NOVO JIPARANA,4665
138536,RúA DO DO JASMIM 2052 BAIRRO5ANTIAGO,372,701930,RUA ALONSO IPUCHIMA 95 JAVARIZINHO,8973
542528,BCEO SEM DENOMINACAO 2 392 6 DE BAIRRO AGOSTO,373,542528,BECO SEM DENOMINACAO 2 392 BAIRRO 6 DE AGOSTO,413
542528,BCEO SEM DENOMINACAO 2 392 6 DE BAIRRO AGOSTO,373,489086,BECO SEM DENOMINACAO 306 PARAISO,5784
542528,BCEO SEM DENOMINACAO 2 392 6 DE BAIRRO AGOSTO,373,416989,LINHA SEM DENOMINACAO 112 PA RIO ALTO,4927
542528,BCEO SEM DENOMINACAO 2 392 6 DE BAIRRO AGOSTO,373,35935,LINHA SEM DENOMINACAO 3 POVOADO D 4 CACHOEIRA,3087
542528,BCEO SEM DENOMINACAO 2 392 6 DE BAIRRO AGOSTO,373,542406,BECO SEM DENOMINACAO 254 SOBRAL,9564
596073,RUA PRIMEIRO DE ABRIL 168 BAO UNíAO,374,596073,RUA PRIMEIRO DE ABRIL 168 BOA UNIAO,9682
596073,RUA PRIMEIRO DE ABRIL 168 BAO UNíAO,374,1020861,RUA BRASIL 140 SAO LAZARO,8550
596073,RUA PRIMEIRO DE ABRIL 168 BAO UNíAO,374,1131969,RUA JOAO LIBERAL 95 CIDADE NOVA,5617
596073,RUA PRIMEIRO DE ABRIL 168 BAO UNíAO,374,586353,RUA MANOEL RIBEIRO 40 BOA UNIAO,7912
596073,RUA PRIMEIRO DE ABRIL 168 BAO UNíAO,374,980007,RUA ABRAAO CARDOSO 24 COMPENSA,3483
188874,RUA SOBRAL PINTO 67 BELA FOLRSTA,375,188874,RUA SOBRAL PINTO 67 BELA FLORESTA,7685
188874,RUA SOBRAL PINTO 67 BELA FOLRSTA,375,243778,RUA COIMBRA 5097 FLODOALDO PONTES PINTO,9336
188874,RUA SOBRAL PINTO 67 BELA FOLRSTA,375,47275,RUA 0LINTO FOLI 4013 VILAGE DO SOL,9964
188874,RUA SOBRAL PINTO 67 BELA FOLRSTA,375,153427,RUA SEABRA VIEIRA 1119 NOVA COLINA,9789
188874,RUA SOBRAL PINTO 67 BELA FOLRSTA,375,1001549,RUA AURORA REGO 135 SANTA ITELVINA,9090
937069,BECO BECO JORGE 92 ALVORADA,376,937069,BECO SAO JORGE 92 ALVORADA,2737
937069,BECO BECO JORGE 92 ALVORADA,376,929852,BECO SARAIVA 86 ALEIXO,3902
937069,BECO BECO JORGE 92 ALVORADA,376,701190,BECO 30 16 JAVARIZINHO,5786
937069,BECO BECO JORGE 92 ALVORADA,376,934616,BECO SANTA RITA 1007 COROADO,7523
937069,BECO BECO JORGE 92 ALVORADA,376,701208,BECO 30 101 JAVARIZINHO,7774
118722,RUA GOVERNADORw JORGE TEXIEIRA 1046 SETOR 03,377,118722,RUA GOVERNADOR JORGE TEIXEIRA 1046 SETOR 03,160
118722,RUA GOVERNADORw JORGE TEXIEIRA 1046 SETOR 03,377,112427,RUA JORGE TEIXEIRA 1641 SETOR 07,5673
118722,RUA GOVERNADORw JORGE TEXIEIRA 1046 SETOR 03,377,112382,RUA JORGE TEIXEIRA 1201 SETOR 04,5444
118722,RUA GOVERNADORw JORGE TEXIEIRA 1046 SETOR 03,377,112369,RUA JORGE TEIXEIRA 977 SETOR 07,6964
118722,RUA GOVERNADORw JORGE TEXIEIRA 1046 SETOR 03,377,320542,RUA GOVERNADOR ARI MARCOS 1280 AGENOR M DE CARVALHO,8360
430970,LNIHA 3 ZONA RURAL,378,430970,LINHA PEMAZA 3 ZONA RURAL,9081
430970,LNIHA 3 ZONA RURAL,378,462943,LINHA 43 1 ZONA RURAL,2347
430970,LNIHA 3 ZONA RURAL,378,462506,LINHA 101 5 ZONA RURAL,5632
430970,LNIHA 3 ZONA RURAL,378,120497,LINHA 619 2 ZONA RURAL,4045
430970,LNIHA 3 ZONA RURAL,378,120513,LINHA 619 6 ZONA RURAL,7412
245317,RUAi CURITIBA 2942 CALADINHO,379,245317,RUA CURITIBA 2942 CALADINHO,7846
245317,RUAi CURITIBA 2942 CALADINHO,379,265847,RUA IMBITUBA 2953 CALADINHO,9984
245317,RUAi CURITIBA 2942 CALADINHO,379,245517,RUA CURITIBA 4103 CALADINHO,7548
245317,RUAi CURITIBA 2942 CALADINHO,379,245335,RUA CURITIBA 3072 CALADINHO,9230
245317,RUAi CURITIBA 2942 CALADINHO,379,245501,RUA CURITIBA 4013 CALADINHO,4439
344818,AVENIDA MACpAPA 6214 SAO CRI5TOVAO,380,344818,AVENIDA MACAPA 6214 SAO CRISTOVAO,7303
344818,AVENIDA MACpAPA 6214 SAO CRI5TOVAO,380,345119,AVENIDA MACEIO 6226 SAO CRISTOVAO,6114
344818,AVENIDA MACpAPA 6214 SAO CRI5TOVAO,380,341194,AVENIDA ARACAJU 6172 SAO CRISTOVAO,5755
344818,AVENIDA MACpAPA 6214 SAO CRI5TOVAO,380,773241,RUA ACAR 1495 SAO CRISTOVAO,9159
344818,AVENIDA MACpAPA 6214 SAO CRI5TOVAO,380,346849,AVENIDA PARANA 6204 SAO CRISTOVAO,3440
156341,RUA TUBARAO 1740 CAFEZINnHO,381,156341,RUA TUBARAO 1740 CAFEZINHO,9291
156341,RUA TUBARAO 1740 CAFEZINnHO,381,290331,RUA PANTEON 7205 TEIXEIRAO,6697
156341,RUA TUBARAO 1740 CAFEZINnHO,381,154957,RUA TARAUACA 3183 CAFEZINHO,1371
156341,RUA TUBARAO 1740 CAFEZINnHO,381,241356,RUA CASTILHO 8475 TEIXEIRAO,5090
156341,RUA TUBARAO 1740 CAFEZINnHO,381,60887,RUA UIRAPURU 2999 TEIXEIRAO,5284
936933,BEiO SAO JOAQUIM 9 MORRO DA LIBEDADE,382,936933,BECO SAO JOAQUIM 9 MORRO DA LIBEDADE,9121
936933,BEiO SAO JOAQUIM 9 MORRO DA LIBEDADE,382,936961,BECO SAO JOAQUIM 22 MORRO DA LIBEDADE,1438
936933,BEiO SAO JOAQUIM 9 MORRO DA LIBEDADE,382,937341,BECO SAO JOSE 20 MORRO DA LIBERDADE,782
936933,BEiO SAO JOAQUIM 9 MORRO DA LIBEDADE,382,935356,BECO SAO DOMINGOS 20 MORRO DA LIBERDADE,1500
936933,BEiO SAO JOAQUIM 9 MORRO DA LIBEDADE,382,937919,BECO SAO JOSE 369 MORRO DA LIBERDADE,9307
332841,STîO DO JOSIAS 13 TRAVESSA EUCLIDES CUNHA,383,332841,SITIO DO JOSIAS 13 TRAVESSA EUCLIDES DA CUNHA,5180
332841,STîO DO JOSIAS 13 TRAVESSA EUCLIDES CUNHA,383,628174,TRAVESSA JOSE CARLOS 11 SANTA INES,2967
332841,STîO DO JOSIAS 13 TRAVESSA EUCLIDES CUNHA,383,332687,SITIO ALTO ALEGRE 8 TRAVESSA EUCLIDES DA CUNHA,4512
332841,STîO DO JOSIAS 13 TRAVESSA EUCLIDES CUNHA,383,709687,TRAVESSA ANTONIO PAULINO 88 MENINO DEUS DO RIO CURUCA,4746
332841,STîO DO JOSIAS 13 TRAVESSA EUCLIDES CUNHA,383,620989,TRAVESSA AIRTON SENA 84 TANCREDO NEVES,1642
679646,NOVA IiTALIA 83 IGARAPE ACURUI,384,679646,RUA NOVA ITALIA 83 IGARAPE ACURUI,8050
679646,NOVA IiTALIA 83 IGARAPE ACURUI,384,722616,RIO IGAPO ACU 348 JUTAI,2448
679646,NOVA IiTALIA 83 IGARAPE ACURUI,384,722079,RIO AUTAZ ACU 476 LIMAO,7705
679646,NOVA IiTALIA 83 IGARAPE ACURUI,384,740614,RIO APIPICA 2 ALDEIA JUTAI,5232
679646,NOVA IiTALIA 83 IGARAPE ACURUI,384,783689,IGARAPE RIOZINHO 46 ALDEIA INDIGENA PIAU,6855
884655,AVENIDA MAUES 1136 CACHOERINHA,385,884655,AVENIDA MAUES 1136 CACHOERINHA,1121
884655,AVENIDA MAUES 1136 CACHOERINHA,385,884534,AVENIDA MAUES 608 CACHOEIRINHA,5992
884655,AVENIDA MAUES 1136 CACHOERINHA,385,884416,AVENIDA MAUES 237 CACHOEIRINHA,1662
884655,AVENIDA MAUES 1136 CACHOERINHA,385,884729,AVENIDA MAUES 1695 CACHOEIRINHA,9231
884655,AVENIDA MAUES 1136 CACHOERINHA,385,884561,AVENIDA MAUES 702 CACHOEIRINHA,8167
1011021,RUA EBA VISTA 117 CIcADED E DEUS,386,1088979,RUA E 56 CIDADE DE DEUS,3335
1011021,RUA EBA VISTA 117 CIcADED E DEUS,386,1129990,RUA JERUSALEM 18 COROADO,5934
1011021,RUA EBA VISTA 117 CIcADED E DEUS,386,1130158,RUA JERUSALEM 41 COROADO,6093
1011021,RUA EBA VISTA 117 CIcADED E DEUS,386,1085979,RUA DOZE 49 ALVORADA I,7276
1011021,RUA EBA VISTA 117 CIcADED E DEUS,386,330277,RUA 54A 10 NOVA MUTUM,5805
78902,LIHA QUATRO 9 LINH QUATRO,387,78902,LINHA QUATRO 9 LINHA QUATRO,9966
78902,LIHA QUATRO 9 LINH QUATRO,387,78912,LINHA QUATRO 11 LINHA QUATRO,5873
78902,LIHA QUATRO 9 LINH QUATRO,387,165370,LINHA QUINTA 79 LINHA QUARTINHA,8285
78902,LIHA QUATRO 9 LINH QUATRO,387,78956,LINHA SEGUNDA EIXO 12 SEGUNDA EIXO,2824
78902,LIHA QUATRO 9 LINH QUATRO,387,78971,LINHA SEGUNDA EIXO 14 SEGUNDA EIXO,341
968443,RUA 41 6 NOVACIDAD,388,947673,RUA 1 34 ALVORADA,426
968443,RUA 41 6 NOVACIDAD,388,947956,RUA 1 114 ALVORADA,864
968443,RUA 41 6 NOVACIDAD,388,947974,RUA 1 120 ALVORADA,7045
968443,RUA 41 6 NOVACIDAD,388,965248,RUA 3 18 COROADO,8288
968443,RUA 41 6 NOVACIDAD,388,947926,RUA 1 102 ALEIXO,1807
172995,TRAVESSA TERRA 2832 ByAIRRO BOM FUTURO,389,172995,TRAVESSA TERRA 2832 BAIRRO BOM FUTURO,6190
172995,TRAVESSA TERRA 2832 ByAIRRO BOM FUTURO,389,622629,TRAVESSA BURITI 277 BAIRRO VILA ACRE,7782
172995,TRAVESSA TERRA 2832 ByAIRRO BOM FUTURO,389,1089550,RUA E CASSIA PISTOLO 79 CIDADE NOVA,9233
172995,TRAVESSA TERRA 2832 ByAIRRO BOM FUTURO,389,1045119,RUA CIRCULAR 2 70 NOVO ALEIXO,3780
172995,TRAVESSA TERRA 2832 ByAIRRO BOM FUTURO,389,1027403,RUA CAMPO DO ROMA 2 NOVO ALEIXO,5762
747743,RUA LEONILHA DOS SANTOS 542 LIBERDADE,390,747743,RUA LEONILHA DOS SANTOS 542 LIBERDADE,4225
747743,RUA LEONILHA DOS SANTOS 542 LIBERDADE,390,90972,RUA VALDA VIEIRA DOS SANTOS 2089 LIBERDADE,6464
747743,RUA LEONILHA DOS SANTOS 542 LIBERDADE,390,838756,RUA NINFAIDE CASTRO 1020 LIBERDADE,7430
747743,RUA LEONILHA DOS SANTOS 542 LIBERDADE,390,512617,RUA MARIA RAIMUNDA CHAVES 241 LIBERDADE,6860
747743,RUA LEONILHA DOS SANTOS 542 LIBERDADE,390,231441,RUA ARISTIDES SANTOS 7138 LAGOINHA,2003
687136,RUA COSToA E SILVA 221 CETNRO,391,687136,RUA COSTA E SILVA 221 CENTRO,6584
687136,RUA COSToA E SILVA 221 CETNRO,391,646331,RUA COSTA E SILVA 1270 CENTRO,4926
687136,RUA COSToA E SILVA 221 CETNRO,391,646338,RUA COSTA E SILVA 1270 CENTRO,9629
687136,RUA COSToA E SILVA 221 CETNRO,391,687141,RUA COSTA E SILVA 227 CENTRO,2886
687136,RUA COSToA E SILVA 221 CETNRO,391,69899,RUA COSTA E SILVA 2130 CENTRO,2987
1136665,RUA JOSE LINDOSO 152 CIDADE NOVA,392,1136665,RUA JOSE LINDOSO 152 CIDADE NOVA,9184
1136665,RUA JOSE LINDOSO 152 CIDADE NOVA,392,1097347,RUA FABIO LUCENA 75 CIDADE NOVA,8878
1136665,RUA JOSE LINDOSO 152 CIDADE NOVA,392,790456,RUA SILVINO SANTOS 145 CIDADE NOVA,6665
1136665,RUA JOSE LINDOSO 152 CIDADE NOVA,392,1136634,RUA JOSE LINDOSO 70 BELA VISTA,2151
1136665,RUA JOSE LINDOSO 152 CIDADE NOVA,392,1007104,RUA BARBOSA FILHO 138 CIDADE NOVA,146
541082,BECO CANTINHO DO AMOR 25 AVIARIO,393,541082,BECO CANTINHO DO AMOR 25 AVIARIO,2435
541082,BECO CANTINHO DO AMOR 25 AVIARIO,393,916250,BECO DA AMIZADE 8 PETROPLIS,918
541082,BECO CANTINHO DO AMOR 25 AVIARIO,393,915196,BECO CELESTINO 23 CACHOEIRINHA,8479
541082,BECO CANTINHO DO AMOR 25 AVIARIO,393,910099,BECO AMAZONAS 21 ALVORADA,3364
541082,BECO CANTINHO DO AMOR 25 AVIARIO,393,920980,BECO IGARAPE 27 COMPENSA,7408
194476,AVENIDAJ OAO PESSOA 1333 NOVA,394,74522,AVENIDA SOLIMOES 3613 JO SATO,5869
194476,AVENIDAJ OAO PESSOA 1333 NOVA,394,194476,AVENIDA JOAO PESSOA 1333 NOVA PIMENTA,3695
194476,AVENIDAJ OAO PESSOA 1333 NOVA,394,194455,AVENIDA JOAO PESSOA 1062 NOVA PIMENTA,6001
194476,AVENIDAJ OAO PESSOA 1333 NOVA,394,491932,AVENIDA AFONSO PENA 640 JOAO ALVES,6029
194476,AVENIDAJ OAO PESSOA 1333 NOVA,394,539469,AVENIDA NACOES UNIDAS 1381 BOSQUE,2320
966935,RUA 36 23 NOVA CIDADE,395,966935,RUA 36 23 CIDADE NOVA,6722
966935,RUA 36 23 NOVA CIDADE,395,962519,RUA 24 12 NOVA CIDADE,5777
966935,RUA 36 23 NOVA CIDADE,395,966533,RUA 33 13 NOVA CIDADE,7820
966935,RUA 36 23 NOVA CIDADE,395,966572,RUA 33 19 NOVA CIDADE,6156
966935,RUA 36 23 NOVA CIDADE,395,966578,RUA 33 20 NOVA CIDADE,6669
532854,RAMAL EIPTACIi 32 COMUNïDADE SOA VICENTE,396,758981,COMUNIDADE TAPIIRA 1 21 CODAJAS,1947
532854,RAMAL EIPTACIi 32 COMUNïDADE SOA VICENTE,396,758575,COMUNIDADE ARPAUBA 10 PARANA BADAJOS,5292
532854,RAMAL EIPTACIi 32 COMUNïDADE SOA VICENTE,396,759493,LAGO MIUA 5 COMUNIDADE COPO,675
532854,RAMAL EIPTACIi 32 COMUNïDADE SOA VICENTE,396,704088,COMUNIDADE BOM PASTOR 2 24 SURURUA,4877
532854,RAMAL EIPTACIi 32 COMUNïDADE SOA VICENTE,396,758567,COMUNIDADE ARPAUBA 2 PARANA BADAJOS,4846
961602,R0UA 225 31 CIDADE NOVA,397,955296,RUA 17 22 CIDADE NOVA,9677
961602,R0UA 225 31 CIDADE NOVA,397,961984,RUA 230 21 CIDADE NOVA,1957
961602,R0UA 225 31 CIDADE NOVA,397,960209,RUA 210 9 NOVA CIDADE,723
961602,R0UA 225 31 CIDADE NOVA,397,962139,RUA 234 22 CIDADE NOVA,133
961602,R0UA 225 31 CIDADE NOVA,397,957223,RUA 19 210 CIDADE NOVA,1378
650055,RAMAL GADELHA 102 None,398,650055,RAMAL GADELHA 102 None,8429
650055,RAMAL GADELHA 102 None,398,650267,RAMAL MULUNGU 1 None,1099
650055,RAMAL GADELHA 102 None,398,650304,RAMAL MULUNGU 37 None,3026
650055,RAMAL GADELHA 102 None,398,508246,RAMAL AGROVILA 1151 None,8474
650055,RAMAL GADELHA 102 None,398,650924,RAMAL TREIS MARIA 3662 None,3404
767365,RUA BARNABE BARmNABE GOMES 55 FRANCISpCO II SAO,399,767365,RUA BARNABE GOMES 55 SAO FRANCISCO II,4432
767365,RUA BARNABE BARmNABE GOMES 55 FRANCISpCO II SAO,399,767577,RUA BELARMINO LINS 26 SAO FRANCISCO II,5438
767365,RUA BARNABE BARmNABE GOMES 55 FRANCISpCO II SAO,399,768001,RUA BOULEVARD ALVARO MAIA 3 27 SAO FRANCISCO I,5923
767365,RUA BARNABE BARmNABE GOMES 55 FRANCISpCO II SAO,399,534202,RUA ESTEVAO BARBARY 54 PORTO WALTER,638
767365,RUA BARNABE BARmNABE GOMES 55 FRANCISpCO II SAO,399,735034,RUA RAIMUNDO CAVALCANTE 86 SEBASTIAO BORGES,4467
1118652,RUA INGLATERRA 1211 FLORES,400,1118652,RUA INGLATERRA 1211 FLORES,6509
1118652,RUA INGLATERRA 1211 FLORES,400,1122261,RUA ITALIA 321 FLORES,3612
1118652,RUA INGLATERRA 1211 FLORES,400,1001781,RUA AUSTRIA 430 FLORES,4010
1118652,RUA INGLATERRA 1211 FLORES,400,266389,RUA INGLATERRA 4173 IGARAPE,5580
1118652,RUA INGLATERRA 1211 FLORES,400,311001,RUA TIRIRICA 644 FLORESTA,8708
93600,AVENIAD 13 DE SETEMBRO 576 TAMANDARE,401,915579,BECO CINCO DE SETEMBRO 2 386 JAPIIM,4017
93600,AVENIAD 13 DE SETEMBRO 576 TAMANDARE,401,93600,AVENIDA 13 DE SETEMBRO 576 TAMANDARE,7058
93600,AVENIAD 13 DE SETEMBRO 576 TAMANDARE,401,701241,BECO 5 DE SETEMBRO 103 JAVARIZINHO,59
93600,AVENIAD 13 DE SETEMBRO 576 TAMANDARE,401,119713,TRAVESSA PRIMEIRO DE MAIO 2160 TARILANDIA,3105
93600,AVENIAD 13 DE SETEMBRO 576 TAMANDARE,401,795294,AVENIDA SETE DE SETEMBRO 1385 IRACY,1846
224640,RUâ ALGODOsIRO 4010 SUL,402,476921,PORTO DIAS 60 SERINGAL TRIUNFO,1772
224640,RUâ ALGODOsIRO 4010 SUL,402,290331,RUA PANTEON 7205 TEIXEIRAO,6697
224640,RUâ ALGODOsIRO 4010 SUL,402,524077,RAMAL ALTO PENTENCOSTE 214 PARANA,5186
224640,RUâ ALGODOsIRO 4010 SUL,402,722079,RIO AUTAZ ACU 476 LIMAO,7705
224640,RUâ ALGODOsIRO 4010 SUL,402,235826,RUA BIDU SAIAO 6439 APONIA,3980
364485,AVENIDA FLORIANOPOLIS OU 2005 7809 SETOR ZICO OUg 26,403,364485,AVENIDA FLORIANOPOLIS OU 2005 7809 SETOR ZICO OU 26,8975
364485,AVENIDA FLORIANOPOLIS OU 2005 7809 SETOR ZICO OUg 26,403,364470,AVENIDA FLORIANOPOLIS OU 2005 7528 SETOR ZICO OU 26,9477
364485,AVENIDA FLORIANOPOLIS OU 2005 7809 SETOR ZICO OUg 26,403,364596,AVENIDA GOIAS OU 2009 7646 SETOR ZICO OU 26,6851
364485,AVENIDA FLORIANOPOLIS OU 2005 7809 SETOR ZICO OUg 26,403,364782,AVENIDA JASMIM OU 1703 2093 JARDIM PRIMAVERA,1163
364485,AVENIDA FLORIANOPOLIS OU 2005 7809 SETOR ZICO OUg 26,403,378581,RUA JOSE BONIFACIO 2312 SETOR ZICO OU 26,8018
110008,RU CASTRO ALVESf 3537 S T60,404,358270,LINHA 200 SUL 11 ROLIM DE MOURA,2831
110008,RU CASTRO ALVESf 3537 S T60,404,358247,LINHA 200 SUL 5 ROLIM DE MOURA,6388
110008,RU CASTRO ALVESf 3537 S T60,404,643729,RAMAL TIRIRICA 2280 R0DRIGUES ALVES,5283
110008,RU CASTRO ALVESf 3537 S T60,404,358178,LINHA 200 NORTE 4 ROLIM DE MOURA,1956
110008,RU CASTRO ALVESf 3537 S T60,404,643703,RAMAL TIRIRICA 12 R0DRIGUES ALVES,1410
1055368,RUA D CINCO CImCO 1966 JAIPM,405,1055368,RUA D CINCO 1966 JAPIIM,6185
1055368,RUA D CINCO CImCO 1966 JAIPM,405,1024981,RUA C SEIS 1732 JAPIIM,432
1055368,RUA D CINCO CImCO 1966 JAIPM,405,1040197,RUA CINCO 86 ALVORADA I,7546
1055368,RUA D CINCO CImCO 1966 JAIPM,405,1130158,RUA JERUSALEM 41 COROADO,6093
1055368,RUA D CINCO CImCO 1966 JAIPM,405,1071530,RUA DEZESSEIS 58 JAPIIM,1480
599814,RUA RI0 GRANDE DO SULu 1327 PREVENOfRIO,406,599872,RUA RIO GRANDE DO SUL 2013 PREVENTORIO,6892
599814,RUA RI0 GRANDE DO SULu 1327 PREVENOfRIO,406,599814,RUA RIO GRANDE DO SUL 1327 PREVENTORIO,1003
599814,RUA RI0 GRANDE DO SULu 1327 PREVENOfRIO,406,599758,RUA RIO GRANDE DO SUL 962 PREVENTORIO,9431
599814,RUA RI0 GRANDE DO SULu 1327 PREVENOfRIO,406,599699,RUA RIO GRANDE DO SUL 400 PREVENTORIO,5526
599814,RUA RI0 GRANDE DO SULu 1327 PREVENOfRIO,406,379397,RUA MARANHAO 2197 PARQUE IND NOVO TEMPO,4038
800135,RUA CHBILY ABARHIM 1254 JAUARIc II,407,800135,RUA CHIBLY ABRAHIM 1254 JAUARI II,7601
800135,RUA CHBILY ABARHIM 1254 JAUARIc II,407,801105,RUA ERNESTO THALHEIMER 1287 JAUARI II,6422
800135,RUA CHBILY ABARHIM 1254 JAUARIc II,407,225023,RUA ALTEMAR DUTRA 3114 JUSCELINO KUBITSCHEK,5976
800135,RUA CHBILY ABARHIM 1254 JAUARIc II,407,138189,RUA DIVINO TAQUARI 1758 NOVA BRASILIA,3330
800135,RUA CHBILY ABARHIM 1254 JAUARIc II,407,48598,RUA ANITA GARIBALDI 2970 TEIXEIRAO,7224
267943,RUãp JACO AIRES 4219 CALwADINHO CALwADINHO,408,267943,RUA JACO AIRES 4219 CALADINHO,1594
267943,RUãp JACO AIRES 4219 CALwADINHO CALwADINHO,408,705317,BECO DO JUNHO 60 RIBERINHO,4035
267943,RUãp JACO AIRES 4219 CALwADINHO CALwADINHO,408,216190,BECO ACARA 2346 NOVA FLORESTA,1475
267943,RUãp JACO AIRES 4219 CALwADINHO CALwADINHO,408,643474,RAMAL PARANA DOS MOURAS 74 LUZEIRO2,72
267943,RUãp JACO AIRES 4219 CALwADINHO CALwADINHO,408,705315,BECO DO JUNHO 56 RIBERINHO,7037
926590,BECOg RO MAR 84 COnL0NIA ANTONIO ALEIXO,409,926590,BECO RIO MAR 84 COLONIA ANTONIO ALEIXO,9177
926590,BECOg RO MAR 84 COnL0NIA ANTONIO ALEIXO,409,926582,BECO RIO MAR 4 COLONIA ANTONIO ALEIXO,5687
926590,BECOg RO MAR 84 COnL0NIA ANTONIO ALEIXO,409,914242,BECO BURITI 219 COLONIA ANTONIO ALEIXO,8868
926590,BECOg RO MAR 84 COnL0NIA ANTONIO ALEIXO,409,915253,BECO CENTRAL 16 COLONIA ANTONIO ALEIXO,5637
926590,BECOg RO MAR 84 COnL0NIA ANTONIO ALEIXO,409,915264,BECO CENTRAL 34 COLONIA ANTONIO ALEIXO,1782
322112,RUA PADRE CHIQHINHO 2693 LIBRDADE,410,322112,RUA PADRE CHIQHINHO 2693 LIBERDADE,5122
322112,RUA PADRE CHIQHINHO 2693 LIBRDADE,410,322057,RUA PADRE CHIQHINHO 2593 LIBERDADE,1329
322112,RUA PADRE CHIQHINHO 2693 LIBRDADE,410,322046,RUA PADRE CHIQHINHO 2494 LIBERDADE,4098
322112,RUA PADRE CHIQHINHO 2693 LIBRDADE,410,322321,RUA PADRE CHIQUINHO 1221 PEDRINHAS,6931
322112,RUA PADRE CHIQHINHO 2693 LIBRDADE,410,322317,RUA PADRE CHIQUINHO 935 PEDRINHAS,2909
9408,AVENIDA JUSCELINO KUBITSCHEK 4054 SETOR 06,411,9408,AVENIDA JUSCELINO KUBITSCHEK 4054 SETOR 06,1906
9408,AVENIDA JUSCELINO KUBITSCHEK 4054 SETOR 06,411,396810,AVENIDA JUSCELINO KUBITSCHEK 5954 CENTRO,6373
9408,AVENIDA JUSCELINO KUBITSCHEK 4054 SETOR 06,411,396770,AVENIDA JUSCELINO KUBITSCHEK 5458 CENTRO,9323
9408,AVENIDA JUSCELINO KUBITSCHEK 4054 SETOR 06,411,816244,AVENIDA JUSCELINO KUBITSCHEK 106 CENTRO,5787
9408,AVENIDA JUSCELINO KUBITSCHEK 4054 SETOR 06,411,401780,AVENIDA JUSCELINO KUBISTCHEK 3393 CENTRO,7207
755326,RIO SOLIMOES 82 LAUR0 SORDE,412,755326,RIO SOLIMOES 82 LAURO SODRE,8262
755326,RIO SOLIMOES 82 LAUR0 SORDE,412,849769,RIO SOLIMOES 19780 COSTA DO ARUANA,4508
755326,RIO SOLIMOES 82 LAUR0 SORDE,412,754997,RIO SOLIMOES 13 COSTA DO TROCARIS,1145
755326,RIO SOLIMOES 82 LAUR0 SORDE,412,849712,RIO SOLIMOES 15239 COSTA DO ARUANA,4577
755326,RIO SOLIMOES 82 LAUR0 SORDE,412,643474,RAMAL PARANA DOS MOURAS 74 LUZEIRO2,72
1004525,RUpA 659 JROGE TEIXEIRASANTA INES,413,535900,ALAMEDA MANACAIAS 358 CHACARA IPE,182
1004525,RUpA 659 JROGE TEIXEIRASANTA INES,413,627658,TRAVESSA JERUSALEM 144 AIRTON SENA,4102
1004525,RUpA 659 JROGE TEIXEIRASANTA INES,413,510394,TRAVESSA RIO JURUA 3 1181 MIRITIZAL,7704
1004525,RUpA 659 JROGE TEIXEIRASANTA INES,413,932543,BECO VINTE 45 JORGE TEIXEIRA,7232
1004525,RUpA 659 JROGE TEIXEIRASANTA INES,413,643703,RAMAL TIRIRICA 12 R0DRIGUES ALVES,1410
367991,AVENIDA ROSALINDA A. MARANGONI 2985 JRDïM AMERICA,414,367991,AVENIDA ROSALINDA A. MARANGONI 2985 JARDIM AMERICA,5046
367991,AVENIDA ROSALINDA A. MARANGONI 2985 JRDïM AMERICA,414,507492,AVENIDA MADRE ADELGUNDES 468 MIRITIZAL,5007
367991,AVENIDA ROSALINDA A. MARANGONI 2985 JRDïM AMERICA,414,368083,AVENIDA SABINO B. DE QUEIROZ 3060 JARDIM AMERICA,7148
367991,AVENIDA ROSALINDA A. MARANGONI 2985 JRDïM AMERICA,414,835072,RUA DANIEL SIMOES 3195 APARECIDA,7773
367991,AVENIDA ROSALINDA A. MARANGONI 2985 JRDïM AMERICA,414,835158,RUA DANIEL SIMOES 3453 APARECIDA,4511
395083,RUA TERSINA V DO NASCIMENTO 4935 PANALTOh,415,395083,RUA TERSINA V DO NASCIMENTO 4935 PLANALTO,8839
395083,RUA TERSINA V DO NASCIMENTO 4935 PANALTOh,415,395021,RUA TERSINA V DO NASCIMENTO 3980 SAO JOSE,3595
395083,RUA TERSINA V DO NASCIMENTO 4935 PANALTOh,415,220804,RUA ABILIO NASCIMENTO 4469 CALADINHO,8128
395083,RUA TERSINA V DO NASCIMENTO 4935 PANALTOh,415,578238,RUA ISAURA PARENTE 292 BOSQUE,650
395083,RUA TERSINA V DO NASCIMENTO 4935 PANALTOh,415,823189,RUA DEOCLECIANO SAMPAIO 1027 PANTANAL,601
967043,tRUuA 37 13 CIDãDENOVA,416,1053711,RUA D 1 TARUMA ACU,6023
967043,tRUuA 37 13 CIDãDENOVA,416,722079,RIO AUTAZ ACU 476 LIMAO,7705
967043,tRUuA 37 13 CIDãDENOVA,416,931276,BECO TEFE 35 ADRIANOPOLIS,3281
967043,tRUuA 37 13 CIDãDENOVA,416,931897,BECO UIRAPURU 3 75 COROADO,3053
967043,tRUuA 37 13 CIDãDENOVA,416,973259,RUA 7 4 PARQUE 10 CONJ SHANGRI LA 4,6573
1149205,RUA LUIZ MONTE NEGRO 143 JORGE TêIXEIRA 4 wTP,417,1149205,RUA LUIZ MONTE NEGRO 143 JORGE TEIXEIRA 4 ETP,5488
1149205,RUA LUIZ MONTE NEGRO 143 JORGE TêIXEIRA 4 wTP,417,1149190,RUA LUIZ MONTE NEGRO 50 JORGE TEIXEIRA 4 ETP,3348
1149205,RUA LUIZ MONTE NEGRO 143 JORGE TêIXEIRA 4 wTP,417,1012113,RUA BELFORD ROXO 690 JORGE TEIXEIRA 4 ETP,8245
1149205,RUA LUIZ MONTE NEGRO 143 JORGE TêIXEIRA 4 wTP,417,1012109,RUA BELFORD ROXO 645 JORGE TEIXEIRA 4 ETP,5799
1149205,RUA LUIZ MONTE NEGRO 143 JORGE TêIXEIRA 4 wTP,417,958420,RUA 2 244 JORGE TEIXEIRA MONTE SIAO,8906
923592,BECO MAUA 200 CORODAO,418,923592,BECO MAUA 200 COROADO,9186
923592,BECO MAUA 200 CORODAO,418,923580,BECO MAUA 170 COROADO,221
923592,BECO MAUA 200 CORODAO,418,931643,BECO TRES IRMAOS 1527 COROADO,7173
923592,BECO MAUA 200 CORODAO,418,910931,BECO ARUANA 16 COMPENSA,4966
923592,BECO MAUA 200 CORODAO,418,931897,BECO UIRAPURU 3 75 COROADO,3053
492852,AVErNIDA GETULIOV ARGAS 1832 REMANSO,419,535900,ALAMEDA MANACAIAS 358 CHACARA IPE,182
492852,AVErNIDA GETULIOV ARGAS 1832 REMANSO,419,627658,TRAVESSA JERUSALEM 144 AIRTON SENA,4102
492852,AVErNIDA GETULIOV ARGAS 1832 REMANSO,419,817635,TRAVESSA RAMUNDO AMADEU MAIA 21 ACANAUE,9479
492852,AVErNIDA GETULIOV ARGAS 1832 REMANSO,419,844280,TRAVESSA ALMIRANTE TAMANDARE 1186 APARECIDA,3556
492852,AVErNIDA GETULIOV ARGAS 1832 REMANSO,419,911191,BECO AYRTON SENNA 104 MAUAZINHO,6624
107752,AVENIA DOM PEDRO PRIMEIOR 2575 SETOR 5,420,107752,AVENIDA DOM PEDRO PRIMEIRO 2575 SETOR 5,8838
107752,AVENIA DOM PEDRO PRIMEIOR 2575 SETOR 5,420,107780,AVENIDA DOM PEDRO PRIMEIRO 2736 SETOR 05,1814
107752,AVENIA DOM PEDRO PRIMEIOR 2575 SETOR 5,420,107690,AVENIDA DOM PEDRO PRIMEIRO 2004 SETOR 4,6564
107752,AVENIA DOM PEDRO PRIMEIOR 2575 SETOR 5,420,107866,AVENIDA DOM PEDRO PRIMEIRO 3220 SETOR 05,9354
107752,AVENIA DOM PEDRO PRIMEIOR 2575 SETOR 5,420,1037691,RUA CEZARMIR DUARTE 35 DOM PEDRO I,7711
915196,BEC0 CtELESTINO 23 CACHOEIRINHA,421,915196,BECO CELESTINO 23 CACHOEIRINHA,8479
915196,BEC0 CtELESTINO 23 CACHOEIRINHA,421,924312,BECO NONATO 2370 CACHOEIRINHA,8063
915196,BEC0 CtELESTINO 23 CACHOEIRINHA,421,701208,BECO 30 101 JAVARIZINHO,7774
915196,BEC0 CtELESTINO 23 CACHOEIRINHA,421,701190,BECO 30 16 JAVARIZINHO,5786
915196,BEC0 CtELESTINO 23 CACHOEIRINHA,421,931276,BECO TEFE 35 ADRIANOPOLIS,3281
367830,AVENIDA ROSA DE SAROM 1769 PRIMAVEAR,422,367830,AVENIDA ROSA DE SAROM 1769 JARDIM PRIMAVERA,153
367830,AVENIDA ROSA DE SAROM 1769 PRIMAVEAR,422,367807,AVENIDA ROSA DE SAROM 1173 JARDIM PRIMAVERA,3137
367830,AVENIDA ROSA DE SAROM 1769 PRIMAVEAR,422,209932,AVENIDA LAURO SODRE 1799 PEDRINHAS,4912
367830,AVENIDA ROSA DE SAROM 1769 PRIMAVEAR,422,207951,AVENIDA GUAPORE 2696 LAGOINHA,1294
367830,AVENIDA ROSA DE SAROM 1769 PRIMAVEAR,422,212193,AVENIDA RAIMUNDO CANTUARIA 7563 TIRADENTES,2726
841720,ALMIRANTE TàMANDARE RUA 658 LIBERDAD,423,841720,RUA ALMIRANTE TAMANDARE 658 LIBERDADE,4262
841720,ALMIRANTE TàMANDARE RUA 658 LIBERDAD,423,840367,RUA SAMAUMA 1354 LIBERDADE,9084
841720,ALMIRANTE TàMANDARE RUA 658 LIBERDAD,423,794168,AVENIDA LIBERDADE 4472 MAMOUD AMED,742
841720,ALMIRANTE TàMANDARE RUA 658 LIBERDAD,423,282027,RUA MARECHAL RONDON 343 PEDRINHAS,833
841720,ALMIRANTE TàMANDARE RUA 658 LIBERDAD,423,1147210,RUA LOPES CORDOVIL 445 ALVORADA,9675
827478,IGARAPE yPRETO 6 ALDEIA INDIGENA SAO FRANCISCO,424,827478,IGARAPE PRETO 6 ALDEIA INDIGENA SAO FRANCISCO,7299
827478,IGARAPE yPRETO 6 ALDEIA INDIGENA SAO FRANCISCO,424,716843,IGARAPE SAO FRANCISCO 10 RIO INAUINI,9209
827478,IGARAPE yPRETO 6 ALDEIA INDIGENA SAO FRANCISCO,424,510440,TRAVESSA SAO FRANCISCO 106 MIRITIZAL,641
827478,IGARAPE yPRETO 6 ALDEIA INDIGENA SAO FRANCISCO,424,728176,PROJETO SAO FRANCISC0 LINHA 2 50 SITIO NOVA ALIANCA,8249
827478,IGARAPE yPRETO 6 ALDEIA INDIGENA SAO FRANCISCO,424,508281,RAMAL BURITIRANA 90 COLONIA SAO PEDRO,349
911592,BEOC BECOB URITI 20 COMPENSA,425,911592,BECO BECO BURITI 20 COMPENSA,737
911592,BEOC BECOB URITI 20 COMPENSA,425,912290,BECO BELEM 60 COMPENSA,2983
911592,BEOC BECOB URITI 20 COMPENSA,425,920980,BECO IGARAPE 27 COMPENSA,7408
911592,BEOC BECOB URITI 20 COMPENSA,425,912310,BECO BELEM 63 COMPENSA,393
911592,BEOC BECOB URITI 20 COMPENSA,425,912320,BECO BELEM 68 COMPENSA,9672
934874,BECO SANO ANONIO 36 COROADrO,426,934874,BECO SANTO ANTONIO 36 COROADO,2833
934874,BECO SANO ANONIO 36 COROADrO,426,931643,BECO TRES IRMAOS 1527 COROADO,7173
934874,BECO SANO ANONIO 36 COROADrO,426,923580,BECO MAUA 170 COROADO,221
934874,BECO SANO ANONIO 36 COROADrO,426,923592,BECO MAUA 200 COROADO,9186
934874,BECO SANO ANONIO 36 COROADrO,426,921855,BECO JESUS SALVADOR 11 COROADO,6232
805388,RUA RAIMUNDO GARCIA AGMA 1019 SO JORGE,427,805388,RUA RAIMUNDO GARCIA GAMA 1019 SAO JORGE,2813
805388,RUA RAIMUNDO GARCIA AGMA 1019 SO JORGE,427,298581,RUA RAIMUNDO CANTUARIA 4799 AGENOR M DE CARVALHO,2583
805388,RUA RAIMUNDO GARCIA AGMA 1019 SO JORGE,427,980896,RUA ACARI CAXIMBO 29 JORGE TEIXEIRA,9589
805388,RUA RAIMUNDO GARCIA AGMA 1019 SO JORGE,427,298602,RUA RAIMUNDO CANTUARIA 4871 AGENOR M DE CARVALHO,9630
805388,RUA RAIMUNDO GARCIA AGMA 1019 SO JORGE,427,823189,RUA DEOCLECIANO SAMPAIO 1027 PANTANAL,601
532942,RAMAL MENDES fARLS I 177 COLONIA SAO PEDRO,428,532942,RAMAL MENDES CARLOS I 177 COLONIA SAO PEDRO,5984
532942,RAMAL MENDES fARLS I 177 COLONIA SAO PEDRO,428,508281,RAMAL BURITIRANA 90 COLONIA SAO PEDRO,349
532942,RAMAL MENDES fARLS I 177 COLONIA SAO PEDRO,428,508589,RAMAL MACAXEIRAL 1 2073 SAO BRAS,9100
532942,RAMAL MENDES fARLS I 177 COLONIA SAO PEDRO,428,768001,RUA BOULEVARD ALVARO MAIA 3 27 SAO FRANCISCO I,5923
532942,RAMAL MENDES fARLS I 177 COLONIA SAO PEDRO,428,532024,TRAVESSA SEBASTIAO PEIXOTO 398 SERRARIA,2234
903690,AVENIDA MADRE TEREZA 24 NOVA CIDADE,429,903690,AVENIDA MADRE TEREZA 24 NOVA CIDADE,6064
903690,AVENIDA MADRE TEREZA 24 NOVA CIDADE,429,884890,AVENIDA MAX TEIXEIRA 29 CIDADE NOVA,6047
903690,AVENIDA MADRE TEREZA 24 NOVA CIDADE,429,884960,AVENIDA MAX TEIXEIRA 2314 CIDADE NOVA,2796
903690,AVENIDA MADRE TEREZA 24 NOVA CIDADE,429,883751,AVENIDA MARCOS CAVALCANTE 820 CIDADE DE DEUS,9724
903690,AVENIDA MADRE TEREZA 24 NOVA CIDADE,429,863252,AVENIDA CHICO MENDES 184 COLONIA TERRA NOVA,924
863252,AVENIDA CHICO MENDES 184 nCOLONI ATERRA NOVA,430,863252,AVENIDA CHICO MENDES 184 COLONIA TERRA NOVA,924
863252,AVENIDA CHICO MENDES 184 nCOLONI ATERRA NOVA,430,863286,AVENIDA CHICO MENDES 212 COLONIA TERRA NOVA,7823
863252,AVENIDA CHICO MENDES 184 nCOLONI ATERRA NOVA,430,1038116,RUA CHICO MENDES 196 COLONIA TERRA NOVA,4090
863252,AVENIDA CHICO MENDES 184 nCOLONI ATERRA NOVA,430,863170,AVENIDA CHICO MENDES 123 COLONIA TERRA NOVA,1
863252,AVENIDA CHICO MENDES 184 nCOLONI ATERRA NOVA,430,705251,AVENIDA VICENTE GOMES 213 RIBERINHO,4032
633624,TRAVSSA ANTA IZABEL 117 SOA FRANCI$CO,431,621330,TRAVESSA ANA MARIA 79 DOCA FURTADO,8228
633624,TRAVSSA ANTA IZABEL 117 SOA FRANCI$CO,431,632091,TRAVESSA SENA MADUREIRA 140 ADALBERTO ARAGAO,1101
633624,TRAVSSA ANTA IZABEL 117 SOA FRANCI$CO,431,658655,TRAVESSA SIMAO AGUIAR 261 ANA ALVES VIEIRA,1211
633624,TRAVSSA ANTA IZABEL 117 SOA FRANCI$CO,431,658606,TRAVESSA RAIMUNDO NONATO RAULINO 39 BOSQUE,652
633624,TRAVSSA ANTA IZABEL 117 SOA FRANCI$CO,431,532024,TRAVESSA SEBASTIAO PEIXOTO 398 SERRARIA,2234
851591,ALAMEDA ESCOCIA 56 PONTA NEGRA RESIDENCIAL EUORPA 01,432,851591,ALAMEDA ESCOCIA 56 PONTA NEGRA RESIDENCIAL EUROPA 01,2915
851591,ALAMEDA ESCOCIA 56 PONTA NEGRA RESIDENCIAL EUORPA 01,432,850855,ALAMEDA ALEMANHA 67 PONTA NEGRA RESIDENCIAL JARDIM EUROPA 0,921
851591,ALAMEDA ESCOCIA 56 PONTA NEGRA RESIDENCIAL EUORPA 01,432,1096315,RUA F 8 TARUMA PONTA NEGRA RESIDENCIAL 1,8345
851591,ALAMEDA ESCOCIA 56 PONTA NEGRA RESIDENCIAL EUORPA 01,432,560869,RUA CEDRO 121 RESIDENCIAL JOAFRA,2017
851591,ALAMEDA ESCOCIA 56 PONTA NEGRA RESIDENCIAL EUORPA 01,432,615433,RUA PRINCESA ISABEL 54 ESTACAO EXPERIMENTAL,5241
1028100,RUAC AMPOS SALLéS 36 COMPENSA,433,1028100,RUA CAMPOS SALLES 36 COMPENSA,3236
1028100,RUAC AMPOS SALLéS 36 COMPENSA,433,1106376,RUA GIRASSOL 20 COROADO,4528
1028100,RUAC AMPOS SALLéS 36 COMPENSA,433,1129990,RUA JERUSALEM 18 COROADO,5934
1028100,RUAC AMPOS SALLéS 36 COMPENSA,433,1004031,RUA B 129 CAMPOS SALES,4820
1028100,RUAC AMPOS SALLéS 36 COMPENSA,433,316312,RUA VILLAS RIOS 6048 CUNIA,2691
153374,ALCANTARA RUA 2349 NOVA LONDRINA LONDRINA,434,153374,RUA SAULO ALCANTARA 2349 NOVA LONDRINA,2679
153374,ALCANTARA RUA 2349 NOVA LONDRINA LONDRINA,434,153356,RUA SAULO ALCANTARA 2177 NOVA LONDRINA,4445
153374,ALCANTARA RUA 2349 NOVA LONDRINA LONDRINA,434,153401,RUA SAULO ALCANTARA 2701 NOVA LONDRINA,4702
153374,ALCANTARA RUA 2349 NOVA LONDRINA LONDRINA,434,165774,RUA TRACREDO NEVES 2084 NOVA LONDRINA,821
153374,ALCANTARA RUA 2349 NOVA LONDRINA LONDRINA,434,145802,RUA LONDRINA 1698 VALPARAISO,9430
410110,RUA CACOAL 1272 ST 02,435,410110,RUA CACOAL 1272 ST 02,5664
410110,RUA CACOAL 1272 ST 02,435,1124508,RUA J 142 COROADO,1494
410110,RUA CACOAL 1272 ST 02,435,1003967,RUA B 109 COROADO,4091
410110,RUA CACOAL 1272 ST 02,435,113311,RUA MARANHAO 3555 ST 06,8230
410110,RUA CACOAL 1272 ST 02,435,1149600,RUA M 2 COROADO,1507
988522,RUA AMAZONw 7 MORRO DA LIlBERDADE,436,988522,RUA AMAZONAS 7 MORRO DA LIBERDADE,9656
988522,RUA AMAZONw 7 MORRO DA LIlBERDADE,436,988593,RUA AMAZONAS 11 MORRO DA LIBERDADE,7205
988522,RUA AMAZONw 7 MORRO DA LIlBERDADE,436,594492,RUA PESSEGO 96 MORADA DO SOL,5746
988522,RUA AMAZONw 7 MORRO DA LIlBERDADE,436,1009185,RUA BEBERIBE 18 NOVO ALEIXO,8623
988522,RUA AMAZONw 7 MORRO DA LIlBERDADE,436,789503,RUA PAUDERNEI AVELINO 20 MORADA DO SOL,6672
283684,RUA MAURICIO FREIRE 3736 NEVES NEVES,437,283684,RUA MAURICIO FREIRE 3736 TANCREDO NEVES,4003
283684,RUA MAURICIO FREIRE 3736 NEVES NEVES,437,289064,RUA ORLANDO FERREIRA 8542 TANCREDO NEVES,9698
283684,RUA MAURICIO FREIRE 3736 NEVES NEVES,437,1061572,RUA DALVA DE OLIVEIRA 45 TANCREDO NEVES,3967
283684,RUA MAURICIO FREIRE 3736 NEVES NEVES,437,584977,RUA LUIZ MORAES 240 TANCREDO NEVES,2671
283684,RUA MAURICIO FREIRE 3736 NEVES NEVES,437,338214,RUA PEDRO DE OLIVEIRA 3094 LINO ALVES TEIXEIRA,9317
552301,RUA ALV0RADA 253 IVTORIA,438,552301,RUA ALVORADA 253 VITORIA,9834
552301,RUA ALV0RADA 253 IVTORIA,438,975048,RUA 8 435 ALVORADA,2946
552301,RUA ALV0RADA 253 IVTORIA,438,947974,RUA 1 120 ALVORADA,7045
552301,RUA ALV0RADA 253 IVTORIA,438,951395,RUA 13 405 ALVORADA,9037
552301,RUA ALV0RADA 253 IVTORIA,438,950737,RUA 12 481 ALVORADA,1239
345119,AVENIDA MACEIO 6226 SA0 CRISTVAO,439,235912,RUA BIDU SAIAO 7005 APONIA,7921
345119,AVENIDA MACEIO 6226 SA0 CRISTVAO,439,235926,RUA BIDU SAIAO 7069 APONIA,5879
345119,AVENIDA MACEIO 6226 SA0 CRISTVAO,439,210271,AVENIDA MAMORE 5162 TEIXEIRAO,8807
345119,AVENIDA MACEIO 6226 SA0 CRISTVAO,439,235799,RUA BIDU SAIAO 6298 APONIA,4338
345119,AVENIDA MACEIO 6226 SA0 CRISTVAO,439,235826,RUA BIDU SAIAO 6439 APONIA,3980
449151,RA SAMlUEL M LOPES 3767 MNTE NEGRO,440,943164,IGARAPE DO MINDU 3 TANCREDO NEVES,7644
449151,RA SAMlUEL M LOPES 3767 MNTE NEGRO,440,488324,RAMAL LINHA NOVA UM 711623 SERINGAL MERCEDES,6098
449151,RA SAMlUEL M LOPES 3767 MNTE NEGRO,440,449151,RUA SAMUEL M LOPES 3767 MONTE NEGRO,29
449151,RA SAMlUEL M LOPES 3767 MNTE NEGRO,440,643703,RAMAL TIRIRICA 12 R0DRIGUES ALVES,1410
449151,RA SAMlUEL M LOPES 3767 MNTE NEGRO,440,535900,ALAMEDA MANACAIAS 358 CHACARA IPE,182
453453,AVEIDz GETULIO VARGAS 4152 CENTRO,441,453453,AVENIDA GETULIO VARGAS 4152 CENTRO,4280
453453,AVEIDz GETULIO VARGAS 4152 CENTRO,441,875709,AVENIDA GETULIO VARGAS 1817 CENTRO,7592
453453,AVEIDz GETULIO VARGAS 4152 CENTRO,441,875403,AVENIDA GETULIO VARGAS 275 CENTRO,2706
453453,AVEIDz GETULIO VARGAS 4152 CENTRO,441,875414,AVENIDA GETULIO VARGAS 341 CENTRO,1403
453453,AVEIDz GETULIO VARGAS 4152 CENTRO,441,167652,AVENIDA GETULIO VARGAS 3701 CENTRO,6501
543854,ESTRADA DA USINA 888 MORADA DO DO SOL,442,543854,ESTRADA DA USINA 888 MORADA DO SOL,4625
543854,ESTRADA DA USINA 888 MORADA DO DO SOL,442,543796,ESTRADA DA USINA 148 MORADA DO SOL,9722
543854,ESTRADA DA USINA 888 MORADA DO DO SOL,442,588427,RUA MARTE 1300 MORADA DO SOL,3150
543854,ESTRADA DA USINA 888 MORADA DO DO SOL,442,543682,ESTRADA DA SOBRAL 3100 SOBRAL,6810
543854,ESTRADA DA USINA 888 MORADA DO DO SOL,442,594492,RUA PESSEGO 96 MORADA DO SOL,5746
980823,RAU ACARI BpDO 14 JORE TEIXEIRA,443,923296,BECO MARANHAO 45 JORGE TEIXEIRA,3112
980823,RAU ACARI BpDO 14 JORE TEIXEIRA,443,932543,BECO VINTE 45 JORGE TEIXEIRA,7232
980823,RAU ACARI BpDO 14 JORE TEIXEIRA,443,922209,BECO JORGE TEIXEIRA 17 ALEIXO,3982
980823,RAU ACARI BpDO 14 JORE TEIXEIRA,443,909532,BECO ADEMAR 110 MAUAZINHO,3840
980823,RAU ACARI BpDO 14 JORE TEIXEIRA,443,921307,BECO IPIRANGA 91 TANCREDO NEVES,9607
621639,TRAVESSs BAGUARî 32 TAQUARI,444,621639,TRAVESSA BAGUARI 32 TAQUARI,4211
621639,TRAVESSs BAGUARî 32 TAQUARI,444,621655,TRAVESSA BAGUARI 127 TAQUARI,8428
621639,TRAVESSs BAGUARî 32 TAQUARI,444,621679,TRAVESSA BAGUARI 228 TAQUARI,8651
621639,TRAVESSs BAGUARî 32 TAQUARI,444,623090,TRAVESSA CARAMURU 167 BOSQUE,3581
621639,TRAVESSs BAGUARî 32 TAQUARI,444,630272,TRAVESSA PIAUI 27 MONTANHES,5880
822335,CAMINHO RAMA BOA VSITA 1265 ADEIA BOA BOA VISTA,445,822335,CAMINHO RAMA BOA VISTA 1265 ALDEIA BOA VISTA,5471
822335,CAMINHO RAMA BOA VSITA 1265 ADEIA BOA BOA VISTA,445,858692,AVENIDA BOM PASTOR 38 COLONIA TERRA NOVA,760
822335,CAMINHO RAMA BOA VSITA 1265 ADEIA BOA BOA VISTA,445,849466,RIO CASTANHO 33 BOA VISTA,1997
822335,CAMINHO RAMA BOA VSITA 1265 ADEIA BOA BOA VISTA,445,695970,ESTRADA FREI SAO BOA VENTURA 1392 MARIUA,9402
822335,CAMINHO RAMA BOA VSITA 1265 ADEIA BOA BOA VISTA,445,721814,LAGO DO PIAUI 32 BOA ESPERANCA,6427
1145081,LERA CHINESA 173 DISTRITO IpNDUSTRrIAL,446,535415,SERINGAL HUMAITA 58 SEGUNDO DISTRITO,4859
1145081,LERA CHINESA 173 DISTRITO IpNDUSTRrIAL,446,1145081,RUA LETRA CHINESA 173 DISTRITO INDUSTRIAL,9676
1145081,LERA CHINESA 173 DISTRITO IpNDUSTRrIAL,446,476921,PORTO DIAS 60 SERINGAL TRIUNFO,1772
1145081,LERA CHINESA 173 DISTRITO IpNDUSTRrIAL,446,535118,RIO GRAJAU 9 COMUNIDADE ESPERANCA,707
1145081,LERA CHINESA 173 DISTRITO IpNDUSTRrIAL,446,625250,TRAVESSA DO DIVISOR 76 ELDORADO,8250
802365,RUA JAPIM 1620 D APAZ,447,802365,RUA JAPIM 1620 DA PAZ,3291
802365,RUA JAPIM 1620 D APAZ,447,129244,RUA AMAPA 2303 JK,923
802365,RUA JAPIM 1620 D APAZ,447,235926,RUA BIDU SAIAO 7069 APONIA,5879
802365,RUA JAPIM 1620 D APAZ,447,1024981,RUA C SEIS 1732 JAPIIM,432
802365,RUA JAPIM 1620 D APAZ,447,1053840,RUA D 6 ALEIXO,3059
704659,RUA aAMUEL aAMUEL TEJADA 38103 ALDEIA INDIGtENA ASNTO ANTONIO,448,704659,RUA SAMUEL TEJADA 38103 ALDEIA INDIGENA SANTO ANTONIO,9161
704659,RUA aAMUEL aAMUEL TEJADA 38103 ALDEIA INDIGtENA ASNTO ANTONIO,448,537902,AVENIDA EPAMINONDAS JACOME 548 CADEIA VELHA,5205
704659,RUA aAMUEL aAMUEL TEJADA 38103 ALDEIA INDIGtENA ASNTO ANTONIO,448,212193,AVENIDA RAIMUNDO CANTUARIA 7563 TIRADENTES,2726
704659,RUA aAMUEL aAMUEL TEJADA 38103 ALDEIA INDIGtENA ASNTO ANTONIO,448,212172,AVENIDA RAIMUNDO CANTUARIA 7083 TIRADENTES,3170
704659,RUA aAMUEL aAMUEL TEJADA 38103 ALDEIA INDIGtENA ASNTO ANTONIO,448,226186,RUA ANA CAUCAIA 6870 LAGOINHA,9204
154957,RUA TARAUACA 3183 CAEZINHO,449,154957,RUA TARAUACA 3183 CAFEZINHO,1371
154957,RUA TARAUACA 3183 CAEZINHO,449,308330,RUA TAMAREIRA 4668 CALADINHO,3934
154957,RUA TARAUACA 3183 CAEZINHO,449,156341,RUA TUBARAO 1740 CAFEZINHO,9291
154957,RUA TARAUACA 3183 CAEZINHO,449,245154,RUA CRUZEIRO 3249 LAGOINHA,6333
154957,RUA TARAUACA 3183 CAEZINHO,449,134585,RUA CAUCHEIRO 227 CAFEZINHO,6765
642031,ARRAIAL SAO PAULO 22 wAO PAULO,450,642031,ARRAIAL SAO PAULO 22 SAO PAULO,9049
642031,ARRAIAL SAO PAULO 22 wAO PAULO,450,939068,BECO SAO PAULO 280 SANTO ANTONIO,2947
642031,ARRAIAL SAO PAULO 22 wAO PAULO,450,350798,AVENIDA SAO PAULO 6197 SAO CRISTOVAO,1402
642031,ARRAIAL SAO PAULO 22 wAO PAULO,450,416893,LINHA RIO BRANCO 25 PA SAO PAULO,1260
642031,ARRAIAL SAO PAULO 22 wAO PAULO,450,476388,RUA SAO PAULO 171 ACRELANDIA,7419
628557,TRAVESSA LUA NOVA 46 BOSuQkUE,451,628557,TRAVESSA LUA NOVA 46 BOSQUE,280
628557,TRAVESSA LUA NOVA 46 BOSuQkUE,451,628555,TRAVESSA LUA NOVA 13 BOSQUE,823
628557,TRAVESSA LUA NOVA 46 BOSuQkUE,451,623090,TRAVESSA CARAMURU 167 BOSQUE,3581
628557,TRAVESSA LUA NOVA 46 BOSuQkUE,451,817635,TRAVESSA RAMUNDO AMADEU MAIA 21 ACANAUE,9479
628557,TRAVESSA LUA NOVA 46 BOSuQkUE,451,505674,TRAVESSA BECO DO TRAPICHO 1 31 None,5410
1128275,RUaA JARxIM PRIMAVERA 384 TAUMA,452,722079,RIO AUTAZ ACU 476 LIMAO,7705
1128275,RUaA JARxIM PRIMAVERA 384 TAUMA,452,510394,TRAVESSA RIO JURUA 3 1181 MIRITIZAL,7704
1128275,RUaA JARxIM PRIMAVERA 384 TAUMA,452,627658,TRAVESSA JERUSALEM 144 AIRTON SENA,4102
1128275,RUaA JARxIM PRIMAVERA 384 TAUMA,452,650924,RAMAL TREIS MARIA 3662 None,3404
1128275,RUaA JARxIM PRIMAVERA 384 TAUMA,452,740614,RIO APIPICA 2 ALDEIA JUTAI,5232
696108,RUA RUA AMIZADE 208 SAO FRáNCISCO,453,696108,RUA AMIZADE 208 SAO FRANCISCO,9476
696108,RUA RUA AMIZADE 208 SAO FRáNCISCO,453,805975,RUA RORAIMA 220 SAO FRANCISCO,6959
696108,RUA RUA AMIZADE 208 SAO FRáNCISCO,453,696089,RUA ALEXANDRE AMBROSIO 1031 SAO FRANCISCO,1940
696108,RUA RUA AMIZADE 208 SAO FRáNCISCO,453,697229,RUA MENDONCA FURTADO 548 SAO FRANCISCO,4635
696108,RUA RUA AMIZADE 208 SAO FRáNCISCO,453,805906,RUA RONDONIA 219 SAO FRANCISCO,8088
146520,RUAc MANOEL FRANCO 2011 NOVA BRASlLuIA,454,146520,RUA MANOEL FRANCO 2011 NOVA BRASILIA,235
146520,RUAc MANOEL FRANCO 2011 NOVA BRASlLuIA,454,146514,RUA MANOEL FRANCO 1925 NOVA BRASILIA,2451
146520,RUAc MANOEL FRANCO 2011 NOVA BRASlLuIA,454,1089955,RUA EDGAR NEVES 30 BETANIA,2814
146520,RUAc MANOEL FRANCO 2011 NOVA BRASlLuIA,454,586074,RUA MANOEL CASSIANO 406 BOSQUE,7485
146520,RUAc MANOEL FRANCO 2011 NOVA BRASlLuIA,454,584660,RUA LUIS Z DA SILVA 186 MANOEL JULIAO,1143
1025867,RUA CACHOEIiRà ALTA 708 TARUMrz,455,1053711,RUA D 1 TARUMA ACU,6023
1025867,RUA CACHOEIiRà ALTA 708 TARUMrz,455,290331,RUA PANTEON 7205 TEIXEIRAO,6697
1025867,RUA CACHOEIiRà ALTA 708 TARUMrz,455,235926,RUA BIDU SAIAO 7069 APONIA,5879
1025867,RUA CACHOEIiRà ALTA 708 TARUMrz,455,235912,RUA BIDU SAIAO 7005 APONIA,7921
1025867,RUA CACHOEIiRà ALTA 708 TARUMrz,455,888523,AVENIDA PENETRACAO UM 1311 JAPIIM,1022
373240,RUA 2304 2698 SETOR,456,373240,RUA 2304 2698 SETOR 23,6201
373240,RUA 2304 2698 SETOR,456,374166,RUA 634 6582 SETOR SEIS,3013
373240,RUA 2304 2698 SETOR,456,444071,RUA H 01 6190 CENTRO,3466
373240,RUA 2304 2698 SETOR,456,374163,RUA 634 6564 SETOR SEIS,2956
373240,RUA 2304 2698 SETOR,456,431770,RUA 4 1620 CENTRO,1634
962798,RUA 22 20 CIADDE NOVA,457,959808,RUA 21 11 COROADO,9936
962798,RUA 22 20 CIADDE NOVA,457,962798,RUA 242 20 CIDADE NOVA,9693
962798,RUA 22 20 CIADDE NOVA,457,961365,RUA 22 36 CIDADE NOVA,9571
962798,RUA 22 20 CIADDE NOVA,457,961314,RUA 22 23 CIDADE NOVA,7515
962798,RUA 22 20 CIADDE NOVA,457,953179,RUA 15 206 ALVORADA,8163
19684,RUA FRANCISCO ALVES MENDES FILHO 427 VILA DO SOSSEGO,458,19684,RUA FRANCISCO ALVES MENDES FILHO 427 VILA DO SOSSEGO,3882
19684,RUA FRANCISCO ALVES MENDES FILHO 427 VILA DO SOSSEGO,458,52626,RUA FRANCISCO PATRICIO RODRIGUES 3377 VILAGE DO SOL,6807
19684,RUA FRANCISCO ALVES MENDES FILHO 427 VILA DO SOSSEGO,458,377341,RUA FRANCISCO MENDES 1216 JARDIM DAS OLIVEIRAS,7452
19684,RUA FRANCISCO ALVES MENDES FILHO 427 VILA DO SOSSEGO,458,54259,RUA JOAQUIM PINHEIRO FILHO 3487 VILLAGE DO SOL II,7909
19684,RUA FRANCISCO ALVES MENDES FILHO 427 VILA DO SOSSEGO,458,52681,RUA FRANCISCO PATRICIO RODRIGUES 3756 VILLAGE DO SOL II,5692
1066485,RUA DAS PEROLASl 15 TANCREDO NEVES COMUNIDADE NOVA FLORESTA,459,1066485,RUA DAS PEROLAS 15 TANCREDO NEVES COMUNIDADE NOVA FLORESTA,2412
1066485,RUA DAS PEROLASl 15 TANCREDO NEVES COMUNIDADE NOVA FLORESTA,459,982977,RUA AGATA 121 TANCREDO NEVES COMUNIDADE NOVA FLORESTA,2958
1066485,RUA DAS PEROLASl 15 TANCREDO NEVES COMUNIDADE NOVA FLORESTA,459,1017442,RUA BOCA DO ACRE 64 TANCREDO NEVES COMUNIDADE NOVA CONQUIST,8829
1066485,RUA DAS PEROLASl 15 TANCREDO NEVES COMUNIDADE NOVA FLORESTA,459,1077750,RUA DO PLATINA 111 TANCREDO NEVES COMUNIDADE NOVA FLORESTA,3771
1066485,RUA DAS PEROLASl 15 TANCREDO NEVES COMUNIDADE NOVA FLORESTA,459,1032893,RUA CASTANHO 92 TANCREDO NEVES COMUNIDADE NOVA CONQUIST,2920
749826,RUA SANTOS DUMONT 367 DUQuUE DE CAXISA,460,749826,RUA SANTOS DUMONT 367 DUQUE DE CAXIAS,4602
749826,RUA SANTOS DUMONT 367 DUQuUE DE CAXISA,460,656304,RUA SANTOS DUMONT 9 CSU,2698
749826,RUA SANTOS DUMONT 367 DUQuUE DE CAXISA,460,656334,RUA SANTOS DUMONT 407 BOSQUE,4998
749826,RUA SANTOS DUMONT 367 DUQuUE DE CAXISA,460,749863,RUA SANTOS DUMONT 554 ITAMARATI,1415
749826,RUA SANTOS DUMONT 367 DUQuUE DE CAXISA,460,798604,RUA ARNOUD RUY 4212 TIRADENTES,1553
1023610,RUA  70 COMENoSA,461,1023163,RUA C 26 COROADO,2884
1023610,RUA  70 COMENoSA,461,1023610,RUA C 70 COMPENSA,9028
1023610,RUA  70 COMENoSA,461,1023624,RUA C 78 COROADO,5360
1023610,RUA  70 COMENoSA,461,1029640,RUA CARAJAS 43 C NOVA,3271
1023610,RUA  70 COMENoSA,461,1023494,RUA C 53 COMPENSA,3071
200081,RUA MARIA NELI NOGUEIAR 78 BNdH,462,200081,RUA MARIA NELI NOGUEIRA 78 BNH,602
200081,RUA MARIA NELI NOGUEIAR 78 BNdH,462,197872,RUA BARBARA L FUZARI 141 BNH,7321
200081,RUA MARIA NELI NOGUEIAR 78 BNdH,462,48598,RUA ANITA GARIBALDI 2970 TEIXEIRAO,7224
200081,RUA MARIA NELI NOGUEIAR 78 BNdH,462,747651,RUA LEONCIO SALINGNAC 199 TAUA MIRIM,724
200081,RUA MARIA NELI NOGUEIAR 78 BNdH,462,199710,RUA JOSE GILDO F LOURENCO 48 BNH,9339
656114,RUAR AU TAMBURINI 1451 bkTEROI,463,656114,RUA RAUL TAMBURINI 1451 NITEROI,1488
656114,RUAR AU TAMBURINI 1451 bkTEROI,463,1053711,RUA D 1 TARUMA ACU,6023
656114,RUAR AU TAMBURINI 1451 bkTEROI,463,800135,RUA CHIBLY ABRAHIM 1254 JAUARI II,7601
656114,RUAR AU TAMBURINI 1451 bkTEROI,463,225023,RUA ALTEMAR DUTRA 3114 JUSCELINO KUBITSCHEK,5976
656114,RUAR AU TAMBURINI 1451 bkTEROI,463,510394,TRAVESSA RIO JURUA 3 1181 MIRITIZAL,7704
1029211,RUA CANUMA 5 PETROPLIS,464,1029211,RUA CANUMA 5 PETROPOLIS,6346
1029211,RUA CANUMA 5 PETROPLIS,464,1029304,RUA CANUMA 58 PETROPOLIS,7845
1029211,RUA CANUMA 5 PETROPLIS,464,1106376,RUA GIRASSOL 20 COROADO,4528
1029211,RUA CANUMA 5 PETROPLIS,464,1029335,RUA CANUMA 140 JAPIIM,449
1029211,RUA CANUMA 5 PETROPLIS,464,1028711,RUA CANARIO 45 PETROPOLIS,7165
1019807,eUA BOOT ROSA 50 JORGE TEIXEIRA,465,932543,BECO VINTE 45 JORGE TEIXEIRA,7232
1019807,eUA BOOT ROSA 50 JORGE TEIXEIRA,465,924482,BECO NOVA JERUSALEM 23 JORGE TEIXEIRA 4 ETAPA,8344
1019807,eUA BOOT ROSA 50 JORGE TEIXEIRA,465,1019807,RUA BOTO ROSA 50 JORGE TEIXEIRA,7265
1019807,eUA BOOT ROSA 50 JORGE TEIXEIRA,465,505850,TRAVESSA CARLOS O. DE FARIAS 1198 CRUZEIRAO,8278
1019807,eUA BOOT ROSA 50 JORGE TEIXEIRA,465,917511,BECO DA PRATA 22 JORGE TEIXEIRA,193
665253,TRAVESSA HILTON LESSA CATAO 1610 COPAyCABANA,466,665253,TRAVESSA HILTON LESSA CATAO 1610 COPACABANA,3897
665253,TRAVESSA HILTON LESSA CATAO 1610 COPAyCABANA,466,532024,TRAVESSA SEBASTIAO PEIXOTO 398 SERRARIA,2234
665253,TRAVESSA HILTON LESSA CATAO 1610 COPAyCABANA,466,506379,TRAVESSA JOAQUIM ESTEVAO 22 SABOEIRO,5408
665253,TRAVESSA HILTON LESSA CATAO 1610 COPAyCABANA,466,623847,TRAVESSA CONQUISTA 435 MANOEL JULIAO,6788
665253,TRAVESSA HILTON LESSA CATAO 1610 COPAyCABANA,466,627658,TRAVESSA JERUSALEM 144 AIRTON SENA,4102
76572,RUA GUARANI 2706 CRUZEIvR,467,76572,RUA GUARANI 2706 CRUZEIRO,8883
76572,RUA GUARANI 2706 CRUZEIvR,467,77489,RUA POTIGUARA 2646 CRUZEIRO,4524
76572,RUA GUARANI 2706 CRUZEIvR,467,245154,RUA CRUZEIRO 3249 LAGOINHA,6333
76572,RUA GUARANI 2706 CRUZEIvR,467,496138,RUA ALAGOAS 761 CRUZEIRAO,7826
76572,RUA GUARANI 2706 CRUZEIvR,467,77534,RUA POTIGUARA 3180 CRUZEIRO,3463
990683,RUA AMAZONINO MENDES 68 PETtOPOLIS,468,990683,RUA AMAZONINO MENDES 68 PETROPOLIS,4402
990683,RUA AMAZONINO MENDES 68 PETtOPOLIS,468,992618,RUA ANDERSON DE MENEZES 23 PETROPOLIS,6367
990683,RUA AMAZONINO MENDES 68 PETtOPOLIS,468,990561,RUA AMAZONINO MENDES 24 SANTA ETELVINA,5895
990683,RUA AMAZONINO MENDES 68 PETtOPOLIS,468,990691,RUA AMAZONINO MENDES 73 TANCREDO NEVES,4630
990683,RUA AMAZONINO MENDES 68 PETtOPOLIS,468,986848,RUA ALMIR PEDREIRA 63 PETROPOLIS,1734
661064,ESTRADA DO IPEPACUNHA 2506 PEPACUNHA,469,661064,ESTRADA DO IPEPACUNHA 2506 PEPACUNHA,7017
661064,ESTRADA DO IPEPACUNHA 2506 PEPACUNHA,469,661070,ESTRADA DO IPEPACUNHA 2570 PEPACUNHA,2918
661064,ESTRADA DO IPEPACUNHA 2506 PEPACUNHA,469,661093,ESTRADA IPEPACONHA 1421 BAIRRO DO IPEPACONHA,5279
661064,ESTRADA DO IPEPACUNHA 2506 PEPACUNHA,469,287113,RUA NICARAGUA 1186 NOVA PORTO VELHO,2549
661064,ESTRADA DO IPEPACUNHA 2506 PEPACUNHA,469,942390,ESTRADA DO TARUMA 10736 TARUMA,2878
7699,AVENIDA CANAA 2528 SEOTR 01,470,7699,AVENIDA CANAA 2528 SETOR 01,7653
7699,AVENIDA CANAA 2528 SEOTR 01,470,7685,AVENIDA CANAA 2497 SETOR 3,9692
7699,AVENIDA CANAA 2528 SEOTR 01,470,7827,AVENIDA CANAA 3297 SETOR 3,6062
7699,AVENIDA CANAA 2528 SEOTR 01,470,7764,AVENIDA CANAA 2987 SETOR 3,6362
7699,AVENIDA CANAA 2528 SEOTR 01,470,10273,AVENIDA TABAPOA 2767 SETOR 3,3406
951903,RUA 14 48 PARQUE 1b0,471,951903,RUA 14 48 PARQUE 10,8775
951903,RUA 14 48 PARQUE 1b0,471,947926,RUA 1 102 ALEIXO,1807
951903,RUA 14 48 PARQUE 1b0,471,967121,RUA 38 6 PARQUE 10,8729
951903,RUA 14 48 PARQUE 1b0,471,950376,RUA 12 1 PARQUE 10,840
951903,RUA 14 48 PARQUE 1b0,471,975169,RUA 81 1 CIDADE NOVA,2782
427919,RUA TRANSCONTINENTAL 881 BAumRRO UNIAO,472,427919,RUA TRANSCONTINENTAL 881 BAIRRO UNIAO,2071
427919,RUA TRANSCONTINENTAL 881 BAumRRO UNIAO,472,595785,RUA PRESBITERIANA 214 UNIVERSITARIO,2185
427919,RUA TRANSCONTINENTAL 881 BAumRRO UNIAO,472,836317,RUA ITACOATIARA 2398 UNIAO,1273
427919,RUA TRANSCONTINENTAL 881 BAumRRO UNIAO,472,507609,COMUNIDADE ESTIRAO 2723 ESTRADA VARIANTE,1440
427919,RUA TRANSCONTINENTAL 881 BAumRRO UNIAO,472,507638,COMUNIDADE ESTIRAO 8757 ESTRADA VARIANTE,9082
36592,RUA FERANNDO ESSOA 4488 OBM JESU5,473,58148,RUA PEDRO SPAGNOL 3982 TEIXEIRAO,9135
36592,RUA FERANNDO ESSOA 4488 OBM JESU5,473,49097,RUA ANTONIO DEODATO DURCE 928 PRINCESA ISABEL,6419
36592,RUA FERANNDO ESSOA 4488 OBM JESU5,473,57645,RUA OLAVO BILAC 368 NOVA ESPERANCA,8581
36592,RUA FERANNDO ESSOA 4488 OBM JESU5,473,826348,RUA DOUTOR JORDEVAL 2882 PANTANAL,5143
36592,RUA FERANNDO ESSOA 4488 OBM JESU5,473,183177,RUA CELSO CARMINATI 568 JARDIM AEROPORTO,9446
962581,RUA 42 42 CIDADE NOVA,474,962581,RUA 24 42 CIDADE NOVA,6331
962581,RUA 42 42 CIDADE NOVA,474,966971,RUA 36 44 CIDADE NOVA,3501
962581,RUA 42 42 CIDADE NOVA,474,961365,RUA 22 36 CIDADE NOVA,9571
962581,RUA 42 42 CIDADE NOVA,474,962139,RUA 234 22 CIDADE NOVA,133
962581,RUA 42 42 CIDADE NOVA,474,962580,RUA 24 41 CIDADE NOVA,920
398698,RUA MACHADO DE ASSIS 5240 CENsThRO,475,398698,RUA MACHADO DE ASSIS 5240 CENTRO,2280
398698,RUA MACHADO DE ASSIS 5240 CENsThRO,475,398692,RUA MACHADO DE ASSIS 5095 CENTRO,9592
398698,RUA MACHADO DE ASSIS 5240 CENsThRO,475,398708,RUA MACHADO DE ASSIS 5361 CENTRO,5431
398698,RUA MACHADO DE ASSIS 5240 CENsThRO,475,402542,RUA TIRADENTES 3498 CENTRO,8220
398698,RUA MACHADO DE ASSIS 5240 CENsThRO,475,232342,RUA ASSIS BRASIL 919 TELEACRE,7422
1008007,RUABARREIRINHA 384 GRANDE VITORIA,476,1008007,RUA BARREIRINHA 384 GRANDE VITORIA,2365
1008007,RUABARREIRINHA 384 GRANDE VITORIA,476,1008592,RUA BARRERINHA 587 GRANDE VITORIA,9584
1008007,RUABARREIRINHA 384 GRANDE VITORIA,476,1008535,RUA BARRERINHA 315 GRANDE VITORIA,1995
1008007,RUABARREIRINHA 384 GRANDE VITORIA,476,1141642,RUA LABREA 331 GRANDE VITORIA,7995
1008007,RUABARREIRINHA 384 GRANDE VITORIA,476,1074009,RUA DIAMANTINA 256 GRANDE VITORIA,5457
728906,RIO PURUS 3 SANTO ANTONIO DO APITUAR,477,728906,RIO PURUS 3 SANTO ANTONIO DO APITUAR,5608
728906,RIO PURUS 3 SANTO ANTONIO DO APITUAR,477,729089,RIO PURUS 10 SERINGAL DO CARMO,4676
728906,RIO PURUS 3 SANTO ANTONIO DO APITUAR,477,717076,RIO ACRE 15 SERINGAL SANTO ANTONIO,7211
728906,RIO PURUS 3 SANTO ANTONIO DO APITUAR,477,717319,RIO PURUS 2 SERINGAL BOM JESUS,8996
728906,RIO PURUS 3 SANTO ANTONIO DO APITUAR,477,717676,RIO PURUS 24 PORTO ALEGRE,8212
322790,RUA PASTOR LEONAeDO 3622 CIDADE CIDADE NOfA,478,322790,RUA PASTOR LEONARDO 3622 CIDADE NOVA,5790
322790,RUA PASTOR LEONAeDO 3622 CIDADE CIDADE NOfA,478,458026,RUA RONALDO ARAGAO 3628 CIDADE BAIXA,8978
322790,RUA PASTOR LEONAeDO 3622 CIDADE CIDADE NOfA,478,322457,RUA PADRE CICERO 2793 LAGOINHA,3723
322790,RUA PASTOR LEONAeDO 3622 CIDADE CIDADE NOfA,478,261235,RUA GIBRALTAR 4023 CIDADE DO LOBO,2049
322790,RUA PASTOR LEONAeDO 3622 CIDADE CIDADE NOfA,478,1045576,RUA CISJORDANIA 25 NOVA CIDADE,3098
910494,BECO ANTONO PIdNTO 14 BAIRRO BAIRRO,479,910494,BECO ANTONIO PINTO 14 BAIRRO PETROPOLIS,1842
910494,BECO ANTONO PIdNTO 14 BAIRRO BAIRRO,479,925405,BECO PENAROL 623 BAIRRO RAIZ,6986
910494,BECO ANTONO PIdNTO 14 BAIRRO BAIRRO,479,390244,RUA NAPOLEAO BONAPARTE 2091 CENTRO,729
910494,BECO ANTONO PIdNTO 14 BAIRRO BAIRRO,479,998148,RUA ARISTOPHANO ANTONY 427 BAIRRO PETROPOLIS,7564
910494,BECO ANTONO PIdNTO 14 BAIRRO BAIRRO,479,823189,RUA DEOCLECIANO SAMPAIO 1027 PANTANAL,601
1145595,RUA LIMA BACURI 342 CENTRO,480,1145595,RUA LIMA BACURI 342 CENTRO,4672
1145595,RUA LIMA BACURI 342 CENTRO,480,1145581,RUA LIMA BACURI 301 CENTRO,578
1145595,RUA LIMA BACURI 342 CENTRO,480,1145604,RUA LIMA BACURI 369 CENTRO,4539
1145595,RUA LIMA BACURI 342 CENTRO,480,59914,RUA RUI BARBOSA 1212 CENTRO,4817
1145595,RUA LIMA BACURI 342 CENTRO,480,463528,RUA LUIZ BORGES 1179 CENTRO,2925
435636,RUA PAPGAAIO 2228 SETOR 05,481,435636,RUA PAPAGAIO 2228 SETOR 05,6092
435636,RUA PAPGAAIO 2228 SETOR 05,481,435665,RUA PAPAGAIO 3049 SETOR 05,65
435636,RUA PAPGAAIO 2228 SETOR 05,481,435656,RUA PAPAGAIO 2663 SETOR 05,9583
435636,RUA PAPGAAIO 2228 SETOR 05,481,436029,RUA SABIA 2654 SETOR 07,504
435636,RUA PAPGAAIO 2228 SETOR 05,481,435615,RUA PAPAGAIO 1984 SETOR 05,8354
545294,E5TRADA SA0 FRANCISCO 1549 SAO FRANCISCO,482,545294,ESTRADA SAO FRANCISCO 1549 SAO FRANCISCO,1707
545294,E5TRADA SA0 FRANCISCO 1549 SAO FRANCISCO,482,545296,ESTRADA SAO FRANCISCO 1558 SAO FRANCISCO,8162
545294,E5TRADA SA0 FRANCISCO 1549 SAO FRANCISCO,482,545259,ESTRADA SAO FRANCISCO 1255 SAO FRANCISCO,1509
545294,E5TRADA SA0 FRANCISCO 1549 SAO FRANCISCO,482,697229,RUA MENDONCA FURTADO 548 SAO FRANCISCO,4635
545294,E5TRADA SA0 FRANCISCO 1549 SAO FRANCISCO,482,633019,TRAVESSA VERONEZE 259 SAO FRANCISCO,3966
118581,RUA FREIe ACNECA 1359 SEOT R07,483,33060,RUA VIOLTETA 1895 RURAL,9192
118581,RUA FREIe ACNECA 1359 SEOT R07,483,290331,RUA PANTEON 7205 TEIXEIRAO,6697
118581,RUA FREIe ACNECA 1359 SEOT R07,483,118581,RUA FREI CANECA 1359 SETOR 07,711
118581,RUA FREIe ACNECA 1359 SEOT R07,483,532024,TRAVESSA SEBASTIAO PEIXOTO 398 SERRARIA,2234
118581,RUA FREIe ACNECA 1359 SEOT R07,483,60031,RUA RURAL 1074 TEIXEIRAO,3884
272240,RUA J0AQUIM ARAUJO oIMA 3131 POlRTO VEIHOx,484,272396,RUA JOAQUIM BRITO 8447 TEIXEIRAO,3999
272240,RUA J0AQUIM ARAUJO oIMA 3131 POlRTO VEIHOx,484,58149,RUA PEDRO SPAGNOL 3985 TEIXEIRAO,4459
272240,RUA J0AQUIM ARAUJO oIMA 3131 POlRTO VEIHOx,484,1137419,RUA JOSE RIBAMAR 10 MAUAZINHO JERUSALEM,1246
272240,RUA J0AQUIM ARAUJO oIMA 3131 POlRTO VEIHOx,484,1044906,RUA CIPO TUIRA 540 JORGE TEIXEIRA JOAO PAULO 3,5073
272240,RUA J0AQUIM ARAUJO oIMA 3131 POlRTO VEIHOx,484,48598,RUA ANITA GARIBALDI 2970 TEIXEIRAO,7224
221130,sRA ABOBORA 5481 ONA,485,508246,RAMAL AGROVILA 1151 None,8474
221130,sRA ABOBORA 5481 ONA,485,650924,RAMAL TREIS MARIA 3662 None,3404
221130,sRA ABOBORA 5481 ONA,485,491192,RAMAL JARINA 5430 ALCOBRAS,4618
221130,sRA ABOBORA 5481 ONA,485,532223,RAMAL CEU ABERTO 5 COLONIA 3 IRMAOS,6612
221130,sRA ABOBORA 5481 ONA,485,508804,RAMAL TRES 44 BR364,1759
919631,BECO ESPERANCA 480 PLANALTO,486,919631,BECO ESPERANCA 480 PLANALTO,5324
919631,BECO ESPERANCA 480 PLANALTO,486,919649,BECO ESPERANCA 1420 JAPIIM,1963
919631,BECO ESPERANCA 480 PLANALTO,486,921343,BECO IPIRANGA 230 RAIZ,777
919631,BECO ESPERANCA 480 PLANALTO,486,910687,BECO ARIPUANA 380 CENTRO,5993
919631,BECO ESPERANCA 480 PLANALTO,486,910931,BECO ARUANA 16 COMPENSA,4966
694820,RUA DOUTOR JULIO TAUMATURGO LOBO 443 NVOhO CEU,487,694820,RUA DOUTOR JULIO TAUMATURGO LOBO 443 NOVO CEU,5605
694820,RUA DOUTOR JULIO TAUMATURGO LOBO 443 NVOhO CEU,487,694791,RUA DOUTOR JULIO TAUMATURGO LOBO 40 NOVO CEU,7695
694820,RUA DOUTOR JULIO TAUMATURGO LOBO 443 NVOhO CEU,487,167871,AVENIDA JOA BATISTA FIGUEREDO 3690 BAIRRO UNIAO,2605
694820,RUA DOUTOR JULIO TAUMATURGO LOBO 443 NVOhO CEU,487,492072,AVENIDA BOULEVARD THAUMATURGO 597 CENTRO,4515
694820,RUA DOUTOR JULIO TAUMATURGO LOBO 443 NVOhO CEU,487,492075,AVENIDA BOULEVARD THAUMATURGO 637 CENTRO,1253
1076377,RUA DO COMERCIO 172 CIDADE DE DéUS DEUS,488,1076377,RUA DO COMERCIO 172 CIDADE DE DEUS,3498
1076377,RUA DO COMERCIO 172 CIDADE DE DéUS DEUS,488,1076175,RUA DO COMERCIO 28 CIDADE DE DEUS,4677
1076377,RUA DO COMERCIO 172 CIDADE DE DéUS DEUS,488,1076473,RUA DO COMERCIO 309 CIDADE DE DEUS,49
1076377,RUA DO COMERCIO 172 CIDADE DE DéUS DEUS,488,1117804,RUA INAMBU 2 CIDADE DE DEUS,9557
1076377,RUA DO COMERCIO 172 CIDADE DE DéUS DEUS,488,1073283,RUA DEZOITO 192 CIDADE DE DEUS,1152
197462,RUA ALAGOSA 82 JARDíM DAS OIVEIRAS,489,1150324,RUA MACACAUBA 65 MONTE DAS OLIVEIRAS,7581
197462,RUA ALAGOSA 82 JARDíM DAS OIVEIRAS,489,1107912,RUA GUACA 192 MONTE DAS OLIVEIRAS,648
197462,RUA ALAGOSA 82 JARDíM DAS OIVEIRAS,489,1022416,RUA BURITIZAL 8 MONTE DAS OLIVEIRAS,6627
197462,RUA ALAGOSA 82 JARDíM DAS OIVEIRAS,489,1113496,RUA HUMAITA 409 MONTE DAS OLIVEIRAS,4825
197462,RUA ALAGOSA 82 JARDíM DAS OIVEIRAS,489,1107653,RUA GRAPIAPUNHA 183 MONTE DAS OLIVEIRAS,7504
713818,dRUA JqOAO GABRIEL 2438 CENqRTO,490,617456,RUA SAO CRISTOVAO 143 DAL PASQUALE,6757
713818,dRUA JqOAO GABRIEL 2438 CENqRTO,490,650108,RAMAL GLEBA F 4600 SENADOR GUIOMARD,5101
713818,dRUA JqOAO GABRIEL 2438 CENqRTO,490,508589,RAMAL MACAXEIRAL 1 2073 SAO BRAS,9100
713818,dRUA JqOAO GABRIEL 2438 CENqRTO,490,643703,RAMAL TIRIRICA 12 R0DRIGUES ALVES,1410
713818,dRUA JqOAO GABRIEL 2438 CENqRTO,490,937467,BECO SAO JOSE 35 GLORIA,2271
829856,AVENIDA GETULIO VARGAS 694 BIRIBIRI,491,829856,AVENIDA GETULIO VARGAS 694 BIRIBIRI,6668
829856,AVENIDA GETULIO VARGAS 694 BIRIBIRI,491,97777,AVENIDA GETULIO VARGAS 849 GUAJARA MIRIM,1802
829856,AVENIDA GETULIO VARGAS 694 BIRIBIRI,491,538823,AVENIDA GETULIO VARGAS 1811 BOSQUE,4289
829856,AVENIDA GETULIO VARGAS 694 BIRIBIRI,491,538894,AVENIDA GETULIO VARGAS 2406 BOSQUE,3161
829856,AVENIDA GETULIO VARGAS 694 BIRIBIRI,491,492791,AVENIDA GETULIO VARGAS 1163 VARZEA,6941
1018267,RUA BOMc JeESUS 23 III ZUkBI,492,1018267,RUA BOM JESUS 23 ZUMBI III,5187
1018267,RUA BOMc JeESUS 23 III ZUkBI,492,235926,RUA BIDU SAIAO 7069 APONIA,5879
1018267,RUA BOMc JeESUS 23 III ZUkBI,492,235912,RUA BIDU SAIAO 7005 APONIA,7921
1018267,RUA BOMc JeESUS 23 III ZUkBI,492,500051,RUA DO PARA 2063 CRUZEIRAO,3460
1018267,RUA BOMc JeESUS 23 III ZUkBI,492,1130158,RUA JERUSALEM 41 COROADO,6093
291710,RUA PAULO FRANCSI 2373 ZONAr dUL,493,291710,RUA PAULO FRANCIS 2373 ZONA SUL,1897
291710,RUA PAULO FRANCSI 2373 ZONAr dUL,493,817961,RUA FRANCISCO DE PAULA 2 145 JURUA,2253
291710,RUA PAULO FRANCSI 2373 ZONAr dUL,493,742759,RUA ALFREDO SEVERINO 63 URUCU,6748
291710,RUA PAULO FRANCSI 2373 ZONAr dUL,493,742744,RUA ALFREDO SEVERINO 38 URUCU,9901
291710,RUA PAULO FRANCSI 2373 ZONAr dUL,493,227398,RUA ANASTACIO SOMOZA 5016 ZONA SUL,9187
1125599,AJACARE RU 385 JORGE TEuXEIRA,494,628654,TRAVESSA MADUREIRA 710 MAURI SERGIO,2703
1125599,AJACARE RU 385 JORGE TEuXEIRA,494,627658,TRAVESSA JERUSALEM 144 AIRTON SENA,4102
1125599,AJACARE RU 385 JORGE TEuXEIRA,494,643703,RAMAL TIRIRICA 12 R0DRIGUES ALVES,1410
1125599,AJACARE RU 385 JORGE TEuXEIRA,494,510394,TRAVESSA RIO JURUA 3 1181 MIRITIZAL,7704
1125599,AJACARE RU 385 JORGE TEuXEIRA,494,532024,TRAVESSA SEBASTIAO PEIXOTO 398 SERRARIA,2234
907943,AVENIDA SAO MARCOS 13 NOVO SIRAEL,495,907943,AVENIDA SAO MARCOS 13 NOVO ISRAEL,8099
907943,AVENIDA SAO MARCOS 13 NOVO SIRAEL,495,907945,AVENIDA SAO MARCOS 15 NOVO ISRAEL,4157
907943,AVENIDA SAO MARCOS 13 NOVO SIRAEL,495,908009,AVENIDA SAO MARCOS 53 NOVO ISRAEL,3810
907943,AVENIDA SAO MARCOS 13 NOVO SIRAEL,495,908024,AVENIDA SAO MARCOS 62 NOVO ISRAEL,4284
907943,AVENIDA SAO MARCOS 13 NOVO SIRAEL,495,891523,AVENIDA RIO BRANCO 36 SAO RAIMUNDO,2584
1086398,URA DOZE 352 ALVORADA,496,1086398,RUA DOZE 352 ALVORADA,5658
1086398,URA DOZE 352 ALVORADA,496,672888,RAMAL LINHA4 252 CAQUETA,7260
1086398,URA DOZE 352 ALVORADA,496,1086414,RUA DOZE 356 ALVORADA,4960
1086398,URA DOZE 352 ALVORADA,496,850367,ALAMEDA A 367 LAGO AZUL,8949
1086398,URA DOZE 352 ALVORADA,496,956183,RUA 18 322 ALVORADA,4127
137179,RUA DA PROCLAMACAtO 535 PRIMVAERA,497,137179,RUA DA PROCLAMACAO 535 PRIMAVERA,1013
137179,RUA DA PROCLAMACAtO 535 PRIMVAERA,497,137198,RUA DA PROCLAMACAO 708 PRIMAVERA,5966
137179,RUA DA PROCLAMACAtO 535 PRIMVAERA,497,568046,RUA DO DIVISOR 831 VITORIA,1254
137179,RUA DA PROCLAMACAtO 535 PRIMVAERA,497,565120,RUA DAMA DA NOITE 773 TROPICAL,58
137179,RUA DA PROCLAMACAtO 535 PRIMVAERA,497,246553,RUA DA PAZ 350 B FLORESTA,7544
1044307,RUA CINQUnENTA iE SETE 18 CIDAEs NOVA,498,1044131,RUA CINQUENTA E SEIS 21 C NOVA,5011
1044307,RUA CINQUnENTA iE SETE 18 CIDAEs NOVA,498,1005597,RUA B VINTE CINCO 756 ALVORADA,7283
1044307,RUA CINQUnENTA iE SETE 18 CIDAEs NOVA,498,1085979,RUA DOZE 49 ALVORADA I,7276
1044307,RUA CINQUnENTA iE SETE 18 CIDAEs NOVA,498,978106,RUA A DEZESSETE 1291 JAPIIM,2043
1044307,RUA CINQUnENTA iE SETE 18 CIDAEs NOVA,498,1089815,RUA E QUINZE 12 ALVORADA II,127
829552,AVENIDA DA CORRENTEZA 2074 CORRENTEZA,499,829552,AVENIDA DA CORRENTEZA 2074 CORRENTEZA,8123
829552,AVENIDA DA CORRENTEZA 2074 CORRENTEZA,499,829373,AVENIDA CORRENTEZA 1543 CORRENTEZA,6989
829552,AVENIDA DA CORRENTEZA 2074 CORRENTEZA,499,363759,AVENIDA DAS ORQUIDEAS 1775 JARDIM PRIMAVERA,3945
829552,AVENIDA DA CORRENTEZA 2074 CORRENTEZA,499,537158,AVENIDA CEARA 514 JARDIM PRIMAVERA,1878
829552,AVENIDA DA CORRENTEZA 2074 CORRENTEZA,499,1055888,RUA DA AMIZADE 42 PETROPOLIS,3511
495108,ENTRADA SAO JOSE 820 PROXIMO LIXAO,500,495108,ENTRADA SAO JOSE 820 PROXIMO LIXAO,8347
495108,ENTRADA SAO JOSE 820 PROXIMO LIXAO,500,304056,RUA SAO JOSE 444 BAIXA UNIAO,6258
495108,ENTRADA SAO JOSE 820 PROXIMO LIXAO,500,617957,RUA SAO JOAO 303 FLORESTA SUL E SOBRAL,4739
495108,ENTRADA SAO JOSE 820 PROXIMO LIXAO,500,540487,AVENIDA UM 690 BAIRRO SAO FRANCISCO,2998
495108,ENTRADA SAO JOSE 820 PROXIMO LIXAO,500,304044,RUA SAO JOSE 393 BAIXA UNIAO,9347
235615,UA BERIMBAU 1713 CASTANHEIRA,501,216387,BECO DA BRASILLIA 1750 TUCUMANZAL,7440
235615,UA BERIMBAU 1713 CASTANHEIRA,501,235615,RUA BERIMBAU 1713 CASTANHEIRA,6169
235615,UA BERIMBAU 1713 CASTANHEIRA,501,637662,RAMAL PICAREIRA 520 AMAPA,9958
235615,UA BERIMBAU 1713 CASTANHEIRA,501,216190,BECO ACARA 2346 NOVA FLORESTA,1475
235615,UA BERIMBAU 1713 CASTANHEIRA,501,535900,ALAMEDA MANACAIAS 358 CHACARA IPE,182
404041,AVENIDA JORGE TEIXEIRA 3977 ALTO tPARaAISO,502,404041,AVENIDA JORGE TEIXEIRA 3977 ALTO PARAISO,3327
404041,AVENIDA JORGE TEIXEIRA 3977 ALTO tPARaAISO,502,404060,AVENIDA JORGE TEIXEIRA 4164 ALTO PARAISO,2148
404041,AVENIDA JORGE TEIXEIRA 3977 ALTO tPARaAISO,502,404020,AVENIDA JORGE TEIXEIRA 3906 ALTO PARAISO,4700
404041,AVENIDA JORGE TEIXEIRA 3977 ALTO tPARaAISO,502,855854,AVENIDA AUTAZ MIRIM 7404 TANCREDO NEVES,3239
404041,AVENIDA JORGE TEIXEIRA 3977 ALTO tPARaAISO,502,895880,AVENIDA SUMARE 1433 JORGE TEIXEIRA COMUNIDADE VAL PARAISO,5082
893615,AVENIDA RIO NEGRO 86 COdjPENSA,503,893615,AVENIDA RIO NEGRO 86 COMPENSA,3278
893615,AVENIDA RIO NEGRO 86 COdjPENSA,503,893715,AVENIDA RIO NEGRO 117 COMPENSA,5428
893615,AVENIDA RIO NEGRO 86 COdjPENSA,503,893564,AVENIDA RIO NEGRO 78 JAPIIM,5489
893615,AVENIDA RIO NEGRO 86 COdjPENSA,503,893250,AVENIDA RIO NEGRO 19 MAUAZINHO,6626
893615,AVENIDA RIO NEGRO 86 COdjPENSA,503,893270,AVENIDA RIO NEGRO 24 MAUAZINHO,6701
116806,RUA RUA RIO DE ANEIRO 3332 SETOR 2,504,116806,RUA RIO DE JANEIRO 3332 SETOR 2,8759
116806,RUA RUA RIO DE ANEIRO 3332 SETOR 2,504,116823,RUA RIO DE JANEIRO 3463 SETOR 2,7554
116806,RUA RUA RIO DE ANEIRO 3332 SETOR 2,504,116665,RUA RIO DE JANEIRO 1387 SETOR 07,4294
116806,RUA RUA RIO DE ANEIRO 3332 SETOR 2,504,109336,RUA BEIRA RIO 1871 SETOR 03,3058
116806,RUA RUA RIO DE ANEIRO 3332 SETOR 2,504,435736,RUA PEITO ROXO 1675 SETOR 02,668
894481,AVENIDA RUY ADRIANO DE ARAUJO ARAUJO JORGE 1229 CONJUNTO JOAO PAULO,505,894481,AVENIDA RUY ADRIANO DE ARAUJO JORGE 1229 CONJUNTO JOAO PAULO,9311
894481,AVENIDA RUY ADRIANO DE ARAUJO ARAUJO JORGE 1229 CONJUNTO JOAO PAULO,505,894528,AVENIDA RUY ADRIANO DE ARAUJO JORGE 1280 CONJUNTO JOAO PAULO II,6709
894481,AVENIDA RUY ADRIANO DE ARAUJO ARAUJO JORGE 1229 CONJUNTO JOAO PAULO,505,494476,AVENIDA CORONEL MANCIO LIMA 261 BAIRRO JOAO ALVES,8468
894481,AVENIDA RUY ADRIANO DE ARAUJO ARAUJO JORGE 1229 CONJUNTO JOAO PAULO,505,160832,RUA PRESIDENTE JOAO BATISTA FIGUEIREDO 50 BAIRRO SANTIAGO,9348
894481,AVENIDA RUY ADRIANO DE ARAUJO ARAUJO JORGE 1229 CONJUNTO JOAO PAULO,505,1095671,RUA EVARISTO WANDERLEY 143 CONJUNTO JOAO PAULO II,6459
800474,RUA DAMSO SOUZA BARRIvA 27 IRAY,506,800474,RUA DAMASO SOUZA BARRIGA 27 IRACY,6683
800474,RUA DAMSO SOUZA BARRIvA 27 IRAY,506,750556,RUA CAPITAO SILVA 513 TAUA MIRIM,7006
800474,RUA DAMSO SOUZA BARRIvA 27 IRAY,506,48598,RUA ANITA GARIBALDI 2970 TEIXEIRAO,7224
800474,RUA DAMSO SOUZA BARRIvA 27 IRAY,506,576622,RUA GUIOMARD SANTOS 94 BOSQUE,7059
800474,RUA DAMSO SOUZA BARRIvA 27 IRAY,506,613956,RUA MARECHAL DEODORO 1010 BOSQUE,2660
612610,RUA DOM PEDRO II 52 BOQUE,507,612610,RUA DOM PEDRO II 52 BOSQUE,5828
612610,RUA DOM PEDRO II 52 BOQUE,507,360215,RUA DOM PEDRO I 2857 CENTRO,6614
612610,RUA DOM PEDRO II 52 BOQUE,507,450567,RUA DOM PEDRO I 2066 CENTRO,5725
612610,RUA DOM PEDRO II 52 BOQUE,507,1131281,RUA JOAO BOSCO 77 DOM PEDRO,7722
612610,RUA DOM PEDRO II 52 BOQUE,507,1134937,RUA JOSE BELEM 40 DOM PEDRO,2426
582362,RUA JULIO MAIRANO 602 TAQUARI,508,582362,RUA JULIO MARIANO 602 TAQUARI,3399
582362,RUA JULIO MAIRANO 602 TAQUARI,508,615123,RUA PADRE JOSE 592 TAQUARI,1109
582362,RUA JULIO MAIRANO 602 TAQUARI,508,748073,RUA MANOEL MARQUES 940 ITAMARATI,9415
582362,RUA JULIO MAIRANO 602 TAQUARI,508,555084,RUA BAGUARI 2533 TAQUARI,661
582362,RUA JULIO MAIRANO 602 TAQUARI,508,748064,RUA MANOEL MARQUES 914 ITAMARATI,9002
335099,AVENDIA NATALINO R. JAVARINI 1286 VILA BANDêIRAy BRANCA,509,335099,AVENIDA NATALINO R. JAVARINI 1286 VILA BANDEIRA BRANCA,8069
335099,AVENDIA NATALINO R. JAVARINI 1286 VILA BANDêIRAy BRANCA,509,57006,RUA MARIO QUINTANA 130 NOVA ESPERANCA,3471
335099,AVENDIA NATALINO R. JAVARINI 1286 VILA BANDêIRAy BRANCA,509,1061215,RUA DALCIDIO JURANDIR 33 NOVO ALEIXO,4142
335099,AVENDIA NATALINO R. JAVARINI 1286 VILA BANDêIRAy BRANCA,509,1135145,RUA JOSE BRUNORO 22 SANTA ETELVINA,3300
335099,AVENDIA NATALINO R. JAVARINI 1286 VILA BANDêIRAy BRANCA,509,153374,RUA SAULO ALCANTARA 2349 NOVA LONDRINA,2679
966578,33 RjA 20 NOVA CwIDADE,510,722079,RIO AUTAZ ACU 476 LIMAO,7705
966578,33 RjA 20 NOVA CwIDADE,510,694171,RIO RIO AUTAZ ACU 6 CURRUSA,7930
966578,33 RjA 20 NOVA CwIDADE,510,973259,RUA 7 4 PARQUE 10 CONJ SHANGRI LA 4,6573
966578,33 RjA 20 NOVA CwIDADE,510,922548,BECO LADISLAU 18 REDENCAO,6034
966578,33 RjA 20 NOVA CwIDADE,510,754295,PARADOURO COPEA 18 NOVA JERUSALEM,4293
54481,RUA JOyGE AMADO 2322 CONJUNTO HALLEY HALLEY,511,54481,RUA JORGE AMADO 2322 CONJUNTO HALLEY,5272
54481,RUA JOyGE AMADO 2322 CONJUNTO HALLEY HALLEY,511,53015,RUA GONCALVES DIAS 716 CONJUNTO HALLEY,531
54481,RUA JOyGE AMADO 2322 CONJUNTO HALLEY HALLEY,511,552739,RUA AMOTY PASCOAL 402 WANDERLEY DANTAS,4592
54481,RUA JOyGE AMADO 2322 CONJUNTO HALLEY HALLEY,511,62506,RUA MARECHAL FLORIANO PEIXOTO 2483 JARDIM CLODOALDO,2282
54481,RUA JOyGE AMADO 2322 CONJUNTO HALLEY HALLEY,511,45535,AVENIDA PRIMAVERA 2518 CONJUNTO HALLEY,1027
789819,RUA PRINCIPAL 345 CACAU PIRERA,512,789819,RUA PRINCIPAL 345 CACAU PIRERA,8166
789819,RUA PRINCIPAL 345 CACAU PIRERA,512,804681,RUA PARAISO 3321 JARDIM AMANDA,3834
789819,RUA PRINCIPAL 345 CACAU PIRERA,512,785619,RUA 06 264 CACAU PIRERA,1973
789819,RUA PRINCIPAL 345 CACAU PIRERA,512,785452,RUA 02 132 CACAU PIRERA,7461
789819,RUA PRINCIPAL 345 CACAU PIRERA,512,245335,RUA CURITIBA 3072 CALADINHO,9230
370434,AVENIDA BARAO DO RIO BRANCO 1726 BAIRRO SAO JOSE,513,370434,AVENIDA BARAO DO RIO BRANCO 1726 BAIRRO SAO JOSE,2942
370434,AVENIDA BARAO DO RIO BRANCO 1726 BAIRRO SAO JOSE,513,830912,AVENIDA BARAO DO RIO BRANCO 1696 SAO FRANCISCO,9992
370434,AVENIDA BARAO DO RIO BRANCO 1726 BAIRRO SAO JOSE,513,830756,AVENIDA BARAO DO RIO BRANCO 249 CENTRO,5170
370434,AVENIDA BARAO DO RIO BRANCO 1726 BAIRRO SAO JOSE,513,370663,AVENIDA BARAO DO RIO BRANCO 3842 CENTRO,9653
370434,AVENIDA BARAO DO RIO BRANCO 1726 BAIRRO SAO JOSE,513,370404,AVENIDA BARAO DO RIO BRANCO 530 CENTRO,6578
611680,RUA CAIPTAO CIRILO 20 AgIAIRO,514,611680,RUA CAPITAO CIRILO 20 AVIARIO,8630
611680,RUA CAIPTAO CIRILO 20 AgIAIRO,514,611750,RUA CAPITAO CIRILO 225 AVIARIO,4434
611680,RUA CAIPTAO CIRILO 20 AgIAIRO,514,579717,RUA JOAO AMANCIO 110 SOBRAL,7210
611680,RUA CAIPTAO CIRILO 20 AgIAIRO,514,698955,RUA MOURAO VIERA 156 CAMETA DO RAMOS,3297
611680,RUA CAIPTAO CIRILO 20 AgIAIRO,514,462266,RUA CAPITAO SILVIO G DE FARIAS 843 CRISTO REI,1564
23274,RUA LAJES 4218 SETOR 09,515,23274,RUA LAJES 4218 SETOR 09,1579
23274,RUA LAJES 4218 SETOR 09,515,23252,RUA LAJES 3820 SETOR 09,2325
23274,RUA LAJES 4218 SETOR 09,515,23329,RUA LAJES 4528 SETOR 09,8023
23274,RUA LAJES 4218 SETOR 09,515,26964,RUA PAPOULAS 2935 SETOR 4,9906
23274,RUA LAJES 4218 SETOR 09,515,26714,RUA PAINEIRA 1609 SETOR 01,1168
1138212,RUA JUAZEIRO DO NORTE 142 TERA N0VA,516,1138212,RUA JUAZEIRO DO NORTE 142 TERRA NOVA,5716
1138212,RUA JUAZEIRO DO NORTE 142 TERA N0VA,516,1138209,RUA JUAZEIRO DO NORTE 54 TERRA NOVA,1123
1138212,RUA JUAZEIRO DO NORTE 142 TERA N0VA,516,1138203,RUA JUASEIRO DO NORTE 137 COLONHA TERRA NOVA,9472
1138212,RUA JUAZEIRO DO NORTE 142 TERA N0VA,516,1138171,RUA JUAREZ PRADO 53 NOVA CIDADE,2978
1138212,RUA JUAZEIRO DO NORTE 142 TERA N0VA,516,59602,RUA RIO NEGRO 2093 TEIXEIRAO,2354
767929,RUA BOULEVARDfALVARO MAIA 396 CENTRO,517,767929,RUA BOULEVARD ALVARO MAIA 396 CENTRO,9702
767929,RUA BOULEVARDfALVARO MAIA 396 CENTRO,517,576622,RUA GUIOMARD SANTOS 94 BOSQUE,7059
767929,RUA BOULEVARDfALVARO MAIA 396 CENTRO,517,608467,RUA VALERIO MAGALHAES 42 BOSQUE,7386
767929,RUA BOULEVARDfALVARO MAIA 396 CENTRO,517,608459,RUA VALERIO MAGALHAES 26 BOSQUE,9448
767929,RUA BOULEVARDfALVARO MAIA 396 CENTRO,517,492072,AVENIDA BOULEVARD THAUMATURGO 597 CENTRO,4515
464834,PIONEIROS AVENIDA DOS 2539 CENTRO,518,464834,AVENIDA DOS PIONEIROS 2539 CENTRO,8445
464834,PIONEIROS AVENIDA DOS 2539 CENTRO,518,444336,AVENIDA DOS MIGRANTES 1576 CENTRO,1567
464834,PIONEIROS AVENIDA DOS 2539 CENTRO,518,464830,AVENIDA DOS PIONEIROS 1935 CENTRO,5533
464834,PIONEIROS AVENIDA DOS 2539 CENTRO,518,210209,AVENIDA MAMORE 4362 TIRADENTES,5860
464834,PIONEIROS AVENIDA DOS 2539 CENTRO,518,96760,AVENIDA DOS PIONEIROS 1342 GUAJARA MIRIM,8990
396594,AVENIDA INDêPENDENCIA 5195 CENTRO,519,396594,AVENIDA INDEPENDENCIA 5195 CENTRO,8045
396594,AVENIDA INDêPENDENCIA 5195 CENTRO,519,396536,AVENIDA INDEPENDENCIA 4417 CENTRO,369
396594,AVENIDA INDêPENDENCIA 5195 CENTRO,519,396612,AVENIDA INDEPENDENCIA 5433 CENTRO,5563
396594,AVENIDA INDêPENDENCIA 5195 CENTRO,519,396583,AVENIDA INDEPENDENCIA 5073 CENTRO,2730
396594,AVENIDA INDêPENDENCIA 5195 CENTRO,519,396624,AVENIDA INDEPENDENCIA 5666 CENTRO,6299
385264,RUA UM MIL qQUNHENTOS E OITO 2481 CRISTO REI,520,385264,RUA UM MIL QUINHENTOS E OITO 2481 CRISTO REI,9981
385264,RUA UM MIL qQUNHENTOS E OITO 2481 CRISTO REI,520,385164,RUA UM MIL QUINHENTOS E DOIS 2329 CRISTO REI,207
385264,RUA UM MIL qQUNHENTOS E OITO 2481 CRISTO REI,520,385293,RUA UM MIL QUINHENTOS E QUATRO 2134 CRISTO REI,4837
385264,RUA UM MIL qQUNHENTOS E OITO 2481 CRISTO REI,520,369474,AVENIDA UM MIL QUINHENTOS E ONZE 2388 CRISTO REI,1296
385264,RUA UM MIL qQUNHENTOS E OITO 2481 CRISTO REI,520,385342,RUA UM MIL QUINHENTOS E SEIS 2064 CRISTO REI,7311
409422,RUA ALTA FOLtESTA 1270 SwTOR 2,521,33060,RUA VIOLTETA 1895 RURAL,9192
409422,RUA ALTA FOLtESTA 1270 SwTOR 2,521,404931,RUA F 3797 ALORADA,5785
409422,RUA ALTA FOLtESTA 1270 SwTOR 2,521,1053849,RUA D 6 COROADO,400
409422,RUA ALTA FOLtESTA 1270 SwTOR 2,521,290331,RUA PANTEON 7205 TEIXEIRAO,6697
409422,RUA ALTA FOLtESTA 1270 SwTOR 2,521,27437,RUA PARIZ 5321 RES ALVORADA,2736
212624,AVENIDA RIO DE JANEIRO 1367 AdEAL,522,212624,AVENIDA RIO DE JANEIRO 1367 AREAL,2986
212624,AVENIDA RIO DE JANEIRO 1367 AdEAL,522,212759,AVENIDA RIO DE JANEIRO 2218 AREAL,5014
212624,AVENIDA RIO DE JANEIRO 1367 AdEAL,522,212728,AVENIDA RIO DE JANEIRO 2027 AREAL,850
212624,AVENIDA RIO DE JANEIRO 1367 AdEAL,522,213233,AVENIDA RIO DE JANEIRO 7364 LAGOINHA,2900
212624,AVENIDA RIO DE JANEIRO 1367 AdEAL,522,213213,AVENIDA RIO DE JANEIRO 6953 PORTO VELHO,2093
212860,AVENIDA RIO DE JANEIRO 3074 ROQUE,523,212860,AVENIDA RIO DE JANEIRO 3074 ROQUE,6014
212860,AVENIDA RIO DE JANEIRO 3074 ROQUE,523,213183,AVENIDA RIO DE JANEIRO 6702 LAGOINHA,8678
212860,AVENIDA RIO DE JANEIRO 3074 ROQUE,523,212759,AVENIDA RIO DE JANEIRO 2218 AREAL,5014
212860,AVENIDA RIO DE JANEIRO 3074 ROQUE,523,213233,AVENIDA RIO DE JANEIRO 7364 LAGOINHA,2900
212860,AVENIDA RIO DE JANEIRO 3074 ROQUE,523,2772,AVENIDA RIO DE JANEIRO 4116 CENTRO,9591
106440,AVENIDA FRANCISCO VIEIRA DE SOUzA 1700 CëNTRO,524,106440,AVENIDA FRANCISCO VIEIRA DE SOUZA 1700 CENTRO,5626
106440,AVENIDA FRANCISCO VIEIRA DE SOUzA 1700 CëNTRO,524,106515,AVENIDA FRANCISCO VIEIRA DE SOUZA 3950 TARILANDIA,1421
106440,AVENIDA FRANCISCO VIEIRA DE SOUzA 1700 CëNTRO,524,106541,AVENIDA FRANCISCO VIEIRA DE SOUZA 4790 CENTRO,1497
106440,AVENIDA FRANCISCO VIEIRA DE SOUzA 1700 CëNTRO,524,106518,AVENIDA FRANCISCO VIEIRA DE SOUZA 3960 TARILANDIA,84
106440,AVENIDA FRANCISCO VIEIRA DE SOUzA 1700 CëNTRO,524,106379,AVENIDA FRANCISCO VIEIRA DE SOUZA 190 CENTRO,9816
1070748,DEZENOVE RUw 23 CIDAD NOAV,525,722079,RIO AUTAZ ACU 476 LIMAO,7705
1070748,DEZENOVE RUw 23 CIDAD NOAV,525,1024883,RUA C NOVE 1779 JAPIIM,2648
1070748,DEZENOVE RUw 23 CIDAD NOAV,525,978106,RUA A DEZESSETE 1291 JAPIIM,2043
1070748,DEZENOVE RUw 23 CIDAD NOAV,525,330277,RUA 54A 10 NOVA MUTUM,5805
1070748,DEZENOVE RUw 23 CIDAD NOAV,525,590484,RUA N DOIS 23 TUCUMA II,8320
885836,AVENIDA NEPAL 22 NOVA CIsAD,526,885836,AVENIDA NEPAL 22 NOVA CIDADE,1505
885836,AVENIDA NEPAL 22 NOVA CIsAD,526,885823,AVENIDA NEPAL 20 NOVA CIDADE,2082
885836,AVENIDA NEPAL 22 NOVA CIsAD,526,885735,AVENIDA NEPAL 8 NOVA CIDADE,7940
885836,AVENIDA NEPAL 22 NOVA CIsAD,526,885817,AVENIDA NEPAL 18 NOVA CIDADE,1319
885836,AVENIDA NEPAL 22 NOVA CIsAD,526,885732,AVENIDA NEPAL 8 NOVA CIDADE,8862
521533,RUA 07 E SETyEMBRO 140 BAIRRO SAO FRANCISCO,527,522432,RUA JOSE DE ABREU 117 BAIRRO SAO FRANCISCO,3505
521533,RUA 07 E SETyEMBRO 140 BAIRRO SAO FRANCISCO,527,521533,RUA 07 DE SETEMBRO 140 BAIRRO SAO FRANCISCO,7827
521533,RUA 07 E SETyEMBRO 140 BAIRRO SAO FRANCISCO,527,1000541,RUA ATAIDE VERONE 181 BAIRRO SAO FRANCISCO,2010
521533,RUA 07 E SETyEMBRO 140 BAIRRO SAO FRANCISCO,527,555942,RUA BEBETO ALVES 110 BAIRRO SAO FRANCISCO,3407
521533,RUA 07 E SETyEMBRO 140 BAIRRO SAO FRANCISCO,527,705828,RUA FELIPE CAMARAO 351 BAIRRO SAO FRANCISCO,7577
502439,RUA MATO GROSSO 2373 SAO JOSE,528,502439,RUA MATO GROSSO 2373 SAO JOSE,9855
502439,RUA MATO GROSSO 2373 SAO JOSE,528,76508,RUA GOIAS 4267 SAO JOSE,1891
502439,RUA MATO GROSSO 2373 SAO JOSE,528,89451,RUA PETRONIO CAMARGO 2084 SAO JOSE,3751
502439,RUA MATO GROSSO 2373 SAO JOSE,528,88413,RUA MARANHAO 2039 SAO JOSE,5074
502439,RUA MATO GROSSO 2373 SAO JOSE,528,304282,RUA SAO JOSE 10202 SAO FRANCISCO,7799
1090794,RUA EGITO 21 CIkDADE sE DEUS,529,1081145,RUA DOIS 307 CIIDADE DE DEUS,7177
1090794,RUA EGITO 21 CIkDADE sE DEUS,529,1088979,RUA E 56 CIDADE DE DEUS,3335
1090794,RUA EGITO 21 CIkDADE sE DEUS,529,1019761,RUA BOTAFOGO 550 CIADADE DE DEUS,7137
1090794,RUA EGITO 21 CIkDADE sE DEUS,529,1081143,RUA DOIS 307 CIIDADE DE DEUS,315
1090794,RUA EGITO 21 CIkDADE sE DEUS,529,1019736,RUA BOTAFOGO 444 CIADADE DE DEUS,7664
375180,RUA ANTONIO P. DOS SANTOS OU 513 308 JARDIj AMERICA,530,375180,RUA ANTONIO P. DOS SANTOS OU 513 308 JARDIM AMERICA,7781
375180,RUA ANTONIO P. DOS SANTOS OU 513 308 JARDIj AMERICA,530,529538,RUA FRANCISCO M. DOS SANTOS 335 TAUMARTUGO,9627
375180,RUA ANTONIO P. DOS SANTOS OU 513 308 JARDIj AMERICA,530,529577,RUA FRANCISCO M. DOS SANTOS 735 TAUMARTUGO,8119
375180,RUA ANTONIO P. DOS SANTOS OU 513 308 JARDIj AMERICA,530,529542,RUA FRANCISCO M. DOS SANTOS 355 TAUMARTUGO,2689
375180,RUA ANTONIO P. DOS SANTOS OU 513 308 JARDIj AMERICA,530,273382,RUA JOSE AMADOR DOS REIS 765 CASCALHEIRA,2629
396149,AVENIDA vASTELO BRACO 4064 CIDADE ALTA,531,396149,AVENIDA CASTELO BRANCO 4064 CIDADE ALTA,2755
396149,AVENIDA vASTELO BRACO 4064 CIDADE ALTA,531,397452,AVENIDA MARECHAL RONDON 4220 CIDADE ALTA,4606
396149,AVENIDA vASTELO BRACO 4064 CIDADE ALTA,531,394752,AVENIDA MARECHAL DEODORO 6139 CIDADE NOVA,6038
396149,AVENIDA vASTELO BRACO 4064 CIDADE ALTA,531,207951,AVENIDA GUAPORE 2696 LAGOINHA,1294
396149,AVENIDA vASTELO BRACO 4064 CIDADE ALTA,531,855274,AVENIDA ATROARIS 55 CIDADE NOVA,407
1017083,RA BOA dVISTA 10 LIRIO LIRIO DOV ALE,532,930911,BECO SOLIMOES 10 ALEIXO,3457
1017083,RA BOA dVISTA 10 LIRIO LIRIO DOV ALE,532,741662,BECO SANTA LUZIA 122 TAUA MIRIM,3423
1017083,RA BOA dVISTA 10 LIRIO LIRIO DOV ALE,532,817635,TRAVESSA RAMUNDO AMADEU MAIA 21 ACANAUE,9479
1017083,RA BOA dVISTA 10 LIRIO LIRIO DOV ALE,532,921490,BECO IRENO 48 LIRIO DO VALE,9250
1017083,RA BOA dVISTA 10 LIRIO LIRIO DOV ALE,532,643703,RAMAL TIRIRICA 12 R0DRIGUES ALVES,1410
1094057,RUA ESPIRITO SANTO 498 COL TERRA NOVA,533,1094057,RUA ESPIRITO SANTO 498 COL TERRA NOVA,651
1094057,RUA ESPIRITO SANTO 498 COL TERRA NOVA,533,254694,RUA ESPIRITO SANTO 4166 NOVA FLORESTA,2889
1094057,RUA ESPIRITO SANTO 498 COL TERRA NOVA,533,254675,RUA ESPIRITO SANTO 3816 NOVA FLORESTA,5859
1094057,RUA ESPIRITO SANTO 498 COL TERRA NOVA,533,254731,RUA ESPIRITO SANTO 4576 NOVA FLORESTA,1817
1094057,RUA ESPIRITO SANTO 498 COL TERRA NOVA,533,743991,RUA CESARIO CAMPELO 478 ESPIRITO SANTO,1220
364470,AVENIDA FLORIANOPOLIS OU 2005 7528 SETOR ZICO OU 26,534,364470,AVENIDA FLORIANOPOLIS OU 2005 7528 SETOR ZICO OU 26,9477
364470,AVENIDA FLORIANOPOLIS OU 2005 7528 SETOR ZICO OU 26,534,364485,AVENIDA FLORIANOPOLIS OU 2005 7809 SETOR ZICO OU 26,8975
364470,AVENIDA FLORIANOPOLIS OU 2005 7528 SETOR ZICO OU 26,534,364596,AVENIDA GOIAS OU 2009 7646 SETOR ZICO OU 26,6851
364470,AVENIDA FLORIANOPOLIS OU 2005 7528 SETOR ZICO OU 26,534,364782,AVENIDA JASMIM OU 1703 2093 JARDIM PRIMAVERA,1163
364470,AVENIDA FLORIANOPOLIS OU 2005 7528 SETOR ZICO OU 26,534,378581,RUA JOSE BONIFACIO 2312 SETOR ZICO OU 26,8018
183177,RûA CELSO CARMINATIc 568 JRDIM âEROPORTO,535,505850,TRAVESSA CARLOS O. DE FARIAS 1198 CRUZEIRAO,8278
183177,RûA CELSO CARMINATIc 568 JRDIM âEROPORTO,535,532024,TRAVESSA SEBASTIAO PEIXOTO 398 SERRARIA,2234
183177,RûA CELSO CARMINATIc 568 JRDIM âEROPORTO,535,924828,BECO OLAVO BILAC 171 PRESIDENTE VARGAS,3792
183177,RûA CELSO CARMINATIc 568 JRDIM âEROPORTO,535,530415,RUA JOSE SIQUEIRA 1864 MULTIRAO II,5476
183177,RûA CELSO CARMINATIc 568 JRDIM âEROPORTO,535,658217,TRAVESSA CICERO MORREIRA 3 JORGE ALVES JUNIOR,1545
372542,RUA 107 879 BARíRO SAO JOSE,536,963362,RUA 25 34 SAO JOSE OPERARIO,4637
372542,RUA 107 879 BARíRO SAO JOSE,536,790809,RUA VASCO 115 SAO JOSE,618
372542,RUA 107 879 BARíRO SAO JOSE,536,972022,RUA 6 10 SAO JOSE OPERARIO,5988
372542,RUA 107 879 BARíRO SAO JOSE,536,372542,RUA 107 879 BAIRRO SAO JOSE,6913
372542,RUA 107 879 BARíRO SAO JOSE,536,1079859,RUA DOIS 34 SAO JOSE OPERARIO,6128
115031,RUAP ARANq 2584 SETOR 01,537,115102,RUA PARANA 3365 SETOR 05,6172
115031,RUAP ARANq 2584 SETOR 01,537,115031,RUA PARANA 2584 SETOR 01,5975
115031,RUAP ARANq 2584 SETOR 01,537,113152,RUA MARANHAO 1885 SETOR 04,1826
115031,RUAP ARANq 2584 SETOR 01,537,110187,RUA CEARA 2784 SETOR 01,5505
115031,RUAP ARANq 2584 SETOR 01,537,436118,RUA TANGARA 1465 SETOR 02,893
643619,RAMyAL RODO 75 R0DRIGUES ALVES,538,643619,RAMAL RODO 75 R0DRIGUES ALVES,9388
643619,RAMyAL RODO 75 R0DRIGUES ALVES,538,643588,RAMAL PINHEIROS 41 R0DRIGUES ALVES,4895
643619,RAMyAL RODO 75 R0DRIGUES ALVES,538,643137,RAMAL IGRARAPE DO MEIO 54 RODRIGUES ALVES,310
643619,RAMyAL RODO 75 R0DRIGUES ALVES,538,643703,RAMAL TIRIRICA 12 R0DRIGUES ALVES,1410
643619,RAMyAL RODO 75 R0DRIGUES ALVES,538,642812,RAMAL BOM VENTO 25 R0DRIGUES ALVES,1007
505945,TRAVESSA DA ALEGRIA 141 BAIRRO VINTE E CINCO eE AGOSTO,539,505945,TRAVESSA DA ALEGRIA 141 BAIRRO VINTE E CINCO DE AGOSTO,4039
505945,TRAVESSA DA ALEGRIA 141 BAIRRO VINTE E CINCO eE AGOSTO,539,505954,TRAVESSA DA ALEGRIA 187 BAIRRO VINTE E CINCO DE AGOSTO,434
505945,TRAVESSA DA ALEGRIA 141 BAIRRO VINTE E CINCO eE AGOSTO,539,380228,RUA NOVECENTOS E TRES 2097 BAIRRO NOVA ESPEANCA,9848
505945,TRAVESSA DA ALEGRIA 141 BAIRRO VINTE E CINCO eE AGOSTO,539,383689,RUA SESSENTA E CINCO 6 JARDIM ELDORADO,8138
505945,TRAVESSA DA ALEGRIA 141 BAIRRO VINTE E CINCO eE AGOSTO,539,348998,AVENIDA VINTE E CINCO DE AGOSTO 3371 JARDIM TROPICAL,7444
29909,RUA URA FLOR DO IPE 2578 SETOR 4,540,29909,RUA RUA FLOR DO IPE 2578 SETOR 4,2478
29909,RUA URA FLOR DO IPE 2578 SETOR 4,540,17854,RUA DO LIRIO 2934 SETOR 4,2476
29909,RUA URA FLOR DO IPE 2578 SETOR 4,540,435853,RUA PICA PAU 2591 SETOR 07,8214
29909,RUA URA FLOR DO IPE 2578 SETOR 4,540,14455,RUA CACAPAVA 4622 SETOR 09,7337
29909,RUA URA FLOR DO IPE 2578 SETOR 4,540,259315,RUA FRUTAL 4974 FLORESTA,4547
561250,RUA CICERO LEAO DE PAIVA 188 RESIDENCIAL IOLANDAs,541,561250,RUA CICERO LEAO DE PAIVA 188 RESIDENCIAL IOLANDA,4028
561250,RUA CICERO LEAO DE PAIVA 188 RESIDENCIAL IOLANDAs,541,789505,RUA PAUDERNEI AVELINO 137 MORADA DO SOL,6303
561250,RUA CICERO LEAO DE PAIVA 188 RESIDENCIAL IOLANDAs,541,789503,RUA PAUDERNEI AVELINO 20 MORADA DO SOL,6672
561250,RUA CICERO LEAO DE PAIVA 188 RESIDENCIAL IOLANDAs,541,553571,RUA ANTONIO P DA SILVA 417 JORGE LAVOCAT,3244
561250,RUA CICERO LEAO DE PAIVA 188 RESIDENCIAL IOLANDAs,541,560403,RUA CARNEIRO LEAO 84 IVETE VARGAS,4666
1009185,RUA BEBEIRBE 18 NrOVO âLEIXO,542,1124558,RUA J B SILVA 23 CRESPO,8084
1009185,RUA BEBEIRBE 18 NrOVO âLEIXO,542,1001901,RUA AUTAZES 44 ALEIXO,8824
1009185,RUA BEBEIRBE 18 NrOVO âLEIXO,542,586684,RUA MARANHAO 118 BOSQUE,8384
1009185,RUA BEBEIRBE 18 NrOVO âLEIXO,542,329731,RUA 41 B 8 N0VA MUTUM,8357
1009185,RUA BEBEIRBE 18 NrOVO âLEIXO,542,1049295,RUA CRAVO 23 ALEIXO,4080
419259,LINHA 148 pSUL 2 ZOhA RURAo NOVO HORIZONTE,543,419186,LINHA 144 NORTE 19 NOVO HORIZONTE,9265
419259,LINHA 148 pSUL 2 ZOhA RURAo NOVO HORIZONTE,543,419457,LINHA 152 NORTE 8 NOVO HORIZONTE,3878
419259,LINHA 148 pSUL 2 ZOhA RURAo NOVO HORIZONTE,543,419496,LINHA 152 NORTE 20 NOVO HORIZONTE,5366
419259,LINHA 148 pSUL 2 ZOhA RURAo NOVO HORIZONTE,543,419185,LINHA 144 NORTE 19 NOVO HORIZONTE,3410
419259,LINHA 148 pSUL 2 ZOhA RURAo NOVO HORIZONTE,543,419732,LINHA 160 SUL 4 NOVO HORIZONTE,5039
246498,RUA DA gPAZ 33 CALAMA,544,246498,RUA DA PAZ 33 CALAMA,1818
246498,RUA DA gPAZ 33 CALAMA,544,1059302,RUA DA PAZ 118 CHAPADA,9979
246498,RUA DA gPAZ 33 CALAMA,544,673772,RUA DA MACA 126 VILA DO V,9105
246498,RUA DA gPAZ 33 CALAMA,544,1056424,RUA DA ESPERANCA 34 CRESPO,7707
246498,RUA DA gPAZ 33 CALAMA,544,222447,RUA ALBA 3431 CUNIA,1860
205261,AVENIDA 3494 POeT0 VELHO,545,210271,AVENIDA MAMORE 5162 TEIXEIRAO,8807
205261,AVENIDA 3494 POeT0 VELHO,545,346152,AVENIDA NITEROI 6003 PLANALTO,2056
205261,AVENIDA 3494 POeT0 VELHO,545,852707,AVENIDA A 660 LAGO AZUL,664
205261,AVENIDA 3494 POeT0 VELHO,545,887224,AVENIDA P 452 ALVORADA,7357
205261,AVENIDA 3494 POeT0 VELHO,545,207951,AVENIDA GUAPORE 2696 LAGOINHA,1294
397271,AVENIDA MARECHAL DEODORO 4379 CEmTR,546,397271,AVENIDA MARECHAL DEODORO 4379 CENTRO,7481
397271,AVENIDA MARECHAL DEODORO 4379 CEmTR,546,394752,AVENIDA MARECHAL DEODORO 6139 CIDADE NOVA,6038
397271,AVENIDA MARECHAL DEODORO 4379 CEmTR,546,103971,AVENIDA MARECHAL DEODORO 5163 GUAJARA MIRIM,5833
397271,AVENIDA MARECHAL DEODORO 4379 CEmTR,546,397304,AVENIDA MARECHAL DEODORO 5037 CENTRO,803
397271,AVENIDA MARECHAL DEODORO 4379 CEmTR,546,515133,AVENIDA MARECHAL DEODORO 978 CENTRO,5175
576246,RUA GUAJARA 150 BAIRRO CïDADE NOVA,547,576246,RUA GUAJARA 150 BAIRRO CIDADE NOVA,3579
576246,RUA GUAJARA 150 BAIRRO CïDADE NOVA,547,576223,RUA GUAJARA 38 BAIRRO CIDADE NOVA,4741
576246,RUA GUAJARA 150 BAIRRO CïDADE NOVA,547,566996,RUA DIAMANTINA 399 BAIRRO CIDADE NOVA,1280
576246,RUA GUAJARA 150 BAIRRO CïDADE NOVA,547,592949,RUA PALMEIRAL 60 BAIRRO CIDADE NOVA,1355
576246,RUA GUAJARA 150 BAIRRO CïDADE NOVA,547,1116939,RUA ILHA DA MADEIRA 90 NOVA CIDADE,4079
207629,AVENIDA FARQUrAR 7286 NACIONAL,548,207629,AVENIDA FARQUAR 7286 NACIONAL,9614
207629,AVENIDA FARQUrAR 7286 NACIONAL,548,218491,ESTRADA DO BELMONT 2086 NACIONAL,5625
207629,AVENIDA FARQUrAR 7286 NACIONAL,548,218366,ESTRADA DO BELMONT 1999 NACIONAL,8366
207629,AVENIDA FARQUrAR 7286 NACIONAL,548,218501,ESTRADA DO BELMONT 2358 NACIONAL,4548
207629,AVENIDA FARQUrAR 7286 NACIONAL,548,855193,AVENIDA ATLANTICA 71 RAIZ,2863
419496,15 NORTE 20 NOV OORIZONTE,549,476921,PORTO DIAS 60 SERINGAL TRIUNFO,1772
419496,15 NORTE 20 NOV OORIZONTE,549,717076,RIO ACRE 15 SERINGAL SANTO ANTONIO,7211
419496,15 NORTE 20 NOV OORIZONTE,549,419936,RUA 144 OU NORTE SUL 3453 None,3635
419496,15 NORTE 20 NOV OORIZONTE,549,688108,RIO ITACOAI 18 REMANCINHO,9124
419496,15 NORTE 20 NOV OORIZONTE,549,287429,RUA NICARAGUA 2916 PORTO VELHO,888
496243,RUA RUA ALFRDEO TELES 306 CENTmRO CENTmRO,550,646053,RUA BRASILIANO CANCIO 3240 TRIUNFO,7239
496243,RUA RUA ALFRDEO TELES 306 CENTmRO CENTmRO,550,398308,RUA ECA DE QUEIROZ 4658 CENTRO,2961
496243,RUA RUA ALFRDEO TELES 306 CENTmRO CENTmRO,550,352888,RUA GUAPORE 4336 CENTRO,2063
496243,RUA RUA ALFRDEO TELES 306 CENTmRO CENTmRO,550,397304,AVENIDA MARECHAL DEODORO 5037 CENTRO,803
496243,RUA RUA ALFRDEO TELES 306 CENTmRO CENTmRO,550,515460,AVENIDA MARECHAL DEODORO 1099 CENTRO,524
701287,BECOC ASTELO BRANCO 113 CENtTO,551,914980,BECO CASTELO BRANCO 319 COMPENSA,1733
701287,BECOC ASTELO BRANCO 113 CENtTO,551,915017,BECO CASTELO BRANCO 790 COMPENSA,9718
701287,BECOC ASTELO BRANCO 113 CENtTO,551,216269,BECO ATUM 3988 CALADINHO,9631
701287,BECOC ASTELO BRANCO 113 CENtTO,551,931276,BECO TEFE 35 ADRIANOPOLIS,3281
701287,BECOC ASTELO BRANCO 113 CENtTO,551,919631,BECO ESPERANCA 480 PLANALTO,5324
255778,RUA EUSTAQUOS ILVESTRE 4478 cESPERANCA,552,255778,RUA EUSTAQUIO SILVESTRE 4478 NOVA ESPERANCA,2130
255778,RUA EUSTAQUOS ILVESTRE 4478 cESPERANCA,552,52218,RUA ERNESTO DE LAZARI 3875 TEIXEIRAO,6817
255778,RUA EUSTAQUOS ILVESTRE 4478 cESPERANCA,552,770527,RUA EDSON HERCULANO 339 GUAJARA,4285
255778,RUA EUSTAQUOS ILVESTRE 4478 cESPERANCA,552,801105,RUA ERNESTO THALHEIMER 1287 JAUARI II,6422
255778,RUA EUSTAQUOS ILVESTRE 4478 cESPERANCA,552,605673,RUA TANCREDO NEVES 1667 TUCUMA,9438
294721,rPIRITUBA 384 AYRTON SENNA,553,294721,RUA PIRITUBA 384 AYRTON SENNA,9757
294721,rPIRITUBA 384 AYRTON SENNA,553,627658,TRAVESSA JERUSALEM 144 AIRTON SENA,4102
294721,rPIRITUBA 384 AYRTON SENNA,553,650924,RAMAL TREIS MARIA 3662 None,3404
294721,rPIRITUBA 384 AYRTON SENNA,553,524077,RAMAL ALTO PENTENCOSTE 214 PARANA,5186
294721,rPIRITUBA 384 AYRTON SENNA,553,532024,TRAVESSA SEBASTIAO PEIXOTO 398 SERRARIA,2234
1063366,RUA ADS CACIMBAS 79 SOA RIAMUNDO,554,1129990,RUA JERUSALEM 18 COROADO,5934
1063366,RUA ADS CACIMBAS 79 SOA RIAMUNDO,554,571811,RUA EPAMINONDAS JACOME 2080 CADEIA VELHA,8411
1063366,RUA ADS CACIMBAS 79 SOA RIAMUNDO,554,235826,RUA BIDU SAIAO 6439 APONIA,3980
1063366,RUA ADS CACIMBAS 79 SOA RIAMUNDO,554,235926,RUA BIDU SAIAO 7069 APONIA,5879
1063366,RUA ADS CACIMBAS 79 SOA RIAMUNDO,554,726524,RUA GETULIO VARGAS 85 CANUTAMA,9468
807205,RyA PEDRO 1195 JUNIOR NOGUEIRA,555,926136,BECO RAIMUNDO MONTEIRO 31 MAUAZINHO,4891
807205,RyA PEDRO 1195 JUNIOR NOGUEIRA,555,807205,RUA DOM PEDRO 1195 NOGUEIRA JUNIOR,1331
807205,RyA PEDRO 1195 JUNIOR NOGUEIRA,555,265154,RUA IBOTIRAMA 2237 MARCOS FREIRE,4178
807205,RyA PEDRO 1195 JUNIOR NOGUEIRA,555,490571,RAMAL CAJAZEIRO 4689 ZAQUEU MACHADO,5059
807205,RyA PEDRO 1195 JUNIOR NOGUEIRA,555,910420,BECO ANDRE VIDAL NEGREIROS 20 DOM PEDRO,7874
202319,RUA MsAJOR AMARANTE 718 JARDIM DAS OLIVERIAS,556,202319,RUA MAJOR AMARANTE 718 JARDIM DAS OLIVEIRAS,7203
202319,RUA MsAJOR AMARANTE 718 JARDIM DAS OLIVERIAS,556,202265,RUA MAJOR AMARANTE 48 JARDIM DAS OLIVEIRAS,2258
202319,RUA MsAJOR AMARANTE 718 JARDIM DAS OLIVERIAS,556,202033,RUA ALMIRANTE BARROSO 382 JARDIM DAS OLIVEIRAS,6678
202319,RUA MsAJOR AMARANTE 718 JARDIM DAS OLIVERIAS,556,202026,RUA ALMIRANTE BARROSO 272 JARDIM DAS OLIVEIRAS,9094
202319,RUA MsAJOR AMARANTE 718 JARDIM DAS OLIVERIAS,556,565518,RUA DAS HORTALICAS 316 JARDIM PRIMAVERA,5300
969562,RUA 45 12 OVO ALEIXO,557,969562,RUA 45 12 NOVO ALEIXO,4266
969562,RUA 45 12 OVO ALEIXO,557,966792,RUA 35 16 NOVO ALEIXO,5560
969562,RUA 45 12 OVO ALEIXO,557,952945,RUA 15 25 NOVO ALEIXO,8024
969562,RUA 45 12 OVO ALEIXO,557,966143,RUA 31 22 NOVO ALEIXO,6702
969562,RUA 45 12 OVO ALEIXO,557,971664,RUA 57 35 NOVO ALEIXO,6497
756046,URA ALFREDO DE SA NATUNES 601 CODAJAS,558,756046,RUA ALFREDO DE SA ANTUNES 601 CODAJAS,3179
756046,URA ALFREDO DE SA NATUNES 601 CODAJAS,558,756033,RUA ALFREDO DE SA ANTUNES 545 CODAJAS,2158
756046,URA ALFREDO DE SA NATUNES 601 CODAJAS,558,755984,RUA ALFREDO DE SA 575 CODAJAS,9621
756046,URA ALFREDO DE SA NATUNES 601 CODAJAS,558,1147226,RUA LOPES CORDOVIL 483 ALVORADA,6385
756046,URA ALFREDO DE SA NATUNES 601 CODAJAS,558,95675,AVENIDA CAMPOS SALES 1194 TAMANDARE,505
241356,RUA CASTILHO 8475 TIEXEIRAO,559,241356,RUA CASTILHO 8475 TEIXEIRAO,5090
241356,RUA CASTILHO 8475 TIEXEIRAO,559,299736,RUA RINO LEVI 5235 TEIXEIRAO,1131
241356,RUA CASTILHO 8475 TIEXEIRAO,559,59602,RUA RIO NEGRO 2093 TEIXEIRAO,2354
241356,RUA CASTILHO 8475 TIEXEIRAO,559,286825,RUA NEUSA 7609 TEIXEIRAO,8367
241356,RUA CASTILHO 8475 TIEXEIRAO,559,134802,RUA CAUCHEIRO 2848 VALPARAISO,5080
549169,RUA 7 DEJULHO 100 CALAFTAE CALAFTAE,560,560316,RUA CANINDE 463 BOSQUE,1321
549169,RUA 7 DEJULHO 100 CALAFTAE CALAFTAE,560,611132,RUA X 845 NOVO CALAFATE,6984
549169,RUA 7 DEJULHO 100 CALAFTAE CALAFTAE,560,205807,AVENIDA CALAMA 7444 TEIXEIRAO,6288
549169,RUA 7 DEJULHO 100 CALAFTAE CALAFTAE,560,1017502,RUA BOGOTA 9 PLANALTO,4932
549169,RUA 7 DEJULHO 100 CALAFTAE CALAFTAE,560,549169,RUA 7 DE JULHO 100 CALAFATE,6777
1138970,RUA JUkIO EVRNE 61 A|EIXO,561,1138970,RUA JULIO VERNE 61 ALEIXO,3403
1138970,RUA JUkIO EVRNE 61 A|EIXO,561,803117,RUA JOSE NOBRE 141 IRACY,6259
1138970,RUA JUkIO EVRNE 61 A|EIXO,561,1130158,RUA JERUSALEM 41 COROADO,6093
1138970,RUA JUkIO EVRNE 61 A|EIXO,561,679006,RUA FREI PIO 174 AMATURA,7034
1138970,RUA JUkIO EVRNE 61 A|EIXO,561,1138999,RUA JULIO VERNE 121 ALEIXO,9087
73722,AVENIDA GmUPORE 2755 SANTA LUZIA,562,73722,AVENIDA GUAPORE 2755 SANTA LUZIA,2261
73722,AVENIDA GmUPORE 2755 SANTA LUZIA,562,207965,AVENIDA GUAPORE 2872 LAGOINHA,5484
73722,AVENIDA GmUPORE 2755 SANTA LUZIA,562,207951,AVENIDA GUAPORE 2696 LAGOINHA,1294
73722,AVENIDA GmUPORE 2755 SANTA LUZIA,562,97875,AVENIDA GUAPORE 907 SURPRESA,4712
73722,AVENIDA GmUPORE 2755 SANTA LUZIA,562,97878,AVENIDA GUAPORE 935 SURPRESA,6502
1015009,RUA BERNADO CAnRAL 228 OCROAOD,563,1015009,RUA BERNADO CABRAL 228 COROADO,8489
1015009,RUA BERNADO CAnRAL 228 OCROAOD,563,1106376,RUA GIRASSOL 20 COROADO,4528
1015009,RUA BERNADO CAnRAL 228 OCROAOD,563,613956,RUA MARECHAL DEODORO 1010 BOSQUE,2660
1015009,RUA BERNADO CAnRAL 228 OCROAOD,563,321368,RUA MARECHAL DEODORO 2808 OLARIA,4030
1015009,RUA BERNADO CAnRAL 228 OCROAOD,563,1014995,RUA BERNADO CABRAL 23 COROADO,6596
1078005,RAU DO QUARNETAO 12 CMPENSA CMPENSA,564,636897,RAMAL DOIS IRMAOS 63 TRANSACRIANA,3005
1078005,RAU DO QUARNETAO 12 CMPENSA CMPENSA,564,703603,TRAVESSA UMARIZAL 27 UMARIZAL,3733
1078005,RAU DO QUARNETAO 12 CMPENSA CMPENSA,564,263302,RUA GUARAPUARA 38 ELETRONORTE,9390
1078005,RAU DO QUARNETAO 12 CMPENSA CMPENSA,564,299193,RUA REGISTRO 2918 B ELETRONORTE,2251
1078005,RAU DO QUARNETAO 12 CMPENSA CMPENSA,564,532720,RAMAL ENCO 46 APOS A PRIMEIRA PONTE,7406
349258,AVENIDA VINTE E CINC DE AGOSTO AGOSTO 5069 CETOR,565,494139,AVENIDA VINTE E CINCO DE AGOSTO 82 25 DE AGOSTO,1565
349258,AVENIDA VINTE E CINC DE AGOSTO AGOSTO 5069 CETOR,565,494133,AVENIDA VINTE E CINCO DE AGOSTO 32 25 DE AGOSTO,8383
349258,AVENIDA VINTE E CINC DE AGOSTO AGOSTO 5069 CETOR,565,102532,AVENIDA VINTE E UM DE JUNHO 2270 GUAJARA MIRIM,6440
349258,AVENIDA VINTE E CINC DE AGOSTO AGOSTO 5069 CETOR,565,348998,AVENIDA VINTE E CINCO DE AGOSTO 3371 JARDIM TROPICAL,7444
349258,AVENIDA VINTE E CINC DE AGOSTO AGOSTO 5069 CETOR,565,494414,AVENIDA VINTE OITO DE SETEMBRO 1112 25 DE AGOSTO,5958
1082440,RUA cOMICIO SATNOS 32 CIDAED DE DEUS,566,726524,RUA GETULIO VARGAS 85 CANUTAMA,9468
1082440,RUA cOMICIO SATNOS 32 CIDAED DE DEUS,566,726494,RUA GETULIO VARGAS 52 CANUTAMA,1678
1082440,RUA cOMICIO SATNOS 32 CIDAED DE DEUS,566,823189,RUA DEOCLECIANO SAMPAIO 1027 PANTANAL,601
1082440,RUA cOMICIO SATNOS 32 CIDAED DE DEUS,566,1052134,RUA CURICACAS 708 CIDADE DE DEUS,901
1082440,RUA cOMICIO SATNOS 32 CIDAED DE DEUS,566,571811,RUA EPAMINONDAS JACOME 2080 CADEIA VELHA,8411
309957,TEOsDORA RUA LOPES 9527 MIANA,567,309957,RUA TEODORA LOPES 9527 MARIANA,1291
309957,TEOsDORA RUA LOPES 9527 MIANA,567,48598,RUA ANITA GARIBALDI 2970 TEIXEIRAO,7224
309957,TEOsDORA RUA LOPES 9527 MIANA,567,299736,RUA RINO LEVI 5235 TEIXEIRAO,1131
309957,TEOsDORA RUA LOPES 9527 MIANA,567,296702,RUA PROTASIO ALVES 10076 MARIANA,2441
309957,TEOsDORA RUA LOPES 9527 MIANA,567,321368,RUA MARECHAL DEODORO 2808 OLARIA,4030
959619,tRUA 208 10 NOVA ICDADE,568,959619,RUA 208 10 NOVA CIDADE,3277
959619,tRUA 208 10 NOVA ICDADE,568,960209,RUA 210 9 NOVA CIDADE,723
959619,tRUA 208 10 NOVA ICDADE,568,958448,RUA 2 422 ALVORADA,911
959619,tRUA 208 10 NOVA ICDADE,568,959294,RUA 205 10 NOVA CIDADE,8263
959619,tRUA 208 10 NOVA ICDADE,568,659388,RAMAL DO 25 10 CACIRIAN,5391
364103,AVENIxA DEZESSET 1778 BELA VISA,569,843400,TRAVESSA ALVARAES 330 APARECIDA,4953
364103,AVENIxA DEZESSET 1778 BELA VISA,569,538106,AVENIDA EPAMINONDAS JACOME 1538 CADEIA VELHA,5216
364103,AVENIxA DEZESSET 1778 BELA VISA,569,880370,AVENIDA JERUZALEM 266 COLONIA TERRA NOVA,3655
364103,AVENIxA DEZESSET 1778 BELA VISA,569,912129,BECO BELA VISTA 5 PETROPOLIS,9590
364103,AVENIxA DEZESSET 1778 BELA VISA,569,364103,AVENIDA DEZESSETE 1778 BELA VISTA,4428
1079072,RUA DOcS 8 OPERARIIO J0SE SAO,570,1053888,RUA D 7 SAO JOSE OPERARIO 3,6305
1079072,RUA DOcS 8 OPERARIIO J0SE SAO,570,1078920,RUA DOIS 4 SAO JOSE OPERARIIO,3255
1079072,RUA DOcS 8 OPERARIIO J0SE SAO,570,1079072,RUA DOIS 8 SAO JOSE OPERARIIO,1219
1079072,RUA DOcS 8 OPERARIIO J0SE SAO,570,1022998,RUA C 16 SAO JOSE OPERARIO,4129
1079072,RUA DOcS 8 OPERARIIO J0SE SAO,570,1077340,RUA DO LIMAO 87 SAO JOSE OPERARIO,8298
1129619,RUA JEdICO 275 CIDADE DE DEUS,571,1129619,RUA JERICO 275 CIDADE DE DEUS,6475
1129619,RUA JEdICO 275 CIDADE DE DEUS,571,1129333,RUA JERICO 19 CIDADE DE DEUS,2259
1129619,RUA JEdICO 275 CIDADE DE DEUS,571,1125905,RUA JAFE 65 CIDADE DE DEUS,9338
1129619,RUA JEdICO 275 CIDADE DE DEUS,571,1128905,RUA JAURU 21 CIDADE DE DEUS,147
1129619,RUA JEdICO 275 CIDADE DE DEUS,571,1150508,RUA MACARICO 285 CIDADE DE DEUS,1251
1080363,ODIS RUA 67 CIDADE ONVA NOVA,572,1052403,RUA CURIO 76 CIDADE NOVA 1,3568
1080363,ODIS RUA 67 CIDADE ONVA NOVA,572,1097157,RUA F OITI 98 CIDADE NOVA,438
1080363,ODIS RUA 67 CIDADE ONVA NOVA,572,950604,RUA 12 206 CIDADE NOVA,3597
1080363,ODIS RUA 67 CIDADE ONVA NOVA,572,977342,RUA A 171 CIDADE NOVA,4008
1080363,ODIS RUA 67 CIDADE ONVA NOVA,572,1078885,RUA DOIS 4 CIDADE NOVA,3876
195348,AVENIDA RIàCHUEO 1147 BNH,573,195348,AVENIDA RIACHUELO 1147 BNH,4944
195348,AVENIDA RIàCHUEO 1147 BNH,573,197872,RUA BARBARA L FUZARI 141 BNH,7321
195348,AVENIDA RIàCHUEO 1147 BNH,573,346152,AVENIDA NITEROI 6003 PLANALTO,2056
195348,AVENIDA RIàCHUEO 1147 BNH,573,100432,AVENIDA PEDRO ELEOTHERIO 1328 TAMANDARE,6837
195348,AVENIDA RIàCHUEO 1147 BNH,573,747651,RUA LEONCIO SALINGNAC 199 TAUA MIRIM,724
134022,RUA CASTANHEIRA 3092 JK,574,134022,RUA CASTANHEIRA 3092 JK,2208
134022,RUA CASTANHEIRA 3092 JK,574,134039,RUA CASTANHEIRA 3291 JK,8593
134022,RUA CASTANHEIRA 3092 JK,574,134031,RUA CASTANHEIRA 3208 JK,6553
134022,RUA CASTANHEIRA 3092 JK,574,143530,RUA JACAREZINHO 2318 JK,5450
134022,RUA CASTANHEIRA 3092 JK,574,143538,RUA JACAREZINHO 2361 JK,6974
643474,RAMAL PARANA DOS MOURAS 74 LUZEIR02,575,643474,RAMAL PARANA DOS MOURAS 74 LUZEIRO2,72
643474,RAMAL PARANA DOS MOURAS 74 LUZEIR02,575,643703,RAMAL TIRIRICA 12 R0DRIGUES ALVES,1410
643474,RAMAL PARANA DOS MOURAS 74 LUZEIR02,575,930939,BECO SOLIMOES 34 ZUMBI DOS PALMARES,6981
643474,RAMAL PARANA DOS MOURAS 74 LUZEIR02,575,729089,RIO PURUS 10 SERINGAL DO CARMO,4676
643474,RAMAL PARANA DOS MOURAS 74 LUZEIR02,575,643137,RAMAL IGRARAPE DO MEIO 54 RODRIGUES ALVES,310
1021393,RUA BRASILEIA 204 COMPENSA,576,1021393,RUA BRASILEIA 204 COMPENSA,7772
1021393,RUA BRASILEIA 204 COMPENSA,576,1021381,RUA BRASILEIA 37 COMPENSA,4229
1021393,RUA BRASILEIA 204 COMPENSA,576,1021507,RUA BRASILIA 134 COROADO,4885
1021393,RUA BRASILEIA 204 COMPENSA,576,1021569,RUA BRASILIA 223 COROADO,6548
1021393,RUA BRASILEIA 204 COMPENSA,576,1059606,RUA DA PAZ 242 COMPENSA,3720
981375,RUA ADAISLON LOPêS 129 SANTA,577,832716,RUA ANDRE VIDAL 119 APARECIDA,2564
981375,RUA ADAISLON LOPêS 129 SANTA,577,832731,RUA ANDRE VIDAL 147 APARECIDA,9733
981375,RUA ADAISLON LOPêS 129 SANTA,577,832604,RUA ALVARAES 195 APARECIDA,9641
981375,RUA ADAISLON LOPêS 129 SANTA,577,981375,RUA ADAILSON LOPES 129 SANTA ETELVINA,5334
981375,RUA ADAISLON LOPêS 129 SANTA,577,576622,RUA GUIOMARD SANTOS 94 BOSQUE,7059
107049,AVENIDA RIO ROI BRANCO 2556 SETOR,578,107049,AVENIDA RIO BRANCO 2556 SETOR 05,5107
107049,AVENIDA RIO ROI BRANCO 2556 SETOR,578,107007,AVENIDA RIO BRANCO 2225 SETOR 01,6734
107049,AVENIDA RIO ROI BRANCO 2556 SETOR,578,347815,AVENIDA RIO BRANCO 5951 PLANALTO,9054
107049,AVENIDA RIO ROI BRANCO 2556 SETOR,578,213815,AVENIDA RIO MADEIRA 2905 PORTO VELHO,500
107049,AVENIDA RIO ROI BRANCO 2556 SETOR,578,444515,AVENIDA MARECHAL CASTELO BRANCO 3260 CENTRO,1461
297625,RUA QUINTINy BOCAIUVA 2899 SAO CRIeTVOAO,579,297625,RUA QUINTINO BOCAIUVA 2899 SAO CRISTOVAO,3734
297625,RUA QUINTINy BOCAIUVA 2899 SAO CRIeTVOAO,579,617456,RUA SAO CRISTOVAO 143 DAL PASQUALE,6757
297625,RUA QUINTINy BOCAIUVA 2899 SAO CRIeTVOAO,579,617468,RUA SAO DAMIAO 66 RUI LINO II,9711
297625,RUA QUINTINy BOCAIUVA 2899 SAO CRIeTVOAO,579,788074,RUA DO IGARAPE 62 MUTIRAO CACAU,4330
297625,RUA QUINTINy BOCAIUVA 2899 SAO CRIeTVOAO,579,788583,RUA J 47 MUTIRAO CACAU,6078
1069134,RUA DEZ 29 ALEIXO,580,1069134,RUA DEZ 29 ALEIXO,7538
1069134,RUA DEZ 29 ALEIXO,580,1069518,RUA DEZ 134 ALEIXO,7083
1069134,RUA DEZ 29 ALEIXO,580,1079469,RUA DOIS 19 ALEIXO,2113
1069134,RUA DEZ 29 ALEIXO,580,1069777,RUA DEZ 316 ALVORADA,9603
1069134,RUA DEZ 29 ALEIXO,580,1053840,RUA D 6 ALEIXO,3059
355994,hURA X 742 tBAIRRO hCIDADE ALTA,581,638189,RAMAL SERRINHA 90 QUIXADA,2772
355994,hURA X 742 tBAIRRO hCIDADE ALTA,581,931897,BECO UIRAPURU 3 75 COROADO,3053
355994,hURA X 742 tBAIRRO hCIDADE ALTA,581,637662,RAMAL PICAREIRA 520 AMAPA,9958
355994,hURA X 742 tBAIRRO hCIDADE ALTA,581,672888,RAMAL LINHA4 252 CAQUETA,7260
355994,hURA X 742 tBAIRRO hCIDADE ALTA,581,650924,RAMAL TREIS MARIA 3662 None,3404
1106760,URA GOIANI 4 PLANALTO,582,149063,RUA MOGNO 2905 VALPARAISO,3189
1106760,URA GOIANI 4 PLANALTO,582,1140277,RUA KAMPALA 1 PLANALTO,328
1106760,URA GOIANI 4 PLANALTO,582,58149,RUA PEDRO SPAGNOL 3985 TEIXEIRAO,4459
1106760,URA GOIANI 4 PLANALTO,582,524077,RAMAL ALTO PENTENCOSTE 214 PARANA,5186
1106760,URA GOIANI 4 PLANALTO,582,129910,RUA ANGELIM 3013 VALPARAISO,6302
347362,AVENIDAP ORTO VELHO 5987 SAO CRISTOVAO,583,347362,AVENIDA PORTO VELHO 5987 SAO CRISTOVAO,233
347362,AVENIDAP ORTO VELHO 5987 SAO CRISTOVAO,583,347384,AVENIDA PORTO VELHO 6243 SAO CRISTOVAO,8760
347362,AVENIDAP ORTO VELHO 5987 SAO CRISTOVAO,583,347337,AVENIDA PORTO VELHO 5720 SAO CRISTOVAO,9548
347362,AVENIDAP ORTO VELHO 5987 SAO CRISTOVAO,583,347372,AVENIDA PORTO VELHO 6033 SAO CRISTOVAO,8243
347362,AVENIDAP ORTO VELHO 5987 SAO CRISTOVAO,583,347395,AVENIDA PORTO VELHO 6410 SAO CRISTOVAO,4709
918633,BECO DO FRANCO 7 CMOPENSA,584,918633,BECO DO FRANCO 7 COMPENSA,5028
918633,BECO DO FRANCO 7 CMOPENSA,584,918148,BECO DAS PEDREIRAS 17 COMPENSA,46
918633,BECO DO FRANCO 7 CMOPENSA,584,918183,BECO DAS ROSAS 89 COMPENSA,8751
918633,BECO DO FRANCO 7 CMOPENSA,584,917026,BECO DA PAZ 8 MAUAZINHO,3374
918633,BECO DO FRANCO 7 CMOPENSA,584,915196,BECO CELESTINO 23 CACHOEIRINHA,8479
456960,SENA IRTON RUAA 3893 IDADE BAIXA,585,457691,RUA MACAPA 2940 CIDADE BAIXA,7812
456960,SENA IRTON RUAA 3893 IDADE BAIXA,585,456960,RUA AIRTON SENA 3893 CIDADE BAIXA,9893
456960,SENA IRTON RUAA 3893 IDADE BAIXA,585,638189,RAMAL SERRINHA 90 QUIXADA,2772
456960,SENA IRTON RUAA 3893 IDADE BAIXA,585,458135,RUA RONDONIA 4045 CIDADE BAIXA,5179
456960,SENA IRTON RUAA 3893 IDADE BAIXA,585,279716,RUA MADAGASCAR 3391 ZONA SUL,3017
322221,RUA PADRE CHIQUINHO 74 SAO CARLOS,586,322221,RUA PADRE CHIQUINHO 74 SAO CARLOS,5037
322221,RUA PADRE CHIQUINHO 74 SAO CARLOS,586,322241,RUA PADRE CHIQUINHO 94 SAO CARLOS,5480
322221,RUA PADRE CHIQUINHO 74 SAO CARLOS,586,1133276,RUA JOAQUIM RIBEIRO 196 SAO FRANCISCO,5098
322221,RUA PADRE CHIQUINHO 74 SAO CARLOS,586,322317,RUA PADRE CHIQUINHO 935 PEDRINHAS,2909
322221,RUA PADRE CHIQUINHO 74 SAO CARLOS,586,834031,RUA BENJAMIN ROBERTO 2012 SAO JOSE,1079
602264,SAO JOSE 79 JORGE LAVCOAT,587,939550,BECO SAO SEBASTIAO 87 JORGE TEIXIRA,507
602264,SAO JOSE 79 JORGE LAVCOAT,587,602264,RUA SAO JOSE 79 JORGE LAVOCAT,9370
602264,SAO JOSE 79 JORGE LAVCOAT,587,937083,BECO SAO JORGE 161 SAO RAIMUNDO,2943
602264,SAO JOSE 79 JORGE LAVCOAT,587,920298,BECO GEMA 137 SAO JOSE OPERARIO,9977
602264,SAO JOSE 79 JORGE LAVCOAT,587,920289,BECO GEMA 51 SAO JOSE OPERARIO,3489
532787,RAMAL ENçO LLINHA 7 167 RAMAL DSAC HACARAS,588,532787,RAMAL ENCOL LINHA 7 167 RAMAL DAS CHACARAS,3141
532787,RAMAL ENçO LLINHA 7 167 RAMAL DSAC HACARAS,588,672392,RAMAL LINHA 07 357 PROGETO HUMAITA,9743
532787,RAMAL ENçO LLINHA 7 167 RAMAL DSAC HACARAS,588,173938,LINHA LJ 4 51 MACHADINHO,4482
532787,RAMAL ENçO LLINHA 7 167 RAMAL DSAC HACARAS,588,173947,LINHA LJ 4 77 MACHADINHO,1492
532787,RAMAL ENçO LLINHA 7 167 RAMAL DSAC HACARAS,588,173962,LINHA LJ 4 145 MACHADINHO,8660
150967,RUA PORTO ALEGRE 1681 VALPARISO,589,150967,RUA PORTO ALEGRE 1681 VALPARAISO,2656
150967,RUA PORTO ALEGRE 1681 VALPARISO,589,150954,RUA PORTO ALEGRE 1551 VALPARAISO,6803
150967,RUA PORTO ALEGRE 1681 VALPARISO,589,287429,RUA NICARAGUA 2916 PORTO VELHO,888
150967,RUA PORTO ALEGRE 1681 VALPARISO,589,232485,RUA ATAUFO ALVES 8618 PORTO VELHO,8074
150967,RUA PORTO ALEGRE 1681 VALPARISO,589,145802,RUA LONDRINA 1698 VALPARAISO,9430
478587,RAMAL QUADRA 13 3 PORO LUI,590,478587,RAMAL QUADRA 13 3 PORTO LUIZ,9155
478587,RAMAL QUADRA 13 3 PORO LUI,590,478765,RAMAL TRAVESSAO 1 56 PORTO LUIZ,8574
478587,RAMAL QUADRA 13 3 PORO LUI,590,672392,RAMAL LINHA 07 357 PROGETO HUMAITA,9743
478587,RAMAL QUADRA 13 3 PORO LUI,590,672721,RAMAL LINHA 8 41 PORTO ALOSON,645
478587,RAMAL QUADRA 13 3 PORO LUI,590,672732,RAMAL LINHA 8 99 PORTO ALOSON,1465
3386,AVENIDA MARECHAL RONDON 2847 PRINgCESA ISABéL,591,3386,AVENIDA MARECHAL RONDON 2847 PRINCESA ISABEL,1042
3386,AVENIDA MARECHAL RONDON 2847 PRINgCESA ISABéL,591,3422,AVENIDA MARECHAL RONDON 3381 PRINCESA ISABEL,6009
3386,AVENIDA MARECHAL RONDON 2847 PRINgCESA ISABéL,591,46662,AVENIDA MARECHAL RONDON 2470 PRINCESA ISABEL,1064
3386,AVENIDA MARECHAL RONDON 2847 PRINgCESA ISABéL,591,371770,AVENIDA MARECHAL RONDON 6148 TANCREDO NEVES,9764
3386,AVENIDA MARECHAL RONDON 2847 PRINgCESA ISABéL,591,81860,AVENIDA HASSIB CURY 1406 SETOR0005,424
15571,RUA CASTRO ALVES 3686 SETOR 06p,592,15571,RUA CASTRO ALVES 3686 SETOR 06,1680
15571,RUA CASTRO ALVES 3686 SETOR 06p,592,15564,RUA CASTRO ALVES 3633 SETOR 06,6848
15571,RUA CASTRO ALVES 3686 SETOR 06p,592,15489,RUA CASTRO ALVES 3233 SETOR 6,8950
15571,RUA CASTRO ALVES 3686 SETOR 06p,592,110008,RUA CASTRO ALVES 3537 ST 06,4613
15571,RUA CASTRO ALVES 3686 SETOR 06p,592,1033975,RUA CASTRO ALVES 524 ALEIXO,1586
447380,RDOVIA R 470 90 TRAVESSAO FORMIGUINHA,593,447380,RODOVIA RO 470 90 TRAVESSAO FORMIGUINHA,7693
447380,RDOVIA R 470 90 TRAVESSAO FORMIGUINHA,593,509066,RODOVIA 364 55 SANTA LUZIA,6485
447380,RDOVIA R 470 90 TRAVESSAO FORMIGUINHA,593,67678,RODOVIA 383 C 20 PROSPERIDADE,1726
447380,RDOVIA R 470 90 TRAVESSAO FORMIGUINHA,593,509064,RODOVIA 364 50 SANTA LUZIA,3948
447380,RDOVIA R 470 90 TRAVESSAO FORMIGUINHA,593,685661,RODOVIA TRANSAMAZONICA 3 BR,2655
459295,LINHA 02 10 None,594,459295,LINHA 02 10 None,1799
459295,LINHA 02 10 None,594,459429,LINHA 03 4 None,3475
459295,LINHA 02 10 None,594,443560,LINHA 05 80 None,2598
459295,LINHA 02 10 None,594,469646,LINHA T 10 4 None,5821
459295,LINHA 02 10 None,594,423463,LINHA 02 17 None,3913
409073,AmVENIDA POROT VELHO 2690 SETOR 05,595,394752,AVENIDA MARECHAL DEODORO 6139 CIDADE NOVA,6038
409073,AmVENIDA POROT VELHO 2690 SETOR 05,595,409073,AVENIDA PORTO VELHO 2690 SETOR 05,6828
409073,AmVENIDA POROT VELHO 2690 SETOR 05,595,82250,AVENIDA LIMOEIRO 2304 SETOR 0003,124
409073,AmVENIDA POROT VELHO 2690 SETOR 05,595,433992,AVENIDA ROUXINOL 2121 SETOR 02,2890
409073,AmVENIDA POROT VELHO 2690 SETOR 05,595,809201,AVENIDA AFONSO PACHECO 1068 NOVO REMANSO,5086
756933,RUA LEVI 97 CiDAJAS,596,756933,RUA LEVI 97 CODAJAS,2408
756933,RUA LEVI 97 CiDAJAS,596,1049295,RUA CRAVO 23 ALEIXO,4080
756933,RUA LEVI 97 CiDAJAS,596,1029640,RUA CARAJAS 43 C NOVA,3271
756933,RUA LEVI 97 CiDAJAS,596,299736,RUA RINO LEVI 5235 TEIXEIRAO,1131
756933,RUA LEVI 97 CiDAJAS,596,1141608,RUA LABREA 76 ALEIXO,5020
13455,RUA BASILIO DA GAMA GAMA 3368 COLONIAL,597,13455,RUA BASILIO DA GAMA 3368 COLONIAL,3621
13455,RUA BASILIO DA GAMA GAMA 3368 COLONIAL,597,13475,RUA BASILIO DA GAMA 3491 SETOR COLONIAL,5855
13455,RUA BASILIO DA GAMA GAMA 3368 COLONIAL,597,33563,RUA ZELIA GATAI 3362 COLONIAL,5083
13455,RUA BASILIO DA GAMA GAMA 3368 COLONIAL,597,565120,RUA DAMA DA NOITE 773 TROPICAL,58
13455,RUA BASILIO DA GAMA GAMA 3368 COLONIAL,597,33564,RUA ZELIA GATAI 3376 COLONIAL,1656
917150,BECO DAk rPAZ 27 COROADO COROADO,598,917150,BECO DA PAZ 27 COROADO,1745
917150,BECO DAk rPAZ 27 COROADO COROADO,598,931643,BECO TRES IRMAOS 1527 COROADO,7173
917150,BECO DAk rPAZ 27 COROADO COROADO,598,934616,BECO SANTA RITA 1007 COROADO,7523
917150,BECO DAk rPAZ 27 COROADO COROADO,598,923580,BECO MAUA 170 COROADO,221
917150,BECO DAk rPAZ 27 COROADO COROADO,598,920248,BECO FRANK 29 COROADO I,5960
62805,RUlA PADRE MANOEL DA OBREGA 225 NOV ESPEANCA,599,62805,RUA PADRE MANOEL DA NOBREGA 225 NOVA ESPERANCA,502
62805,RUlA PADRE MANOEL DA OBREGA 225 NOV ESPEANCA,599,910420,BECO ANDRE VIDAL NEGREIROS 20 DOM PEDRO,7874
62805,RUlA PADRE MANOEL DA OBREGA 225 NOV ESPEANCA,599,62821,RUA PADRE MANOEL DA NOBREGA 309 NOVA ESPERANCA,2228
62805,RUlA PADRE MANOEL DA OBREGA 225 NOV ESPEANCA,599,216190,BECO ACARA 2346 NOVA FLORESTA,1475
62805,RUlA PADRE MANOEL DA OBREGA 225 NOV ESPEANCA,599,318874,RUA CAPITAO NATANAEL AGUILAR 1631 AGENOR M DE CARVALHO,4435
531304,RUA PROJETADA 03 170 SAO CtISOVAO,600,531304,RUA PROJETADA 03 170 SAO CRISTOVAO,6856
531304,RUA PROJETADA 03 170 SAO CtISOVAO,600,531313,RUA PROJETADA 04 640 SAO CRISTOVAO,1088
531304,RUA PROJETADA 03 170 SAO CtISOVAO,600,531322,RUA PROJETADA 04 701 SAO CRISTOVAO,9060
531304,RUA PROJETADA 03 170 SAO CtISOVAO,600,1022998,RUA C 16 SAO JOSE OPERARIO,4129
531304,RUA PROJETADA 03 170 SAO CtISOVAO,600,153947,RUA SEM DENOMINACAO III 537 NOVO JIPARANA,2460
44770,AVENIDA PORTO ALEGREg 111 NOO CACAOL,601,44770,AVENIDA PORTO ALEGRE 111 NOVO CACOAL,7338
44770,AVENIDA PORTO ALEGREg 111 NOO CACAOL,601,44795,AVENIDA PORTO ALEGRE 315 NOVO CACOAL,9252
44770,AVENIDA PORTO ALEGREg 111 NOO CACAOL,601,44815,AVENIDA PORTO ALEGRE 519 NOVO CACOAL,417
44770,AVENIDA PORTO ALEGREg 111 NOO CACAOL,601,44826,AVENIDA PORTO ALEGRE 619 NOVO CACOAL,4413
44770,AVENIDA PORTO ALEGREg 111 NOO CACAOL,601,893564,AVENIDA RIO NEGRO 78 JAPIIM,5489
11507,RUA ABEL COUTO 2845 SETOR 08,602,11507,RUA ABEL COUTO 2845 SETOR 08,2165
11507,RUA ABEL COUTO 2845 SETOR 08,602,110187,RUA CEARA 2784 SETOR 01,5505
11507,RUA ABEL COUTO 2845 SETOR 08,602,436348,RUA TUCANO 2481 SETOR 05,6142
11507,RUA ABEL COUTO 2845 SETOR 08,602,15884,RUA CEREJEIRA 1765 SETOR 01,1153
11507,RUA ABEL COUTO 2845 SETOR 08,602,110089,RUA CEARA 1043 SETOR 03,3624
16485,RûA CORA CORALINA 3750 SETOR 11,603,16485,RUA CORA CORALINA 3750 SETOR 11,9736
16485,RûA CORA CORALINA 3750 SETOR 11,603,1021381,RUA BRASILEIA 37 COMPENSA,4229
16485,RûA CORA CORALINA 3750 SETOR 11,603,178120,RUA RIACHUELO 2799 SETOR 13,7302
16485,RûA CORA CORALINA 3750 SETOR 11,603,19866,RUA GARROTE 2210 SETOR 12,2805
16485,RûA CORA CORALINA 3750 SETOR 11,603,31340,RUA TABOCA 4389 SETOR 2,942
743959,RUA CESARIO CAMPELO 395 CETRO,604,743959,RUA CESARIO CAMPELO 395 CENTRO,2868
743959,RUA CESARIO CAMPELO 395 CETRO,604,1135222,RUA JOSE CASEMIRO 112 CENTRO,7282
743959,RUA CESARIO CAMPELO 395 CETRO,604,398124,RUA CARLOS GOMES 4905 CENTRO,4453
743959,RUA CESARIO CAMPELO 395 CETRO,604,486514,RUA CELSO GARCIA 101 CENTRO,4448
743959,RUA CESARIO CAMPELO 395 CETRO,604,274394,RUA JOSE CAUBY 249 CENTRO,2787
626341,TRAVES$A GALDINO 58 BAIRRO SANTA HELENA,605,626341,TRAVESSA GALDINO 58 BAIRRO SANTA HELENA,5867
626341,TRAVES$A GALDINO 58 BAIRRO SANTA HELENA,605,622055,TRAVESSA BENJAMIM 110 BAIRRO SANTA HELENA,67
626341,TRAVES$A GALDINO 58 BAIRRO SANTA HELENA,605,628140,TRAVESSA JOSE BARBOSA 27 VILA DA AMIZADE,3638
626341,TRAVES$A GALDINO 58 BAIRRO SANTA HELENA,605,709691,TRAVESSA JABURU 896 BAIRRO SANTA LUZIA,994
626341,TRAVES$A GALDINO 58 BAIRRO SANTA HELENA,605,622840,TRAVESSA CAMPO DO JORDAO 160 BAIRRO SANTA HELENA,6448
385476,RUA V QUATRO 3 dOHA,606,385476,RUA V QUATRO 3 COHAB,8494
385476,RUA V QUATRO 3 dOHA,606,385490,RUA V QUATRO 13 COHAB,3258
385476,RUA V QUATRO 3 dOHA,606,330277,RUA 54A 10 NOVA MUTUM,5805
385476,RUA V QUATRO 3 dOHA,606,330417,RUA 56A 10 NOVA MUTUM,5004
385476,RUA V QUATRO 3 dOHA,606,1053849,RUA D 6 COROADO,400
654582,RUA nMANOEL MANOEL GONCALVES 95 N OBRINHO,607,654582,RUA MANOEL GONCALVES 95 JOSE N SOBRINHO,5615
654582,RUA nMANOEL MANOEL GONCALVES 95 N OBRINHO,607,586074,RUA MANOEL CASSIANO 406 BOSQUE,7485
654582,RUA nMANOEL MANOEL GONCALVES 95 N OBRINHO,607,584533,RUA LUIS Z DA SILVA 78 MANOEL JULIAO,8237
654582,RUA nMANOEL MANOEL GONCALVES 95 N OBRINHO,607,598540,RUA RAIMUNDO MATOS DE MELO 448 MANOEL JULIAO,1198
654582,RUA nMANOEL MANOEL GONCALVES 95 N OBRINHO,607,598601,RUA RAIMUNDO MATOS DE MELO 474 MANOEL JULIAO,1709
790584,RUA TRES 113 MUTîRkAO DO CACAU,608,790584,RUA TRES 113 MUTIRAO DO CACAU,7543
790584,RUA TRES 113 MUTîRkAO DO CACAU,608,788074,RUA DO IGARAPE 62 MUTIRAO CACAU,4330
790584,RUA TRES 113 MUTîRkAO DO CACAU,608,788583,RUA J 47 MUTIRAO CACAU,6078
790584,RUA TRES 113 MUTîRkAO DO CACAU,608,500051,RUA DO PARA 2063 CRUZEIRAO,3460
790584,RUA TRES 113 MUTîRkAO DO CACAU,608,785452,RUA 02 132 CACAU PIRERA,7461
304842,RUA SEIS 31 NOVO HORIZOmTE,609,304842,RUA SEIS 31 NOVO HORIZONTE,9330
304842,RUA SEIS 31 NOVO HORIZOmTE,609,694752,RUA UM 90 MONTE SINAI,6600
304842,RUA SEIS 31 NOVO HORIZOmTE,609,971664,RUA 57 35 NOVO ALEIXO,6497
304842,RUA SEIS 31 NOVO HORIZOmTE,609,959950,RUA 21 187 NOVO ALEIXO,3419
304842,RUA SEIS 31 NOVO HORIZOmTE,609,968660,RUA 42 71 NOVO ALEIXO,4964
743587,RUA CMPaOS OLIVEIRA 333 ITAMARzTI,610,743587,RUA CAMPOS OLIVEIRA 333 ITAMARATI,7991
743587,RUA CMPaOS OLIVEIRA 333 ITAMARzTI,610,743590,RUA CAMPOS OLIVEIRA 445 ITAMARATI,7218
743587,RUA CMPaOS OLIVEIRA 333 ITAMARzTI,610,749863,RUA SANTOS DUMONT 554 ITAMARATI,1415
743587,RUA CMPaOS OLIVEIRA 333 ITAMARzTI,610,1137359,RUA JOSE PRESTES 54 JAPIIM,8738
743587,RUA CMPaOS OLIVEIRA 333 ITAMARzTI,610,768584,RUA JENIPAPO 283 MAE CREUZA,2069
937814,BECO SAO JOSE 138 GLORïA,611,937814,BECO SAO JOSE 138 GLORIA,784
937814,BECO SAO JOSE 138 GLORïA,611,937828,BECO SAO JOSE 155 GLORIA,6563
937814,BECO SAO JOSE 138 GLORïA,611,937773,BECO SAO JOSE 114 GLORIA,5387
937814,BECO SAO JOSE 138 GLORïA,611,937467,BECO SAO JOSE 35 GLORIA,2271
937814,BECO SAO JOSE 138 GLORïA,611,920298,BECO GEMA 137 SAO JOSE OPERARIO,9977
1113670,RA HUMBERTO CALDERARO FILHO 624 ADRIANOPOLIS,612,1113670,RUA HUMBERTO CALDERARO FILHO 624 ADRIANOPOLIS,2375
1113670,RA HUMBERTO CALDERARO FILHO 624 ADRIANOPOLIS,612,910420,BECO ANDRE VIDAL NEGREIROS 20 DOM PEDRO,7874
1113670,RA HUMBERTO CALDERARO FILHO 624 ADRIANOPOLIS,612,518089,TRAVESSA ANTONIO BARROSO BRAGA 270 ESPERANCA,196
1113670,RA HUMBERTO CALDERARO FILHO 624 ADRIANOPOLIS,612,914242,BECO BURITI 219 COLONIA ANTONIO ALEIXO,8868
1113670,RA HUMBERTO CALDERARO FILHO 624 ADRIANOPOLIS,612,318874,RUA CAPITAO NATANAEL AGUILAR 1631 AGENOR M DE CARVALHO,4435
74413,AVENIDA RIO NEGRO 4159 CETRNO,613,74413,AVENIDA RIO NEGRO 4159 CENTRO,2484
74413,AVENIDA RIO NEGRO 4159 CETRNO,613,74430,AVENIDA RIO NEGRO 4482 CENTRO,8902
74413,AVENIDA RIO NEGRO 4159 CETRNO,613,893715,AVENIDA RIO NEGRO 117 COMPENSA,5428
74413,AVENIDA RIO NEGRO 4159 CETRNO,613,893615,AVENIDA RIO NEGRO 86 COMPENSA,3278
74413,AVENIDA RIO NEGRO 4159 CETRNO,613,893250,AVENIDA RIO NEGRO 19 MAUAZINHO,6626
495089,THAUMATURGO BOULeEVARD 357 CENTRO,614,495089,BOULEVARD THAUMATURGO 357 CENTRO,5195
495089,THAUMATURGO BOULeEVARD 357 CENTRO,614,492072,AVENIDA BOULEVARD THAUMATURGO 597 CENTRO,4515
495089,THAUMATURGO BOULeEVARD 357 CENTRO,614,492075,AVENIDA BOULEVARD THAUMATURGO 637 CENTRO,1253
495089,THAUMATURGO BOULeEVARD 357 CENTRO,614,1110079,RUA GURUPI 1685 REDENCAO,6052
495089,THAUMATURGO BOULeEVARD 357 CENTRO,614,505850,TRAVESSA CARLOS O. DE FARIAS 1198 CRUZEIRAO,8278
707779,RUA LUZ BRAGA 72 BOM JESUS,615,707779,RUA LUIZ BRAGA 72 BOM JESUS,8621
707779,RUA LUZ BRAGA 72 BOM JESUS,615,654672,RUA MANOEL VAZ DE ARAUJO 10 BOM SUCESSO,2817
707779,RUA LUZ BRAGA 72 BOM JESUS,615,1136634,RUA JOSE LINDOSO 70 BELA VISTA,2151
707779,RUA LUZ BRAGA 72 BOM JESUS,615,1019807,RUA BOTO ROSA 50 JORGE TEIXEIRA,7265
707779,RUA LUZ BRAGA 72 BOM JESUS,615,1010685,RUA BELA VISTA 29 NOVO ISRAEL,5156
193541,AVENIDA DO SEXPEDICIONARIOS 158 BUENO PIMENTA BUENO,616,193541,AVENIDA DOS EXPEDICIONARIOS 158 PIMENTA BUENO,3515
193541,AVENIDA DO SEXPEDICIONARIOS 158 BUENO PIMENTA BUENO,616,192749,AVENIDA CARLOS DORNEJE 75 PIMENTA BUENO,1303
193541,AVENIDA DO SEXPEDICIONARIOS 158 BUENO PIMENTA BUENO,616,747651,RUA LEONCIO SALINGNAC 199 TAUA MIRIM,724
193541,AVENIDA DO SEXPEDICIONARIOS 158 BUENO PIMENTA BUENO,616,514834,AVENIDA ASSIS DE VASCONCELO 138 ESPERANCA,6911
193541,AVENIDA DO SEXPEDICIONARIOS 158 BUENO PIMENTA BUENO,616,867692,AVENIDA CRAVINA DOS POETAS ANTIGA CENTRAL 360 ALVORADA,874
550990,RUA âIRTONm SENA 9 PkACzAS/XAVIER MAIA,617,550990,RUA AIRTON SENA 9 PLACAS/XAVIER MAIA,4984
550990,RUA âIRTONm SENA 9 PkACzAS/XAVIER MAIA,617,235912,RUA BIDU SAIAO 7005 APONIA,7921
550990,RUA âIRTONm SENA 9 PkACzAS/XAVIER MAIA,617,586910,RUA MARFIM 81 PLACAS/XAVIER MAIA,7371
550990,RUA âIRTONm SENA 9 PkACzAS/XAVIER MAIA,617,290331,RUA PANTEON 7205 TEIXEIRAO,6697
550990,RUA âIRTONm SENA 9 PkACzAS/XAVIER MAIA,617,801691,RUA GASPAR MAIA 770 JAUARY I,7647
822881,RUA MAd 2515 None,618,822881,RUA BEIRA MAR 2515 None,8913
822881,RUA MAd 2515 None,618,963382,RUA 25 664 PQ 10,7731
822881,RUA MAd 2515 None,618,964065,RUA 26 1052 PQ 10,3458
822881,RUA MAd 2515 None,618,945209,RUA 02 10 MANAUS,749
822881,RUA MAd 2515 None,618,955066,RUA 160 17 MANAUS,5298
478566,RAMAL oROJETO 2 QUADRA 27 5 PROJEnTO REDEhCAO 2,619,478566,RAMAL PROJETO 2 QUADRA 27 5 PROJETO REDENCAO 2,1459
478566,RAMAL oROJETO 2 QUADRA 27 5 PROJEnTO REDEhCAO 2,619,672392,RAMAL LINHA 07 357 PROGETO HUMAITA,9743
478566,RAMAL oROJETO 2 QUADRA 27 5 PROJEnTO REDEhCAO 2,619,973259,RUA 7 4 PARQUE 10 CONJ SHANGRI LA 4,6573
478566,RAMAL oROJETO 2 QUADRA 27 5 PROJEnTO REDEhCAO 2,619,478203,RAMAL LINHA 2 44 PROJETO ORION,6275
478566,RAMAL oROJETO 2 QUADRA 27 5 PROJEnTO REDEhCAO 2,619,477133,RAMAL DA FAZENDA NOBREZA 3 COLOCACAO PERDIDO,6282
725278,COMUINDAE SAO MIGUEL 7 RIO MpANACAPURU,620,725278,COMUNIDADE SAO MIGUEL 7 RIO MANACAPURU,4949
725278,COMUINDAE SAO MIGUEL 7 RIO MpANACAPURU,620,725240,COMUNIDADE SAO JOSE 8 RIO MANACAPURU,281
725278,COMUINDAE SAO MIGUEL 7 RIO MpANACAPURU,620,753205,COMUNIDADE SAO LAZARO DO IPIRANGA 21 RIO PIORININ,7326
725278,COMUINDAE SAO MIGUEL 7 RIO MpANACAPURU,620,716843,IGARAPE SAO FRANCISCO 10 RIO INAUINI,9209
725278,COMUINDAE SAO MIGUEL 7 RIO MpANACAPURU,620,753221,COMUNIDADE SAO RAIMUNDO 3 RIO SOLIMOES,9009
436994,LINHA C 105 2010 RURAL,621,436994,LINHA C 105 2010 RURAL,1158
436994,LINHA C 105 2010 RURAL,621,407996,LINHA C 105 79 ZONA RURAL,9432
436994,LINHA C 105 2010 RURAL,621,407930,LINHA C 105 27 ZONA RURAL,948
436994,LINHA C 105 2010 RURAL,621,416419,LINHA C 22 83 BURITIS,6927
436994,LINHA C 105 2010 RURAL,621,391101,LINHA 13 3 RURAL,1392
91368,RUA WALTER GARCIA 4102 JORGE TEIXEIRA,622,91368,RUA WALTER GARCIA 4102 JORGE TEIXEIRA,8060
91368,RUA WALTER GARCIA 4102 JORGE TEIXEIRA,622,1148292,RUA LUIS MONTENEGRO 428 JORGE TEIXEIRA,773
91368,RUA WALTER GARCIA 4102 JORGE TEIXEIRA,622,1125599,RUA JACARE 385 JORGE TEIXEIRA,780
91368,RUA WALTER GARCIA 4102 JORGE TEIXEIRA,622,1008782,RUA BARRETOS 610 GILBERTO MESTRINHO,8618
91368,RUA WALTER GARCIA 4102 JORGE TEIXEIRA,622,1148280,RUA LUIS MONTENEGRO 373 JORGE TEIXEIRA,4469
64008,TRAVESSA B 1612 INDUSTRIAL,623,64008,TRAVESSA B 1612 INDUSTRIAL,5265
64008,TRAVESSA B 1612 INDUSTRIAL,623,386700,TRAVESSA B 4981 BELA VISTA,3937
64008,TRAVESSA B 1612 INDUSTRIAL,623,623384,TRAVESSA CEARA 286 SOBRAL,142
64008,TRAVESSA B 1612 INDUSTRIAL,623,513958,TRAVESSA II 10 AEROPORTO,1516
64008,TRAVESSA B 1612 INDUSTRIAL,623,626559,TRAVESSA GUANABARA 243 ESTACAO EXPERIMENTAL,3456
872506,AVENIDA EFIEGNIO SALES 2222 LEIOX,624,872506,AVENIDA EFIGENIO SALES 2222 ALEIXO,1954
872506,AVENIDA EFIEGNIO SALES 2222 LEIOX,624,872452,AVENIDA EFIGENIO SALES 2222 ALEIXO,5023
872506,AVENIDA EFIEGNIO SALES 2222 LEIOX,624,872263,AVENIDA EFIGENIO SALES 780 ALEIXO,5384
872506,AVENIDA EFIEGNIO SALES 2222 LEIOX,624,872524,AVENIDA EFIGENIO SALES 2222 ALEIXO,3802
872506,AVENIDA EFIEGNIO SALES 2222 LEIOX,624,872493,AVENIDA EFIGENIO SALES 2222 ALEIXO,4799
78350,RUA TUPINIQUINS 3135 CRUZEIRO,625,78350,RUA TUPINIQUINS 3135 CRUZEIRO,1264
78350,RUA TUPINIQUINS 3135 CRUZEIRO,625,77534,RUA POTIGUARA 3180 CRUZEIRO,3463
78350,RUA TUPINIQUINS 3135 CRUZEIRO,625,76797,RUA HUMAITA 3230 CRUZEIRO,9215
78350,RUA TUPINIQUINS 3135 CRUZEIRO,625,531584,RUA TUPINIQUINS 574 CAMPINAS,4118
78350,RUA TUPINIQUINS 3135 CRUZEIRO,625,77489,RUA POTIGUARA 2646 CRUZEIRO,4524
1053313,RUA CURUAI 1140 bCIDADE DE DEUS,626,1053313,RUA CURUAI 1140 CIDADE DE DEUS,8531
1053313,RUA CURUAI 1140 bCIDADE DE DEUS,626,1013736,RUA BEM TI VI 628 CIDADE DE DEUS,7169
1053313,RUA CURUAI 1140 bCIDADE DE DEUS,626,1019736,RUA BOTAFOGO 444 CIADADE DE DEUS,7664
1053313,RUA CURUAI 1140 bCIDADE DE DEUS,626,1081145,RUA DOIS 307 CIIDADE DE DEUS,7177
1053313,RUA CURUAI 1140 bCIDADE DE DEUS,626,1081143,RUA DOIS 307 CIIDADE DE DEUS,315
1074253,RUA DINMAARCA 43 FLORES,627,1074253,RUA DINAMARCA 43 FLORES,7108
1074253,RUA DINMAARCA 43 FLORES,627,1150873,RUA MACUNAIMA 16 FLORES,7565
1074253,RUA DINMAARCA 43 FLORES,627,1079701,RUA DOIS 28 FLORES,3714
1074253,RUA DINMAARCA 43 FLORES,627,1061411,RUA DALLAS 6 FLORES,7351
1074253,RUA DINMAARCA 43 FLORES,627,1100139,RUA FORMOSA 47 FLORES,8328
585174,tUA M 370 WILSSON RIBEIRO,628,585174,RUA M 370 WILSSON RIBEIRO,1970
585174,tUA M 370 WILSSON RIBEIRO,628,597372,RUA Q 283 WILSSON RIBEIRO,4803
585174,tUA M 370 WILSSON RIBEIRO,628,597357,RUA Q 180 WILSSON RIBEIRO,8271
585174,tUA M 370 WILSSON RIBEIRO,628,623703,TRAVESSA COELHO 495 MAURI SERGIO,4965
585174,tUA M 370 WILSSON RIBEIRO,628,627690,TRAVESSA JK 62 WANDERLEI DANTAS,5271
273732,RUA JOSE BONIFACIO 845 OALRIA,629,273732,RUA JOSE BONIFACIO 845 OLARIA,5735
273732,RUA JOSE BONIFACIO 845 OALRIA,629,273796,RUA JOSE BONIFACIO 1257 OLARIA,1558
273732,RUA JOSE BONIFACIO 845 OALRIA,629,54841,RUA JOSE BONIFACIO 3838 VILAGE DO SOL,1998
273732,RUA JOSE BONIFACIO 845 OALRIA,629,255758,RUA EURICO CARUSO 5968 APONIA,2935
273732,RUA JOSE BONIFACIO 845 OALRIA,629,529997,RUA JERONIMO DE BRITO 785 OLARIA,8197
494098,SETE AVENfIDA SETEMBRO DE 418 None,630,83088,TRAVESSA NOVE 1667 SETOR 0006,8327
494098,SETE AVENfIDA SETEMBRO DE 418 None,630,570639,RUA EDEM 93 06 DE AGOSTO,4193
494098,SETE AVENfIDA SETEMBRO DE 418 None,630,630577,TRAVESSA PRAXEDES 445 SEIS DE AGOSTO,3185
494098,SETE AVENfIDA SETEMBRO DE 418 None,630,650924,RAMAL TREIS MARIA 3662 None,3404
494098,SETE AVENfIDA SETEMBRO DE 418 None,630,627658,TRAVESSA JERUSALEM 144 AIRTON SENA,4102
58149,RUA PEDRO SPAGNOL 3985 mToEIXEIRAO,631,58149,RUA PEDRO SPAGNOL 3985 TEIXEIRAO,4459
58149,RUA PEDRO SPAGNOL 3985 mToEIXEIRAO,631,58148,RUA PEDRO SPAGNOL 3982 TEIXEIRAO,9135
58149,RUA PEDRO SPAGNOL 3985 mToEIXEIRAO,631,57339,RUA MONTEIRO LOBATO 1768 TEIXEIRAO,382
58149,RUA PEDRO SPAGNOL 3985 mToEIXEIRAO,631,48598,RUA ANITA GARIBALDI 2970 TEIXEIRAO,7224
58149,RUA PEDRO SPAGNOL 3985 mToEIXEIRAO,631,299736,RUA RINO LEVI 5235 TEIXEIRAO,1131
554250,RUA ARI RODRIGUES 483 ãBRfAAO ALAB,632,554250,RUA ARI RODRIGUES 483 ABRAAO ALAB,7916
554250,RUA ARI RODRIGUES 483 ãBRfAAO ALAB,632,554226,RUA ARI RODRIGUES 330 ABRAAO ALAB,1102
554250,RUA ARI RODRIGUES 483 ãBRfAAO ALAB,632,554179,RUA ARI RODRIGUES 120 AEROPORTO VELHO,2500
554250,RUA ARI RODRIGUES 483 ãBRfAAO ALAB,632,798584,RUA ARNOBIO OLIVEIRA 50 IRACY,9300
554250,RUA ARI RODRIGUES 483 ãBRfAAO ALAB,632,684241,RUA JOENVILE 942 CENTRO,2250
604671,RUA SETE DE DEZEMBRO 527 PLAACS,633,604671,RUA SETE DE DEZEMBRO 527 PLACAS,1084
604671,RUA SETE DE DEZEMBRO 527 PLAACS,633,757430,RUA QUINZE DE NOVEMBRO 148 CODAJAS,6524
604671,RUA SETE DE DEZEMBRO 527 PLAACS,633,566635,RUA DEZ DE JUNHO 399 TROPICAL,234
604671,RUA SETE DE DEZEMBRO 527 PLAACS,633,566572,RUA DEZ DE JULHO 698 PLACAS,4239
604671,RUA SETE DE DEZEMBRO 527 PLAACS,633,548497,RUA 2 DE DEZEMBRO 192 SOBRAL,2613
170348,BAHIA RUã 3788 CENTRO,634,909335,BECO 1188 1188 CENTRO,5385
170348,BAHIA RUã 3788 CENTRO,634,692781,LAGO CARAPANATUBA 21333 ZONA RURAL,1292
170348,BAHIA RUã 3788 CENTRO,634,486336,RAMAL 2 21731 CENTRO,4999
170348,BAHIA RUã 3788 CENTRO,634,476921,PORTO DIAS 60 SERINGAL TRIUNFO,1772
170348,BAHIA RUã 3788 CENTRO,634,527902,RIO JURUA 23 JURUA,4719
170029,RODOVIA 257 3389 CENTROr,635,170029,RODOVIA 257 3389 CENTRO,3641
170029,RODOVIA 257 3389 CENTROr,635,169998,RODOVIA 257 2968 CENTRO,5251
170029,RODOVIA 257 3389 CENTROr,635,169971,RODOVIA 133 2800 CENTRO,8567
170029,RODOVIA 257 3389 CENTROr,635,683224,RODOVIA BR 230 342 CENTRO,1446
170029,RODOVIA 257 3389 CENTROr,635,67678,RODOVIA 383 C 20 PROSPERIDADE,1726
918148,DAS PEDREIRAS 17 CMOPEmSA,636,918148,BECO DAS PEDREIRAS 17 COMPENSA,46
918148,DAS PEDREIRAS 17 CMOPEmSA,636,918183,BECO DAS ROSAS 89 COMPENSA,8751
918148,DAS PEDREIRAS 17 CMOPEmSA,636,1150873,RUA MACUNAIMA 16 FLORES,7565
918148,DAS PEDREIRAS 17 CMOPEmSA,636,285741,RUA MONET 100 PEDRINHAS,9980
918148,DAS PEDREIRAS 17 CMOPEmSA,636,568307,RUA DO IBEC 1516 FLORESTA,1898
144278,RUA JOAQUIM FRANCISCO DE OLIVEíRA 1603 N0VA BRASoLIA,637,150485,RUA PEDRO OLIVEIRA FELISBEL 776 NOVO JIPARANA,9345
144278,RUA JOAQUIM FRANCISCO DE OLIVEíRA 1603 N0VA BRASoLIA,637,144278,RUA JOAQUIM FRANCISCO DE OLIVEIRA 1603 NOVA BRASILIA,5181
144278,RUA JOAQUIM FRANCISCO DE OLIVEíRA 1603 N0VA BRASoLIA,637,223654,RUA ALEXANDRE GUIMARAES 5774 AGENOR M DE CARVALHO,8853
144278,RUA JOAQUIM FRANCISCO DE OLIVEíRA 1603 N0VA BRASoLIA,637,745989,RUA FRANCISCO LEAL DE CARVALHO 32 UNIAO,3229
144278,RUA JOAQUIM FRANCISCO DE OLIVEíRA 1603 N0VA BRASoLIA,637,530273,RUA JOSE JOAQUIM PEREIRA 1275 OLARIA,122
1053019,RmUA dURITIBA 338 mOVA VITORIA VITORIA,638,510394,TRAVESSA RIO JURUA 3 1181 MIRITIZAL,7704
1053019,RmUA dURITIBA 338 mOVA VITORIA VITORIA,638,476921,PORTO DIAS 60 SERINGAL TRIUNFO,1772
1053019,RmUA dURITIBA 338 mOVA VITORIA VITORIA,638,723283,RIO MARIMARI 35 ALDEIA MUCAJA,7075
1053019,RmUA dURITIBA 338 mOVA VITORIA VITORIA,638,534788,COMUNIDADE VITORIA 15 VITORIA,1847
1053019,RmUA dURITIBA 338 mOVA VITORIA VITORIA,638,621679,TRAVESSA BAGUARI 228 TAQUARI,8651
1042460,RUs CICNO DE SETEMBRO 504 SAO RAIMUNDO,639,915277,BECO CENTRAL 58 SAO RAIMUNDO,1107
1042460,RUs CICNO DE SETEMBRO 504 SAO RAIMUNDO,639,1078315,RUA DO ROSARIO 408 SAO RAIMUNDO,3074
1042460,RUs CICNO DE SETEMBRO 504 SAO RAIMUNDO,639,926427,BECO REGO BARROS 255 SAO RAIMUNDO,5713
1042460,RUs CICNO DE SETEMBRO 504 SAO RAIMUNDO,639,927441,BECO SANTA ETEVINA 356 SAO LAZARO,9137
1042460,RUs CICNO DE SETEMBRO 504 SAO RAIMUNDO,639,926425,BECO REGO BARROS 251 SAO RAIMUNDO,275
1079701,RUA DOvIS 28 FLOR,640,1079701,RUA DOIS 28 FLORES,3714
1079701,RUA DOvIS 28 FLOR,640,1080891,RUA DOIS 152 FLORES,7238
1079701,RUA DOvIS 28 FLOR,640,1081501,RUA DOIS 699 FLORES,4290
1079701,RUA DOvIS 28 FLOR,640,1079469,RUA DOIS 19 ALEIXO,2113
1079701,RUA DOvIS 28 FLOR,640,1123893,RUA J 5 FLORES,8437
505342,RUA MAJOR ASfSIS DE VASCONCELO 1165 25 E AGiSTO,641,505342,RUA MAJOR ASSIS DE VASCONCELO 1165 25 DE AGOSTO,4367
505342,RUA MAJOR ASfSIS DE VASCONCELO 1165 25 E AGiSTO,641,505333,RUA MAJOR ASSIS DE VASCONCELO 1036 25 DE AGOSTO,5682
505342,RUA MAJOR ASfSIS DE VASCONCELO 1165 25 E AGiSTO,641,834589,RUA CLAUDIONOR VASCONCELOS 482 NOVO MANACA,5422
505342,RUA MAJOR ASfSIS DE VASCONCELO 1165 25 E AGiSTO,641,505329,RUA MAJOR ASSIS DE VASCONCELO 55 AV 25 DE AGOSTO,9919
505342,RUA MAJOR ASfSIS DE VASCONCELO 1165 25 E AGiSTO,641,756033,RUA ALFREDO DE SA ANTUNES 545 CODAJAS,2158
603511,DENOMINACAO SEM RUA 24 PLCAAw,642,603511,RUA SEM DENOMINACAO 24 PLACAS,2980
603511,DENOMINACAO SEM RUA 24 PLCAAw,642,523167,RUA SEM DENOMINACAO 14 GUARANI,4487
603511,DENOMINACAO SEM RUA 24 PLCAAw,642,305184,RUA SEM DENOMINACAO 81 CASCALHEIRA,347
603511,DENOMINACAO SEM RUA 24 PLCAAw,642,750016,RUA SEM DENOMINACAO 2 UNIAO,2462
603511,DENOMINACAO SEM RUA 24 PLCAAw,642,305354,RUA SEM DENOMINACAO 301 LAGOA,5449
533538,RODOVIA AC 40 3 POcLp 2,643,533538,RODOVIA AC 40 3 POLO 2,6442
533538,RODOVIA AC 40 3 POcLp 2,643,408033,RODOVIA BR 364 7 None,478
533538,RODOVIA AC 40 3 POcLp 2,643,546875,RODOVIA AC90 1253 SOBRAL,3543
533538,RODOVIA AC 40 3 POcLp 2,643,67678,RODOVIA 383 C 20 PROSPERIDADE,1726
533538,RODOVIA AC 40 3 POcLp 2,643,421722,RODOVIA BR 364 1 None,8756
19715,RUA FRANCISCO CHARGAS 1715 MARECHAL RONDNO,644,19715,RUA FRANCISCO CHARGAS 1715 MARECHAL RONDON,521
19715,RUA FRANCISCO CHARGAS 1715 MARECHAL RONDNO,644,18883,RUA EVALDO BENEVIDES 134 MARECHAL RONDON,1157
19715,RUA FRANCISCO CHARGAS 1715 MARECHAL RONDNO,644,11873,RUA ALBINO HENRIQUE 1158 MARECHAL RONDON,7637
19715,RUA FRANCISCO CHARGAS 1715 MARECHAL RONDNO,644,188913,RUA TANCREDO NEVES 3551 RONDOMINAS,2832
19715,RUA FRANCISCO CHARGAS 1715 MARECHAL RONDNO,644,258188,RUA FRANCISCO BARROS 7057 IGARAPE,3207
856027,AVENIDA AUTAZ MIRIMm ANTIGA GRANDE CIRCULAR 5632 SAO JOSE OPERARIO,645,856027,AVENIDA AUTAZ MIRIM ANTIGA GRANDE CIRCULAR 5632 SAO JOSE OPERARIO,5510
856027,AVENIDA AUTAZ MIRIMm ANTIGA GRANDE CIRCULAR 5632 SAO JOSE OPERARIO,645,856017,AVENIDA AUTAZ MIRIM ANTIGA GRANDE CIRCULAR 5556 SAO JOSE OPERARIO,4068
856027,AVENIDA AUTAZ MIRIMm ANTIGA GRANDE CIRCULAR 5632 SAO JOSE OPERARIO,645,856120,AVENIDA AUTAZ MIRIM OU GRANDE CIRCULAR 6508 SAO JOSE OPERARIO,2243
856027,AVENIDA AUTAZ MIRIMm ANTIGA GRANDE CIRCULAR 5632 SAO JOSE OPERARIO,645,876414,AVENIDA GRANDE CIRCULAR ANTIGA AUTAZ MIRIN 5563 SAO JOSE OPERARIO 1,3929
856027,AVENIDA AUTAZ MIRIMm ANTIGA GRANDE CIRCULAR 5632 SAO JOSE OPERARIO,645,855708,AVENIDA AUTAZ MIRIM 5405 SAO JOSE OPERARIO,7306
1044598,RUA CINQUENTA E UM 16 CIDADE NOVA,646,1044598,RUA CINQUENTA E UM 16 CIDADE NOVA,692
1044598,RUA CINQUENTA E UM 16 CIDADE NOVA,646,1044307,RUA CINQUENTA E SETE 18 CIDADE NOVA,3467
1044598,RUA CINQUENTA E UM 16 CIDADE NOVA,646,1044291,RUA CINQUENTA E SETE 12 CIDADE NOVA,7256
1044598,RUA CINQUENTA E UM 16 CIDADE NOVA,646,1044453,RUA CINQUENTA E TRES 13 CIDADE NOVA,8805
1044598,RUA CINQUENTA E UM 16 CIDADE NOVA,646,1044480,RUA CINQUENTA E TRES 23 CIDADE NOVA,8338
479151,RU 02 400 BELA VISTA,647,479151,RUA 02 400 BELA VISTA,679
479151,RU 02 400 BELA VISTA,647,479204,RUA 1 401 BELA VISTA,2305
479151,RU 02 400 BELA VISTA,647,386700,TRAVESSA B 4981 BELA VISTA,3937
479151,RU 02 400 BELA VISTA,647,524841,RIO AZUL 24 BELA VISTA,6517
479151,RU 02 400 BELA VISTA,647,720256,RUA RIO MAPIA 104 BELA VISTA,7632
443560,LINHA 05 80 Nuone,648,443560,LINHA 05 80 None,2598
443560,LINHA 05 80 Nuone,648,443702,LINHA 110 35 None,7162
443560,LINHA 05 80 Nuone,648,424189,LINHA C 22 15 None,3436
443560,LINHA 05 80 Nuone,648,423463,LINHA 02 17 None,3913
443560,LINHA 05 80 Nuone,648,459429,LINHA 03 4 None,3475
68913,RUA AMAPA 1911 CETNRO,649,68913,RUA AMAPA 1911 CENTRO,7160
68913,RUA AMAPA 1911 CETNRO,649,69131,RUA ARACAJU 2015 CENTRO,7400
68913,RUA AMAPA 1911 CETNRO,649,129188,RUA AMAPA 1910 VALPARAISO,7274
68913,RUA AMAPA 1911 CETNRO,649,879693,AVENIDA JAPURA 110 CENTRO,3465
68913,RUA AMAPA 1911 CETNRO,649,1001901,RUA AUTAZES 44 ALEIXO,8824
128635,RA 7D E SETEMBRO 2055 vCASA PREwTA,650,675145,TRAVESSA 13 DE MAIO 642 AGROVILA,5963
128635,RA 7D E SETEMBRO 2055 vCASA PREwTA,650,386853,TRAVESSA NOVECENTOS E SEIS 13 NOVA ESPERANCA,4930
128635,RA 7D E SETEMBRO 2055 vCASA PREwTA,650,625699,TRAVESSA EDEM 250 SEIS DE AGOSTO,4645
128635,RA 7D E SETEMBRO 2055 vCASA PREwTA,650,652013,BECO DEOMIRO 30 PISTA,8680
128635,RA 7D E SETEMBRO 2055 vCASA PREwTA,650,570639,RUA EDEM 93 06 DE AGOSTO,4193
472004,AVEwIDA PARAISO 2783 SEvTOR o1,651,627658,TRAVESSA JERUSALEM 144 AIRTON SENA,4102
472004,AVEwIDA PARAISO 2783 SEvTOR o1,651,722079,RIO AUTAZ ACU 476 LIMAO,7705
472004,AVEwIDA PARAISO 2783 SEvTOR o1,651,532024,TRAVESSA SEBASTIAO PEIXOTO 398 SERRARIA,2234
472004,AVEwIDA PARAISO 2783 SEvTOR o1,651,510394,TRAVESSA RIO JURUA 3 1181 MIRITIZAL,7704
472004,AVEwIDA PARAISO 2783 SEvTOR o1,651,718204,SERINGAL NOVO ANDIRA 188 PIRA PORA SETOR 12,754
687141,E SILVA RUA COSTA 227 CNTRO,652,687141,RUA COSTA E SILVA 227 CENTRO,2886
687141,E SILVA RUA COSTA 227 CNTRO,652,687136,RUA COSTA E SILVA 221 CENTRO,6584
687141,E SILVA RUA COSTA 227 CNTRO,652,277158,RUA LAJEADO 4009 COSTA E SILVA,8585
687141,E SILVA RUA COSTA 227 CNTRO,652,646338,RUA COSTA E SILVA 1270 CENTRO,9629
687141,E SILVA RUA COSTA 227 CNTRO,652,646331,RUA COSTA E SILVA 1270 CENTRO,4926
733510,RUA AUTAZ MIRM 44 CENTRO,653,733510,RUA AUTAZ MIRIM 44 CENTRO,6731
733510,RUA AUTAZ MIRM 44 CENTRO,653,734556,RUA MIRACAUERA 5 CENTRO,3636
733510,RUA AUTAZ MIRM 44 CENTRO,653,768836,RUA MENERUA 29 CENTRO,6463
733510,RUA AUTAZ MIRM 44 CENTRO,653,1001901,RUA AUTAZES 44 ALEIXO,8824
733510,RUA AUTAZ MIRM 44 CENTRO,653,352888,RUA GUAPORE 4336 CENTRO,2063
276293,RUA JULuz 6805 IGARAPE,654,276293,RUA JULIA 6805 IGARAPE,2904
276293,RUA JULuz 6805 IGARAPE,654,276277,RUA JULIA 6680 IGARAPE,4174
276293,RUA JULuz 6805 IGARAPE,654,286678,RUA NEUSA 5977 IGARAPE,4948
276293,RUA JULuz 6805 IGARAPE,654,286811,RUA NEUSA 7436 IGARAPE,8043
276293,RUA JULuz 6805 IGARAPE,654,268932,RUA JANAINA 6834 IGARAPE,4690
796338,RUA 1. DE aJANEjRO 2537 BRAGA I ExUARDO,655,978106,RUA A DEZESSETE 1291 JAPIIM,2043
796338,RUA 1. DE aJANEjRO 2537 BRAGA I ExUARDO,655,1029335,RUA CANUMA 140 JAPIIM,449
796338,RUA 1. DE aJANEjRO 2537 BRAGA I ExUARDO,655,60887,RUA UIRAPURU 2999 TEIXEIRAO,5284
796338,RUA 1. DE aJANEjRO 2537 BRAGA I ExUARDO,655,290331,RUA PANTEON 7205 TEIXEIRAO,6697
796338,RUA 1. DE aJANEjRO 2537 BRAGA I ExUARDO,655,235912,RUA BIDU SAIAO 7005 APONIA,7921
311001,RUA 644 FLORESAT,656,611132,RUA X 845 NOVO CALAFATE,6984
311001,RUA 644 FLORESAT,656,967767,RUA 4 189 ALEIXO,1619
311001,RUA 644 FLORESAT,656,226941,RUA ANARI 558 B FLORESTA,7455
311001,RUA 644 FLORESAT,656,410110,RUA CACOAL 1272 ST 02,5664
311001,RUA 644 FLORESAT,656,610893,RUA W SETE 227 TUCUMA,2050
866483,AVENiIDA COmSTANTINO NERY 3451 CHAPADA,657,866334,AVENIDA CONSTANTINO NERY 3451 CHAPADA,6386
866483,AVENiIDA COmSTANTINO NERY 3451 CHAPADA,657,866345,AVENIDA CONSTANTINO NERY 3451 CHAPADA,4169
866483,AVENiIDA COmSTANTINO NERY 3451 CHAPADA,657,866483,AVENIDA CONSTANTINO NERY 3451 CHAPADA,3393
866483,AVENiIDA COmSTANTINO NERY 3451 CHAPADA,657,865458,AVENIDA CONSTANTINO NERY 2229 CHAPADA,4991
866483,AVENiIDA COmSTANTINO NERY 3451 CHAPADA,657,866513,AVENIDA CONSTANTINO NERY 3616 CHAPADA,9393
656761,RfUA RfUA SIQUEIRA CAMPOS 416 ACFEAZL,658,642812,RAMAL BOM VENTO 25 R0DRIGUES ALVES,1007
656761,RfUA RfUA SIQUEIRA CAMPOS 416 ACFEAZL,658,656761,RUA SIQUEIRA CAMPOS 416 CAFEZAL,7447
656761,RfUA RfUA SIQUEIRA CAMPOS 416 ACFEAZL,658,943164,IGARAPE DO MINDU 3 TANCREDO NEVES,7644
656761,RfUA RfUA SIQUEIRA CAMPOS 416 ACFEAZL,658,643703,RAMAL TIRIRICA 12 R0DRIGUES ALVES,1410
656761,RfUA RfUA SIQUEIRA CAMPOS 416 ACFEAZL,658,646443,RUA E 936 NAIRE LEITE 2,3190
118212,RUA TIAGO MORERIA 1940 TAIRLANDwIA,659,118212,RUA TIAGO MOREIRA 1940 TARILANDIA,3326
118212,RUA TIAGO MORERIA 1940 TAIRLANDwIA,659,1107101,RUA GOIANIA 2019 TARUMA,8430
118212,RUA TIAGO MORERIA 1940 TAIRLANDwIA,659,58149,RUA PEDRO SPAGNOL 3985 TEIXEIRAO,4459
118212,RUA TIAGO MORERIA 1940 TAIRLANDwIA,659,517765,RUA TUCUMA 1500 ZENAIDE PAIVA,3338
118212,RUA TIAGO MORERIA 1940 TAIRLANDwIA,659,1032476,RUA CASSITERITA 119 TANCREDO NEVES,5339
171290,RUA GOIAS 3287 CENTOR,660,171290,RUA GOIAS 3287 CENTRO,6252
171290,RUA GOIAS 3287 CENTOR,660,76194,RUA CEREJEIRAS 3233 CENTRO,9671
171290,RUA GOIAS 3287 CENTOR,660,440467,RUA GOIANIA 1808 CENTRO,6922
171290,RUA GOIAS 3287 CENTOR,660,70440,RUA GOIAS 652 CENTRO,1049
171290,RUA GOIAS 3287 CENTOR,660,352888,RUA GUAPORE 4336 CENTRO,2063
511963,RUA DE CATSRO 374 FONTINaELE,661,560316,RUA CANINDE 463 BOSQUE,1321
511963,RUA DE CATSRO 374 FONTINaELE,661,768499,RUA GENIPAPO 129 MAE CREUZA,4218
511963,RUA DE CATSRO 374 FONTINaELE,661,572783,RUA FARROUPILHA 136 BOSQUE,9482
511963,RUA DE CATSRO 374 FONTINaELE,661,1034327,RUA CAUERES 121 JAPIIM,560
511963,RUA DE CATSRO 374 FONTINaELE,661,586684,RUA MARANHAO 118 BOSQUE,8384
59469,RUA RIO GRANDE 1243 LIERDáDE,662,59469,RUA RIO GRANDE 1243 LIBERDADE,2363
59469,RUA RIO GRANDE 1243 LIERDáDE,662,59458,RUA RIO GRANDE 1170 LIBERDADE,3592
59469,RUA RIO GRANDE 1243 LIERDáDE,662,59464,RUA RIO GRANDE 1222 LIBERDADE,2567
59469,RUA RIO GRANDE 1243 LIERDáDE,662,59602,RUA RIO NEGRO 2093 TEIXEIRAO,2354
59469,RUA RIO GRANDE 1243 LIERDáDE,662,149275,RUA NEREU RAMOS 975 RIACHUELO,6010
996714,RUA ARARA 75 CN OiVA,663,996714,RUA ARARA 75 C NOVA,8160
996714,RUA ARARA 75 CN OiVA,663,967767,RUA 4 189 ALEIXO,1619
996714,RUA ARARA 75 CN OiVA,663,964955,RUA 29 137 TARUMA ACU,6308
996714,RUA ARARA 75 CN OiVA,663,945369,RUA 02 60 TARUMA,7720
996714,RUA ARARA 75 CN OiVA,663,996627,RUA ARAPARIS 82 COROADO,7910
606418,RUA TIAO bATREZA 454 CICO MENDES,664,606418,RUA TIAO NATUREZA 454 CHICO MENDES,4791
606418,RUA TIAO bATREZA 454 CICO MENDES,664,1103966,RUA GAIVOTA 449 TANCREDO NEVES,9057
606418,RUA TIAO bATREZA 454 CICO MENDES,664,500984,RUA FELIX GASPAR 1348 JOAO ALVES,9038
606418,RUA TIAO bATREZA 454 CICO MENDES,664,48598,RUA ANITA GARIBALDI 2970 TEIXEIRAO,7224
606418,RUA TIAO bATREZA 454 CICO MENDES,664,609057,RUA VETERANO R PINTO 285 MANOEL JULIAO,3739
1004031,RUA B 129 CAMPOS 5LES,665,1004031,RUA B 129 CAMPOS SALES,4820
1004031,RUA B 129 CAMPOS 5LES,665,1004017,RUA B 124 COMPENSA,5961
1004031,RUA B 129 CAMPOS 5LES,665,1124558,RUA J B SILVA 23 CRESPO,8084
1004031,RUA B 129 CAMPOS 5LES,665,1004603,RUA B 1779 CAMPOS SALES,2710
1004031,RUA B 129 CAMPOS 5LES,665,1003967,RUA B 109 COROADO,4091
288945,RUA OROIN 2973 PORTO VêLHO,666,288945,RUA ORION 2973 PORTO VELHO,6066
288945,RUA OROIN 2973 PORTO VêLHO,666,232889,RUA AUREA 2755 PORTO VELHO,9974
288945,RUA OROIN 2973 PORTO VêLHO,666,265240,RUA IBOTIRAMA 3118 POR O VELHO,6279
288945,RUA OROIN 2973 PORTO VêLHO,666,288894,RUA ORION 2633 PORTO VELHO,4860
288945,RUA OROIN 2973 PORTO VêLHO,666,239054,RUA CAMBORIU 6063 PORTO VELHO,1661
391266,LINHA 74 SUL 74 ZONA RURAL,667,391266,LINHA 74 SUL 74 ZONA RURAL,9954
391266,LINHA 74 SUL 74 ZONA RURAL,667,391494,LINHA 94 NORTE 26 ZONA RURAL,157
391266,LINHA 74 SUL 74 ZONA RURAL,667,400439,LINHA LINHA 13 57 ZONA RURAL,3947
391266,LINHA 74 SUL 74 ZONA RURAL,667,400413,LINHA LINHA 13 24 ZONA RURAL,7451
391266,LINHA 74 SUL 74 ZONA RURAL,667,360641,LINHA 204 SUL 20 ZONA RURAL,516
510440,TwRAVES5A SAO FRANCISCO 106 MIRITIZwAL,668,510440,TRAVESSA SAO FRANCISCO 106 MIRITIZAL,641
510440,TwRAVES5A SAO FRANCISCO 106 MIRITIZwAL,668,936376,BECO SAO FRANCISCO 2 13 MAUAZINHO,5981
510440,TwRAVES5A SAO FRANCISCO 106 MIRITIZwAL,668,935256,BECO SAO CRISTOVAO 430 COMPENSA,6824
510440,TwRAVES5A SAO FRANCISCO 106 MIRITIZwAL,668,910191,BECO AMAZONAS 59 SAO FRANCISCO,3427
510440,TwRAVES5A SAO FRANCISCO 106 MIRITIZwAL,668,928310,BECO SAO FRANCISCO 301 CHAPADA,1832
194701,AVENIDA MACEIO 2145 NOVA PIMENTA,669,194701,AVENIDA MACEIO 2145 NOVA PIMENTA,5163
194701,AVENIDA MACEIO 2145 NOVA PIMENTA,669,194590,AVENIDA MACEIO 831 NOVA PIMENTA,9434
194701,AVENIDA MACEIO 2145 NOVA PIMENTA,669,192608,AVENIDA BELEM 1269 NOVA PIMENTA,6316
194701,AVENIDA MACEIO 2145 NOVA PIMENTA,669,195875,AVENIDA VITORIA 710 NOVA PIMENTA,3740
194701,AVENIDA MACEIO 2145 NOVA PIMENTA,669,194085,AVENIDA FORTALEZA 814 NOVA PIMENTA,8291
478765,RâMAL RAMAL TRAVESSAO 1 56 ORTO LUIZ,670,478765,RAMAL TRAVESSAO 1 56 PORTO LUIZ,8574
478765,RâMAL RAMAL TRAVESSAO 1 56 ORTO LUIZ,670,672392,RAMAL LINHA 07 357 PROGETO HUMAITA,9743
478765,RâMAL RAMAL TRAVESSAO 1 56 ORTO LUIZ,670,488324,RAMAL LINHA NOVA UM 711623 SERINGAL MERCEDES,6098
478765,RâMAL RAMAL TRAVESSAO 1 56 ORTO LUIZ,670,532165,RAMAL BIRROQUE 80 TRIUNFO,5703
478765,RâMAL RAMAL TRAVESSAO 1 56 ORTO LUIZ,670,721083,TRAVESSA MANOEL ASSUNCAO 418 RECREIO,2202
1130230,RUAJERUSALEnM 58 MAUAZINHp JERSUALEM,671,290331,RUA PANTEON 7205 TEIXEIRAO,6697
1130230,RUAJERUSALEnM 58 MAUAZINHp JERSUALEM,671,1130204,RUA JERUSALEM 51 JAPIIM,4060
1130230,RUAJERUSALEnM 58 MAUAZINHp JERSUALEM,671,1130230,RUA JERUSALEM 58 MAUAZINHO JERUSALEM,9801
1130230,RUAJERUSALEnM 58 MAUAZINHp JERSUALEM,671,1130158,RUA JERUSALEM 41 COROADO,6093
1130230,RUAJERUSALEnM 58 MAUAZINHp JERSUALEM,671,1034327,RUA CAUERES 121 JAPIIM,560
246787,RUA DA PISTA PISTA 111 CENfnRO,672,246787,RUA DA PISTA 111 CENTRO,4451
246787,RUA DA PISTA PISTA 111 CENfnRO,672,351046,RUA A1 263 CIDADE ALTA,6789
246787,RUA DA PISTA PISTA 111 CENfnRO,672,1035140,RUA CELTA 1 PLANALTO,5768
246787,RUA DA PISTA PISTA 111 CENfnRO,672,241060,RUA CARTOLA 3294 LAGOINHA,3334
246787,RUA DA PISTA PISTA 111 CENfnRO,672,245526,RUA CURUMATA 362 LAGOA,8817
23883,RuUA MAChAUBAS 4817 NOVE,673,15983,RUA CEU AZUL 4863 NOVE,318
23883,RuUA MAChAUBAS 4817 NOVE,673,32824,RUA UMUARAMA 5358 NOVE,9416
23883,RuUA MAChAUBAS 4817 NOVE,673,23984,RUA MACAUBAS 5499 NOVE,8734
23883,RuUA MAChAUBAS 4817 NOVE,673,510394,TRAVESSA RIO JURUA 3 1181 MIRITIZAL,7704
23883,RuUA MAChAUBAS 4817 NOVE,673,23883,RUA MACAUBAS 4817 NOVE,9922
931897,BEdO UIRAPURU 3 3 75 CORwOADO,674,931897,BECO UIRAPURU 3 75 COROADO,3053
931897,BEdO UIRAPURU 3 3 75 CORwOADO,674,931908,BECO UIRAPURU 4 20 COROADO,3010
931897,BEdO UIRAPURU 3 3 75 CORwOADO,674,922486,BECO KIMURA 4 JAPIIM,8265
931897,BEdO UIRAPURU 3 3 75 CORwOADO,674,922421,BECO JUPIS 98 JAPIIM,6520
931897,BEdO UIRAPURU 3 3 75 CORwOADO,674,931643,BECO TRES IRMAOS 1527 COROADO,7173
911191,BECO ApYRTON SENNoA 104 MAUAZINHO,675,911191,BECO AYRTON SENNA 104 MAUAZINHO,6624
911191,BECO ApYRTON SENNoA 104 MAUAZINHO,675,920980,BECO IGARAPE 27 COMPENSA,7408
911191,BECO ApYRTON SENNoA 104 MAUAZINHO,675,931643,BECO TRES IRMAOS 1527 COROADO,7173
911191,BECO ApYRTON SENNoA 104 MAUAZINHO,675,701208,BECO 30 101 JAVARIZINHO,7774
911191,BECO ApYRTON SENNoA 104 MAUAZINHO,675,915196,BECO CELESTINO 23 CACHOEIRINHA,8479
7599,AVEINDA CuANAA 1793 AREAS ESPECIAIS,676,7599,AVENIDA CANAA 1793 AREAS ESPECIAIS,9815
7599,AVEINDA CuANAA 1793 AREAS ESPECIAIS,676,31537,RUA TARIMATA 2276 AREAS ESPECIAIS,7851
7599,AVEINDA CuANAA 1793 AREAS ESPECIAIS,676,8843,AVENIDA JAMARI 4530 AREAS ESPECIAIS,7540
7599,AVEINDA CuANAA 1793 AREAS ESPECIAIS,676,538106,AVENIDA EPAMINONDAS JACOME 1538 CADEIA VELHA,5216
7599,AVEINDA CuANAA 1793 AREAS ESPECIAIS,676,216190,BECO ACARA 2346 NOVA FLORESTA,1475
496193,UA ApFREDO TELES 136 J0AO ALVSE,677,722079,RIO AUTAZ ACU 476 LIMAO,7705
496193,UA ApFREDO TELES 136 J0AO ALVSE,677,888523,AVENIDA PENETRACAO UM 1311 JAPIIM,1022
496193,UA ApFREDO TELES 136 J0AO ALVSE,677,617456,RUA SAO CRISTOVAO 143 DAL PASQUALE,6757
496193,UA ApFREDO TELES 136 J0AO ALVSE,677,156881,RUA VENCESLAU BRAS 1483 SAO PEDRO,6971
496193,UA ApFREDO TELES 136 J0AO ALVSE,677,938464,BECO SAO LUIS 102 COROADO,5035
923905,BECO MOSSORO 100 SAO FRNCISCO,678,923905,BECO MOSSORO 100 SAO FRANCISCO,5834
923905,BECO MOSSORO 100 SAO FRNCISCO,678,921629,BECO ITAPURANGA 50 SAO JORGE,6622
923905,BECO MOSSORO 100 SAO FRNCISCO,678,910191,BECO AMAZONAS 59 SAO FRANCISCO,3427
923905,BECO MOSSORO 100 SAO FRNCISCO,678,917272,BECO DA PAZ 59 SAO FRSNCISCO,2416
923905,BECO MOSSORO 100 SAO FRNCISCO,678,939420,BECO SAO ROQUE 156 ALVORADA,8842
1093590,RUA ESPERsCNA 74 JAPIIM,679,1093590,RUA ESPERANCA 74 JAPIIM,6535
1093590,RUA ESPERsCNA 74 JAPIIM,679,1093332,RUA ESPERANCA 4 JAPIIM,6471
1093590,RUA ESPERsCNA 74 JAPIIM,679,1093532,RUA ESPERANCA 44 JAPIIM,2245
1093590,RUA ESPERsCNA 74 JAPIIM,679,1093324,RUA ESPERANCA 2 JAPIIM,4610
1093590,RUA ESPERsCNA 74 JAPIIM,679,1029335,RUA CANUMA 140 JAPIIM,449
794196,aAVENIDA LIBERDADE 4831 lMAMUOD AMED,680,794196,AVENIDA LIBERDADE 4831 MAMOUD AMED,6165
794196,aAVENIDA LIBERDADE 4831 lMAMUOD AMED,680,794168,AVENIDA LIBERDADE 4472 MAMOUD AMED,742
794196,aAVENIDA LIBERDADE 4831 lMAMUOD AMED,680,794173,AVENIDA LIBERDADE 4502 MAMOUD AMED,7473
794196,aAVENIDA LIBERDADE 4831 lMAMUOD AMED,680,805797,RUA RIO SOLIMOES 4087 MAMOUD AMED,7038
794196,aAVENIDA LIBERDADE 4831 lMAMUOD AMED,680,205134,AVENIDA CALAMA 2472 LIBERDADE,2721
596469,RUA PRINCIPAL 541 PARQUE INDUSTRIAL,681,596469,RUA PRINCIPAL 541 PARQUE INDUSTRIAL,3312
596469,RUA PRINCIPAL 541 PARQUE INDUSTRIAL,681,180762,AVENIDA INDUSTRIAL 276 BAIRRO INDUSTRIAL,7943
596469,RUA PRINCIPAL 541 PARQUE INDUSTRIAL,681,861569,AVENIDA BURITI 1200 DISTRITO INDUSTRIAL,7689
596469,RUA PRINCIPAL 541 PARQUE INDUSTRIAL,681,186673,RUA MADERSAN 524 BAIRRO INDUSTRIAL,5491
596469,RUA PRINCIPAL 541 PARQUE INDUSTRIAL,681,377893,RUA GUANABARA 2574 PARQUE IND NOVO TEMPO,7857
1116382,40 RUA DO IGARAPE 1100 DISTRITO INDUSTRIAL,682,1116382,RUA IGARAPE DO 40 1100 DISTRITO INDUSTRIAL,7922
1116382,40 RUA DO IGARAPE 1100 DISTRITO INDUSTRIAL,682,1116344,RUA IGARAPE DO 40 822 DISTRITO INDUSTRIAL,2859
1116382,40 RUA DO IGARAPE 1100 DISTRITO INDUSTRIAL,682,1020660,RUA BRASIL 73 DISTRITO INDUSTRIAL,8487
1116382,40 RUA DO IGARAPE 1100 DISTRITO INDUSTRIAL,682,1020440,RUA BRASIL 32 DISTRITO INDUSTRIAL,5204
1116382,40 RUA DO IGARAPE 1100 DISTRITO INDUSTRIAL,682,1139636,RUA JUTAI 600 DISTRITO INDUSTRIAL,5303
13860,RAU BOM FUTUROp 2164 APOIO SiCIAL,683,13860,RUA BOM FUTURO 2164 APOIO SOCIAL,483
13860,RAU BOM FUTUROp 2164 APOIO SiCIAL,683,704088,COMUNIDADE BOM PASTOR 2 24 SURURUA,4877
13860,RAU BOM FUTUROp 2164 APOIO SiCIAL,683,642456,PROJETO BOM VENTO 49 BACURI,8087
13860,RAU BOM FUTUROp 2164 APOIO SiCIAL,683,673307,RODOVIA AC 10 30623 PROJETO HUMAITA,4641
13860,RAU BOM FUTUROp 2164 APOIO SiCIAL,683,672508,RAMAL LINHA 1 360 PROJETO HUMAITA,403
620884,TRâdVESSA ACRE 55 AEROPORTO VELHO,684,620884,TRAVESSA ACRE 55 AEROPORTO VELHO,4802
620884,TRâdVESSA ACRE 55 AEROPORTO VELHO,684,620905,TRAVESSA ACRE 195 AEROPORTO VELHO,6743
620884,TRâdVESSA ACRE 55 AEROPORTO VELHO,684,631710,TRAVESSA SANTOS DUMOND 14 AEROPORTO VELHO,3118
620884,TRâdVESSA ACRE 55 AEROPORTO VELHO,684,626583,TRAVESSA GUAPORE 58 AVIARIO,7304
620884,TRâdVESSA ACRE 55 AEROPORTO VELHO,684,626681,TRAVESSA GUARANI 417 AVIARIO,4537
790392,RUA xSEM DENOMINACAO 899 CACAU PIRwERA,685,790392,RUA SEM DENOMINACAO 899 CACAU PIRERA,9824
790392,RUA xSEM DENOMINACAO 899 CACAU PIRwERA,685,790584,RUA TRES 113 MUTIRAO DO CACAU,7543
790392,RUA xSEM DENOMINACAO 899 CACAU PIRwERA,685,1030256,RUA CARAUARI 1338 REDENCAO,300
790392,RUA xSEM DENOMINACAO 899 CACAU PIRwERA,685,785452,RUA 02 132 CACAU PIRERA,7461
790392,RUA xSEM DENOMINACAO 899 CACAU PIRwERA,685,425607,RUA AFONSO PENA 392 UNIAO,669
698437,RUà AUGUSTO MONE NEGRO 2 CAMETA DO RAMOS,686,698437,RUA AUGUSTO MONTE NEGRO 2 CAMETA DO RAMOS,4977
698437,RUà AUGUSTO MONE NEGRO 2 CAMETA DO RAMOS,686,910420,BECO ANDRE VIDAL NEGREIROS 20 DOM PEDRO,7874
698437,RUà AUGUSTO MONE NEGRO 2 CAMETA DO RAMOS,686,643703,RAMAL TIRIRICA 12 R0DRIGUES ALVES,1410
698437,RUà AUGUSTO MONE NEGRO 2 CAMETA DO RAMOS,686,658217,TRAVESSA CICERO MORREIRA 3 JORGE ALVES JUNIOR,1545
698437,RUà AUGUSTO MONE NEGRO 2 CAMETA DO RAMOS,686,643474,RAMAL PARANA DOS MOURAS 74 LUZEIRO2,72
696133,RUA ANAUALI 76 SAO SAO FRzNCISCO,687,696133,RUA ANAUALI 76 SAO FRANCISCO,8192
696133,RUA ANAUALI 76 SAO SAO FRzNCISCO,687,696912,RUA JOAO R CARIOCA 199 SAO FRANCISCO,3000
696133,RUA ANAUALI 76 SAO SAO FRzNCISCO,687,778236,RUA VILLE BALDE 1197 SAO FRANCISCO,8688
696133,RUA ANAUALI 76 SAO SAO FRzNCISCO,687,830230,AVENIDA JOAO XXIII 1071 SAO FRANCISCO,1134
696133,RUA ANAUALI 76 SAO SAO FRzNCISCO,687,580637,RUA JOAO XXIII 160 SAO FRANCISCO,8605
1120798,RUA DULCE IeMA 520 COL TERRA NOVA,688,1120798,RUA IRMA DULCE 520 COL TERRA NOVA,465
1120798,RUA DULCE IeMA 520 COL TERRA NOVA,688,1115485,RUA IANOMAMI 53 COLONIA TERRA NOVA,741
1120798,RUA DULCE IeMA 520 COL TERRA NOVA,688,1115514,RUA IANOMAMI 60 COLONIA TERRA NOVA,7141
1120798,RUA DULCE IeMA 520 COL TERRA NOVA,688,1115458,RUA IANOMAMI 37 COLONIA TERRA NOVA,2057
1120798,RUA DULCE IeMA 520 COL TERRA NOVA,688,1120786,RUA IRMA DULCE 407 COLONIATERRA NOVA,3398
264559,RUA HIGhANOPOLIS 9084 SOF RANCISCO,689,998091,RUA ARISTOFANO ANTONY 438 PETROPOLIS,1515
264559,RUA HIGhANOPOLIS 9084 SOF RANCISCO,689,58148,RUA PEDRO SPAGNOL 3982 TEIXEIRAO,9135
264559,RUA HIGhANOPOLIS 9084 SOF RANCISCO,689,48598,RUA ANITA GARIBALDI 2970 TEIXEIRAO,7224
264559,RUA HIGhANOPOLIS 9084 SOF RANCISCO,689,58149,RUA PEDRO SPAGNOL 3985 TEIXEIRAO,4459
264559,RUA HIGhANOPOLIS 9084 SOF RANCISCO,689,998217,RUA ARISTOTELES BONFIM 4 PETROPOLIS,9218
557855,RUA BOLIVIA 366 BAIXA DA CADEIA VELHA,690,557855,RUA BOLIVIA 366 BAIXA DA CADEIA VELHA,5365
557855,RUA BOLIVIA 366 BAIXA DA CADEIA VELHA,690,557837,RUA BOLIVIA 327 BAIXA DA CADEIA VELHA,5503
557855,RUA BOLIVIA 366 BAIXA DA CADEIA VELHA,690,557881,RUA BOLIVIA 491 BAIXA DA CADEIA VELHA,3765
557855,RUA BOLIVIA 366 BAIXA DA CADEIA VELHA,690,589302,RUA MEXICO 324 BAIXA DA CADEIA VELHA,1373
557855,RUA BOLIVIA 366 BAIXA DA CADEIA VELHA,690,594363,RUA PERU 179 BAIXA DA HABITASA,5572
646331,RUA COSTA E 1270 CENTO,691,1036854,RUA CENTO E UM 2 C NOVA,2337
646331,RUA COSTA E 1270 CENTO,691,1005597,RUA B VINTE CINCO 756 ALVORADA,7283
646331,RUA COSTA E 1270 CENTO,691,25489,RUA MOCOCA 5245 NOVE,3942
646331,RUA COSTA E 1270 CENTO,691,1040971,RUA CINCO 478 ALVORADA,2075
646331,RUA COSTA E 1270 CENTO,691,646331,RUA COSTA E SILVA 1270 CENTRO,4926
818879,ALDEIA AU PIXbUNA 14 PAU PIXUAN,692,818879,ALDEIA PAU PIXUNA 14 PAU PIXUNA,5305
818879,ALDEIA AU PIXbUNA 14 PAU PIXUAN,692,740614,RIO APIPICA 2 ALDEIA JUTAI,5232
818879,ALDEIA AU PIXbUNA 14 PAU PIXUAN,692,694171,RIO RIO AUTAZ ACU 6 CURRUSA,7930
818879,ALDEIA AU PIXbUNA 14 PAU PIXUAN,692,722079,RIO AUTAZ ACU 476 LIMAO,7705
818879,ALDEIA AU PIXbUNA 14 PAU PIXUAN,692,783689,IGARAPE RIOZINHO 46 ALDEIA INDIGENA PIAU,6855
688542,RUA SATbA LUZIA 38 PALMEIRAS DO JAVARI,693,688542,RUA SANTA LUZIA 38 PALMEIRAS DO JAVARI,1751
688542,RUA SATbA LUZIA 38 PALMEIRAS DO JAVARI,693,1106440,RUA GIRASSOL 37 LIRIO DO VALE,764
688542,RUA SATbA LUZIA 38 PALMEIRAS DO JAVARI,693,1106467,RUA GIRASSOL 45 LIRIO DO VALE,7031
688542,RUA SATbA LUZIA 38 PALMEIRAS DO JAVARI,693,790646,RUA TUCANO 199 VILA DO LIMAO,7213
688542,RUA SATbA LUZIA 38 PALMEIRAS DO JAVARI,693,1001590,RUA AURORA REGO 423 SANTA ITELVINA,4989
349083,AvVENIDA VINTE E CINCO DE AGOSTO 4283 CtENTRO,694,83205,TRAVESSA TRINTA E NOVE 2190 SETOR 0004,9125
349083,AvVENIDA VINTE E CINCO DE AGOSTO 4283 CtENTRO,694,494139,AVENIDA VINTE E CINCO DE AGOSTO 82 25 DE AGOSTO,1565
349083,AvVENIDA VINTE E CINCO DE AGOSTO 4283 CtENTRO,694,494133,AVENIDA VINTE E CINCO DE AGOSTO 32 25 DE AGOSTO,8383
349083,AvVENIDA VINTE E CINCO DE AGOSTO 4283 CtENTRO,694,1043819,RUA CINQUENTA E NOVE A 8 NOVA CIDADE,4356
349083,AvVENIDA VINTE E CINCO DE AGOSTO 4283 CtENTRO,694,825658,RUA VINTE E QUATRO DE AGOSTO 1407 69830000,8665
112427,RUA JORGE TEIXEIRA 1641 SETOR 0s7,695,112427,RUA JORGE TEIXEIRA 1641 SETOR 07,5673
112427,RUA JORGE TEIXEIRA 1641 SETOR 0s7,695,149385,RUA NITEROI 3970 JORGE TEIXEIRA,3616
112427,RUA JORGE TEIXEIRA 1641 SETOR 0s7,695,112382,RUA JORGE TEIXEIRA 1201 SETOR 04,5444
112427,RUA JORGE TEIXEIRA 1641 SETOR 0s7,695,134944,RUA CEDRO 1140 JORGE TEIXEIRA,5662
112427,RUA JORGE TEIXEIRA 1641 SETOR 0s7,695,142783,RUA IMBURANA 668 JORGE TEIXEIRA,4782
899567,AVENIDA AVENID URUCARA 882 CACHOEIRINHA,696,899567,AVENIDA URUCARA 882 CACHOEIRINHA,298
899567,AVENIDA AVENID URUCARA 882 CACHOEIRINHA,696,899557,AVENIDA URUCARA 838 CACHOEIRINHA,1283
899567,AVENIDA AVENID URUCARA 882 CACHOEIRINHA,696,899604,AVENIDA URUCARA 1416 CACHOEIRINHA,7076
899567,AVENIDA AVENID URUCARA 882 CACHOEIRINHA,696,899397,AVENIDA URUCARA 137 CACHOEIRINHA,5439
899567,AVENIDA AVENID URUCARA 882 CACHOEIRINHA,696,897329,AVENIDA TEFE 801 CACHOEIRINHA,1156
307764,RUA TABAJARAr 1013 OLàRIA,697,307764,RUA TABAJARA 1013 OLARIA,7875
307764,RUA TABAJARAr 1013 OLàRIA,697,307784,RUA TABAJARA 1111 OLARIA,2682
307764,RUA TABAJARAr 1013 OLàRIA,697,312562,RUA TUCUNARE 33 LAGOA,2637
307764,RUA TABAJARAr 1013 OLàRIA,697,60887,RUA UIRAPURU 2999 TEIXEIRAO,5284
307764,RUA TABAJARAr 1013 OLàRIA,697,48598,RUA ANITA GARIBALDI 2970 TEIXEIRAO,7224
921184,BECO INOCENCIO DE ARAUJO 300 EDUCANDOS,698,921184,BECO INOCENCIO DE ARAUJO 300 EDUCANDOS,665
921184,BECO INOCENCIO DE ARAUJO 300 EDUCANDOS,698,910349,BECO ANA NOGUEIRA 25 EDUCANDOS,2078
921184,BECO INOCENCIO DE ARAUJO 300 EDUCANDOS,698,926136,BECO RAIMUNDO MONTEIRO 31 MAUAZINHO,4891
921184,BECO INOCENCIO DE ARAUJO 300 EDUCANDOS,698,795682,BECO AQUILINO BARROS 3055 ARAUJO COSTA,8275
921184,BECO INOCENCIO DE ARAUJO 300 EDUCANDOS,698,922272,BECO JOSE DO PATROCINIO 30 ALEIXO,6608
956848,RU 188 805 NOVA CIDADE,699,957611,RUA 195 5 NOVA CIDADE,6648
956848,RU 188 805 NOVA CIDADE,699,960700,RUA 216 1 NOVA CIDADE,3352
956848,RU 188 805 NOVA CIDADE,699,960209,RUA 210 9 NOVA CIDADE,723
956848,RU 188 805 NOVA CIDADE,699,947460,RUA 1 5 CIDADE NOVA,3232
956848,RU 188 805 NOVA CIDADE,699,966313,RUA 32 4 NOVA CIDADE,7620
31496,RUA TAPEoJARA 5098 NOE,700,60887,RUA UIRAPURU 2999 TEIXEIRAO,5284
31496,RUA TAPEoJARA 5098 NOE,700,31496,RUA TAPEJARA 5098 NOVE,6945
31496,RUA TAPEoJARA 5098 NOE,700,263164,RUA GUAPORE 4864 IGARAPE,4252
31496,RUA TAPEoJARA 5098 NOE,700,290301,RUA PANTEON 6960 IGARAPE,702
31496,RUA TAPEoJARA 5098 NOE,700,31489,RUA TAPEJARA 5049 NOVE,4571
637402,OHLO DAGUA 12596 TRANSA ACREANA,701,637402,RAMAL OLHO DAGUA 12596 TRANSA ACREANA,1849
637402,OHLO DAGUA 12596 TRANSA ACREANA,701,637396,RAMAL OLHO DAGUA 10 TRANSA ACREANA,9930
637402,OHLO DAGUA 12596 TRANSA ACREANA,701,510394,TRAVESSA RIO JURUA 3 1181 MIRITIZAL,7704
637402,OHLO DAGUA 12596 TRANSA ACREANA,701,621679,TRAVESSA BAGUARI 228 TAQUARI,8651
637402,OHLO DAGUA 12596 TRANSA ACREANA,701,844280,TRAVESSA ALMIRANTE TAMANDARE 1186 APARECIDA,3556
943895,PRACA DO CONGRESSO 1029 CENTRO,702,943895,PRACA DO CONGRESSO 1029 CENTRO,6972
943895,PRACA DO CONGRESSO 1029 CENTRO,702,835273,RUA DO ATERRO 1021 CENTRO,8962
943895,PRACA DO CONGRESSO 1029 CENTRO,702,893715,AVENIDA RIO NEGRO 117 COMPENSA,5428
943895,PRACA DO CONGRESSO 1029 CENTRO,702,879693,AVENIDA JAPURA 110 CENTRO,3465
943895,PRACA DO CONGRESSO 1029 CENTRO,702,860032,AVENIDA BRASIL 2395 COMPENSA,3971
1016225,RUA BOA wSPERAjCA 140 VILA DA PRATA,703,1016225,RUA BOA ESPERANCA 140 VILA DA PRATA,8417
1016225,RUA BOA wSPERAjCA 140 VILA DA PRATA,703,594363,RUA PERU 179 BAIXA DA HABITASA,5572
1016225,RUA BOA wSPERAjCA 140 VILA DA PRATA,703,1001549,RUA AURORA REGO 135 SANTA ITELVINA,9090
1016225,RUA BOA wSPERAjCA 140 VILA DA PRATA,703,1001590,RUA AURORA REGO 423 SANTA ITELVINA,4989
1016225,RUA BOA wSPERAjCA 140 VILA DA PRATA,703,147474,RUA MARINGA 182 NOVA BRASILIA,6864
675644,RUA 1 DE IAO 73 CNETROs,704,1129990,RUA JERUSALEM 18 COROADO,5934
675644,RUA 1 DE IAO 73 CNETROs,704,1079469,RUA DOIS 19 ALEIXO,2113
675644,RUA 1 DE IAO 73 CNETROs,704,1053849,RUA D 6 COROADO,400
675644,RUA 1 DE IAO 73 CNETROs,704,976497,RUA A 11 COROADO,9108
675644,RUA 1 DE IAO 73 CNETROs,704,1124508,RUA J 142 COROADO,1494
264917,RUA HxUGO FERREIRA 3756 BAIRRO CIDADE DO LOBO,705,264917,RUA HUGO FERREIRA 3756 BAIRRO CIDADE DO LOBO,5936
264917,RUA HxUGO FERREIRA 3756 BAIRRO CIDADE DO LOBO,705,253659,RUA EMILIO FEITOSA 3649 BAIRRO CIDADE DO LOBO,2623
264917,RUA HxUGO FERREIRA 3756 BAIRRO CIDADE DO LOBO,705,303379,RUA SAMUEL DE FREITAS 4331 BAIRRO CIDADE DO LOBO,996
264917,RUA HxUGO FERREIRA 3756 BAIRRO CIDADE DO LOBO,705,261868,RUA GRAFITA 3337 BAIRRO CIDADE DO LOBO,8929
264917,RUA HxUGO FERREIRA 3756 BAIRRO CIDADE DO LOBO,705,270687,RUA JOAO ELIAS DE SOUZA 4423 BAIRRO CIDADE DO LOBO,7035
61199,RUA ALMIRANTE BARROSO 2625 NOVO HORIONTE,706,61199,RUA ALMIRANTE BARROSO 2625 NOVO HORIZONTE,7668
61199,RUA ALMIRANTE BARROSO 2625 NOVO HORIONTE,706,61268,RUA ALMIRANTE BARROSO 3276 NOVO CACOAL,9178
61199,RUA ALMIRANTE BARROSO 2625 NOVO HORIONTE,706,151429,RUA RAIMUNDO GOMES ALVARENGA 2618 NOVO JIPARANA,3701
61199,RUA ALMIRANTE BARROSO 2625 NOVO HORIONTE,706,286061,RUA MONTEIRO LOBATO 5713 ELDORADO,5026
61199,RUA ALMIRANTE BARROSO 2625 NOVO HORIONTE,706,426815,RUA FRANCISCO NONATO PENSADOR 200 NOVO H0RIZONTE,1086
279398,RUA LûI GAMA 8022 PORTO VEjHO,707,235769,RUA BIDU SAIAO 6132 PORTO VELHO,8125
279398,RUA LûI GAMA 8022 PORTO VEjHO,707,299736,RUA RINO LEVI 5235 TEIXEIRAO,1131
279398,RUA LûI GAMA 8022 PORTO VEjHO,707,701930,RUA ALONSO IPUCHIMA 95 JAVARIZINHO,8973
279398,RUA LûI GAMA 8022 PORTO VEjHO,707,48598,RUA ANITA GARIBALDI 2970 TEIXEIRAO,7224
279398,RUA LûI GAMA 8022 PORTO VEjHO,707,47275,RUA 0LINTO FOLI 4013 VILAGE DO SOL,9964
645795,q 2539 aAOTI,708,645945,RUA B 2678 AMOTI,6220
645795,q 2539 aAOTI,708,645795,RUA A 2539 AMOTI,2666
645795,q 2539 aAOTI,708,1024981,RUA C SEIS 1732 JAPIIM,432
645795,q 2539 aAOTI,708,922486,BECO KIMURA 4 JAPIIM,8265
645795,q 2539 aAOTI,708,469334,LINHA A 4 24 None,7818
962248,RUA 26 CIDADE NOV,709,962556,RUA 24 26 CIDADE NOVA,1491
962248,RUA 26 CIDADE NOV,709,962462,RUA 239 18 CIDADE NOVA,4931
962248,RUA 26 CIDADE NOV,709,962248,RUA 236 26 CIDADE NOVA,4307
962248,RUA 26 CIDADE NOV,709,961695,RUA 23 1 CIDADE NOVA,1420
962248,RUA 26 CIDADE NOV,709,961720,RUA 23 10 CIDADE NOVA,9478
687826,TRAVESSA AUGUSTO 33 CENTRO,710,687829,TRAVESSA AUGUSTO LUZEIRO 36 CENTRO,4130
687826,TRAVESSA AUGUSTO 33 CENTRO,710,687826,TRAVESSA AUGUSTO LUZEIRO 33 CENTRO,8596
687826,TRAVESSA AUGUSTO 33 CENTRO,710,791528,TRAVESSA TAMBAQUI 300 CENTRO,2695
687826,TRAVESSA AUGUSTO 33 CENTRO,710,716271,TRAVESSA RUI BARBOSA 137 CENTRO,6597
687826,TRAVESSA AUGUSTO 33 CENTRO,710,687942,TRAVESSA RIO LOBO 71 CENTRO,8616
342388,AVENIDA CECILIA MEIRELES 5637 ALTA CIDADE BAIRO,711,342388,AVENIDA CECILIA MEIRELES 5637 BAIRRO CIDADE ALTA,7529
342388,AVENIDA CECILIA MEIRELES 5637 ALTA CIDADE BAIRO,711,392959,AVENIDA CECILIA MEIRELES 6885 PLANALTO,7445
342388,AVENIDA CECILIA MEIRELES 5637 ALTA CIDADE BAIRO,711,480667,AVENIDA MARINHO MONTE 423 BAIRRO ELDORADO,8710
342388,AVENIDA CECILIA MEIRELES 5637 ALTA CIDADE BAIRO,711,884960,AVENIDA MAX TEIXEIRA 2314 CIDADE NOVA,2796
342388,AVENIDA CECILIA MEIRELES 5637 ALTA CIDADE BAIRO,711,425369,AVENIDA TANCREDO NEVES 1488 BAIRRO UNIAO,8613
254936,RUA ESTANDARTE 7460 NIA,712,254936,RUA ESTANDARTE 7460 CUNIA,9400
254936,RUA ESTANDARTE 7460 NIA,712,352888,RUA GUAPORE 4336 CENTRO,2063
254936,RUA ESTANDARTE 7460 NIA,712,227117,RUA ANARI 5549 ELDORADO,646
254936,RUA ESTANDARTE 7460 NIA,712,1124558,RUA J B SILVA 23 CRESPO,8084
254936,RUA ESTANDARTE 7460 NIA,712,299557,RUA RIBALTA 7600 NACIONAL,3524
1112294,RUA HENRIQUE MARTINS 215 JORGE TEIXEIRA,713,1112294,RUA HENRIQUE MARTINS 215 JORGE TEIXEIRA,5871
1112294,RUA HENRIQUE MARTINS 215 JORGE TEIXEIRA,713,1148280,RUA LUIS MONTENEGRO 373 JORGE TEIXEIRA,4469
1112294,RUA HENRIQUE MARTINS 215 JORGE TEIXEIRA,713,1148292,RUA LUIS MONTENEGRO 428 JORGE TEIXEIRA,773
1112294,RUA HENRIQUE MARTINS 215 JORGE TEIXEIRA,713,1112341,RUA HENRIQUE MARTINS 408 JORGE TEIXEIRA 4 ETAPA,6458
1112294,RUA HENRIQUE MARTINS 215 JORGE TEIXEIRA,713,1101413,RUA FRANCISCO ALVES 58 JORGE TEIXEIRA,1210
971034,RUA 50 75 CIADE,714,955066,RUA 160 17 MANAUS,5298
971034,RUA 50 75 CIADE,714,974760,RUA 8 9 COMPENSA,148
971034,RUA 50 75 CIADE,714,967767,RUA 4 189 ALEIXO,1619
971034,RUA 50 75 CIADE,714,976989,RUA A 40 COMPENSA,5964
971034,RUA 50 75 CIADE,714,949347,RUA 11 25 ALVORADA,1173
815256,RUA CAeLOS AMORIM 528 SAO TOME,715,815256,RUA CARLOS AMORIM 528 SAO TOME,8059
815256,RUA CAeLOS AMORIM 528 SAO TOME,715,778194,RUA VILLA LOBOS 745 SAO JOSE,216
815256,RUA CAeLOS AMORIM 528 SAO TOME,715,778931,RUA PADRE VERSON 2253 SAO SEBASTIAO,8405
815256,RUA CAeLOS AMORIM 528 SAO TOME,715,1025519,RUA CACAU PEREIRA 252 SAO JOSE OPERARIO,8310
815256,RUA CAeLOS AMORIM 528 SAO TOME,715,617468,RUA SAO DAMIAO 66 RUI LINO II,9711
529160,RUA DOMINGOS GALDINO 123 CENTOR,716,529160,RUA DOMINGOS GALDINO 123 CENTRO,8209
529160,RUA DOMINGOS GALDINO 123 CENTOR,716,529210,RUA DOMINGOS GALDINO 613 OLARIA,4857
529160,RUA DOMINGOS GALDINO 123 CENTOR,716,529213,RUA DOMINGOS GALDINO 653 OLARIA,1730
529160,RUA DOMINGOS GALDINO 123 CENTOR,716,841699,RUA ALMIRANTE TAMANDARE 555 CENTRO,8891
529160,RUA DOMINGOS GALDINO 123 CENTOR,716,62205,RUA GENERAL OSORIO 1235 CENTRO,171
18495,RUA ESPIRITO SANTO 3484 SETORa 5,717,18495,RUA ESPIRITO SANTO 3484 SETOR 5,4751
18495,RUA ESPIRITO SANTO 3484 SETORa 5,717,18540,RUA ESPIRITO SANTO 3722 SETOR 5,1744
18495,RUA ESPIRITO SANTO 3484 SETORa 5,717,70086,RUA ESPIRITO SANTO 955 CENTRO,9663
18495,RUA ESPIRITO SANTO 3484 SETORa 5,717,24182,RUA MACHADO DE ASSIS 3354 SETOR 6,6117
18495,RUA ESPIRITO SANTO 3484 SETORa 5,717,20755,RUA GUANAMBI 987 SETOR 02,7245
476626,RUA SETE aUEDAS 1379 ACRELANDIA,718,476626,RUA SETE QUEDAS 1379 ACRELANDIA,9776
476626,RUA SETE aUEDAS 1379 ACRELANDIA,718,798604,RUA ARNOUD RUY 4212 TIRADENTES,1553
476626,RUA SETE aUEDAS 1379 ACRELANDIA,718,571811,RUA EPAMINONDAS JACOME 2080 CADEIA VELHA,8411
476626,RUA SETE aUEDAS 1379 ACRELANDIA,718,239355,RUA CANDIRU 5233 LAGOA,4925
476626,RUA SETE aUEDAS 1379 ACRELANDIA,718,23938,RUA MACAUBAS 5206 NOVE,359
396637,AVENIDA JORGE TEIXEIRA 4839 çENTO,719,396637,AVENIDA JORGE TEIXEIRA 4839 CENTRO,3263
396637,AVENIDA JORGE TEIXEIRA 4839 çENTO,719,453505,AVENIDA JORGE TEIXEIRA 3880 CENTRO,8505
396637,AVENIDA JORGE TEIXEIRA 4839 çENTO,719,453490,AVENIDA JORGE TEIXEIRA 3373 CENTRO,8687
396637,AVENIDA JORGE TEIXEIRA 4839 çENTO,719,404041,AVENIDA JORGE TEIXEIRA 3977 ALTO PARAISO,3327
396637,AVENIDA JORGE TEIXEIRA 4839 çENTO,719,145790,RUA LINS 3149 JORGE TEIXEIRA,3272
82190,LIMOEIRO 1186 SETOR 0009,720,490714,RAMAL CIMENTEIRA 2 1020 LOTE 18,5189
82190,LIMOEIRO 1186 SETOR 0009,720,82190,AVENIDA LIMOEIRO 1186 SETOR 0009,2652
82190,LIMOEIRO 1186 SETOR 0009,720,83088,TRAVESSA NOVE 1667 SETOR 0006,8327
82190,LIMOEIRO 1186 SETOR 0009,720,82189,AVENIDA LIMOEIRO 1177 SETOR 0009,2793
82190,LIMOEIRO 1186 SETOR 0009,720,173239,LINHA 50 273 MACHADINHO,1432
788583,URA J 47 MUTIRAO CACAU,721,788583,RUA J 47 MUTIRAO CACAU,6078
788583,URA J 47 MUTIRAO CACAU,721,922486,BECO KIMURA 4 JAPIIM,8265
788583,URA J 47 MUTIRAO CACAU,721,788074,RUA DO IGARAPE 62 MUTIRAO CACAU,4330
788583,URA J 47 MUTIRAO CACAU,721,922421,BECO JUPIS 98 JAPIIM,6520
788583,URA J 47 MUTIRAO CACAU,721,921303,BECO IPIRANGA 79 RAIZ,8492
669467,RUA C0RONEL BRANDAO 1214 ENTRO,722,669467,RUA CORONEL BRANDAO 1214 CENTRO,1654
669467,RUA C0RONEL BRANDAO 1214 ENTRO,722,321112,RUA MARECHAL DEODORO 804 AREAL,9882
669467,RUA C0RONEL BRANDAO 1214 ENTRO,722,321125,RUA MARECHAL DEODORO 894 AREAL,3035
669467,RUA C0RONEL BRANDAO 1214 ENTRO,722,515133,AVENIDA MARECHAL DEODORO 978 CENTRO,5175
669467,RUA C0RONEL BRANDAO 1214 ENTRO,722,796929,RUA ACACIO LEITE 2751 IRACY,6637
245335,RaUA CURkTIBA 3072 ACLADINHO,723,216269,BECO ATUM 3988 CALADINHO,9631
245335,RaUA CURkTIBA 3072 ACLADINHO,723,487729,RAMAL ABIBICURE 3572 BURITI,6215
245335,RaUA CURkTIBA 3072 ACLADINHO,723,64623,ALDEIA SURUIS 259 CACOAL,2368
245335,RaUA CURkTIBA 3072 ACLADINHO,723,650924,RAMAL TREIS MARIA 3662 None,3404
245335,RaUA CURkTIBA 3072 ACLADINHO,723,510394,TRAVESSA RIO JURUA 3 1181 MIRITIZAL,7704
1061873,RUA SvEVALHO 200 RIZ,724,1061873,RUA DANIEL SEVALHO 200 RAIZ,8201
1061873,RUA SvEVALHO 200 RIZ,724,1049295,RUA CRAVO 23 ALEIXO,4080
1061873,RUA SvEVALHO 200 RIZ,724,768499,RUA GENIPAPO 129 MAE CREUZA,4218
1061873,RUA SvEVALHO 200 RIZ,724,586684,RUA MARANHAO 118 BOSQUE,8384
1061873,RUA SvEVALHO 200 RIZ,724,299736,RUA RINO LEVI 5235 TEIXEIRAO,1131
738414,RUAR UA 1 10 ARACA DO VILA,725,738414,RUA 1 10 VILA DO ARACA,9953
738414,RUAR UA 1 10 ARACA DO VILA,725,888523,AVENIDA PENETRACAO UM 1311 JAPIIM,1022
738414,RUAR UA 1 10 ARACA DO VILA,725,738557,RUA 8 259 VILA DO ARACA,4671
738414,RUAR UA 1 10 ARACA DO VILA,725,330417,RUA 56A 10 NOVA MUTUM,5004
738414,RUAR UA 1 10 ARACA DO VILA,725,330277,RUA 54A 10 NOVA MUTUM,5805
270329,RUâ JOACABA 6365 ZONA SUL,726,270329,RUA JOACABA 6365 ZONA SUL,3895
270329,RUâ JOACABA 6365 ZONA SUL,726,277102,RUA LAGUNA 2626 ZONA SUL,1532
270329,RUâ JOACABA 6365 ZONA SUL,726,308165,RUA TAMAREIRA 3467 ZONA SUL,5041
270329,RUâ JOACABA 6365 ZONA SUL,726,288232,RUA NOVA IORQUE 4929 ZONA SUL,1187
270329,RUâ JOACABA 6365 ZONA SUL,726,458277,RUA TIRADENTES 2489 CIDADE BAIXA,4103
543113,ESTRADA ALBERTO TORRES 160 GERALDO FLEMING,727,543113,ESTRADA ALBERTO TORRES 160 GERALDO FLEMING,4438
543113,ESTRADA ALBERTO TORRES 160 GERALDO FLEMING,727,872670,AVENIDA ELDORADO 356 GILBERTO MESTRINHO,968
543113,ESTRADA ALBERTO TORRES 160 GERALDO FLEMING,727,42885,AVENIDA GERALDO CARDOSO CAMPOS 3727 JOSINO BRITO,7270
543113,ESTRADA ALBERTO TORRES 160 GERALDO FLEMING,727,538415,AVENIDA FLAVIANO MELO 499 TANCREDO NEVES,8443
543113,ESTRADA ALBERTO TORRES 160 GERALDO FLEMING,727,608382,RUA VALDOMIRO LOPES 2235 GERALDO FLEMING,178
915264,BECO CENTRAL 34 CO1ONIA ALEIXO,728,915287,BECO CENTRAL 72 GLORIA,7068
915264,BECO CENTRAL 34 CO1ONIA ALEIXO,728,915278,BECO CENTRAL 58 GLORIA,9842
915264,BECO CENTRAL 34 CO1ONIA ALEIXO,728,915292,BECO CENTRAL 95 GLORIA,3670
915264,BECO CENTRAL 34 CO1ONIA ALEIXO,728,920980,BECO IGARAPE 27 COMPENSA,7408
915264,BECO CENTRAL 34 CO1ONIA ALEIXO,728,930911,BECO SOLIMOES 10 ALEIXO,3457
1019182,RAwU BOM PASTOR 509 COLONIA TERRA NOVA,729,1019182,RUA BOM PASTOR 509 COLONIA TERRA NOVA,7082
1019182,RAwU BOM PASTOR 509 COLONIA TERRA NOVA,729,216190,BECO ACARA 2346 NOVA FLORESTA,1475
1019182,RAwU BOM PASTOR 509 COLONIA TERRA NOVA,729,1152781,RUA MANACAPURU 418 COLONIA TERRA NOVA,5807
1019182,RAwU BOM PASTOR 509 COLONIA TERRA NOVA,729,764079,IGARAPE PRETO 16 9 TERRA FIRME,1312
1019182,RAwU BOM PASTOR 509 COLONIA TERRA NOVA,729,880370,AVENIDA JERUZALEM 266 COLONIA TERRA NOVA,3655
1105368,RUA GERALDO COST 11 SAO FANCISCO,730,1105368,RUA GERALDO COSTA 11 SAO FRANCISCO,6685
1105368,RUA GERALDO COST 11 SAO FANCISCO,730,605508,RUA TAMBORIM 120 SAO FRANCISCO,3932
1105368,RUA GERALDO COST 11 SAO FANCISCO,730,1109381,RUA GUERREIRO ANTONY 12 SAO FRANCICO,1627
1105368,RUA GERALDO COST 11 SAO FANCISCO,730,838957,RUA OLAVO BILAC 1320 SAO FRANCISCO,6347
1105368,RUA GERALDO COST 11 SAO FANCISCO,730,697229,RUA MENDONCA FURTADO 548 SAO FRANCISCO,4635
836820,RUA JOAOX XIII 1361 CETNRO,731,836820,RUA JOAO XXIII 1361 CENTRO,3713
836820,RUA JOAOX XIII 1361 CETNRO,731,234031,RUA BATISTA NETO 5571 TEIXEIRAO,6174
836820,RUA JOAOX XIII 1361 CETNRO,731,578638,RUA ITAPOAN 311 CONQUISTA,5287
836820,RUA JOAOX XIII 1361 CETNRO,731,1061640,RUA DAMASCO 12 PLANALTO,3619
836820,RUA JOAOX XIII 1361 CETNRO,731,830296,AVENIDA JOAO XXIII 1303 CENTRO,4313
236840,RUA BORGES DE MEDEIROS 9618 MARINAA,732,236840,RUA BORGES DE MEDEIROS 9618 MARIANA,5815
236840,RUA BORGES DE MEDEIROS 9618 MARINAA,732,240684,RUA CARLOS REIS 9436 MARIANA,464
236840,RUA BORGES DE MEDEIROS 9618 MARINAA,732,314466,RUA VENANCIO AIRES 2368 MARIANA,8210
236840,RUA BORGES DE MEDEIROS 9618 MARINAA,732,309957,RUA TEODORA LOPES 9527 MARIANA,1291
236840,RUA BORGES DE MEDEIROS 9618 MARINAA,732,286241,RUA MOSTARDEIRO 9668 MARIANA,3642
1109048,RUA GUARDALUPd 169 JORGE TEIXEIRA,733,1109048,RUA GUARDALUPE 169 JORGE TEIXEIRA,7856
1109048,RUA GUARDALUPd 169 JORGE TEIXEIRA,733,1105529,RUA GERGELIN 52 JORGE TEIXEIRA,7888
1109048,RUA GUARDALUPd 169 JORGE TEIXEIRA,733,1105528,RUA GERGELIN 46 JORGE TEIXEIRA,9800
1109048,RUA GUARDALUPd 169 JORGE TEIXEIRA,733,1098587,RUA FILADELFIA 15 GILBERTO MESTRINHO,5458
1109048,RUA GUARDALUPd 169 JORGE TEIXEIRA,733,1098637,RUA FILADELFIA 161 GILBERTO MESTRINHO,3359
259315,RUA RUA FRyTAL 4974 FLORESTA,734,259315,RUA FRUTAL 4974 FLORESTA,4547
259315,RUA RUA FRyTAL 4974 FLORESTA,734,239355,RUA CANDIRU 5233 LAGOA,4925
259315,RUA RUA FRyTAL 4974 FLORESTA,734,29909,RUA RUA FLOR DO IPE 2578 SETOR 4,2478
259315,RUA RUA FRyTAL 4974 FLORESTA,734,263282,RUA GUARAPARI 4615 NOVA FLORESTA,2533
259315,RUA RUA FRyTAL 4974 FLORESTA,734,250337,RUA DO SOL 871 FLORESTA,2101
223001,RUA ALEXANDRE GUIMARAES 1170 AREAL,735,223001,RUA ALEXANDRE GUIMARAES 1170 AREAL,1517
223001,RUA ALEXANDRE GUIMARAES 1170 AREAL,735,222996,RUA ALEXANDRE GUIMARAES 1143 AREAL,6432
223001,RUA ALEXANDRE GUIMARAES 1170 AREAL,735,223028,RUA ALEXANDRE GUIMARAES 1341 AREAL,4790
223001,RUA ALEXANDRE GUIMARAES 1170 AREAL,735,223120,RUA ALEXANDRE GUIMARAES 1988 AREAL,6251
223001,RUA ALEXANDRE GUIMARAES 1170 AREAL,735,1103541,RUA GABRIEL GONCALVES 41 ALEIXO,5929
798104,RUA ATONIO MENEZES 3557 SO CRISTOgAO,736,798104,RUA ANTONIO MENEZES 3557 SAO CRISTOVAO,3659
798104,RUA ATONIO MENEZES 3557 SO CRISTOgAO,736,818183,RUA NAPOLEAO MONTEIRO 2 JURUA,8836
798104,RUA ATONIO MENEZES 3557 SO CRISTOgAO,736,980282,RUA ABRAAO CARDOSO 604 COMPENSA,4486
798104,RUA ATONIO MENEZES 3557 SO CRISTOgAO,736,967761,RUA 4 164 JORGE TEIXEIRA MONTE SIAO,8395
798104,RUA ATONIO MENEZES 3557 SO CRISTOgAO,736,425607,RUA AFONSO PENA 392 UNIAO,669
2738,AVENIDA RjIO DEJANEIRO 3913 CNyRO,737,893564,AVENIDA RIO NEGRO 78 JAPIIM,5489
2738,AVENIDA RjIO DEJANEIRO 3913 CNyRO,737,212728,AVENIDA RIO DE JANEIRO 2027 AREAL,850
2738,AVENIDA RjIO DEJANEIRO 3913 CNyRO,737,342098,AVENIDA BRASILIA 4242 BEIRA RIO,3846
2738,AVENIDA RjIO DEJANEIRO 3913 CNyRO,737,507243,AVENIDA RIO JURUA 1959 MIRITZAL,3750
2738,AVENIDA RjIO DEJANEIRO 3913 CNyRO,737,893270,AVENIDA RIO NEGRO 24 MAUAZINHO,6701
1014564,UA BENJAMIN LIMAh 599 SAOw,738,74522,AVENIDA SOLIMOES 3613 JO SATO,5869
1014564,UA BENJAMIN LIMAh 599 SAOw,738,235926,RUA BIDU SAIAO 7069 APONIA,5879
1014564,UA BENJAMIN LIMAh 599 SAOw,738,235912,RUA BIDU SAIAO 7005 APONIA,7921
1014564,UA BENJAMIN LIMAh 599 SAOw,738,537361,AVENIDA CEARA 2657 ABRAAO ALAB,5139
1014564,UA BENJAMIN LIMAh 599 SAOw,738,156866,RUA VENCESLAU BRAS 1008 SAO PEDRO,5213
511357,RUA ALEXANDREESTEES FILHO 506 CrNRTO,739,511729,RUA BENAVENUTO PERES 351 SATEL,48
511357,RUA ALEXANDREESTEES FILHO 506 CrNRTO,739,756033,RUA ALFREDO DE SA ANTUNES 545 CODAJAS,2158
511357,RUA ALEXANDREESTEES FILHO 506 CrNRTO,739,605167,RUA SILVESTRE COELHO 348 BOSQUE,338
511357,RUA ALEXANDREESTEES FILHO 506 CrNRTO,739,661829,RUA ELCIAS C ALBUQUERQUE 250 AVELINO LEAL,7976
511357,RUA ALEXANDREESTEES FILHO 506 CrNRTO,739,301175,RUA RODOLFO AMOEDO 5383 TEIXEIRAO,8637
1044777,àLHO CIPO RUA 325 JORGE TEIXEIRA JOAO PAUL0 3,740,1044777,RUA CIPO ALHO 325 JORGE TEIXEIRA JOAO PAULO 3,9182
1044777,àLHO CIPO RUA 325 JORGE TEIXEIRA JOAO PAUL0 3,740,1044906,RUA CIPO TUIRA 540 JORGE TEIXEIRA JOAO PAULO 3,5073
1044777,àLHO CIPO RUA 325 JORGE TEIXEIRA JOAO PAUL0 3,740,1044744,RUA CIPO ALHO 201 JORGE TEIXEIRA JOAO PAULO 2,9987
1044777,àLHO CIPO RUA 325 JORGE TEIXEIRA JOAO PAUL0 3,740,1044841,RUA CIPO ALHO 661 JORGE TEIXEIRA JOAO PAULO,2453
1044777,àLHO CIPO RUA 325 JORGE TEIXEIRA JOAO PAUL0 3,740,1025275,RUA CABI 67 JORGE TEIXEIRA JOAO PAULO 2,2664
942002,ESTRADA DO BRASILEIRINHO 10700 PURãQUEQUARA,741,942002,ESTRADA DO BRASILEIRINHO 10700 PURAQUEQUARA,5709
942002,ESTRADA DO BRASILEIRINHO 10700 PURãQUEQUARA,741,138189,RUA DIVINO TAQUARI 1758 NOVA BRASILIA,3330
942002,ESTRADA DO BRASILEIRINHO 10700 PURãQUEQUARA,741,60887,RUA UIRAPURU 2999 TEIXEIRAO,5284
942002,ESTRADA DO BRASILEIRINHO 10700 PURãQUEQUARA,741,125396,AVENIDA GUANABARA 2117 VALPARAISO,2738
942002,ESTRADA DO BRASILEIRINHO 10700 PURãQUEQUARA,741,661070,ESTRADA DO IPEPACUNHA 2570 PEPACUNHA,2918
197531,RUA ALCINDA RIBEmIRO DE SOZA 794 ALVORADA,742,197531,RUA ALCINDA RIBEIRO DE SOUZA 794 ALVORADA,3522
197531,RUA ALCINDA RIBEmIRO DE SOZA 794 ALVORADA,742,201317,RUA ROLIM DE MOURA 699 ALVORADA,7677
197531,RUA ALCINDA RIBEmIRO DE SOZA 794 ALVORADA,742,198403,RUA CASSIMIRO DE ABREU 694 ALVORADA,8991
197531,RUA ALCINDA RIBEmIRO DE SOZA 794 ALVORADA,742,668456,RUA MARIA DE BRITO 67 SIBERIA,9792
197531,RUA ALCINDA RIBEmIRO DE SOZA 794 ALVORADA,742,200787,RUA PINHEIRO MACHADO 686 ALVORADA,2021
215168,AVENIDA URUsGUAî 510 NOVA PORTO VELHO,743,215143,AVENIDA URUGUAI 480 NOVA PORTO VELHO,1423
215168,AVENIDA URUsGUAî 510 NOVA PORTO VELHO,743,215168,AVENIDA URUGUAI 510 NOVA PORTO VELHO,1711
215168,AVENIDA URUsGUAî 510 NOVA PORTO VELHO,743,215258,AVENIDA URUGUAI 853 NOVA PORTO VELHO,1411
215168,AVENIDA URUsGUAî 510 NOVA PORTO VELHO,743,211663,AVENIDA RAIMUNDO CANTUARIA 3141 NOVA PORTO VELHO,6728
215168,AVENIDA URUsGUAî 510 NOVA PORTO VELHO,743,890395,AVENIDA RAMOS D 22 CIDADE NOVA,351
1134882,RUA JOSE ALVARESw MARCIEL MARCIEL 130 D0M PEDRO I,744,1134856,RUA JOSE ALVARES MARCIEL 43 DOM PEDRO I,5383
1134882,RUA JOSE ALVARESw MARCIEL MARCIEL 130 D0M PEDRO I,744,1134882,RUA JOSE ALVARES MARCIEL 130 DOM PEDRO I,1201
1134882,RUA JOSE ALVARESw MARCIEL MARCIEL 130 D0M PEDRO I,744,1134874,RUA JOSE ALVARES MARCIEL 67 DOM PEDRO I,6826
1134882,RUA JOSE ALVARESw MARCIEL MARCIEL 130 D0M PEDRO I,744,512772,RUA PEDRO MIGUEL 81 JOSE HASSEM,2482
1134882,RUA JOSE ALVARESw MARCIEL MARCIEL 130 D0M PEDRO I,744,1037691,RUA CEZARMIR DUARTE 35 DOM PEDRO I,7711
782540,RUA MANOEL CICINATO 146 IPIXUNA,745,782540,RUA MANOEL CICINATO 146 IPIXUNA,8926
782540,RUA MANOEL CICINATO 146 IPIXUNA,745,591220,RUA NELSON PIQUET 157 VITORIA,9153
782540,RUA MANOEL CICINATO 146 IPIXUNA,745,782111,RUA DOMINGOS BARROSO 64 IPIXUNA,5418
782540,RUA MANOEL CICINATO 146 IPIXUNA,745,654582,RUA MANOEL GONCALVES 95 JOSE N SOBRINHO,5615
782540,RUA MANOEL CICINATO 146 IPIXUNA,745,789505,RUA PAUDERNEI AVELINO 137 MORADA DO SOL,6303
1113959,RUA HUMBERTO DE CAMPOS 215 SAO JORGE,746,1113959,RUA HUMBERTO DE CAMPOS 215 SAO JORGE,2597
1113959,RUA HUMBERTO DE CAMPOS 215 SAO JORGE,746,1114014,RUA HUMBERTO DE CAMPOS 215 SAO JORGE,64
1113959,RUA HUMBERTO DE CAMPOS 215 SAO JORGE,746,1114071,RUA HUMBERTO DE CAMPOS 242 SAO JORGE,8164
1113959,RUA HUMBERTO DE CAMPOS 215 SAO JORGE,746,1113818,RUA HUMBERTO DE CAMPOS 89 SAO JORGE,5278
1113959,RUA HUMBERTO DE CAMPOS 215 SAO JORGE,746,1113722,RUA HUMBERTO DE CAMPOS 4 SAO JORGE,9508
1011268,RUA BELA VSITA 379 GILBERTO MESTRINHO,747,1011268,RUA BELA VISTA 379 GILBERTO MESTRINHO,7589
1011268,RUA BELA VSITA 379 GILBERTO MESTRINHO,747,1011527,RUA BELA VISTA 645 GILBERTO MESTRINHO,2519
1011268,RUA BELA VSITA 379 GILBERTO MESTRINHO,747,1011442,RUA BELA VISTA 530 GILBERTO MESTRINHO,7396
1011268,RUA BELA VSITA 379 GILBERTO MESTRINHO,747,1011455,RUA BELA VISTA 545 GILBERTO MESTRINHO,7317
1011268,RUA BELA VSITA 379 GILBERTO MESTRINHO,747,1008126,RUA BARREIRINHA 792 GILBERTO MESTRINHO,2718
152803,RUA RIO TAPAJOS 1188 DOM BOSCc,748,152803,RUA RIO TAPAJOS 1188 DOM BOSCO,5178
152803,RUA RIO TAPAJOS 1188 DOM BOSCc,748,152743,RUA RIO TAPAJOS 667 DOM BOSCO,8216
152803,RUA RIO TAPAJOS 1188 DOM BOSCc,748,152134,RUA RIO JARU 1347 DOM BOSCO,3777
152803,RUA RIO TAPAJOS 1188 DOM BOSCc,748,152664,RUA RIO SOLIMOES 500 DOM BOSCO,4364
152803,RUA RIO TAPAJOS 1188 DOM BOSCc,748,140585,RUA FERNANDAO 1190 DOM BOSCO,6187
379823,RUA NELSON TREMEA 523 ECNTRO,749,379823,RUA NELSON TREMEA 523 CENTRO,8628
379823,RUA NELSON TREMEA 523 ECNTRO,749,719614,RUA DANILO AREOSA 531 RECREIO,4565
379823,RUA NELSON TREMEA 523 ECNTRO,749,338292,RUA RICARDO SOMENSARI 2896 CENTRO,3428
379823,RUA NELSON TREMEA 523 ECNTRO,749,321351,RUA MARECHAL DEODORO 2581 CENTRO,8026
379823,RUA NELSON TREMEA 523 ECNTRO,749,521901,RUA ARTHUR LEBRE 114 CENTRO,1685
739437,MIRA CAUëRA 24 CENTRO,750,133442,RUA CARAMUA 144 URUPA,2136
739437,MIRA CAUëRA 24 CENTRO,750,133427,RUA CARAMUA 39 URUPA,3147
739437,MIRA CAUëRA 24 CENTRO,750,785619,RUA 06 264 CACAU PIRERA,1973
739437,MIRA CAUëRA 24 CENTRO,750,133474,RUA CARAMUA 274 URUPA,5582
739437,MIRA CAUëRA 24 CENTRO,750,1030041,RUA CARAUARI 12 REDENCAO,9588
531584,RUA TUPINIQnnUINS 574 CAMPINAS,751,531584,RUA TUPINIQUINS 574 CAMPINAS,4118
531584,RUA TUPINIQnnUINS 574 CAMPINAS,751,560316,RUA CANINDE 463 BOSQUE,1321
531584,RUA TUPINIQnnUINS 574 CAMPINAS,751,531635,RUA TUPIS 652 CAMPINAS,9295
531584,RUA TUPINIQnnUINS 574 CAMPINAS,751,245261,RUA CUPUACUZEIRO 6826 CASTANHEIRA,3891
531584,RUA TUPINIQnnUINS 574 CAMPINAS,751,78350,RUA TUPINIQUINS 3135 CRUZEIRO,1264
734451,RUA MARIMBA MARIMBA 561 ISTA ALEGRE,752,734451,RUA MARIMBA 561 VISTA ALEGRE,2068
734451,RUA MARIMBA MARIMBA 561 ISTA ALEGRE,752,1141642,RUA LABREA 331 GRANDE VITORIA,7995
734451,RUA MARIMBA MARIMBA 561 ISTA ALEGRE,752,142783,RUA IMBURANA 668 JORGE TEIXEIRA,4782
734451,RUA MARIMBA MARIMBA 561 ISTA ALEGRE,752,280768,RUA MANE GARRINCHA 3423 PORTO VELHO,7458
734451,RUA MARIMBA MARIMBA 561 ISTA ALEGRE,752,238247,RUA CACHOEIRA D ITAPEMIRIM 2464 MARCOS FREIRE,3850
341194,AVENIDA ARACAJU 6172 SàO CRITOVAO,753,341194,AVENIDA ARACAJU 6172 SAO CRISTOVAO,5755
341194,AVENIDA ARACAJU 6172 SàO CRITOVAO,753,537361,AVENIDA CEARA 2657 ABRAAO ALAB,5139
341194,AVENIDA ARACAJU 6172 SàO CRITOVAO,753,123200,AVENIDA ARACAJU 1682 SAO PEDRO,7438
341194,AVENIDA ARACAJU 6172 SàO CRITOVAO,753,123425,AVENIDA ARACAJU 4930 SAO PEDRO,2195
341194,AVENIDA ARACAJU 6172 SàO CRITOVAO,753,855107,AVENIDA ARACUA 1331 TARUMA COMUNIDADE SAO PEDRO,9198
578732,RUA ITUXI 77 PORTAL DA AMAZONIA,754,578732,RUA ITUXI 77 PORTAL DA AMAZONIA,2029
578732,RUA ITUXI 77 PORTAL DA AMAZONIA,754,578731,RUA ITUXI 62 PORTAL DA AMAZONIA,5900
578732,RUA ITUXI 77 PORTAL DA AMAZONIA,754,549889,RUA ABUNA 50 PORTAL DA AMAZONIA,1301
578732,RUA ITUXI 77 PORTAL DA AMAZONIA,754,582585,RUA JURUA 49 PORTAL DA AMAZONIA,9887
578732,RUA ITUXI 77 PORTAL DA AMAZONIA,754,594684,RUA PIRACANJUBA 821 PORTAL DA AMAZONIA,1721
1112261,RUA HENRIQUE MARTINS 138 JORGE TEIXEIRã 4 ETâPA,755,1112261,RUA HENRIQUE MARTINS 138 JORGE TEIXEIRA 4 ETAPA,7569
1112261,RUA HENRIQUE MARTINS 138 JORGE TEIXEIRã 4 ETâPA,755,1149190,RUA LUIZ MONTE NEGRO 50 JORGE TEIXEIRA 4 ETP,3348
1112261,RUA HENRIQUE MARTINS 138 JORGE TEIXEIRã 4 ETâPA,755,1012113,RUA BELFORD ROXO 690 JORGE TEIXEIRA 4 ETP,8245
1112261,RUA HENRIQUE MARTINS 138 JORGE TEIXEIRã 4 ETâPA,755,1112341,RUA HENRIQUE MARTINS 408 JORGE TEIXEIRA 4 ETAPA,6458
1112261,RUA HENRIQUE MARTINS 138 JORGE TEIXEIRã 4 ETâPA,755,55922,RUA LOURIVAL MARTINS VIEIRA 3838 TEIXEIRAO,7923
892261,zVENIDA RI0 JAVARI 36 SENH0RA DAS GRACAS,756,538106,AVENIDA EPAMINONDAS JACOME 1538 CADEIA VELHA,5216
892261,zVENIDA RI0 JAVARI 36 SENH0RA DAS GRACAS,756,880366,AVENIDA JERUZALEM 168 COLONIA TERRA NOVA,3689
892261,zVENIDA RI0 JAVARI 36 SENH0RA DAS GRACAS,756,643703,RAMAL TIRIRICA 12 R0DRIGUES ALVES,1410
892261,zVENIDA RI0 JAVARI 36 SENH0RA DAS GRACAS,756,235926,RUA BIDU SAIAO 7069 APONIA,5879
892261,zVENIDA RI0 JAVARI 36 SENH0RA DAS GRACAS,756,537902,AVENIDA EPAMINONDAS JACOME 548 CADEIA VELHA,5205
242276,RUA CHEbUEVARA 8845 PORTO VELHaO,757,242276,RUA CHEGUEVARA 8845 PORTO VELHO,9870
242276,RUA CHEbUEVARA 8845 PORTO VELHaO,757,725604,RUA COUTU VALE 1467 ARARAS,5620
242276,RUA CHEbUEVARA 8845 PORTO VELHaO,757,299736,RUA RINO LEVI 5235 TEIXEIRAO,1131
242276,RUA CHEbUEVARA 8845 PORTO VELHaO,757,235769,RUA BIDU SAIAO 6132 PORTO VELHO,8125
242276,RUA CHEbUEVARA 8845 PORTO VELHaO,757,798604,RUA ARNOUD RUY 4212 TIRADENTES,1553
1031660,RUA CARLOS SANTOS 140 JORGE rEIXEIRq,758,1031660,RUA CARLOS SANTOS 140 JORGE TEIXEIRA,3459
1031660,RUA CARLOS SANTOS 140 JORGE rEIXEIRq,758,1031600,RUA CARLOS NUNES 53 JAPIIM,1914
1031660,RUA CARLOS SANTOS 140 JORGE rEIXEIRq,758,770390,RUA ANTONIO FERREIRA 23 GUAJARA,9658
1031660,RUA CARLOS SANTOS 140 JORGE rEIXEIRq,758,1031174,RUA CARLOS DIAS 68 CRESPO,2907
1031660,RUA CARLOS SANTOS 140 JORGE rEIXEIRq,758,1031052,RUA CARLOS DIAS 14 CRESPO,6961
1028675,RUA çNARIO 35 CIDADE NOVA,759,1028675,RUA CANARIO 35 CIDADE NOVA,7433
1028675,RUA çNARIO 35 CIDADE NOVA,759,957691,RUA 196 28 CIDADE NOVA,941
1028675,RUA çNARIO 35 CIDADE NOVA,759,1054052,RUA D 13 CIDADE NOVA,1645
1028675,RUA çNARIO 35 CIDADE NOVA,759,970470,RUA 5 32 CIDADE NOVA,4988
1028675,RUA çNARIO 35 CIDADE NOVA,759,970624,RUA 5 84 CIDADE NOVA,5015
35192,LINHA 45 10 POVOADO DA 45,760,35192,LINHA 45 10 POVOADO DA 45,1119
35192,LINHA 45 10 POVOADO DA 45,760,92813,LINHA 40 175 PACARANA,4536
35192,LINHA 45 10 POVOADO DA 45,760,5861,LINHA 156 15 ZONA RURAU,4695
35192,LINHA 45 10 POVOADO DA 45,760,459712,LINHA 05 C 58 ASSENTAMENTO GOGO DA ONCA,4969
35192,LINHA 45 10 POVOADO DA 45,760,358247,LINHA 200 SUL 5 ROLIM DE MOURA,6388
950572,URA 12 174 CIDADE NOVA,761,950572,RUA 12 174 CIDADE NOVA,5003
950572,URA 12 174 CIDADE NOVA,761,950604,RUA 12 206 CIDADE NOVA,3597
950572,URA 12 174 CIDADE NOVA,761,950458,RUA 12 30 CIDADE NOVA,5811
950572,URA 12 174 CIDADE NOVA,761,946159,RUA 05 17 CIDADE NOVA,1356
950572,URA 12 174 CIDADE NOVA,761,965237,RUA 3 17 CIDADE NOVA,3488
239054,RU ACAMBORIU 6063 POTRO VEjLHO,762,624589,TRAVESSA DA PISTA 306 AREAL,7599
239054,RU ACAMBORIU 6063 POTRO VEjLHO,762,506379,TRAVESSA JOAQUIM ESTEVAO 22 SABOEIRO,5408
239054,RU ACAMBORIU 6063 POTRO VEjLHO,762,630272,TRAVESSA PIAUI 27 MONTANHES,5880
239054,RU ACAMBORIU 6063 POTRO VEjLHO,762,623847,TRAVESSA CONQUISTA 435 MANOEL JULIAO,6788
239054,RU ACAMBORIU 6063 POTRO VEjLHO,762,672888,RAMAL LINHA4 252 CAQUETA,7260
934546,kEBCO SANTA RITA 29 SANTá LZIA,763,934546,BECO SANTA RITA 29 SANTA LUZIA,1234
934546,kEBCO SANTA RITA 29 SANTá LZIA,763,927653,BECO SANTA RITA 21 LIRIO DO VALE,2511
934546,kEBCO SANTA RITA 29 SANTá LZIA,763,934507,BECO SANTA RITA 8 SANTO AGOSTINHO,1179
934546,kEBCO SANTA RITA 29 SANTá LZIA,763,934354,BECO SANTA MARIA 15 ALVORADA,9170
934546,kEBCO SANTA RITA 29 SANTá LZIA,763,921086,BECO INGA 76 SANTA ETELVINA,3068
660654,AVENIDA PRESIDENTE TANCREDO NEVES 930 AVELINO AVELINO LEAL,764,660654,AVENIDA PRESIDENTE TANCREDO NEVES 930 AVELINO LEAL,8723
660654,AVENIDA PRESIDENTE TANCREDO NEVES 930 AVELINO AVELINO LEAL,764,372107,AVENIDA PRESIDENTE TANCREDO NEVES 2640 BODANESE,1058
660654,AVENIDA PRESIDENTE TANCREDO NEVES 930 AVELINO AVELINO LEAL,764,372030,AVENIDA PRESIDENTE TANCREDO NEVES 1455 MARCOS FREIRE,6087
660654,AVENIDA PRESIDENTE TANCREDO NEVES 930 AVELINO AVELINO LEAL,764,904782,AVENIDA PRESIDENTE CASTELO BRANCO 1666 CACHOEIRINHA,4358
660654,AVENIDA PRESIDENTE TANCREDO NEVES 930 AVELINO AVELINO LEAL,764,176680,AVENIDA PRESIDENTE TANCREDO NEVES 2631 SETOR 13,7200
160797,RUA PRESIDEjTE CARTR 474 SANTIAGO BAIRRO BAIRRO,765,160797,RUA PRESIDENTE CARTER 474 BAIRRO SANTIAGO,28
160797,RUA PRESIDEjTE CARTR 474 SANTIAGO BAIRRO BAIRRO,765,480667,AVENIDA MARINHO MONTE 423 BAIRRO ELDORADO,8710
160797,RUA PRESIDEjTE CARTR 474 SANTIAGO BAIRRO BAIRRO,765,480688,AVENIDA MARINHO MONTE 539 BAIRRO ELDORADO,22
160797,RUA PRESIDEjTE CARTR 474 SANTIAGO BAIRRO BAIRRO,765,832547,RUA AFONSO PENA 2040 CORRENTEZA,4137
160797,RUA PRESIDEjTE CARTR 474 SANTIAGO BAIRRO BAIRRO,765,480761,AVENIDA MARINHO MONTE 1025 BAIRRO ELDORADO,1933
655431,RhA PIAUI PIAUI 37 CAFZEAL,766,688154,RIO ITUI 1 CAPIVANAUI,961
655431,RhA PIAUI PIAUI 37 CAFZEAL,766,688108,RIO ITACOAI 18 REMANCINHO,9124
655431,RhA PIAUI PIAUI 37 CAFZEAL,766,909633,BECO AJURICABA 37 CACHOEIRINHA,301
655431,RhA PIAUI PIAUI 37 CAFZEAL,766,701208,BECO 30 101 JAVARIZINHO,7774
655431,RhA PIAUI PIAUI 37 CAFZEAL,766,828643,RIO ITUXI 6 ITUXI,7952
734372,RUA MARGARIDA MARiGARIDA 281 NOVO HORIZONTE,767,734372,RUA MARGARIDA 281 NOVO HORIZONTE,8509
734372,RUA MARGARIDA MARiGARIDA 281 NOVO HORIZONTE,767,734354,RUA MARGARIDA 201 NOVO HORIZONTE,7079
734372,RUA MARGARIDA MARiGARIDA 281 NOVO HORIZONTE,767,285779,RUA MONT SERRAT 4890 NOVO HORIZONTE,8954
734372,RUA MARGARIDA MARiGARIDA 281 NOVO HORIZONTE,767,280768,RUA MANE GARRINCHA 3423 PORTO VELHO,7458
734372,RUA MARGARIDA MARiGARIDA 281 NOVO HORIZONTE,767,468613,RUA SELMA REGINA 1518 NOVO HORIZONTE,2239
57392,RUA MONsTEIRO LOBATO 3301 BAIRRO FLORESTA FLORESTA,768,57392,RUA MONTEIRO LOBATO 3301 BAIRRO FLORESTA,7700
57392,RUA MONsTEIRO LOBATO 3301 BAIRRO FLORESTA FLORESTA,768,49266,RUA ANTONIO DEODATO DURCE 3701 BAIRRO FLORESTA,5332
57392,RUA MONsTEIRO LOBATO 3301 BAIRRO FLORESTA FLORESTA,768,48396,RUA ANISIO SERRAO 2992 BAIRRO FLORESTA,6857
57392,RUA MONsTEIRO LOBATO 3301 BAIRRO FLORESTA FLORESTA,768,60010,RUA RUI BARBOSA 3243 BAIRRO FLORESTA,6650
57392,RUA MONsTEIRO LOBATO 3301 BAIRRO FLORESTA FLORESTA,768,48499,RUA ANITA GARIBALDI 2086 BAIRRO FLORESTA,8277
927520,BECO SANTA LCAI 11 ASO SAO LAZARO,769,927512,BECO SANTA LUCIA 10 SAO LAZARO,7152
927520,BECO SANTA LCAI 11 ASO SAO LAZARO,769,927520,BECO SANTA LUCIA 11 SAO LAZARO,8300
927520,BECO SANTA LCAI 11 ASO SAO LAZARO,769,929120,BECO SAO LUIS 43 SAO LAZARO,8503
927520,BECO SANTA LCAI 11 ASO SAO LAZARO,769,927497,BECO SANTA LUCIA 8 SAO LAZARO,2643
927520,BECO SANTA LCAI 11 ASO SAO LAZARO,769,929036,BECO SAO LUCAS 64 SAO LAZARO,9387
979107,RUz AA1 10 CIDADE NOVA,770,947415,RUA 1 2 CIDADE NOVA,101
979107,RUz AA1 10 CIDADE NOVA,770,722079,RIO AUTAZ ACU 476 LIMAO,7705
979107,RUz AA1 10 CIDADE NOVA,770,960209,RUA 210 9 NOVA CIDADE,723
979107,RUz AA1 10 CIDADE NOVA,770,694171,RIO RIO AUTAZ ACU 6 CURRUSA,7930
979107,RUz AA1 10 CIDADE NOVA,770,947460,RUA 1 5 CIDADE NOVA,3232
807680,RUA NOSSA SlENHORA DO ROSARIO 2467 BIRRO,771,807680,RUA NOSSA SENHORA DO ROSARIO 2467 BAIRRO CENTRO,6406
807680,RUA NOSSA SlENHORA DO ROSARIO 2467 BIRRO,771,677979,RUA NOSSA SENHORA DE NAZARE 242 ALDEIA MARAJAI,3211
807680,RUA NOSSA SlENHORA DO ROSARIO 2467 BIRRO,771,696016,RUA ALEXANDRE AMBROSIO 204 NOSSA SENHORA DE NAZARE,7770
807680,RUA NOSSA SlENHORA DO ROSARIO 2467 BIRRO,771,287650,RUA NOSSA SENHORA DE NAZARE 6117 ZONA SUL,1227
807680,RUA NOSSA SlENHORA DO ROSARIO 2467 BIRRO,771,616804,RUA SANTA RITA 452 PALHEIRAL,8056
618049,RUA SAO JOAO JOAO 768 SALES APOLONIO,772,618049,RUA SAO JOAO 768 APOLONIO SALES,9382
618049,RUA SAO JOAO JOAO 768 SALES APOLONIO,772,1077340,RUA DO LIMAO 87 SAO JOSE OPERARIO,8298
618049,RUA SAO JOAO JOAO 768 SALES APOLONIO,772,394434,AVENIDA SEBASTIAO JOAO CLIMACO 6343 SAO JOSE,7824
618049,RUA SAO JOAO JOAO 768 SALES APOLONIO,772,224971,RUA ALMIRANTE MOURAO 1658 SAO JOAO BOSCO,6489
618049,RUA SAO JOAO JOAO 768 SALES APOLONIO,772,513803,RUA SAO SEBASTIAO 740 JOSE HASSEM,5068
1009777,RUA BEIJA FLOR 210 CIDADE DE DEUS,773,1009777,RUA BEIJA FLOR 210 CIDADE DE DEUS,3521
1009777,RUA BEIJA FLOR 210 CIDADE DE DEUS,773,1009765,RUA BEIJA FLOR 196 CIDADE DE DEUS,1674
1009777,RUA BEIJA FLOR 210 CIDADE DE DEUS,773,1011312,RUA BELA VISTA 414 CIDADE DE DEUS,6982
1009777,RUA BEIJA FLOR 210 CIDADE DE DEUS,773,1011021,RUA BELA VISTA 117 CIDADE DE DEUS,4145
1009777,RUA BEIJA FLOR 210 CIDADE DE DEUS,773,993101,RUA ANDORINHA 490 JORGE TEIXEIRA CIDADE DE DEUS,210
66402,LINHA 14 20 LINHA 14,774,66402,LINHA 14 20 LINHA 14,7349
66402,LINHA 14 20 LINHA 14,774,66429,LINHA 14 33 LINHA 14,3065
66402,LINHA 14 20 LINHA 14,774,454072,LINHA 34 15 LINHA 34,4135
66402,LINHA 14 20 LINHA 14,774,460298,LINHA 8A 21 LINHA 8A,9199
66402,LINHA 14 20 LINHA 14,774,65390,LINHA 08 35 LINHA 08,4362
86795,CAPMO MOURAO RUA 2183 JORGE TIXEIRA,775,86795,RUA CAMPO MOURAO 2183 JORGE TEIXEIRA,812
86795,CAPMO MOURAO RUA 2183 JORGE TIXEIRA,775,18251,RUA ECOARA 3359 JORGE TEIXEIRA,4241
86795,CAPMO MOURAO RUA 2183 JORGE TIXEIRA,775,958420,RUA 2 244 JORGE TEIXEIRA MONTE SIAO,8906
86795,CAPMO MOURAO RUA 2183 JORGE TIXEIRA,775,149385,RUA NITEROI 3970 JORGE TEIXEIRA,3616
86795,CAPMO MOURAO RUA 2183 JORGE TIXEIRA,775,58148,RUA PEDRO SPAGNOL 3982 TEIXEIRAO,9135
745442,RUA E 31 ERA,776,745442,RUA E 31 PERA 2,7785
745442,RUA E 31 ERA,776,1088965,RUA E 54 CIDADE NOVA,2076
745442,RUA E 31 ERA,776,1088598,RUA E 25 CIDADE NOVA,7924
745442,RUA E 31 ERA,776,1088907,RUA E 48 CIDADE NOVA,6030
745442,RUA E 31 ERA,776,976403,RUA A 9 FLORES,7029
404735,RUA B0M FUTURO 3783 ALORADA,777,404735,RUA BOM FUTURO 3783 ALORADA,5642
404735,RUA B0M FUTURO 3783 ALORADA,777,404931,RUA F 3797 ALORADA,5785
404735,RUA B0M FUTURO 3783 ALORADA,777,575248,RUA FUTURO 223 AVIARIO,1017
404735,RUA B0M FUTURO 3783 ALORADA,777,1004802,RUA B 36 916 ALVORADA,6513
404735,RUA B0M FUTURO 3783 ALORADA,777,575229,RUA FUTURO 147 AVIARIO,5018
1135222,JOSECASEMIRO 112 CENTRO,778,1129990,RUA JERUSALEM 18 COROADO,5934
1135222,JOSECASEMIRO 112 CENTRO,778,76194,RUA CEREJEIRAS 3233 CENTRO,9671
1135222,JOSECASEMIRO 112 CENTRO,778,1106376,RUA GIRASSOL 20 COROADO,4528
1135222,JOSECASEMIRO 112 CENTRO,778,1130158,RUA JERUSALEM 41 COROADO,6093
1135222,JOSECASEMIRO 112 CENTRO,778,919831,BECO FARIAS 6 CENTRO,9286
620530,RUA VETERANOn R PINTO 228 MANOEL JULIAO,779,620530,RUA VETERANO R PINTO 228 MANOEL JULIAO,5619
620530,RUA VETERANOn R PINTO 228 MANOEL JULIAO,779,620353,RUA VETERANO R PINTO 46 MANOEL JULIAO,6794
620530,RUA VETERANOn R PINTO 228 MANOEL JULIAO,779,608946,RUA VETERANO R PINTO 99 MANOEL JULIAO,6634
620530,RUA VETERANOn R PINTO 228 MANOEL JULIAO,779,609057,RUA VETERANO R PINTO 285 MANOEL JULIAO,3739
620530,RUA VETERANOn R PINTO 228 MANOEL JULIAO,779,620430,RUA VETERANO R PINTO 136 MANOEL JULIAO,2055
310723,RUA TIJUCA 8628 bZNA LESTE,780,310723,RUA TIJUCA 8628 ZONA LESTE,6032
310723,RUA TIJUCA 8628 bZNA LESTE,780,312788,RUA TURMALINA 9723 ZONA LESTE,3869
310723,RUA TIJUCA 8628 bZNA LESTE,780,268953,RUA JANAINA 7244 IGARAPE,8349
310723,RUA TIJUCA 8628 bZNA LESTE,780,245154,RUA CRUZEIRO 3249 LAGOINHA,6333
310723,RUA TIJUCA 8628 bZNA LESTE,780,311090,RUA TOCANTINOPOLIS 4200 ZONA LESTE,7557
917511,BECO DA PRATA 22 TEIXéIRA JORGE,781,917511,BECO DA PRATA 22 JORGE TEIXEIRA,193
917511,BECO DA PRATA 22 TEIXéIRA JORGE,781,924482,BECO NOVA JERUSALEM 23 JORGE TEIXEIRA 4 ETAPA,8344
917511,BECO DA PRATA 22 TEIXéIRA JORGE,781,932543,BECO VINTE 45 JORGE TEIXEIRA,7232
917511,BECO DA PRATA 22 TEIXéIRA JORGE,781,923296,BECO MARANHAO 45 JORGE TEIXEIRA,3112
917511,BECO DA PRATA 22 TEIXéIRA JORGE,781,918536,BECO DO CRUZEIRO 20 BETANIA,5764
881986,áVENIDA LEOPOLDO PREES 430 EDUACNDOS,782,881986,AVENIDA LEOPOLDO PERES 430 EDUCANDOS,8431
881986,áVENIDA LEOPOLDO PREES 430 EDUACNDOS,782,882006,AVENIDA LEOPOLDO PERES 499 EDUCANDOS,3587
881986,áVENIDA LEOPOLDO PREES 430 EDUACNDOS,782,882099,AVENIDA LEOPOLDO PERES 689 EDUCANDOS,9337
881986,áVENIDA LEOPOLDO PREES 430 EDUACNDOS,782,882163,AVENIDA LEOPOLDO PERES 922 EDUCANDOS,5902
881986,áVENIDA LEOPOLDO PREES 430 EDUACNDOS,782,1147226,RUA LOPES CORDOVIL 483 ALVORADA,6385
455836,LINHA MARCO OITO 38 MARCO OITO,783,455836,LINHA MARCO OITO 38 MARCO OITO,5574
455836,LINHA MARCO OITO 38 MARCO OITO,783,416786,LINHA ORIENTE 5 LINHA ORIENTE,2193
455836,LINHA MARCO OITO 38 MARCO OITO,783,460649,LINHA O6 58 ASSENTAMENTO CAUTARINO,6654
455836,LINHA MARCO OITO 38 MARCO OITO,783,423601,LINHA 5 A 6 CAMPO NOVO,9210
455836,LINHA MARCO OITO 38 MARCO OITO,783,67434,LINHA MATO GROSSO 60 LINHA MATO GROSSO,345
616417,pRUA SANTA LUZIA 527 ELDORAD0,784,808162,RUA SANTA ETELVINA 3596 MAMOUD AMED,7749
616417,pRUA SANTA LUZIA 527 ELDORAD0,784,145802,RUA LONDRINA 1698 VALPARAISO,9430
616417,pRUA SANTA LUZIA 527 ELDORAD0,784,216190,BECO ACARA 2346 NOVA FLORESTA,1475
616417,pRUA SANTA LUZIA 527 ELDORAD0,784,510394,TRAVESSA RIO JURUA 3 1181 MIRITIZAL,7704
616417,pRUA SANTA LUZIA 527 ELDORAD0,784,546197,RAMAL ENOQUE 1098 VILA ACRE,743
378483,RUA JOAO LiIBERTO MUNIZ 6331 JARDIM ELDORADi,785,378483,RUA JOAO LIBERTO MUNIZ 6331 JARDIM ELDORADO,23
378483,RUA JOAO LiIBERTO MUNIZ 6331 JARDIM ELDORADi,785,1131969,RUA JOAO LIBERAL 95 CIDADE NOVA,5617
378483,RUA JOAO LiIBERTO MUNIZ 6331 JARDIM ELDORADi,785,702479,RUA JOAO BERTOLDO 116 COIMBRA,2949
378483,RUA JOAO LiIBERTO MUNIZ 6331 JARDIM ELDORADi,785,51076,RUA DELMIRO JOAO DA SILVA 1799 JARDIM CLODOALDO,8165
378483,RUA JOAO LiIBERTO MUNIZ 6331 JARDIM ELDORADi,785,253207,RUA ELIZIO BRANDAO 4887 IGARAPE,7750
804681,RUA PARAISO 3321 JARDIM JARDIM AMANDA AMANDA,786,804681,RUA PARAISO 3321 JARDIM AMANDA,3834
804681,RUA PARAISO 3321 JARDIM JARDIM AMANDA AMANDA,786,801288,RUA FELICIDADE 3331 JARDIM AMANDA,1379
804681,RUA PARAISO 3321 JARDIM JARDIM AMANDA AMANDA,786,806599,RUA VITORIA 3493 JARDIM AMANDA,6321
804681,RUA PARAISO 3321 JARDIM JARDIM AMANDA AMANDA,786,375345,RUA ARMANDO FAJARDO 602 JARDIM AMERICA,3762
804681,RUA PARAISO 3321 JARDIM JARDIM AMANDA AMANDA,786,364716,AVENIDA JASMIM 1713 JARDIM PRIMAVERA,4924
804852,RUA PAwULO MENEZdS 19 SAO CRISTOAOy,787,804852,RUA PAULO MENEZES 19 SAO CRISTOVAO,3162
804852,RUA PAwULO MENEZdS 19 SAO CRISTOAOy,787,804905,RUA PAULO MENEZES 72 SAO CRISTOVAO,9538
804852,RUA PAwULO MENEZdS 19 SAO CRISTOAOy,787,798104,RUA ANTONIO MENEZES 3557 SAO CRISTOVAO,3659
804852,RUA PAwULO MENEZdS 19 SAO CRISTOAOy,787,803037,RUA JOSE NOBRE 47 SAO CRISTOVAO,8636
804852,RUA PAwULO MENEZdS 19 SAO CRISTOAOy,787,1132362,RUA JOAO PESSOA 170 SAO LAZARO,4905
524719,RAMAL SANTO ANTONIO 58 SANTO ANTONIi,788,524719,RAMAL SANTO ANTONIO 58 SANTO ANTONIO,9633
524719,RAMAL SANTO ANTONIO 58 SANTO ANTONIi,788,773067,BECO SANTO ANTONIO 129 SANTO ANTONIO,9208
524719,RAMAL SANTO ANTONIO 58 SANTO ANTONIi,788,779119,RUA SANTO ANTONIO 184 SANTO ANTONIO,6729
524719,RAMAL SANTO ANTONIO 58 SANTO ANTONIi,788,617291,RUA SANTO ANTONIO 60 BOSQUE,5296
524719,RAMAL SANTO ANTONIO 58 SANTO ANTONIi,788,1077499,RUA DO MARISAL 630 SANTO ANTONIO,9783
220469,RUA 5 11 NObO HORIOZNTE,789,290331,RUA PANTEON 7205 TEIXEIRAO,6697
220469,RUA 5 11 NObO HORIOZNTE,789,1106376,RUA GIRASSOL 20 COROADO,4528
220469,RUA 5 11 NObO HORIOZNTE,789,575229,RUA FUTURO 147 AVIARIO,5018
220469,RUA 5 11 NObO HORIOZNTE,789,1130158,RUA JERUSALEM 41 COROADO,6093
220469,RUA 5 11 NObO HORIOZNTE,789,227117,RUA ANARI 5549 ELDORADO,646
915278,BECO BECO CENTRwL 58 GLifIA,790,915278,BECO CENTRAL 58 GLORIA,9842
915278,BECO BECO CENTRwL 58 GLifIA,790,915287,BECO CENTRAL 72 GLORIA,7068
915278,BECO BECO CENTRwL 58 GLifIA,790,915292,BECO CENTRAL 95 GLORIA,3670
915278,BECO BECO CENTRwL 58 GLifIA,790,922751,BECO LIVRAMENTO 79 GLORIA,9145
915278,BECO BECO CENTRwL 58 GLifIA,790,930911,BECO SOLIMOES 10 ALEIXO,3457
622974,TRVAESSw CANOA 32 MARtIA,791,650924,RAMAL TREIS MARIA 3662 None,3404
622974,TRVAESSw CANOA 32 MARtIA,791,659396,RAMAL DO 25 33 CACIRIAN,3234
622974,TRVAESSw CANOA 32 MARtIA,791,659937,RIO IACO 20 CURIAN,6421
622974,TRVAESSw CANOA 32 MARtIA,791,627658,TRAVESSA JERUSALEM 144 AIRTON SENA,4102
622974,TRVAESSw CANOA 32 MARtIA,791,723283,RIO MARIMARI 35 ALDEIA MUCAJA,7075
319453,RUA DOMP EDRO ïI 1842 NOSSA ESNHORA SENHORA DAS GRACAS,792,319453,RUA DOM PEDRO II 1842 NOSSA SENHORA DAS GRACAS,9342
319453,RUA DOMP EDRO ïI 1842 NOSSA ESNHORA SENHORA DAS GRACAS,792,319599,RUA DOM PEDRO II 2702 NOSSA SENHORA DAS GRACAS,2917
319453,RUA DOMP EDRO ïI 1842 NOSSA ESNHORA SENHORA DAS GRACAS,792,1145361,RUA LIBERTADOR 420 NOSSA SENHORA DAS GRACAS,9152
319453,RUA DOMP EDRO ïI 1842 NOSSA ESNHORA SENHORA DAS GRACAS,792,252657,RUA ELIAS GORAYEB 911 NOSSA SENHORA DAS GRACAS,1837
319453,RUA DOMP EDRO ïI 1842 NOSSA ESNHORA SENHORA DAS GRACAS,792,1116192,RUA IGARAPE 76 NOSSA SENHORA DAS GRACAS,9321
1112435,RUA HERCULANO DE SOUZA 235 bAMAZONINO MEDNES II,793,1112435,RUA HERCULANO DE SOUZA 235 AMAZONINO MENDES II,4500
1112435,RUA HERCULANO DE SOUZA 235 bAMAZONINO MEDNES II,793,1112453,RUA HERCULANO DE SOUZA 286 AMAZONINO MENDES 2,7150
1112435,RUA HERCULANO DE SOUZA 235 bAMAZONINO MEDNES II,793,1148376,RUA LUIS SOARES 9 AMAZONINO MENDES II,4105
1112435,RUA HERCULANO DE SOUZA 235 bAMAZONINO MEDNES II,793,1061267,RUA DALCIDIO JURANDIR 217 AMAZONINO MENDES II,7090
1112435,RUA HERCULANO DE SOUZA 235 bAMAZONINO MEDNES II,793,1092180,RUA ENEIDA MORAES 245 AMAZONINO MENDES 2,4494
405547,RUA PATRICIA MARINHO 3485 ALTO PARAISO,794,405547,RUA PATRICIA MARINHO 3485 ALTO PARAISO,2964
405547,RUA PATRICIA MARINHO 3485 ALTO PARAISO,794,404660,RUA ARLINDO MOREIRA 3180 ALTO PARAISO,1361
405547,RUA PATRICIA MARINHO 3485 ALTO PARAISO,794,404597,RUA ANDREIA KUNZLER 388 ALTO PARAISO,3477
405547,RUA PATRICIA MARINHO 3485 ALTO PARAISO,794,280768,RUA MANE GARRINCHA 3423 PORTO VELHO,7458
405547,RUA PATRICIA MARINHO 3485 ALTO PARAISO,794,404621,RUA ANDREIA KUNZLER 3824 ALTO PARAISO,6081
888015,AVENIDã PENETRACAO 98 tLOtES,795,888523,AVENIDA PENETRACAO UM 1311 JAPIIM,1022
888015,AVENIDã PENETRACAO 98 tLOtES,795,888000,AVENIDA PENETRACAO 92 ALVORADA,5909
888015,AVENIDã PENETRACAO 98 tLOtES,795,888015,AVENIDA PENETRACAO 98 FLORES,1031
888015,AVENIDã PENETRACAO 98 tLOtES,795,888059,AVENIDA PENETRACAO 168 FLORES,529
888015,AVENIDã PENETRACAO 98 tLOtES,795,528429,AVENIDA EPITACIO PESSOA 1661 MULTIRAO II,2087
609474,RUA VINTE cE SETEMRO 433 BO,796,1005127,RUA B DOZE 1660 JAPIIM,3265
609474,RUA VINTE cE SETEMRO 433 BO,796,1005591,RUA B VINTE 1568 JAPIIM,9784
609474,RUA VINTE cE SETEMRO 433 BO,796,1005597,RUA B VINTE CINCO 756 ALVORADA,7283
609474,RUA VINTE cE SETEMRO 433 BO,796,694752,RUA UM 90 MONTE SINAI,6600
609474,RUA VINTE cE SETEMRO 433 BO,796,1024876,RUA C NOVE 1770 JAPIIM,8942
1082465,RUA DOMINGOs LEITE 3 PARQUE 10,797,1082465,RUA DOMINGOS LEITE 3 PARQUE 10,1955
1082465,RUA DOMINGOs LEITE 3 PARQUE 10,797,1079481,RUA DOIS 19 PARQUE 10,5127
1082465,RUA DOMINGOs LEITE 3 PARQUE 10,797,578238,RUA ISAURA PARENTE 292 BOSQUE,650
1082465,RUA DOMINGOs LEITE 3 PARQUE 10,797,578213,RUA ISAURA PARENTE 136 BOSQUE,1323
1082465,RUA DOMINGOs LEITE 3 PARQUE 10,797,876451,AVENIDA GRANDE OTELO 669 PARQUE 10,3793
564137,RU DA MANGUEIRA 218 SANTA INES,798,564137,RUA DA MANGUEIRA 218 SANTA INES,5979
564137,RU DA MANGUEIRA 218 SANTA INES,798,563508,RUA DA CASTANHEIRA OU TIO ALD0RICO 298 SANTA INES,9523
564137,RU DA MANGUEIRA 218 SANTA INES,798,562984,RUA DA ABELHA 398 SANTA QUITERIA,7505
564137,RU DA MANGUEIRA 218 SANTA INES,798,564645,RUA DA SANACRE 549 SANTA INES,3530
564137,RU DA MANGUEIRA 218 SANTA INES,798,741332,BECO DA MANGUEIRA 135 SANTA HELENA,7963
64238,TRAVESSA MARTINHO LUTERO 1233 LIBERDADE,799,64238,TRAVESSA MARTINHO LUTERO 1233 LIBERDADE,3727
64238,TRAVESSA MARTINHO LUTERO 1233 LIBERDADE,799,700841,TRAVESSA PIMENTEL TAVARES 341 TERRA PRETA,6401
64238,TRAVESSA MARTINHO LUTERO 1233 LIBERDADE,799,700839,TRAVESSA PIMENTEL TAVARES 340 TERRA PRETA,6339
64238,TRAVESSA MARTINHO LUTERO 1233 LIBERDADE,799,514029,TRAVESSA SANTOS DUMONT 405 LIBERDADE,7257
64238,TRAVESSA MARTINHO LUTERO 1233 LIBERDADE,799,518768,TRAVESSA NESTOR FERREIRA BRAGA 349 ESPERANCA,2150
963615,RzU 251 48 NOVO ALEIXO,800,945130,RUA 01 229 NOVO ALEIXO,7478
963615,RzU 251 48 NOVO ALEIXO,800,963859,RUA 259 20 NOVO ALEIXO,1582
963615,RzU 251 48 NOVO ALEIXO,800,946338,RUA 06 18 NOVO ALEIXO,8553
963615,RzU 251 48 NOVO ALEIXO,800,611132,RUA X 845 NOVO CALAFATE,6984
963615,RzU 251 48 NOVO ALEIXO,800,813860,RUA PARA 366 NOVO REMANSO,3240
1060881,RUA DA SERRARI 61 PRESIDENTE VARGAS VARGAS,801,1060881,RUA DA SERRARIA 61 PRESIDENTE VARGAS,6394
1060881,RUA DA SERRARI 61 PRESIDENTE VARGAS VARGAS,801,1007326,RUA BARCELOS 28 PRESIDENTE VARGAS,3165
1060881,RUA DA SERRARI 61 PRESIDENTE VARGAS VARGAS,801,1002433,RUA AYRAO 299 PRESIDENTE VARGAS,9191
1060881,RUA DA SERRARI 61 PRESIDENTE VARGAS VARGAS,801,1016622,RUA BOA SORTE 486 PRESIDENTE VARGAS,2047
1060881,RUA DA SERRARI 61 PRESIDENTE VARGAS VARGAS,801,564193,RUA DA OLARIA 157 TANCREDO NEVES,258
895588,AVENIcDA SOLIMOES 100 MAUoAZINHO,802,895588,AVENIDA SOLIMOES 100 MAUAZINHO,6620
895588,AVENIcDA SOLIMOES 100 MAUoAZINHO,802,768706,RUA MAMAO 124 MAE CREUZA,9456
895588,AVENIcDA SOLIMOES 100 MAUoAZINHO,802,888523,AVENIDA PENETRACAO UM 1311 JAPIIM,1022
895588,AVENIcDA SOLIMOES 100 MAUoAZINHO,802,99959,AVENIDA NOVO SERTAO 3077 GUAJARA MIRIM,4150
895588,AVENIcDA SOLIMOES 100 MAUoAZINHO,802,788583,RUA J 47 MUTIRAO CACAU,6078
71439,RUA NOVA ZEpANDIA 1392 CENTRO,803,71439,RUA NOVA ZELANDIA 1392 CENTRO,3566
71439,RUA NOVA ZEpANDIA 1392 CENTRO,803,1045576,RUA CISJORDANIA 25 NOVA CIDADE,3098
71439,RUA NOVA ZEpANDIA 1392 CENTRO,803,68913,RUA AMAPA 1911 CENTRO,7160
71439,RUA NOVA ZEpANDIA 1392 CENTRO,803,1138171,RUA JUAREZ PRADO 53 NOVA CIDADE,2978
71439,RUA NOVA ZEpANDIA 1392 CENTRO,803,531490,RUA RAIMUNDA PENA 361 CENTRO,5843
192986,AVENIDA COSTA E SILVA 406 ALVORâDA,804,192986,AVENIDA COSTA E SILVA 406 ALVORADA,9056
192986,AVENIDA COSTA E SILVA 406 ALVORâDA,804,193016,AVENIDA COSTA E SILVA 932 PIONEIROS,3221
192986,AVENIDA COSTA E SILVA 406 ALVORâDA,804,905733,AVENIDA PRESIDENTE COSTA E SILVA 1522 RAIZ,5494
192986,AVENIDA COSTA E SILVA 406 ALVORâDA,804,905525,AVENIDA PRESIDENTE COSTA E SILVA 1149 RAIZ,4447
192986,AVENIDA COSTA E SILVA 406 ALVORâDA,804,905337,AVENIDA PRESIDENTE COSTA E SILVA 1140 RAIZ,5255
748702,RUA RUA PEDRO MELO 914 ESoPIRIT SANTO,805,748702,RUA PEDRO MELO 914 ESPIRITO SANTO,1775
748702,RUA RUA PEDRO MELO 914 ESoPIRIT SANTO,805,748703,RUA PEDRO MELO 919 ESPIRITO SANTO,6782
748702,RUA RUA PEDRO MELO 914 ESoPIRIT SANTO,805,86795,RUA CAMPO MOURAO 2183 JORGE TEIXEIRA,812
748702,RUA RUA PEDRO MELO 914 ESoPIRIT SANTO,805,987184,RUA ALTO PARAISO 22 JORGE TEIXEIRA,9172
748702,RUA RUA PEDRO MELO 914 ESoPIRIT SANTO,805,58148,RUA PEDRO SPAGNOL 3982 TEIXEIRAO,9135
11930,RUA ALDEBARAN 4921 eRUAL,806,11930,RUA ALDEBARAN 4921 RURAL,6170
11930,RUA ALDEBARAN 4921 eRUAL,806,11917,RUA ALDEBARAN 4797 RURAL,9907
11930,RUA ALDEBARAN 4921 eRUAL,806,32824,RUA UMUARAMA 5358 NOVE,9416
11930,RUA ALDEBARAN 4921 eRUAL,806,222447,RUA ALBA 3431 CUNIA,1860
11930,RUA ALDEBARAN 4921 eRUAL,806,468110,RUA MARACATIARA 3753 SUMAUMA,8810
1061347,RUA DALAî 8 TANCREDO NEVES,807,1061347,RUA DALIA 8 TANCREDO NEVES,6721
1061347,RUA DALAî 8 TANCREDO NEVES,807,564193,RUA DA OLARIA 157 TANCREDO NEVES,258
1061347,RUA DALAî 8 TANCREDO NEVES,807,1059185,RUA DA PAZ 89 TANCREDO NEVES,1482
1061347,RUA DALAî 8 TANCREDO NEVES,807,1032476,RUA CASSITERITA 119 TANCREDO NEVES,5339
1061347,RUA DALAî 8 TANCREDO NEVES,807,1125161,RUA JACANA 100 TANCREDO NEVES,5670
148295,tUA MATO GROSSO 2688 DOM BOSCO,808,148295,RUA MATO GROSSO 2688 DOM BOSCO,7101
148295,tUA MATO GROSSO 2688 DOM BOSCO,808,225167,RUA ALTO BRASIL 6689 TRES MARIAS,1056
148295,tUA MATO GROSSO 2688 DOM BOSCO,808,764079,IGARAPE PRETO 16 9 TERRA FIRME,1312
148295,tUA MATO GROSSO 2688 DOM BOSCO,808,216190,BECO ACARA 2346 NOVA FLORESTA,1475
148295,tUA MATO GROSSO 2688 DOM BOSCO,808,152803,RUA RIO TAPAJOS 1188 DOM BOSCO,5178
879517,AVENIDA J CARLOS ANTONY 796 CACzHOEIRINHA CACzHOEIRINHA,809,879517,AVENIDA J CARLOS ANTONY 796 CACHOEIRINHA,5414
879517,AVENIDA J CARLOS ANTONY 796 CACzHOEIRINHA CACzHOEIRINHA,809,862438,AVENIDA CARVALHO LEAL 723 CACHOEIRINHA,8370
879517,AVENIDA J CARLOS ANTONY 796 CACzHOEIRINHA CACzHOEIRINHA,809,862567,AVENIDA CARVALHO LEAL 1336 CACHOEIRINHA,4159
879517,AVENIDA J CARLOS ANTONY 796 CACzHOEIRINHA CACzHOEIRINHA,809,862599,AVENIDA CARVALHO LEAL 1496 CACHOEIRINHA,2841
879517,AVENIDA J CARLOS ANTONY 796 CACzHOEIRINHA CACzHOEIRINHA,809,857154,AVENIDA BARCELOS 2420 CACHOEIRINHA,3985
555822,RiA BARRA DO OL 318 BAIRRO CIDADE NOVA,810,555822,RUA BARRA DO SOL 318 BAIRRO CIDADE NOVA,7480
555822,RiA BARRA DO OL 318 BAIRRO CIDADE NOVA,810,576223,RUA GUAJARA 38 BAIRRO CIDADE NOVA,4741
555822,RiA BARRA DO OL 318 BAIRRO CIDADE NOVA,810,576246,RUA GUAJARA 150 BAIRRO CIDADE NOVA,3579
555822,RiA BARRA DO OL 318 BAIRRO CIDADE NOVA,810,567319,RUA DO ATLETICO 245 BAIRRO CIDADE NOVA,9288
555822,RiA BARRA DO OL 318 BAIRRO CIDADE NOVA,810,592949,RUA PALMEIRAL 60 BAIRRO CIDADE NOVA,1355
901100,AVENIDA BRIGADEIRO HILARIO GURJAO 2513 JORGd TEIXERA 4 ETAPA,811,901100,AVENIDA BRIGADEIRO HILARIO GURJAO 2513 JORGE TEIXEIRA 4 ETAPA,8543
901100,AVENIDA BRIGADEIRO HILARIO GURJAO 2513 JORGd TEIXERA 4 ETAPA,811,901123,AVENIDA BRIGADEIRO HILARIO GURJAO 2611 JORGE TEIXEIRA 4 ETAPA,7366
901100,AVENIDA BRIGADEIRO HILARIO GURJAO 2513 JORGd TEIXERA 4 ETAPA,811,900673,AVENIDA BRIGADEIRO HILARIO GURJAO 6 JORGE TEIXEIRA 1 ETAPA,2714
901100,AVENIDA BRIGADEIRO HILARIO GURJAO 2513 JORGd TEIXERA 4 ETAPA,811,900876,AVENIDA BRIGADEIRO HILARIO GURJAO 223 JORGE TEIXEIRA,6874
901100,AVENIDA BRIGADEIRO HILARIO GURJAO 2513 JORGd TEIXERA 4 ETAPA,811,900793,AVENIDA BRIGADEIRO HILARIO GURJAO 98 JORGE TEXEIRA,9095
655813,RUA QUINTINO BOCAIUVA 1140 CENTOR,812,655813,RUA QUINTINO BOCAIUVA 1140 CENTRO,4320
655813,RUA QUINTINO BOCAIUVA 1140 CENTOR,812,839582,RUA QUINTINO BOCAIUVA 1267 CENTRO,1971
655813,RUA QUINTINO BOCAIUVA 1140 CENTOR,812,805311,RUA QUINTINO BOCAIUVA 2295 BAIRRO CENTRO,7149
655813,RUA QUINTINO BOCAIUVA 1140 CENTOR,812,805300,RUA QUINTINO BOCAIUVA 2241 BAIRRO CENTRO,135
655813,RUA QUINTINO BOCAIUVA 1140 CENTOR,812,297640,RUA QUINTINO BOCAIUVA 3196 PORTO VELHO,8153
402542,RUA TIRADENTES 3498 CENTvRO,813,402542,RUA TIRADENTES 3498 CENTRO,8220
402542,RUA TIRADENTES 3498 CENTvRO,813,432105,RUA TIRADENTES 1147 CENTRO,1520
402542,RUA TIRADENTES 3498 CENTvRO,813,76194,RUA CEREJEIRAS 3233 CENTRO,9671
402542,RUA TIRADENTES 3498 CENTvRO,813,352925,RUA GUAPORE 4786 CENTRO,6144
402542,RUA TIRADENTES 3498 CENTvRO,813,38023,RUA BOROROS 2919 CENTRO,3951
192749,AVENIDA CARLOS DORNEJE 75 PIMENTA UEO,814,192749,AVENIDA CARLOS DORNEJE 75 PIMENTA BUENO,1303
192749,AVENIDA CARLOS DORNEJE 75 PIMENTA UEO,814,854930,AVENIDA ANTONIO RAPASO TAVARES 78 DOM PEDRO I,1419
192749,AVENIDA CARLOS DORNEJE 75 PIMENTA UEO,814,210690,AVENIDA PINHEIRO MACHADO 195 FLODOALDO PONTES PINTO,9787
192749,AVENIDA CARLOS DORNEJE 75 PIMENTA UEO,814,770223,AVENIDA LEOPOLDO CARLOS 165 GUAJARA,1612
192749,AVENIDA CARLOS DORNEJE 75 PIMENTA UEO,814,100432,AVENIDA PEDRO ELEOTHERIO 1328 TAMANDARE,6837
168051,GROSSO MjATO AVENIDA 3224 ENTR,815,210405,AVENIDA MEXICO 3223 EMBRATEL,2210
168051,GROSSO MjATO AVENIDA 3224 ENTR,815,210271,AVENIDA MAMORE 5162 TEIXEIRAO,8807
168051,GROSSO MjATO AVENIDA 3224 ENTR,815,539949,AVENIDA OESTE 624 TUCUMA,2638
168051,GROSSO MjATO AVENIDA 3224 ENTR,815,870159,AVENIDA DO CONTORNO 2081 CRESPO,525
168051,GROSSO MjATO AVENIDA 3224 ENTR,815,1106376,RUA GIRASSOL 20 COROADO,4528
5342,AVENIDA CURITIBA 5137 çïDADE ALTA,816,5342,AVENIDA CURITIBA 5137 CIDADE ALTA,4763
5342,AVENIDA CURITIBA 5137 çïDADE ALTA,816,1442,AVENIDA CURITIBA 5021 CIDADE ALTA,6629
5342,AVENIDA CURITIBA 5137 çïDADE ALTA,816,5355,AVENIDA CURITIBA 5210 CIDADE ALTA,237
5342,AVENIDA CURITIBA 5137 çïDADE ALTA,816,1319,AVENIDA CUIABA 4944 CIDADE ALTA,3021
5342,AVENIDA CURITIBA 5137 çïDADE ALTA,816,5333,AVENIDA CUIABA 5371 CIDADE ALTA,1548
708421,AVENIDA CORONEL RAIMUNDO PEREIRA 1487 NOSSA SENHORA DE FATIlMA,817,708421,AVENIDA CORONEL RAIMUNDO PEREIRA 1487 NOSSA SENHORA DE FATIMA,7942
708421,AVENIDA CORONEL RAIMUNDO PEREIRA 1487 NOSSA SENHORA DE FATIlMA,817,708409,AVENIDA CORONEL RAIMUNDO PEREIRA 1261 NOSSA SENHORA DE FATIMA,7153
708421,AVENIDA CORONEL RAIMUNDO PEREIRA 1487 NOSSA SENHORA DE FATIlMA,817,760184,AVENIDA PREFEITO CAVALCANTE 1336 NOSSA SENHORA DE FATIMA,3253
708421,AVENIDA CORONEL RAIMUNDO PEREIRA 1487 NOSSA SENHORA DE FATIlMA,817,760182,AVENIDA PREFEITO CAVALCANTE 1333 NOSSA SENHORA DE FATIMA,5750
708421,AVENIDA CORONEL RAIMUNDO PEREIRA 1487 NOSSA SENHORA DE FATIlMA,817,207689,AVENIDA GETULIO VARGAS 1830 NOSSA SENHORA DAS GRACAS,3435
867365,AVENIDA COSME FERREcIRA 5939 SAO SAO JOSE OPERARIO,818,867365,AVENIDA COSME FERREIRA 5939 SAO JOSE OPERARIO,4815
867365,AVENIDA COSME FERREcIRA 5939 SAO SAO JOSE OPERARIO,818,1077340,RUA DO LIMAO 87 SAO JOSE OPERARIO,8298
867365,AVENIDA COSME FERREcIRA 5939 SAO SAO JOSE OPERARIO,818,942714,ESTRADA JOSE ROMAO 81 SAO JOSE OPERARIO,4343
867365,AVENIDA COSME FERREcIRA 5939 SAO SAO JOSE OPERARIO,818,855613,AVENIDA AUTAZ MIRIM 4849 SAO JOSE OPERARIO,9616
867365,AVENIDA COSME FERREcIRA 5939 SAO SAO JOSE OPERARIO,818,1025519,RUA CACAU PEREIRA 252 SAO JOSE OPERARIO,8310
745989,RUA FRANCISCO LEAL DE CARVALHO 32 UNIAO,819,745989,RUA FRANCISCO LEAL DE CARVALHO 32 UNIAO,3229
745989,RUA FRANCISCO LEAL DE CARVALHO 32 UNIAO,819,511984,RUA FRANCISCO B. SOUZA 105 SATEL,9055
745989,RUA FRANCISCO LEAL DE CARVALHO 32 UNIAO,819,511986,RUA FRANCISCO B. SOUZA 105 SATEL,4161
745989,RUA FRANCISCO LEAL DE CARVALHO 32 UNIAO,819,252159,RUA EDUARDO LIMA E SILVA 1032 AGENOR M DE CARVALHO,8870
745989,RUA FRANCISCO LEAL DE CARVALHO 32 UNIAO,819,252106,RUA EDUARDO LIMA E SILVA 861 AGENOR M DE CARVALHO,3691
466198,LINnA 605 25 RURAL,820,466198,LINHA 605 25 RURAL,7760
466198,LINnA 605 25 RURAL,820,722079,RIO AUTAZ ACU 476 LIMAO,7705
466198,LINnA 605 25 RURAL,820,33060,RUA VIOLTETA 1895 RURAL,9192
466198,LINnA 605 25 RURAL,820,450827,LINHA 48 2210 RURAL,3582
466198,LINnA 605 25 RURAL,820,525979,RUA LINDOARTE 386 MANUEL URBANO,2852
433820,AfVEIDA MARACANA 1750 STOR 2d,821,629193,TRAVESSA MEL 971 ELDORADO,9935
433820,AfVEIDA MARACANA 1750 STOR 2d,821,175567,LINHA TB 10 1040 MACHADIHO,7635
433820,AfVEIDA MARACANA 1750 STOR 2d,821,910931,BECO ARUANA 16 COMPENSA,4966
433820,AfVEIDA MARACANA 1750 STOR 2d,821,37342,TRAVESSAO SODAP 12 ARIQUEMES,4162
433820,AfVEIDA MARACANA 1750 STOR 2d,821,628662,TRAVESSA MANAUS 30 ELDORADO,9310
577374,RiA HUGO CARNEïRO 122 BOSQUE,822,620989,TRAVESSA AIRTON SENA 84 TANCREDO NEVES,1642
577374,RiA HUGO CARNEïRO 122 BOSQUE,822,577374,RUA HUGO CARNEIRO 122 BOSQUE,3230
577374,RiA HUGO CARNEïRO 122 BOSQUE,822,926136,BECO RAIMUNDO MONTEIRO 31 MAUAZINHO,4891
577374,RiA HUGO CARNEïRO 122 BOSQUE,822,658606,TRAVESSA RAIMUNDO NONATO RAULINO 39 BOSQUE,652
577374,RiA HUGO CARNEïRO 122 BOSQUE,822,626871,TRAVESSA HEROS 14 ADALBERTO ARAGAO,9144
781740,AVENIDA VARCYHERCULAO 390 IPIXUNA,823,781740,AVENIDA VARCY HERCULANO 390 IPIXUNA,2906
781740,AVENIDA VARCYHERCULAO 390 IPIXUNA,823,781722,AVENIDA VARCY HERCULANO 114 IPIXUNA,6836
781740,AVENIDA VARCYHERCULAO 390 IPIXUNA,823,897329,AVENIDA TEFE 801 CACHOEIRINHA,1156
781740,AVENIDA VARCYHERCULAO 390 IPIXUNA,823,123052,AVENIDA ARACAJU 370 PRIMAVERA,3539
781740,AVENIDA VARCYHERCULAO 390 IPIXUNA,823,899557,AVENIDA URUCARA 838 CACHOEIRINHA,1283
45753,AVENIDA RIOD E JANEIRO 498 NOVO CACOAL,824,45753,AVENIDA RIO DE JANEIRO 498 NOVO CACOAL,2674
45753,AVENIDA RIOD E JANEIRO 498 NOVO CACOAL,824,45846,AVENIDA RIO DE JANEIRO 890 NOVO CACOAL,4040
45753,AVENIDA RIOD E JANEIRO 498 NOVO CACOAL,824,45875,AVENIDA RIO DE JANEIRO 1126 NOVO CACOAL,1604
45753,AVENIDA RIOD E JANEIRO 498 NOVO CACOAL,824,74325,AVENIDA RIO MADEIRA 5096 CRUZEIRO,6861
45753,AVENIDA RIOD E JANEIRO 498 NOVO CACOAL,824,44795,AVENIDA PORTO ALEGRE 315 NOVO CACOAL,9252
392734,AVENIDA BELO HORIZONTE 4290 NOVA DIMENSAO,825,392734,AVENIDA BELO HORIZONTE 4290 NOVA DIMENSAO,6131
392734,AVENIDA BELO HORIZONTE 4290 NOVA DIMENSAO,825,394069,AVENIDA NOVO HORIZONTE 2000 NOVA DIMENSAO,5379
392734,AVENIDA BELO HORIZONTE 4290 NOVA DIMENSAO,825,591833,RUA NOVO HORIZONTE 364 NOVA ESTACAO,1641
392734,AVENIDA BELO HORIZONTE 4290 NOVA DIMENSAO,825,393474,AVENIDA JOSAIR DE ARAUJO 750 NOVA DIMENSAO,6196
392734,AVENIDA BELO HORIZONTE 4290 NOVA DIMENSAO,825,44078,AVENIDA MALAQUITA 2728 NOVO HORIZONTE,9454
1015428,MIQUILES BEtNARDO RUA 1711 PETROPOLIS,826,1015428,RUA BERNARDO MIQUILES 1711 PETROPOLIS,8793
1015428,MIQUILES BEtNARDO RUA 1711 PETROPOLIS,826,577465,RUA HUGO CARNEIRO 724 BOSQUE,620
1015428,MIQUILES BEtNARDO RUA 1711 PETROPOLIS,826,1106388,RUA GIRASSOL 23 TANCREDO NEVES,892
1015428,MIQUILES BEtNARDO RUA 1711 PETROPOLIS,826,292713,RUA PEGASO 1 11696 ULISSES GUIMARAES,9088
1015428,MIQUILES BEtNARDO RUA 1711 PETROPOLIS,826,1098587,RUA FILADELFIA 15 GILBERTO MESTRINHO,5458
151192,tUA PRIMEIRO DE MAIO 522 DOM cDOM BOSCO,827,915579,BECO CINCO DE SETEMBRO 2 386 JAPIIM,4017
151192,tUA PRIMEIRO DE MAIO 522 DOM cDOM BOSCO,827,119713,TRAVESSA PRIMEIRO DE MAIO 2160 TARILANDIA,3105
151192,tUA PRIMEIRO DE MAIO 522 DOM cDOM BOSCO,827,927769,BECO SANTO ANTONIO 2 DOM PEDRO I,5453
151192,tUA PRIMEIRO DE MAIO 522 DOM cDOM BOSCO,827,927291,BECO SANHACU 52 CIDADE DE DEUS,6054
151192,tUA PRIMEIRO DE MAIO 522 DOM cDOM BOSCO,827,817635,TRAVESSA RAMUNDO AMADEU MAIA 21 ACANAUE,9479
350315,AVENIDA SAO LUIZ 4082 CEbNTO,828,350315,AVENIDA SAO LUIZ 4082 CENTRO,7229
350315,AVENIDA SAO LUIZ 4082 CEbNTO,828,493944,AVENIDA SAO PAULO 1148 CRUZEIRAO,9812
350315,AVENIDA SAO LUIZ 4082 CEbNTO,828,494879,AVENIDA SAO PAULO 251 FLORESTA,1112
350315,AVENIDA SAO LUIZ 4082 CEbNTO,828,420467,AVENIDA JOAO FALCAO 2535 SETOR 1,6389
350315,AVENIDA SAO LUIZ 4082 CEbNTO,828,345062,AVENIDA MACEIO 5703 SAO CRISTOVAO,9779
531972,RUA MAJOR oEDRO 195 RAPIRA,829,531972,RUA MAJOR PEDRO RAMOS 195 RAPIRA,3214
531972,RUA MAJOR oEDRO 195 RAPIRA,829,586684,RUA MARANHAO 118 BOSQUE,8384
531972,RUA MAJOR oEDRO 195 RAPIRA,829,1130355,RUA JERUSALEM 181 COROADO,9294
531972,RUA MAJOR oEDRO 195 RAPIRA,829,1049295,RUA CRAVO 23 ALEIXO,4080
531972,RUA MAJOR oEDRO 195 RAPIRA,829,679006,RUA FREI PIO 174 AMATURA,7034
383061,RUA SEISCENTOS E QUARENTA E DOIS 6522 SETiOR SEïS,830,383061,RUA SEISCENTOS E QUARENTA E DOIS 6522 SETOR SEIS,9539
383061,RUA SEISCENTOS E QUARENTA E DOIS 6522 SETiOR SEïS,830,384138,RUA SETECENTOS E TRINTA E SEIS 2197 BODANESE,2603
383061,RUA SEISCENTOS E QUARENTA E DOIS 6522 SETiOR SEïS,830,383259,RUA SEISCENTOS E VINTE E SEIS 6958 NOVA VILHENA,8109
383061,RUA SEISCENTOS E QUARENTA E DOIS 6522 SETiOR SEïS,830,382061,RUA QUINHENTOS E QUARENTA E SETE 397 JARDIM AMERICA,1544
383061,RUA SEISCENTOS E QUARENTA E DOIS 6522 SETiOR SEïS,830,382074,RUA QUINHENTOS E QUARENTA E TRES 768 JARDIM AMERICA,2044
79744,AVENIDA MARECHAL RONDON 2356 CENTROs,831,79744,AVENIDA MARECHAL RONDON 2356 CENTRO,327
79744,AVENIDA MARECHAL RONDON 2356 CENTROs,831,127557,AVENIDA MARECHAL RONDON 1203 CENTRO,3666
79744,AVENIDA MARECHAL RONDON 2356 CENTROs,831,397405,AVENIDA MARECHAL RONDON 1197 CENTRO,2641
79744,AVENIDA MARECHAL RONDON 2356 CENTROs,831,397418,AVENIDA MARECHAL RONDON 1294 CENTRO,1794
79744,AVENIDA MARECHAL RONDON 2356 CENTROs,831,397393,AVENIDA MARECHAL RONDON 1106 CENTRO,4959
654824,MARAqNHAO RUA 472 CAFEZAL,832,654824,RUA MARANHAO 472 CAFEZAL,3420
654824,MARAqNHAO RUA 472 CAFEZAL,832,654829,RUA MARANHAO 472 CAFEZAL,352
654824,MARAqNHAO RUA 472 CAFEZAL,832,654954,RUA MARANHAO 1667 CSU,8467
654824,MARAqNHAO RUA 472 CAFEZAL,832,768584,RUA JENIPAPO 283 MAE CREUZA,2069
654824,MARAqNHAO RUA 472 CAFEZAL,832,768706,RUA MAMAO 124 MAE CREUZA,9456
80748,LINHA LINHA 3 EIXO EQUINA DA 05 5 SITIO SAO SEBASTIAO,833,80748,LINHA LINHA 3 EIXO ESQUINA DA 05 5 SITIO SAO SEBASTIAO,1869
80748,LINHA LINHA 3 EIXO EQUINA DA 05 5 SITIO SAO SEBASTIAO,833,80744,LINHA LINHA 3 EIXO ENTRE 04 E 05 29 COMUNIDADE SAO CRISTOVAO,7025
80748,LINHA LINHA 3 EIXO EQUINA DA 05 5 SITIO SAO SEBASTIAO,833,728176,PROJETO SAO FRANCISC0 LINHA 2 50 SITIO NOVA ALIANCA,8249
80748,LINHA LINHA 3 EIXO EQUINA DA 05 5 SITIO SAO SEBASTIAO,833,728199,PROJETO SAO FRANCISC0 LINHA 2 75 SITIO J E M,4780
80748,LINHA LINHA 3 EIXO EQUINA DA 05 5 SITIO SAO SEBASTIAO,833,476816,LINHA 02 RAMAL FLORESTA 23 SAO JOAO BALANCEIO,7638
464298,LINHA 32 20 RURAL ZONA,834,464298,LINHA 32 20 ZONA RURAL,4774
464298,LINHA 32 20 RURAL ZONA,834,464185,LINHA 28 DO 22 34 ZONA RURAL,9156
464298,LINHA 32 20 RURAL ZONA,834,399750,LINHA 48 2 ZONA RURAL,4726
464298,LINHA 32 20 RURAL ZONA,834,462943,LINHA 43 1 ZONA RURAL,2347
464298,LINHA 32 20 RURAL ZONA,834,464348,LINHA 32 TN 02 220 ZONA RURAL,6424
618496,RUA SAO LUCA 91 SBORAL,835,618496,RUA SAO LUCAS 91 SOBRAL,1601
618496,RUA SAO LUCA 91 SBORAL,835,617468,RUA SAO DAMIAO 66 RUI LINO II,9711
618496,RUA SAO LUCA 91 SBORAL,835,513609,RUA SAO JOAO DELREY 135 LIBERDADE,9467
618496,RUA SAO LUCA 91 SBORAL,835,1020861,RUA BRASIL 140 SAO LAZARO,8550
618496,RUA SAO LUCA 91 SBORAL,835,980007,RUA ABRAAO CARDOSO 24 COMPENSA,3483
1124711,RUA J G DE ABREU 1815 PETROPOLIS PETROPOLIS,836,1124711,RUA J G DE ABREU 1815 PETROPOLIS,6250
1124711,RUA J G DE ABREU 1815 PETROPOLIS PETROPOLIS,836,1124673,RUA J G DE ABREU 382 PETROPOLIS,4598
1124711,RUA J G DE ABREU 1815 PETROPOLIS PETROPOLIS,836,1108307,RUA GUANABARA 11 PETROPOLIS,3412
1124711,RUA J G DE ABREU 1815 PETROPOLIS PETROPOLIS,836,1018434,RUA BOM JESUS 52 PETROPOLIS,4201
1124711,RUA J G DE ABREU 1815 PETROPOLIS PETROPOLIS,836,1136124,RUA JOSE FLORENCIO 66 PETROPOLIS,8941
1125039,RUA JACAMIM 210 TARUMA COMUNIDADE TARUMA,837,1125039,RUA JACAMIM 210 TARUMA COMUNIDADE TARUMA,6780
1125039,RUA JACAMIM 210 TARUMA COMUNIDADE TARUMA,837,1128275,RUA JARDIM PRIMAVERA 384 TARUMA,6773
1125039,RUA JACAMIM 210 TARUMA COMUNIDADE TARUMA,837,1025822,RUA CACHOEIRA ALTA 275 TARUMA COMUNIDADE RIO SOLIMOES,9996
1125039,RUA JACAMIM 210 TARUMA COMUNIDADE TARUMA,837,1130469,RUA JESUS DA LIBERTACAO 332 TARUMA COMUNIDADE TARUMA,5248
1125039,RUA JACAMIM 210 TARUMA COMUNIDADE TARUMA,837,1025867,RUA CACHOEIRA ALTA 708 TARUMA,9569
392959,AVENIDA CECILIA MEpIRELES 6885 PLANALTO,838,392959,AVENIDA CECILIA MEIRELES 6885 PLANALTO,7445
392959,AVENIDA CECILIA MEpIRELES 6885 PLANALTO,838,872320,AVENIDA EFIGENIO SALES 1224 ALEIXO,9679
392959,AVENIDA CECILIA MEpIRELES 6885 PLANALTO,838,365699,AVENIDA LEOPOLDO PERES 4128 CENTRO,8037
392959,AVENIDA CECILIA MEpIRELES 6885 PLANALTO,838,872506,AVENIDA EFIGENIO SALES 2222 ALEIXO,1954
392959,AVENIDA CECILIA MEpIRELES 6885 PLANALTO,838,538894,AVENIDA GETULIO VARGAS 2406 BOSQUE,3161
73077,RUA SERGItPE 1309 CENTRO,839,73077,RUA SERGIPE 1309 CENTRO,2819
73077,RUA SERGItPE 1309 CENTRO,839,78206,RUA TUPI 3687 CENTRO,7494
73077,RUA SERGItPE 1309 CENTRO,839,290240,RUA PANTEON 6538 IGARAPE,746
73077,RUA SERGItPE 1309 CENTRO,839,352888,RUA GUAPORE 4336 CENTRO,2063
73077,RUA SERGItPE 1309 CENTRO,839,69537,RUA CANADA 2680 CENTRO,1925
603219,RUA lSEIS DE AGOSTO 951 BAIRRO 6 DE AGOSTO,840,603219,RUA SEIS DE AGOSTO 951 BAIRRO 6 DE AGOSTO,5817
603219,RUA lSEIS DE AGOSTO 951 BAIRRO 6 DE AGOSTO,840,603251,RUA SEIS DE AGOSTO 1228 BAIRRO 6 DE AGOSTO,9845
603219,RUA lSEIS DE AGOSTO 951 BAIRRO 6 DE AGOSTO,840,596385,RUA PRIMEIRO DE MAIO 1023 BAIRRO 6 DE AGOSTO,5759
603219,RUA lSEIS DE AGOSTO 951 BAIRRO 6 DE AGOSTO,840,603187,RUA SEIS DE AGOSTO 886 06 DE AGOSTO,9494
603219,RUA lSEIS DE AGOSTO 951 BAIRRO 6 DE AGOSTO,840,603168,RUA SEIS DE AGOSTO 848 06 DE AGOSTO,9687
232308,RúA ARUBA 9091 PORTO VELHO,841,232308,RUA ARUBA 9091 PORTO VELHO,5998
232308,RúA ARUBA 9091 PORTO VELHO,841,235769,RUA BIDU SAIAO 6132 PORTO VELHO,8125
232308,RúA ARUBA 9091 PORTO VELHO,841,232889,RUA AUREA 2755 PORTO VELHO,9974
232308,RúA ARUBA 9091 PORTO VELHO,841,405378,RUA MASSANGANA 2807 ALTO PARAISO,6249
232308,RúA ARUBA 9091 PORTO VELHO,841,236026,RUA BLUMENAU 11531 PORTO VELHO,4006
1073476,RUA EZOITO DE OUTUBRO 50 COMPENSA,842,1073476,RUA DEZOITO DE OUTUBRO 50 COMPENSA,9325
1073476,RUA EZOITO DE OUTUBRO 50 COMPENSA,842,1073466,RUA DEZOITO DE OUTUBRO 12 COMPENSA,3041
1073476,RUA EZOITO DE OUTUBRO 50 COMPENSA,842,757430,RUA QUINZE DE NOVEMBRO 148 CODAJAS,6524
1073476,RUA EZOITO DE OUTUBRO 50 COMPENSA,842,972515,RUA 6 DE OUTUBRO 198 GILBERTO MESTRINHO,430
1073476,RUA EZOITO DE OUTUBRO 50 COMPENSA,842,972508,RUA 6 DE OUTUBRO 120 GILBERTO MESTRINHO,3462
111778,RUA RUA JOAO 835 SEOR 07,843,747322,RUA JOAO AMORIM 78 PERA 1,7640
111778,RUA RUA JOAO 835 SEOR 07,843,747363,RUA JOAO AMORIM 146 PERA 3,6963
111778,RUA RUA JOAO 835 SEOR 07,843,1053888,RUA D 7 SAO JOSE OPERARIO 3,6305
111778,RUA RUA JOAO 835 SEOR 07,843,113311,RUA MARANHAO 3555 ST 06,8230
111778,RUA RUA JOAO 835 SEOR 07,843,654954,RUA MARANHAO 1667 CSU,8467
1137647,RUA JOSE TADRES 786 SANTO ANTOIO,844,1137647,RUA JOSE TADRES 786 SANTO ANTONIO,1568
1137647,RUA JOSE TADRES 786 SANTO ANTOIO,844,804353,RUA OSCAR RAMOS 1737 SANTO ANTONIO,5677
1137647,RUA JOSE TADRES 786 SANTO ANTOIO,844,1119324,RUA IPIRANGA 388 SANTO ANTONIO,2469
1137647,RUA JOSE TADRES 786 SANTO ANTOIO,844,798984,RUA BENEDITO MELO 1720 SANTO ANTONIO,2709
1137647,RUA JOSE TADRES 786 SANTO ANTOIO,844,798975,RUA BENEDITO MELO 1690 SANTO ANTONIO,1506
534634,CAMîNH0 JOAO NUNES 750 VZAEA,845,534634,CAMINHO JOAO NUNES 750 VAZEA,3169
534634,CAMîNH0 JOAO NUNES 750 VZAEA,845,928310,BECO SAO FRANCISCO 301 CHAPADA,1832
534634,CAMîNH0 JOAO NUNES 750 VZAEA,845,937972,BECO SAO JOSE 607 COMPENSA,3804
534634,CAMîNH0 JOAO NUNES 750 VZAEA,845,665253,TRAVESSA HILTON LESSA CATAO 1610 COPACABANA,3897
534634,CAMîNH0 JOAO NUNES 750 VZAEA,845,128365,LINHA NAZARE 2 4000 NAZARE,9469
706371,UA TANCREDO NEVES 378 FRNCISCO,846,626273,TRAVESSA FORTALEZA 56 TANCREDO NEVES,66
706371,UA TANCREDO NEVES 378 FRNCISCO,846,649155,TRAVESSA JOSE ALVES 751 EDILO RODRIGUES,5169
706371,UA TANCREDO NEVES 378 FRNCISCO,846,649149,TRAVESSA JOSE ALVES 711 EDILO RODRIGUES,4701
706371,UA TANCREDO NEVES 378 FRNCISCO,846,796063,BECO TEODORICO NUNES 538 JAUARY I,243
706371,UA TANCREDO NEVES 378 FRNCISCO,846,505850,TRAVESSA CARLOS O. DE FARIAS 1198 CRUZEIRAO,8278
17924,RUA SABA DO 1158 SeETO 2,847,17933,RUA DO SABIA 1198 SETOR 2,8548
17924,RUA SABA DO 1158 SeETO 2,847,17924,RUA DO SABIA 1158 SETOR 2,9890
17924,RUA SABA DO 1158 SeETO 2,847,17960,RUA DO SABIA 1343 SETOR 2,4415
17924,RUA SABA DO 1158 SeETO 2,847,500117,RUA DO PARA 6710 COBAL,571
17924,RUA SABA DO 1158 SeETO 2,847,500081,RUA DO PARA 2292 BATE,323
1026255,RUA CAIENA 412 NOVA CIDADbE,848,1026255,RUA CAIENA 412 NOVA CIDADE,957
1026255,RUA CAIENA 412 NOVA CIDADbE,848,1026160,RUA CAIENA 12 NOVA CIDADE,9983
1026255,RUA CAIENA 412 NOVA CIDADbE,848,1111572,RUA HAVANA 211 NOVA CIDADE,5540
1026255,RUA CAIENA 412 NOVA CIDADbE,848,1045576,RUA CISJORDANIA 25 NOVA CIDADE,3098
1026255,RUA CAIENA 412 NOVA CIDADbE,848,1111564,RUA HAVANA 185 NOVA CIDADE,7712
258433,RUA FRANCISCO COSTA 4355 CSTANHEIRA,849,258433,RUA FRANCISCO COSTA 4355 CASTANHEIRA,2121
258433,RUA FRANCISCO COSTA 4355 CSTANHEIRA,849,258431,RUA FRANCISCO COSTA 4335 CASTANHEIRA,7196
258433,RUA FRANCISCO COSTA 4355 CSTANHEIRA,849,258432,RUA FRANCISCO COSTA 4345 CASTANHEIRA,7103
258433,RUA FRANCISCO COSTA 4355 CSTANHEIRA,849,260765,RUA GERALDO SIQUEIRA 5723 CASTANHEIRA,2162
258433,RUA FRANCISCO COSTA 4355 CSTANHEIRA,849,605167,RUA SILVESTRE COELHO 348 BOSQUE,338
758463,RiA PADRE DOMINGOS 865 CODAJAS,850,758981,COMUNIDADE TAPIIRA 1 21 CODAJAS,1947
758463,RiA PADRE DOMINGOS 865 CODAJAS,850,918148,BECO DAS PEDREIRAS 17 COMPENSA,46
758463,RiA PADRE DOMINGOS 865 CODAJAS,850,758463,RUA PADRE DOMINGOS 865 CODAJAS,4992
758463,RiA PADRE DOMINGOS 865 CODAJAS,850,918183,BECO DAS ROSAS 89 COMPENSA,8751
758463,RiA PADRE DOMINGOS 865 CODAJAS,850,630272,TRAVESSA PIAUI 27 MONTANHES,5880
512617,RUA MARIA RAIMUNDA CHAVES 241 LIBERDADEl,851,512617,RUA MARIA RAIMUNDA CHAVES 241 LIBERDADE,6860
512617,RUA MARIA RAIMUNDA CHAVES 241 LIBERDADEl,851,512603,RUA MARIA RAIMUNDA CHAVES 111 LIBERDADE,9952
512617,RUA MARIA RAIMUNDA CHAVES 241 LIBERDADEl,851,512597,RUA MARIA RAIMUNDA CHAVES 91 LIBERDADE,8464
512617,RUA MARIA RAIMUNDA CHAVES 241 LIBERDADEl,851,512612,RUA MARIA RAIMUNDA CHAVES 180 LIBERDADE,7968
512617,RUA MARIA RAIMUNDA CHAVES 241 LIBERDADEl,851,838756,RUA NINFAIDE CASTRO 1020 LIBERDADE,7430
157042,RUA VILAkGRANy CABRITA 336 URUP,852,157042,RUA VILAGRAN CABRITA 336 URUPA,1677
157042,RUA VILAkGRANy CABRITA 336 URUP,852,157147,RUA VILAGRAN CABRITA 2072 CASA PRETA,4305
157042,RUA VILAkGRANy CABRITA 336 URUP,852,157108,RUA VILAGRAN CABRITA 1558 CASA PRETA,2716
157042,RUA VILAkGRANy CABRITA 336 URUP,852,149310,RUA NESTOR RAMOS 212 URUPA,1375
157042,RUA VILAkGRANy CABRITA 336 URUP,852,1142368,RUA LAURA VINCUNA 50 C0ROADO,2580
403546,RUA ULISSES ULISSES GUIMALAES 4399 BAIRRO JARxIM AMERICA,853,403546,RUA ULISSES GUIMALHAES 4399 BAIRRO JARDIM AMERICA,7937
403546,RUA ULISSES ULISSES GUIMALAES 4399 BAIRRO JARxIM AMERICA,853,489801,RUA RAIMUNDO HENRIQUE DE ARAUJO 40 QUIXADAMORIM,3310
403546,RUA ULISSES ULISSES GUIMALAES 4399 BAIRRO JARxIM AMERICA,853,489821,RUA RAIMUNDO HENRIQUE DE ARAUJO 361 QUIXADAMORIM,1949
403546,RUA ULISSES ULISSES GUIMALAES 4399 BAIRRO JARxIM AMERICA,853,362639,AVENIDA BENNO LUIS GRAEBIM 3155 JARDIM PRIMAVERA,4198
403546,RUA ULISSES ULISSES GUIMALAES 4399 BAIRRO JARxIM AMERICA,853,493392,AVENIDA LEOPOLDO BULHOES 85 BAIRRO DO ALUMNIO,8555
608482,RUA VALREIO MAGALHAES 81 BOeQUE BOeQUE,854,608482,RUA VALERIO MAGALHAES 81 BOSQUE,6473
608482,RUA VALREIO MAGALHAES 81 BOeQUE BOeQUE,854,608467,RUA VALERIO MAGALHAES 42 BOSQUE,7386
608482,RUA VALREIO MAGALHAES 81 BOeQUE BOeQUE,854,608459,RUA VALERIO MAGALHAES 26 BOSQUE,9448
608482,RUA VALREIO MAGALHAES 81 BOeQUE BOeQUE,854,577465,RUA HUGO CARNEIRO 724 BOSQUE,620
608482,RUA VALREIO MAGALHAES 81 BOeQUE BOeQUE,854,577374,RUA HUGO CARNEIRO 122 BOSQUE,3230
938765,BCEO SAO MIGUEL 31 LIRIi DO VAoE,855,938765,BECO SAO MIGUEL 31 LIRIO DO VALE,206
938765,BCEO SAO MIGUEL 31 LIRIi DO VAoE,855,939386,BECO SAO RAIMUNDO 60 CRESPO,3453
938765,BCEO SAO MIGUEL 31 LIRIi DO VAoE,855,937814,BECO SAO JOSE 138 GLORIA,784
938765,BCEO SAO MIGUEL 31 LIRIi DO VAoE,855,937828,BECO SAO JOSE 155 GLORIA,6563
938765,BCEO SAO MIGUEL 31 LIRIi DO VAoE,855,937372,BECO SAO JOSE 23 JAPIIM,615
292385,RUA PEDRO LBENIZ 6858 PORtTO VELyO,856,58149,RUA PEDRO SPAGNOL 3985 TEIXEIRAO,4459
292385,RUA PEDRO LBENIZ 6858 PORtTO VELyO,856,292385,RUA PEDRO ALBENIZ 6858 PORTO VELHO,8953
292385,RUA PEDRO LBENIZ 6858 PORtTO VELyO,856,609001,RUA VETERANO R PINTO 169 MANOEL JULIAO,5349
292385,RUA PEDRO LBENIZ 6858 PORtTO VELyO,856,503241,RUA PEDRO TELES 1136 CRUZEIRINHO,5781
292385,RUA PEDRO LBENIZ 6858 PORtTO VELyO,856,512772,RUA PEDRO MIGUEL 81 JOSE HASSEM,2482
742864,RU 70 ITAMRAATI,857,728678,RIO MUCUIM 1 PUREQUE,7588
742864,RU 70 ITAMRAATI,857,645945,RUA B 2678 AMOTI,6220
742864,RU 70 ITAMRAATI,857,701208,BECO 30 101 JAVARIZINHO,7774
742864,RU 70 ITAMRAATI,857,722079,RIO AUTAZ ACU 476 LIMAO,7705
742864,RU 70 ITAMRAATI,857,688108,RIO ITACOAI 18 REMANCINHO,9124
256265,RUA FARQUAR 350 bBAIXA UNIAO UNIAO,858,256265,RUA FARQUAR 350 BAIXA UNIAO,1637
256265,RUA FARQUAR 350 bBAIXA UNIAO UNIAO,858,235799,RUA BIDU SAIAO 6298 APONIA,4338
256265,RUA FARQUAR 350 bBAIXA UNIAO UNIAO,858,235912,RUA BIDU SAIAO 7005 APONIA,7921
256265,RUA FARQUAR 350 bBAIXA UNIAO UNIAO,858,235826,RUA BIDU SAIAO 6439 APONIA,3980
256265,RUA FARQUAR 350 bBAIXA UNIAO UNIAO,858,1031980,RUA CARPINA 302 REDENCAO,2135
387733,LgINHA 155 72 155 CASçALHEIRA,859,387733,LINHA 155 72 155 CASCALHEIRA,4067
387733,LgINHA 155 72 155 CASçALHEIRA,859,473931,LINHA 202 FINAL 40 ESQUINA LH 153,8478
387733,LgINHA 155 72 155 CASçALHEIRA,859,175691,LINHA TB 16 140 MACHADIHO,7844
387733,LgINHA 155 72 155 CASçALHEIRA,859,38825,LINHA 12 4091 CABIXI,2310
387733,LgINHA 155 72 155 CASçALHEIRA,859,164456,LINHA 3 2680 GLEBA G,8988
213815,RIO RIO MADEIRA 2905 PROT VELHO,860,723035,RIO MAPIAZINHO 10 TERRA PRETA,7363
213815,RIO RIO MADEIRA 2905 PROT VELHO,860,717319,RIO PURUS 2 SERINGAL BOM JESUS,8996
213815,RIO RIO MADEIRA 2905 PROT VELHO,860,780152,RIO DOS MARMELOS 417 ALDEIA TENHARIM,2812
213815,RIO RIO MADEIRA 2905 PROT VELHO,860,780250,RIO MADEIRA 3 ALEGRIA,60
213815,RIO RIO MADEIRA 2905 PROT VELHO,860,729089,RIO PURUS 10 SERINGAL DO CARMO,4676
520979,AVEeNIDAJAPIIM 143 CkEnNTRO,861,466761,TRAVESSAO C 02 10 6 THEOBROMA,2668
520979,AVEeNIDAJAPIIM 143 CkEnNTRO,861,418154,TRAVESSAO C 18B 25 BUITIS,7220
520979,AVEeNIDAJAPIIM 143 CkEnNTRO,861,722079,RIO AUTAZ ACU 476 LIMAO,7705
520979,AVEeNIDAJAPIIM 143 CkEnNTRO,861,627658,TRAVESSA JERUSALEM 144 AIRTON SENA,4102
520979,AVEeNIDAJAPIIM 143 CkEnNTRO,861,675145,TRAVESSA 13 DE MAIO 642 AGROVILA,5963
42670,AVENoDA DE MARACA 1223 VISTA ALEGRE,862,42670,AVENIDA FLOR DE MARACA 1223 VISTA ALEGRE,2255
42670,AVENoDA DE MARACA 1223 VISTA ALEGRE,862,538106,AVENIDA EPAMINONDAS JACOME 1538 CADEIA VELHA,5216
42670,AVENoDA DE MARACA 1223 VISTA ALEGRE,862,216190,BECO ACARA 2346 NOVA FLORESTA,1475
42670,AVENoDA DE MARACA 1223 VISTA ALEGRE,862,165663,RODOVIA 364 215 GREBA PIRINEU,418
42670,AVENoDA DE MARACA 1223 VISTA ALEGRE,862,85858,RUA ACRE 2678 VISTA ALEGRE,2893
847538,RUA DELCIO DELCIO ACHAO COsLHO 95 CNTR,863,847538,RUA DELCIO ACHAO COELHO 95 CENTRO,9536
847538,RUA DELCIO DELCIO ACHAO COsLHO 95 CNTR,863,611680,RUA CAPITAO CIRILO 20 AVIARIO,8630
847538,RUA DELCIO DELCIO ACHAO COsLHO 95 CNTR,863,462266,RUA CAPITAO SILVIO G DE FARIAS 843 CRISTO REI,1564
847538,RUA DELCIO DELCIO ACHAO COsLHO 95 CNTR,863,228479,RUA ANSELMO LACERDA 42 DERMACACAO,7582
847538,RUA DELCIO DELCIO ACHAO COsLHO 95 CNTR,863,1052341,RUA CURIO 39 SAO JOSE OPERARIO,4238
327074,LINHADOIS 76 RIOxP ARDO,864,64950,LINHA 06 29 CACOAL,1835
327074,LINHADOIS 76 RIOxP ARDO,864,92813,LINHA 40 175 PACARANA,4536
327074,LINHADOIS 76 RIOxP ARDO,864,416504,LINHA C 50 130 PA RIO ALTO,5681
327074,LINHADOIS 76 RIOxP ARDO,864,64816,LINHA 05 26 CACOAL,2328
327074,LINHADOIS 76 RIOxP ARDO,864,395624,LINHA LH 21 B 23 ARARAS,9586
851024,ALAMEDA BObS 158 xALEIXO ALEIXO,865,929852,BECO SARAIVA 86 ALEIXO,3902
851024,ALAMEDA BObS 158 xALEIXO ALEIXO,865,930911,BECO SOLIMOES 10 ALEIXO,3457
851024,ALAMEDA BObS 158 xALEIXO ALEIXO,865,922486,BECO KIMURA 4 JAPIIM,8265
851024,ALAMEDA BObS 158 xALEIXO ALEIXO,865,932543,BECO VINTE 45 JORGE TEIXEIRA,7232
851024,ALAMEDA BObS 158 xALEIXO ALEIXO,865,923296,BECO MARANHAO 45 JORGE TEIXEIRA,3112
300160,RUA RIO GRANDE DO SUL 3341 ZOA SU1,866,503842,RUA RIO GRANDE DO SUL 2022 BATE,2836
300160,RUA RIO GRANDE DO SUL 3341 ZOA SU1,866,300160,RUA RIO GRANDE DO SUL 3341 ZONA SUL,7665
300160,RUA RIO GRANDE DO SUL 3341 ZOA SU1,866,599814,RUA RIO GRANDE DO SUL 1327 PREVENTORIO,1003
300160,RUA RIO GRANDE DO SUL 3341 ZOA SU1,866,599958,RUA RIO GRANDE DO SUL 2648 SOBRAL,1764
300160,RUA RIO GRANDE DO SUL 3341 ZOA SU1,866,117333,RUA RIO GRANDE DO SUL 2185 SETOR 4,1706
888523,AVENIDA PENETRACAO UM 1311 JâPIIM,867,888523,AVENIDA PENETRACAO UM 1311 JAPIIM,1022
888523,AVENIDA PENETRACAO UM 1311 JâPIIM,867,899284,AVENIDA UIRAPURU 32 COROADO,3930
888523,AVENIDA PENETRACAO UM 1311 JâPIIM,867,235926,RUA BIDU SAIAO 7069 APONIA,5879
888523,AVENIDA PENETRACAO UM 1311 JâPIIM,867,888000,AVENIDA PENETRACAO 92 ALVORADA,5909
888523,AVENIDA PENETRACAO UM 1311 JâPIIM,867,888015,AVENIDA PENETRACAO 98 FLORES,1031
66083,LINH 12 22 CACOAuL CACOAuL,868,66083,LINHA 12 22 CACOAL,1597
66083,LINH 12 22 CACOAuL CACOAuL,868,64997,LINHA 06 40 CACOAL,7560
66083,LINH 12 22 CACOAuL CACOAuL,868,64687,LINHA 02 1 CACOAL,5010
66083,LINH 12 22 CACOAuL CACOAuL,868,65085,LINHA 06 78 CACOAL,9917
66083,LINH 12 22 CACOAuL CACOAuL,868,64816,LINHA 05 26 CACOAL,2328
711261,AVENIDA GxILBERTO MESTRINHO 10570 PLATO DOu PIQIUA,869,711261,AVENIDA GILBERTO MESTRINHO 10570 PLATO DO PIQUIA,3101
711261,AVENIDA GxILBERTO MESTRINHO 10570 PLATO DOu PIQIUA,869,711287,AVENIDA GILBERTO MESTRINHO 106571 PLATO DO PIQUIA,7161
711261,AVENIDA GxILBERTO MESTRINHO 10570 PLATO DOu PIQIUA,869,711485,AVENIDA NIZIO LIMA 385 PLATO DO PIQUIA,4248
711261,AVENIDA GxILBERTO MESTRINHO 10570 PLATO DOu PIQIUA,869,362571,AVENIDA BENNO LUIS GRAEBIM 7 JARDIM ELDORADO,3784
711261,AVENIDA GxILBERTO MESTRINHO 10570 PLATO DOu PIQIUA,869,711192,AVENIDA GILBERTO MESTRINHO 4741 FORTALEZA,2330
1148729,RUA LUIZ ANTONY 661 NOSSA SENHORA APARECIDA,870,1148729,RUA LUIZ ANTONY 661 NOSSA SENHORA APARECIDA,7190
1148729,RUA LUIZ ANTONY 661 NOSSA SENHORA APARECIDA,870,1148714,RUA LUIZ ANTONY 653 NOSSA SENHORA APARECIDA,3432
1148729,RUA LUIZ ANTONY 661 NOSSA SENHORA APARECIDA,870,1148791,RUA LUIZ ANTONY 809 NOSSA SENHORA APARECIDA,3693
1148729,RUA LUIZ ANTONY 661 NOSSA SENHORA APARECIDA,870,1148602,RUA LUIZ ANTONY 259 NOSSA SENHORA APARECIDA,9131
1148729,RUA LUIZ ANTONY 661 NOSSA SENHORA APARECIDA,870,1148944,RUA LUIZ ANTONY 1131 NOSSA SENHORA APARECIDA,4723
1148419,RUA LiItS SOARES 113 CONk AMAZONINO MENDES 2,871,1148419,RUA LUIS SOARES 113 CONJ AMAZONINO MENDES 2,944
1148419,RUA LiItS SOARES 113 CONk AMAZONINO MENDES 2,871,981532,RUA ADALTO FERNANDES 65 CONJ AMAZONINO MENDES 2,2394
1148419,RUA LiItS SOARES 113 CONk AMAZONINO MENDES 2,871,1148376,RUA LUIS SOARES 9 AMAZONINO MENDES II,4105
1148419,RUA LiItS SOARES 113 CONk AMAZONINO MENDES 2,871,971732,RUA 57 155 AMAZONINO MENDES,4855
1148419,RUA LiItS SOARES 113 CONk AMAZONINO MENDES 2,871,972600,RUA 61 95 AMAZONINO MENDES,4187
955518,RUA 17 318 ALVORADA,872,955518,RUA 17 318 ALVORADA,8446
955518,RUA 17 318 ALVORADA,872,955542,RUA 17 337 ALVORADA,6344
955518,RUA 17 318 ALVORADA,872,975048,RUA 8 435 ALVORADA,2946
955518,RUA 17 318 ALVORADA,872,953282,RUA 15 287 ALVORADA,5355
955518,RUA 17 318 ALVORADA,872,953310,RUA 15 354 ALVORADA,6053
1105162,RUA GEISILENE FERREIRA 20 SATNA ETELVINA,873,1105162,RUA GEISILENE FERREIRA 20 SANTA ETELVINA,8121
1105162,RUA GEISILENE FERREIRA 20 SATNA ETELVINA,873,307058,RUA SHEILA REGINA 5541 TEIXEIRAO,5425
1105162,RUA GEISILENE FERREIRA 20 SATNA ETELVINA,873,690710,RUA MATHIAS FERREIRA LIMA 450 WALDOMIRO SAMPAIO,3785
1105162,RUA GEISILENE FERREIRA 20 SATNA ETELVINA,873,1061572,RUA DALVA DE OLIVEIRA 45 TANCREDO NEVES,3967
1105162,RUA GEISILENE FERREIRA 20 SATNA ETELVINA,873,1061609,RUA DALVA DE OLIVEIRA 74 JORGE TEIXEIRA,2795
906421,AVENIDA PROFESSOR NILTON LINS 600 FLORES,874,906421,AVENIDA PROFESSOR NILTON LINS 600 FLORES,2126
906421,AVENIDA PROFESSOR NILTON LINS 600 FLORES,874,906420,AVENIDA PROFESSOR NILTON LINS 600 FLORES,2467
906421,AVENIDA PROFESSOR NILTON LINS 600 FLORES,874,906350,AVENIDA PROFESSOR NILTON LINS 600 FLORES,6503
906421,AVENIDA PROFESSOR NILTON LINS 600 FLORES,874,906920,AVENIDA PROFESSOR NILTON LINS 1061 FLORES,6557
906421,AVENIDA PROFESSOR NILTON LINS 600 FLORES,874,906686,AVENIDA PROFESSOR NILTON LINS 877 FLORES,4558
278210,RUA LRíO 6489 TRES MARIAS,875,278210,RUA LIRIO 6489 TRES MARIAS,9895
278210,RUA LRíO 6489 TRES MARIAS,875,288422,RUA NOVO HAMBURGO 1308 TRES MARIAS,9403
278210,RUA LRíO 6489 TRES MARIAS,875,244446,RUA CORRUPIAO 7286 TRES MARIAS,765
278210,RUA LRíO 6489 TRES MARIAS,875,225167,RUA ALTO BRASIL 6689 TRES MARIAS,1056
278210,RUA LRíO 6489 TRES MARIAS,875,306588,RUA SETE 219 TRES MARIAS,5732
410397,RUA CASTANHEIRA 2242 ST 3,876,410397,RUA CASTANHEIRAS 2242 ST 3,9213
410397,RUA CASTANHEIRA 2242 ST 3,876,134022,RUA CASTANHEIRA 3092 JK,2208
410397,RUA CASTANHEIRA 2242 ST 3,876,134039,RUA CASTANHEIRA 3291 JK,8593
410397,RUA CASTANHEIRA 2242 ST 3,876,560316,RUA CANINDE 463 BOSQUE,1321
410397,RUA CASTANHEIRA 2242 ST 3,876,237010,RUA BRASIL 6342 CASTANHEIRA,3174
461390,AVENDAJ K 126 BAIRRO BELA VSITA,877,461428,AVENIDA J K 853 BAIRRO BELA VISTA,6306
461390,AVENDAJ K 126 BAIRRO BELA VSITA,877,461390,AVENIDA J K 126 BAIRRO BELA VISTA,4141
461390,AVENDAJ K 126 BAIRRO BELA VSITA,877,461416,AVENIDA J K 617 BAIRRO BELA VISTA,8584
461390,AVENDAJ K 126 BAIRRO BELA VSITA,877,358857,AVENIDA B1 26 BAIRRO DA SAUDE,2582
461390,AVENDAJ K 126 BAIRRO BELA VSITA,877,540416,AVENIDA UIRAPURU 38 BAIRRO CIDADE NOVA,6266
1133772,RUA JONATHAS PEDROSA 921 PRiACA 14 DE JAmEIRO,878,1133772,RUA JONATHAS PEDROSA 921 PRACA 14 DE JANEIRO,8011
1133772,RUA JONATHAS PEDROSA 921 PRiACA 14 DE JAmEIRO,878,1133828,RUA JONATHAS PEDROSA 1018 PRACA 14 DE JANEIRO,7171
1133772,RUA JONATHAS PEDROSA 921 PRiACA 14 DE JAmEIRO,878,1133938,RUA JONATHAS PEDROSA 1399 PRACA 14 DE JANEIRO,6076
1133772,RUA JONATHAS PEDROSA 921 PRiACA 14 DE JAmEIRO,878,1133833,RUA JONATHAS PEDROSA 1026 PRACA 14 DE JANEIRO,2693
1133772,RUA JONATHAS PEDROSA 921 PRiACA 14 DE JAmEIRO,878,1091735,RUA EMILIO MOREIRA 892 PRACA 14 DE JANEIRO,3397
983204,RUA AGUAS MARINHA 27 TANCREDO EVE5,879,983204,RUA AGUAS MARINHA 27 TANCREDO NEVES,799
983204,RUA AGUAS MARINHA 27 TANCREDO EVE5,879,988281,RUA AMAZOLANDIA 7 TANCREDO NEVES,4793
983204,RUA AGUAS MARINHA 27 TANCREDO EVE5,879,232173,RUA ARUBA 8192 TANCREDO NEVES,5273
983204,RUA AGUAS MARINHA 27 TANCREDO EVE5,879,1103966,RUA GAIVOTA 449 TANCREDO NEVES,9057
983204,RUA AGUAS MARINHA 27 TANCREDO EVE5,879,1032932,RUA CASTANHO 142 TANCREDO NEVES,2306
25328,RUA MINAS GERAIS 3332 SETOR 05,880,25328,RUA MINAS GERAIS 3332 SETOR 05,1034
25328,RUA MINAS GERAIS 3332 SETOR 05,880,25353,RUA MINAS GERAIS 3524 SETOR 05,9486
25328,RUA MINAS GERAIS 3332 SETOR 05,880,25379,RUA MINAS GERAIS 3845 SETOR 05,7514
25328,RUA MINAS GERAIS 3332 SETOR 05,880,113725,RUA MINAS GERAIS 1458 SETOR 04,2518
25328,RUA MINAS GERAIS 3332 SETOR 05,880,113850,RUA MINAS GERAIS 3347 SETOR 05,6968
285907,RUA MONTE AZUL 1901 ZNOA SU1,881,285912,RUA MONTE AZUL 1930 ZONA SUL,6960
285907,RUA MONTE AZUL 1901 ZNOA SU1,881,435134,RUA GRALHA-AZUL 1702 SETOR 1,9160
285907,RUA MONTE AZUL 1901 ZNOA SU1,881,435143,RUA GRALHA-AZUL 1743 SETOR 1,6746
285907,RUA MONTE AZUL 1901 ZNOA SU1,881,285909,RUA MONTE AZUL 1911 ZONA SUL,3116
285907,RUA MONTE AZUL 1901 ZNOA SU1,881,285907,RUA MONTE AZUL 1901 ZONA SUL,7997
239605,RUA CAgNTARINHO 4433 NOVA FLORESTA,882,239605,RUA CANTARINHO 4433 NOVA FLORESTA,9358
239605,RUA CAgNTARINHO 4433 NOVA FLORESTA,882,294039,RUA PINHEIRO 2186 NOVA FLORESTA,6850
239605,RUA CAgNTARINHO 4433 NOVA FLORESTA,882,294054,RUA PINHEIRO 2247 NOVA FLORESTA,1573
239605,RUA CAgNTARINHO 4433 NOVA FLORESTA,882,307432,RUA SUCUPIRA 2914 NOVA FLORESTA,3122
239605,RUA CAgNTARINHO 4433 NOVA FLORESTA,882,286636,RUA NETUNO 3570 NOVA FLORESTA,3893
242407,RUA CHICO MENDES 2054 SAOtRANCISCO,883,242407,RUA CHICO MENDES 2054 SAO FRANCISCO,8286
242407,RUA CHICO MENDES 2054 SAOtRANCISCO,883,264559,RUA HIGIANOPOLIS 9084 SAO FRANCISCO,463
242407,RUA CHICO MENDES 2054 SAOtRANCISCO,883,767305,RUA ARMANDO MENDES 264 SAO FRANCISCOII,8568
242407,RUA CHICO MENDES 2054 SAOtRANCISCO,883,1136232,RUA JOSE FLORENCIO 544 PETROPOLIS,5710
242407,RUA CHICO MENDES 2054 SAOtRANCISCO,883,1136080,RUA JOSE FLORENCIO 25 PETROPOLIS,7381
319100,RUA DEELGADO MAURO DOS 666 AGENOR M DE CARVALHO,884,231912,RUA ARRUDA FONTES CABRAL 931 AGENOR M DE CARVALHO,1536
319100,RUA DEELGADO MAURO DOS 666 AGENOR M DE CARVALHO,884,298581,RUA RAIMUNDO CANTUARIA 4799 AGENOR M DE CARVALHO,2583
319100,RUA DEELGADO MAURO DOS 666 AGENOR M DE CARVALHO,884,319100,RUA DELEGADO MAURO DOS SANTOS 666 AGENOR M DE CARVALHO,3220
319100,RUA DEELGADO MAURO DOS 666 AGENOR M DE CARVALHO,884,231894,RUA ARRUDA FONTES CABRAL 800 AGENOR M DE CARVALHO,6983
319100,RUA DEELGADO MAURO DOS 666 AGENOR M DE CARVALHO,884,275302,RUA JOSE OROGO 4881 AGENOR M DE CARVALHO,8133
527213,RA FENRANDO GUAPINDAI 521 CENTO,885,527213,RUA FERNANDO GUAPINDAI 521 CENTO,4979
527213,RA FENRANDO GUAPINDAI 521 CENTO,885,510394,TRAVESSA RIO JURUA 3 1181 MIRITIZAL,7704
527213,RA FENRANDO GUAPINDAI 521 CENTO,885,637662,RAMAL PICAREIRA 520 AMAPA,9958
527213,RA FENRANDO GUAPINDAI 521 CENTO,885,630173,TRAVESSA PEDRO 33 TRIANGULO,5924
527213,RA FENRANDO GUAPINDAI 521 CENTO,885,535900,ALAMEDA MANACAIAS 358 CHACARA IPE,182
1059903,RUA DA PAZ 438 CIDADE DE DEU5,886,1059903,RUA DA PAZ 438 CIDADE DE DEUS,8573
1059903,RUA DA PAZ 438 CIDADE DE DEU5,886,1059605,RUA DA PAZ 242 CIDADE DE DEUS,7443
1059903,RUA DA PAZ 438 CIDADE DE DEU5,886,1059657,RUA DA PAZ 277 CIDADE NOVA,6978
1059903,RUA DA PAZ 438 CIDADE DE DEU5,886,1026255,RUA CAIENA 412 NOVA CIDADE,957
1059903,RUA DA PAZ 438 CIDADE DE DEU5,886,1012051,RUA BELEM 482 CIDADE DE DEUS,1966
212793,AVENIDA RIO DE JANERIO 2553 MATOcG ROSSO,887,212759,AVENIDA RIO DE JANEIRO 2218 AREAL,5014
212793,AVENIDA RIO DE JANERIO 2553 MATOcG ROSSO,887,208259,AVENIDA GUAPORE 6056 RIO MADEIRA,5464
212793,AVENIDA RIO DE JANERIO 2553 MATOcG ROSSO,887,208227,AVENIDA GUAPORE 6056 RIO MADEIRA,6294
212793,AVENIDA RIO DE JANERIO 2553 MATOcG ROSSO,887,213729,AVENIDA RIO MADEIRA 2452 FLODOALDO PONTES PINTO,3060
212793,AVENIDA RIO DE JANERIO 2553 MATOcG ROSSO,887,45753,AVENIDA RIO DE JANEIRO 498 NOVO CACOAL,2674
943352,IGAdAPE SEM DENOMINACAO 245 BETANIA,888,943352,IGARAPE SEM DENOMINACAO 245 BETANIA,9102
943352,IGAdAPE SEM DENOMINACAO 245 BETANIA,888,943349,IGARAPE SEM DENOMINACAO 1 BETANIA,7879
943352,IGAdAPE SEM DENOMINACAO 245 BETANIA,888,489086,BECO SEM DENOMINACAO 306 PARAISO,5784
943352,IGAdAPE SEM DENOMINACAO 245 BETANIA,888,542404,BECO SEM DENOMINACAO 242 SOBRAL,4943
943352,IGAdAPE SEM DENOMINACAO 245 BETANIA,888,542406,BECO SEM DENOMINACAO 254 SOBRAL,9564
945766,dUA 03 67 CIDADE NOVA,889,946133,RUA 05 9 CIDADE NOVA,4967
945766,dUA 03 67 CIDADE NOVA,889,947415,RUA 1 2 CIDADE NOVA,101
945766,dUA 03 67 CIDADE NOVA,889,975169,RUA 81 1 CIDADE NOVA,2782
945766,dUA 03 67 CIDADE NOVA,889,947460,RUA 1 5 CIDADE NOVA,3232
945766,dUA 03 67 CIDADE NOVA,889,955226,RUA 17 2 CIDADE NOVA,9071
87575,RUA ESPERANCA 1906 CIDADE ALTA,890,1093574,RUA ESPERANCA 59 CIDADE NOVA,6594
87575,RUA ESPERANCA 1906 CIDADE ALTA,890,457686,RUA MACAPA 1930 CIDADE BAIXA,265
87575,RUA ESPERANCA 1906 CIDADE ALTA,890,875091,AVENIDA GALILEIA 65 COLONIA TERRA NOVA,2336
87575,RUA ESPERANCA 1906 CIDADE ALTA,890,595711,RUA PRECIOSA 146 VITORIA,3867
87575,RUA ESPERANCA 1906 CIDADE ALTA,890,1021715,RUA BRITANIA 56 GRANDE VITORIA,5322
15983,RUA jCEU AZUL 4863 NfOE,891,15983,RUA CEU AZUL 4863 NOVE,318
15983,RUA jCEU AZUL 4863 NfOE,891,1024883,RUA C NOVE 1779 JAPIIM,2648
15983,RUA jCEU AZUL 4863 NfOE,891,500051,RUA DO PARA 2063 CRUZEIRAO,3460
15983,RUA jCEU AZUL 4863 NfOE,891,1024981,RUA C SEIS 1732 JAPIIM,432
15983,RUA jCEU AZUL 4863 NfOE,891,722079,RIO AUTAZ ACU 476 LIMAO,7705
975729,RUAc 9 207 dAMAONINO MENDES,892,975729,RUA 9 207 AMAZONINO MENDES,4863
975729,RUAc 9 207 dAMAONINO MENDES,892,975736,RUA 9 213 AMAZONINO MENDES,8394
975729,RUAc 9 207 dAMAONINO MENDES,892,975755,RUA 9 243 AMAZONINO MENDES,506
975729,RUAc 9 207 dAMAONINO MENDES,892,975452,RUA 9 6 AMAZONINO MENDES,6979
975729,RUAc 9 207 dAMAONINO MENDES,892,947682,RUA 1 35 ARMANDO MENDES,3711
1092720,ERMANO ESTRADELI RUA 172 SAk,893,1098587,RUA FILADELFIA 15 GILBERTO MESTRINHO,5458
1092720,ERMANO ESTRADELI RUA 172 SAk,893,58149,RUA PEDRO SPAGNOL 3985 TEIXEIRAO,4459
1092720,ERMANO ESTRADELI RUA 172 SAk,893,1098637,RUA FILADELFIA 161 GILBERTO MESTRINHO,3359
1092720,ERMANO ESTRADELI RUA 172 SAk,893,48598,RUA ANITA GARIBALDI 2970 TEIXEIRAO,7224
1092720,ERMANO ESTRADELI RUA 172 SAk,893,1103966,RUA GAIVOTA 449 TANCREDO NEVES,9057
540476,UM AVEIDA 580 BAIRRO SAO FRANCISCO,894,540476,AVENIDA UM 580 BAIRRO SAO FRANCISCO,7715
540476,UM AVEIDA 580 BAIRRO SAO FRANCISCO,894,540487,AVENIDA UM 690 BAIRRO SAO FRANCISCO,2998
540476,UM AVEIDA 580 BAIRRO SAO FRANCISCO,894,456823,AVENIDA SAO FRANCISCO 4790 CIDADE ALTA,9406
540476,UM AVEIDA 580 BAIRRO SAO FRANCISCO,894,456748,AVENIDA SAO FRANCISCO 2801 CIDADE BAIXA,5547
540476,UM AVEIDA 580 BAIRRO SAO FRANCISCO,894,696108,RUA AMIZADE 208 SAO FRANCISCO,9476
717402,RIOPURUS PURUS 6 RIi PUURS,895,717613,RIO PURUS 18 RIO PURUS,7341
717402,RIOPURUS PURUS 6 RIi PUURS,895,717402,RIO PURUS 6 RIO PURUS,8508
717402,RIOPURUS PURUS 6 RIi PUURS,895,717493,RIO PURUS 11 RIO PURUS,8749
717402,RIOPURUS PURUS 6 RIi PUURS,895,717739,RIO PURUS 32 RIO PURUS,6284
717402,RIOPURUS PURUS 6 RIi PUURS,895,728888,RIO PURUS 3 MATUPIRIR,6350
30982,RUA SàO VICENTE 2974 SETOR 3,896,30982,RUA SAO VICENTE 2974 SETOR 3,9305
30982,RUA SàO VICENTE 2974 SETOR 3,896,33166,RUA VITORIA 2687 SETOR 3,1130
30982,RUA SàO VICENTE 2974 SETOR 3,896,22462,RUA JOAO PESSOA 2339 SETOR 3,7833
30982,RUA SàO VICENTE 2974 SETOR 3,896,30319,RUA SABURANA 1776 SETOR 01,9765
30982,RUA SàO VICENTE 2974 SETOR 3,896,30514,RUA SALVADOR 2290 SETOR 03,9112
394882,AVENIDA PRINCESA IZABEL 7855 SANTA LZIâ,897,394882,AVENIDA PRINCESA IZABEL 7855 SANTA LUZIA,9235
394882,AVENIDA PRINCESA IZABEL 7855 SANTA LZIâ,897,397805,AVENIDA PRINCESA ISABEL 5789 CENTRO,5699
394882,AVENIDA PRINCESA IZABEL 7855 SANTA LZIâ,897,397721,AVENIDA PRINCESA ISABEL 4596 CENTRO,1664
394882,AVENIDA PRINCESA IZABEL 7855 SANTA LZIâ,897,39409,AVENIDA AFONSO PENA 2487 BAIRRO PRINCESA ISABEL,950
394882,AVENIDA PRINCESA IZABEL 7855 SANTA LZIâ,897,104318,AVENIDA PRINCESA ISABEL 1732 GUAJARA MIRIM,307
899754,VNEEZUELA 52 TANCREDO GILvERTO MESTRINHO,898,899786,AVENIDA VENEZUELA 200 TANCREDO NEVES GILBERTO MESTRINHO,7195
899754,VNEEZUELA 52 TANCREDO GILvERTO MESTRINHO,898,899754,AVENIDA VENEZUELA 52 TANCREDO NEVES GILBERTO MESTRINHO,9019
899754,VNEEZUELA 52 TANCREDO GILvERTO MESTRINHO,898,899824,AVENIDA VENEZUELA 408 TANCREDO NEVES GILBERTO MESTRINHO,6194
899754,VNEEZUELA 52 TANCREDO GILvERTO MESTRINHO,898,620989,TRAVESSA AIRTON SENA 84 TANCREDO NEVES,1642
899754,VNEEZUELA 52 TANCREDO GILvERTO MESTRINHO,898,923337,BECO MARCOS BARROS 91 GILBERTO MESTRINHO,671
868065,AVENîDA CRISTO REI 167 COROADO COROADO II,899,868065,AVENIDA CRISTO REI 167 COROADO III,2908
868065,AVENîDA CRISTO REI 167 COROADO COROADO II,899,867920,AVENIDA CRISTO REI 49 COROADO III,5691
868065,AVENîDA CRISTO REI 167 COROADO COROADO II,899,921850,BECO JESUS SALVADOR 1 COROADO,3847
868065,AVENîDA CRISTO REI 167 COROADO COROADO II,899,921855,BECO JESUS SALVADOR 11 COROADO,6232
868065,AVENîDA CRISTO REI 167 COROADO COROADO II,899,817635,TRAVESSA RAMUNDO AMADEU MAIA 21 ACANAUE,9479
185117,RUA ITAMAURU GOES DE SIQUEIRA 292 JARDIM AEROPORTO,900,185117,RUA ITAMAURU GOES DE SIQUEIRA 292 JARDIM AEROPORTO,6510
185117,RUA ITAMAURU GOES DE SIQUEIRA 292 JARDIM AEROPORTO,900,403546,RUA ULISSES GUIMALHAES 4399 BAIRRO JARDIM AMERICA,7937
185117,RUA ITAMAURU GOES DE SIQUEIRA 292 JARDIM AEROPORTO,900,181844,RUA AGUIMAR DE SOUZA GOMES PIAU 761 JARDIM NOVO HORIZONTE,6992
185117,RUA ITAMAURU GOES DE SIQUEIRA 292 JARDIM AEROPORTO,900,186764,RUA MARCOS FREIRE 216 JARDIM AEROPORTO,9355
185117,RUA ITAMAURU GOES DE SIQUEIRA 292 JARDIM AEROPORTO,900,558536,RUA BOULEVARD AUGUSTO MONTEIRO 302 BAIRRO 15,862
596051,RU AlRIMAVERA 370 AJRDIM BELO 1,901,1141642,RUA LABREA 331 GRANDE VITORIA,7995
596051,RU AlRIMAVERA 370 AJRDIM BELO 1,901,290331,RUA PANTEON 7205 TEIXEIRAO,6697
596051,RU AlRIMAVERA 370 AJRDIM BELO 1,901,606383,RUA TIAO NATUREZA 347 VITORIA,3132
596051,RU AlRIMAVERA 370 AJRDIM BELO 1,901,1081451,RUA DOIS 621 GRANDE VITORIA,9367
596051,RU AlRIMAVERA 370 AJRDIM BELO 1,901,468110,RUA MARACATIARA 3753 SUMAUMA,8810
92494,ESTRADA PCAARANA 2 ESIPAGO DO OESTE,902,92494,ESTRADA PACARANA 2 ESPIGAO DO OESTE,6881
92494,ESTRADA PCAARANA 2 ESIPAGO DO OESTE,902,415706,ESTRADA SARACURA 9 PA BURITI,9120
92494,ESTRADA PCAARANA 2 ESIPAGO DO OESTE,902,428666,ESTRADA BR 364 140 CANDEIAS DO JAMARI,5754
92494,ESTRADA PCAARANA 2 ESIPAGO DO OESTE,902,738061,RODOVIA AM 354 ESTRADA DO MANAQUIRI 3 RODOVIA,7403
92494,ESTRADA PCAARANA 2 ESIPAGO DO OESTE,902,401081,RODOVIA BR 429 24 ALVORADA DO OESTE,2364
1051848,RUA CUPIUBA 285 JOGE ETIXEIRA,903,1051848,RUA CUPIUBA 285 JORGE TEIXEIRA,6036
1051848,RUA CUPIUBA 285 JOGE ETIXEIRA,903,1051343,RUA CUBIU 22 JORGE TEIXEIRA,9029
1051848,RUA CUPIUBA 285 JOGE ETIXEIRA,903,1029963,RUA CARAUACU 26 JORGE TEIXEIRA,3320
1051848,RUA CUPIUBA 285 JOGE ETIXEIRA,903,1103966,RUA GAIVOTA 449 TANCREDO NEVES,9057
1051848,RUA CUPIUBA 285 JOGE ETIXEIRA,903,232173,RUA ARUBA 8192 TANCREDO NEVES,5273
928310,BECO SAOu RFANCISCO 301 CHAPAA,904,920980,BECO IGARAPE 27 COMPENSA,7408
928310,BECO SAOu RFANCISCO 301 CHAPAA,904,532165,RAMAL BIRROQUE 80 TRIUNFO,5703
928310,BECO SAOu RFANCISCO 301 CHAPAA,904,915196,BECO CELESTINO 23 CACHOEIRINHA,8479
928310,BECO SAOu RFANCISCO 301 CHAPAA,904,920248,BECO FRANK 29 COROADO I,5960
928310,BECO SAOu RFANCISCO 301 CHAPAA,904,934616,BECO SANTA RITA 1007 COROADO,7523
216269,BECO ATUM 3988 CALADINi,905,216269,BECO ATUM 3988 CALADINHO,9631
216269,BECO ATUM 3988 CALADINi,905,64623,ALDEIA SURUIS 259 CACOAL,2368
216269,BECO ATUM 3988 CALADINi,905,650304,RAMAL MULUNGU 37 None,3026
216269,BECO ATUM 3988 CALADINi,905,659388,RAMAL DO 25 10 CACIRIAN,5391
216269,BECO ATUM 3988 CALADINi,905,650924,RAMAL TREIS MARIA 3662 None,3404
822244,PEREIRA SOBRINHO BECO 3281 VILA FALCAO,906,822244,BECO PEREIRA SOBRINHO 3281 VILA FALCAO,2052
822244,PEREIRA SOBRINHO BECO 3281 VILA FALCAO,906,54841,RUA JOSE BONIFACIO 3838 VILAGE DO SOL,1998
822244,PEREIRA SOBRINHO BECO 3281 VILA FALCAO,906,288120,RUA NOVA ESPERANCA 4730 CALADINHO,3679
822244,PEREIRA SOBRINHO BECO 3281 VILA FALCAO,906,287984,RUA NOVA ESPERANCA 3721 CALADINHO,4407
822244,PEREIRA SOBRINHO BECO 3281 VILA FALCAO,906,288063,RUA NOVA ESPERANCA 4220 CALADINHO,5108
340608,RUA GOVERNADOR OSVpALDO PIANA FILHvO 1607 çNETRO,907,340608,RUA GOVERNADOR OSVALDO PIANA FILHO 1607 CENTRO,2401
340608,RUA GOVERNADOR OSVpALDO PIANA FILHvO 1607 çNETRO,907,790947,RUA DEPUTADO ALFREDO 2660 GRACA LOPES,9912
340608,RUA GOVERNADOR OSVpALDO PIANA FILHvO 1607 çNETRO,907,320661,RUA GOVERNADOR ARI MARCOS 2100 AGENOR M DE CARVALHO,3603
340608,RUA GOVERNADOR OSVpALDO PIANA FILHvO 1607 çNETRO,907,558656,RUA BOULEVARD AUGUSTO MONTEIRO 1019 TRIANGULO VELHO,4904
340608,RUA GOVERNADOR OSVpALDO PIANA FILHvO 1607 çNETRO,907,63048,RUA PRESIDENTE MEDICI 1687 JARDIM CLODOALDO,8204
179214,LINHA 126 OU 13 36 LINHA 13 OU 126,908,179214,LINHA 126 OU 13 36 LINHA 13 OU 126,640
179214,LINHA 126 OU 13 36 LINHA 13 OU 126,908,179483,LINHA 134 OU 05 14 05 NORTE,8860
179214,LINHA 126 OU 13 36 LINHA 13 OU 126,908,179437,LINHA 134 OU 05 6 05 NORTE,1552
179214,LINHA 126 OU 13 36 LINHA 13 OU 126,908,66402,LINHA 14 20 LINHA 14,7349
179214,LINHA 126 OU 13 36 LINHA 13 OU 126,908,165264,LINHA QUARTA 2340 2 LINHA GL G,5655
602579,RUA SAOPEpDRO 115 LAELIA ALCANTARA,909,602579,RUA SAO PEDRO 115 LAELIA ALCANTARA,9077
602579,RUA SAOPEpDRO 115 LAELIA ALCANTARA,909,639543,RUA FLAMENGO 609 LAELIA ALCANTARA,9096
602579,RUA SAOPEpDRO 115 LAELIA ALCANTARA,909,573298,RUA FLAMENGO 208 LAELIA ALCANTARA,4755
602579,RUA SAOPEpDRO 115 LAELIA ALCANTARA,909,594817,RUA PLACIDO DE CASTRO 77 LAELIA ALCANTARA,6219
602579,RUA SAOPEpDRO 115 LAELIA ALCANTARA,909,516039,RUA ARICURI 1512 ZENAIDE PAIVA,830
1013370,RUA BELO HORIOZNT 1830 ADRIANkPOLIS,910,1013370,RUA BELO HORIZONTE 1830 ADRIANOPOLIS,3964
1013370,RUA BELO HORIOZNT 1830 ADRIANkPOLIS,910,1013245,RUA BELO HORIZONTE 1375 ADRIANOPOLIS,3109
1013370,RUA BELO HORIOZNT 1830 ADRIANkPOLIS,910,144084,RUA JOAO GOULART 401 RIACHUELO,9565
1013370,RUA BELO HORIOZNT 1830 ADRIANkPOLIS,910,290331,RUA PANTEON 7205 TEIXEIRAO,6697
1013370,RUA BELO HORIOZNT 1830 ADRIANkPOLIS,910,1042848,RUA CINE ODEON 5 ADRIANOPOLIS,1231
716796,IGARAPE FLORESTA 8 RIO ACRE,911,716796,IGARAPE FLORESTA 8 RIO ACRE,1534
716796,IGARAPE FLORESTA 8 RIO ACRE,911,672989,RAMAL NOVA ESPERANCA 58 PORTO ACRE,6082
716796,IGARAPE FLORESTA 8 RIO ACRE,911,216190,BECO ACARA 2346 NOVA FLORESTA,1475
716796,IGARAPE FLORESTA 8 RIO ACRE,911,631277,TRAVESSA RIO BRANCO 572 CERAMICA,5235
716796,IGARAPE FLORESTA 8 RIO ACRE,911,783689,IGARAPE RIOZINHO 46 ALDEIA INDIGENA PIAU,6855
999040,RUA ARESNAL DE MARINHA 514 COL0NIA OLIVEIRA AMCHADO,912,999040,RUA ARSENAL DE MARINHA 514 COLONIA OLIVEIRA MACHADO,5498
999040,RUA ARESNAL DE MARINHA 514 COL0NIA OLIVEIRA AMCHADO,912,1038194,RUA CHICO QUEIROZ 5 COLONIA OLIVEIRA MACHADO,1474
999040,RUA ARESNAL DE MARINHA 514 COL0NIA OLIVEIRA AMCHADO,912,1033189,RUA CASTELO BRANCO 18 COLONIA OLIVEIRA MACHADO,9751
999040,RUA ARESNAL DE MARINHA 514 COL0NIA OLIVEIRA AMCHADO,912,1056319,RUA DA CONQUISTA 25 COLONIA OLIVEIRA MACHADO,5589
999040,RUA ARESNAL DE MARINHA 514 COL0NIA OLIVEIRA AMCHADO,912,1033292,RUA CASTELO BRANCO 86 COLONIA OLIVEIRA MACHADO,6254
420467,AVENIDA JOAO FALçAO FALçAO 2535 SETOe 1,913,420467,AVENIDA JOAO FALCAO 2535 SETOR 1,6389
420467,AVENIDA JOAO FALçAO FALçAO 2535 SETOe 1,913,394465,AVENIDA SEBASTIAO JOAO CLIMACO 6699 CENTRO,8514
420467,AVENIDA JOAO FALçAO FALçAO 2535 SETOe 1,913,39884,AVENIDA ANTONIO JOAO 507 NOVO CACOAL,7021
420467,AVENIDA JOAO FALçAO FALçAO 2535 SETOe 1,913,81081,AVENIDA ANTONIO JOAO 549 SETOR 0001,9859
420467,AVENIDA JOAO FALçAO FALçAO 2535 SETOe 1,913,425369,AVENIDA TANCREDO NEVES 1488 BAIRRO UNIAO,8613
1120048,RUA IRACY IRACY NEVESb 66 DISTRIbTO INDUSTRIAL 1 E 2 2,914,1120048,RUA IRACY NEVES 66 DISTRITO INDUSTRIAL 1 E 2,41
1120048,RUA IRACY IRACY NEVESb 66 DISTRIbTO INDUSTRIAL 1 E 2 2,914,1120030,RUA IRACY NEVES 43 DISTRITO INDUSTRIAL 1 E 2,5327
1120048,RUA IRACY IRACY NEVESb 66 DISTRIbTO INDUSTRIAL 1 E 2 2,914,910510,BECO ANTONIO PIZZONIA 420 DISTRITO INDUSTRIAL 1 E 2,5566
1120048,RUA IRACY IRACY NEVESb 66 DISTRIbTO INDUSTRIAL 1 E 2 2,914,351592,RUA CAPIBARIBE 3903 INDUSTRIAL,9865
1120048,RUA IRACY IRACY NEVESb 66 DISTRIbTO INDUSTRIAL 1 E 2 2,914,1103966,RUA GAIVOTA 449 TANCREDO NEVES,9057
548053,RUA f12 DE OUTUBRO 562 FLORESTA,915,548053,RUA 12 DE OUTUBRO 562 FLORESTA,8797
548053,RUA f12 DE OUTUBRO 562 FLORESTA,915,548696,RUA 25 DE DEZEMBR0 558 FLORESTA,8490
548053,RUA f12 DE OUTUBRO 562 FLORESTA,915,548497,RUA 2 DE DEZEMBRO 192 SOBRAL,2613
548053,RUA f12 DE OUTUBRO 562 FLORESTA,915,549098,RUA 3 DE AGOSTO 280 SOBRAL,6843
548053,RUA f12 DE OUTUBRO 562 FLORESTA,915,219846,RUA 12 DE DEZEMBRO 3642 CASTANHEIRA,9451
248299,RUA DAS ORQUIDEAS 6375 ELDOARDO,916,248299,RUA DAS ORQUIDEAS 6375 ELDORADO,1496
248299,RUA DAS ORQUIDEAS 6375 ELDOARDO,916,247701,RUA DAS CARMELIAS 644 ELDORADO,6806
248299,RUA DAS ORQUIDEAS 6375 ELDOARDO,916,247740,RUA DAS CARMELIAS 5572 ELDORADO,9579
248299,RUA DAS ORQUIDEAS 6375 ELDOARDO,916,240826,RUA CARMELIAS 6641 ELDORADO,2561
248299,RUA DAS ORQUIDEAS 6375 ELDOARDO,916,565927,RUA DAS PLACAS 1684 WANDERLEY DANTAS,3152
37997,vRUA vRUA AIMORES 3487 CENTR0,917,11930,RUA ALDEBARAN 4921 RURAL,6170
37997,vRUA vRUA AIMORES 3487 CENTR0,917,468110,RUA MARACATIARA 3753 SUMAUMA,8810
37997,vRUA vRUA AIMORES 3487 CENTR0,917,527939,RIO JURUA 80 None,8698
37997,vRUA vRUA AIMORES 3487 CENTR0,917,31257,RUA SIRIUS 4907 RURAL,5021
37997,vRUA vRUA AIMORES 3487 CENTR0,917,510394,TRAVESSA RIO JURUA 3 1181 MIRITIZAL,7704
445468,xRUA RIO BRANCO 2144 CENTRO,918,445468,RUA RIO BRANCO 2144 CENTRO,8764
445468,xRUA RIO BRANCO 2144 CENTRO,918,442560,RUA RIO BRANCO 3060 CENTRO,264
445468,xRUA RIO BRANCO 2144 CENTRO,918,1021569,RUA BRASILIA 223 COROADO,6548
445468,xRUA RIO BRANCO 2144 CENTRO,918,1021507,RUA BRASILIA 134 COROADO,4885
445468,xRUA RIO BRANCO 2144 CENTRO,918,354903,RUA RIO VERDE 4721 CENTRO,6073
1096673,URA F 30 CAMoOS SALES,919,1096340,RUA F 10 CAMPOS SALES,7432
1096673,URA F 30 CAMoOS SALES,919,1096673,RUA F 30 CAMPOS SALES,5684
1096673,URA F 30 CAMoOS SALES,919,1096991,RUA F 115 COROADO,1691
1096673,URA F 30 CAMoOS SALES,919,1029640,RUA CARAJAS 43 C NOVA,3271
1096673,URA F 30 CAMoOS SALES,919,1029661,RUA CARAJAS 64 C NOVA,292
794632,AVENIAD MARIO ANDREZAA 3226 SAO FRACISCO,920,939420,BECO SAO ROQUE 156 ALVORADA,8842
794632,AVENIAD MARIO ANDREZAA 3226 SAO FRACISCO,920,768001,RUA BOULEVARD ALVARO MAIA 3 27 SAO FRANCISCO I,5923
794632,AVENIAD MARIO ANDREZAA 3226 SAO FRACISCO,920,794726,AVENIDA MARIO ANDREAZZA 2668 SAO CRISTOVAO,6830
794632,AVENIAD MARIO ANDREZAA 3226 SAO FRACISCO,920,937069,BECO SAO JORGE 92 ALVORADA,2737
794632,AVENIAD MARIO ANDREZAA 3226 SAO FRACISCO,920,923905,BECO MOSSORO 100 SAO FRANCISCO,5834
140016,RUA CEOPORANGA 980 DUQU CAXIAS DE,921,140016,RUA ECOPORANGA 980 DUQUE DE CAXIAS,9240
140016,RUA CEOPORANGA 980 DUQU CAXIAS DE,921,1029963,RUA CARAUACU 26 JORGE TEIXEIRA,3320
140016,RUA CEOPORANGA 980 DUQU CAXIAS DE,921,1051343,RUA CUBIU 22 JORGE TEIXEIRA,9029
140016,RUA CEOPORANGA 980 DUQU CAXIAS DE,921,292730,RUA PEGASO 1 11904 ULISSES GUIMARAES,9032
140016,RUA CEOPORANGA 980 DUQU CAXIAS DE,921,657325,RUA DUQUE DE CAXIAS 1325 CSU,7642
519222,TRAVESSA WALDEMAR S Dë LIMA 351 BEsLA VIST,922,519222,TRAVESSA WALDEMAR S DE LIMA 351 BELA VISTA,5148
519222,TRAVESSA WALDEMAR S Dë LIMA 351 BEsLA VIST,922,505850,TRAVESSA CARLOS O. DE FARIAS 1198 CRUZEIRAO,8278
519222,TRAVESSA WALDEMAR S Dë LIMA 351 BEsLA VIST,922,518596,TRAVESSA JOSE PLACIDO BARBOSA 300 BELA VISTA,6476
519222,TRAVESSA WALDEMAR S Dë LIMA 351 BEsLA VIST,922,665253,TRAVESSA HILTON LESSA CATAO 1610 COPACABANA,3897
519222,TRAVESSA WALDEMAR S Dë LIMA 351 BEsLA VIST,922,843400,TRAVESSA ALVARAES 330 APARECIDA,4953
647943,RUA ROBERTO ROLA 1230 CENRO,923,647943,RUA ROBERTO ROLA 1230 CENTRO,2094
647943,RUA ROBERTO ROLA 1230 CENRO,923,676377,RUA RUI BARBOSA 383 CENTRO,810
647943,RUA ROBERTO ROLA 1230 CENRO,923,59920,RUA RUI BARBOSA 1260 CENTRO,3564
647943,RUA ROBERTO ROLA 1230 CENRO,923,59914,RUA RUI BARBOSA 1212 CENTRO,4817
647943,RUA ROBERTO ROLA 1230 CENRO,923,527459,RUA RAIMUNDO BEZERRA 234 CENTRO,7628
535966,ALAMEDA PORTUGAL 770 CONUJNTO ESPERNACA,924,535966,ALAMEDA PORTUGAL 770 CONJUNTO ESPERANCA,2923
535966,ALAMEDA PORTUGAL 770 CONUJNTO ESPERNACA,924,535981,ALAMEDA PORTUGAL 1457 JARDIM EUROPA,4387
535966,ALAMEDA PORTUGAL 770 CONUJNTO ESPERNACA,924,850855,ALAMEDA ALEMANHA 67 PONTA NEGRA RESIDENCIAL JARDIM EUROPA 0,921
535966,ALAMEDA PORTUGAL 770 CONUJNTO ESPERNACA,924,851591,ALAMEDA ESCOCIA 56 PONTA NEGRA RESIDENCIAL EUROPA 01,2915
535966,ALAMEDA PORTUGAL 770 CONUJNTO ESPERNACA,924,631277,TRAVESSA RIO BRANCO 572 CERAMICA,5235
454256,LINHA LINHA 41 34 LINHA 41 KM KM 4 PRIMAVERA DE RONDONIA,925,454256,LINHA LINHA 41 34 LINHA 41 KM 4 PRIMAVERA DE RONDONIA,3737
454256,LINHA LINHA 41 34 LINHA 41 KM KM 4 PRIMAVERA DE RONDONIA,925,454243,LINHA LINHA 41 17 LINHA 41 KM 4 PRIMAVERA DE RONDONIA,9741
454256,LINHA LINHA 41 34 LINHA 41 KM KM 4 PRIMAVERA DE RONDONIA,925,447154,LINHA 81 440 LNHA 81 KM 60,4043
454256,LINHA LINHA 41 34 LINHA 41 KM KM 4 PRIMAVERA DE RONDONIA,925,447148,LINHA 81 360 LH 81 KM 68 SENTIDO A LH 84,2608
454256,LINHA LINHA 41 34 LINHA 41 KM KM 4 PRIMAVERA DE RONDONIA,925,437311,LINHA LINHA 02 24 AMERICO VENTURA,1489
55354,RUA J0SE MhARQUES DE OLIVEIRA 5063 RIlOZINHO,926,55551,RUA JOSE TOMAZ DE AQUINO 4114 JOSINO BRITO,175
55354,RUA J0SE MhARQUES DE OLIVEIRA 5063 RIlOZINHO,926,55521,RUA JOSE TOMAZ DE AQUINO 3915 JOSINO BRITO,8359
55354,RUA J0SE MhARQUES DE OLIVEIRA 5063 RIlOZINHO,926,55560,RUA JOSE TOMAZ DE AQUINO 4194 JOSINO BRITO,3213
55354,RUA J0SE MhARQUES DE OLIVEIRA 5063 RIlOZINHO,926,656150,RUA REMARQUE DE QUEIROZ 725 ANA ALVES VIEIRA,2257
55354,RUA J0SE MhARQUES DE OLIVEIRA 5063 RIlOZINHO,926,558656,RUA BOULEVARD AUGUSTO MONTEIRO 1019 TRIANGULO VELHO,4904
925861,BECO PRIMEIRO MAIO 138 SrAO,927,938464,BECO SAO LUIS 102 COROADO,5035
925861,BECO PRIMEIRO MAIO 138 SrAO,927,934762,BECO SANTO AMARO 23 REDENCAO,8907
925861,BECO PRIMEIRO MAIO 138 SrAO,927,920289,BECO GEMA 51 SAO JOSE OPERARIO,3489
925861,BECO PRIMEIRO MAIO 138 SrAO,927,932346,BECO VIANA 391 REDENCAO,6537
925861,BECO PRIMEIRO MAIO 138 SrAO,927,936781,BECO SAO JOAO 2497 CACHOEIRINHA,696
60031,RúA 1074 TEIXEIRAO,928,60031,RUA RURAL 1074 TEIXEIRAO,3884
60031,RúA 1074 TEIXEIRAO,928,722079,RIO AUTAZ ACU 476 LIMAO,7705
60031,RúA 1074 TEIXEIRAO,928,922486,BECO KIMURA 4 JAPIIM,8265
60031,RúA 1074 TEIXEIRAO,928,510394,TRAVESSA RIO JURUA 3 1181 MIRITIZAL,7704
60031,RúA 1074 TEIXEIRAO,928,637662,RAMAL PICAREIRA 520 AMAPA,9958
615433,RUA PRINCESà ISABfL 54 ESTxACAO EXPERIMENTAL,929,615433,RUA PRINCESA ISABEL 54 ESTACAO EXPERIMENTAL,5241
615433,RUA PRINCESà ISABfL 54 ESTxACAO EXPERIMENTAL,929,615544,RUA PRINCESA ISABEL 403 ESTACAO EXPERIMENTAL,5230
615433,RUA PRINCESà ISABfL 54 ESTxACAO EXPERIMENTAL,929,579278,RUA JAQUELINE1 129 ESTACAO EXPERIMENTAL,9993
615433,RUA PRINCESà ISABfL 54 ESTxACAO EXPERIMENTAL,929,615509,RUA PRINCESA ISABEL 263 ESTACAO EXPERIMENTAL,2403
615433,RUA PRINCESà ISABfL 54 ESTxACAO EXPERIMENTAL,929,578342,RUA ISAURA PARENTE 1727 ESTACAO EXPERIMENTAL,5238
274819,RUA JOSE DE ALENCRA 3720 OLRAI,930,274819,RUA JOSE DE ALENCAR 3720 OLARIA,4337
274819,RUA JOSE DE ALENCRA 3720 OLRAI,930,274770,RUA JOSE DE ALENCAR 3371 OLARIA,9011
274819,RUA JOSE DE ALENCRA 3720 OLRAI,930,274796,RUA JOSE DE ALENCAR 3576 OLARIA,9083
274819,RUA JOSE DE ALENCRA 3720 OLRAI,930,274863,RUA JOSE DE ALENCAR 3849 OLARIA,9487
274819,RUA JOSE DE ALENCRA 3720 OLRAI,930,274773,RUA JOSE DE ALENCAR 3412 OLARIA,6936
834833,RUA çONCEICàO BASTOS 1820 LIBERDEA,931,834833,RUA CONCEICAO BASTOS 1820 LIBERDADE,7608
834833,RUA çONCEICàO BASTOS 1820 LIBERDEA,931,1004603,RUA B 1779 CAMPOS SALES,2710
834833,RUA çONCEICàO BASTOS 1820 LIBERDEA,931,496607,RUA AMAZONAS 1761 CRUZEIRAO,9528
834833,RUA çONCEICàO BASTOS 1820 LIBERDEA,931,599122,RUA RIACHUELO 367 BOSQUE,1242
834833,RUA çONCEICàO BASTOS 1820 LIBERDEA,931,235615,RUA BERIMBAU 1713 CASTANHEIRA,6169
1111572,HeAVANA RUA 211 NOfA iCIDADE,932,329731,RUA 41 B 8 N0VA MUTUM,8357
1111572,HeAVANA RUA 211 NOfA iCIDADE,932,1006203,RUA BAGDA 21 TARUMA,5076
1111572,HeAVANA RUA 211 NOfA iCIDADE,932,235912,RUA BIDU SAIAO 7005 APONIA,7921
1111572,HeAVANA RUA 211 NOfA iCIDADE,932,1029335,RUA CANUMA 140 JAPIIM,449
1111572,HeAVANA RUA 211 NOfA iCIDADE,932,1067632,RUA DAVI 160 BETANIA,3036
70568,RUA JOAQUIM CARDOSO DOS SANTOS 1594 CENTRO,933,70568,RUA JOAQUIM CARDOSO DOS SANTOS 1594 CENTRO,1108
70568,RUA JOAQUIM CARDOSO DOS SANTOS 1594 CENTRO,933,70651,RUA JOAQUIM CARDOSO DOS SANTOS 2845 CENTRO,4083
70568,RUA JOAQUIM CARDOSO DOS SANTOS 1594 CENTRO,933,70554,RUA JOAQUIM CARDOSO DOS SANTOS 1355 CENTRO,933
70568,RUA JOAQUIM CARDOSO DOS SANTOS 1594 CENTRO,933,70588,RUA JOAQUIM CARDOSO DOS SANTOS 1963 CENTRO,5207
70568,RUA JOAQUIM CARDOSO DOS SANTOS 1594 CENTRO,933,520363,RUA CARLOS GONCALVES DE FARIAS 1663 CENTRO,9833
498404,RUA DE PERNAMBUCO 1986 TELEGRFAO,934,498404,RUA DE PERNAMBUCO 1986 TELEGRAFO,152
498404,RUA DE PERNAMBUCO 1986 TELEGRFAO,934,498625,RUA DE SERGIPE 1091 TELEGRAFO,8240
498404,RUA DE PERNAMBUCO 1986 TELEGRFAO,934,497808,RUA DE ALAGOAS 880 TELEGRAFO,8294
498404,RUA DE PERNAMBUCO 1986 TELEGRFAO,934,502345,RUA MATO GROSSO 1196 TELEGRAFO,5565
498404,RUA DE PERNAMBUCO 1986 TELEGRFAO,934,499971,RUA DO PARA 1251 TELEGRAFO,8398
381918,RUA PORTO VELHO 454 QUINTO BEC,935,381918,RUA PORTO VELHO 454 QUINTO BEC,4708
381918,RUA PORTO VELHO 454 QUINTO BEC,935,384625,RUA TEREZINA 345 QUINTO BEC,5558
381918,RUA PORTO VELHO 454 QUINTO BEC,935,384636,RUA TEREZINA 483 QUINTO BEC,786
381918,RUA PORTO VELHO 454 QUINTO BEC,935,290454,RUA PARAGUAI 4117 PORTO VELHO,5473
381918,RUA PORTO VELHO 454 QUINTO BEC,935,284208,RUA MEXICO 2492 PORTO VELHO,3333
767294,RuUA ARMANDO MNEDES 264 SAO FRáNCISC0II,936,768001,RUA BOULEVARD ALVARO MAIA 3 27 SAO FRANCISCO I,5923
767294,RuUA ARMANDO MNEDES 264 SAO FRáNCISC0II,936,532942,RAMAL MENDES CARLOS I 177 COLONIA SAO PEDRO,5984
767294,RuUA ARMANDO MNEDES 264 SAO FRáNCISC0II,936,767864,RUA BOULEVARD ALVARO MAIA 210 SAO FRANCISCO II,7262
767294,RuUA ARMANDO MNEDES 264 SAO FRáNCISC0II,936,697229,RUA MENDONCA FURTADO 548 SAO FRANCISCO,4635
767294,RuUA ARMANDO MNEDES 264 SAO FRáNCISC0II,936,767294,RUA ARMANDO MENDES 264 SAO FRANCISCOII,2543
290958,RUA PASQUALE DI PAOLO 4748 PDRkNHAS,937,290958,RUA PASQUALE DI PAOLO 4748 PEDRINHAS,2058
290958,RUA PASQUALE DI PAOLO 4748 PDRkNHAS,937,290938,RUA PASQUALE DI PAOLO 398 PEDRINHAS,4864
290958,RUA PASQUALE DI PAOLO 4748 PDRkNHAS,937,151487,RUA RANIERI MAZZILLI 762 RIACHUELO,6376
290958,RUA PASQUALE DI PAOLO 4748 PDRkNHAS,937,655995,RUA RAUL TAMBURINI 86 NITEROI,5636
290958,RUA PASQUALE DI PAOLO 4748 PDRkNHAS,937,656114,RUA RAUL TAMBURINI 1451 NITEROI,1488
39365,AVENIDA 5 DE ABRIL 1999 fIZINHO,938,39365,AVENIDA 5 DE ABRIL 1999 RIOZINHO,5234
39365,AVENIDA 5 DE ABRIL 1999 fIZINHO,938,41133,AVENIDA CINCO DE ABRIL 2020 RIOZINHO,6044
39365,AVENIDA 5 DE ABRIL 1999 fIZINHO,938,492397,AVENIDA COPACABANA 605 25 DE AGOSTO,9437
39365,AVENIDA 5 DE ABRIL 1999 fIZINHO,938,660331,AVENIDA AVELINO LEAL 1 COPACABANA,4121
39365,AVENIDA 5 DE ABRIL 1999 fIZINHO,938,492352,AVENIDA COPACABANA 280 25 DE AGOSTO,7842
1112187,RUA HENIRQUE DIAS 15 SAO OJREG,939,1112187,RUA HENRIQUE DIAS 15 SAO JORGE,8925
1112187,RUA HENIRQUE DIAS 15 SAO OJREG,939,1107887,RUA GREGORIO DIAS 59 SAO LAZARO,4086
1112187,RUA HENIRQUE DIAS 15 SAO OJREG,939,797322,RUA ALDINO REIS 14 SAO CRISTOVAO,7522
1112187,RUA HENIRQUE DIAS 15 SAO OJREG,939,1007960,RUA BARREIRINHA 271 SAO JOSE OPERARIO,8693
1112187,RUA HENIRQUE DIAS 15 SAO OJREG,939,1113818,RUA HUMBERTO DE CAMPOS 89 SAO JORGE,5278
1148072,RUA LOURO ROSA 131 MONTE DAS OLIVEIRAS,940,1148072,RUA LOURO ROSA 131 MONTE DAS OLIVEIRAS,3301
1148072,RUA LOURO ROSA 131 MONTE DAS OLIVEIRAS,940,1147895,RUA LOURO GAMELA 123 MONTE DAS OLIVEIRAS,5031
1148072,RUA LOURO ROSA 131 MONTE DAS OLIVEIRAS,940,1148139,RUA LOURO TACHI 245 MONTE DAS OLIVEIRAS,3356
1148072,RUA LOURO ROSA 131 MONTE DAS OLIVEIRAS,940,1147745,RUA LOURO CEDRO 165 MONTE DAS OLIVEIRAS,8938
1148072,RUA LOURO ROSA 131 MONTE DAS OLIVEIRAS,940,1107186,RUA GOIBARANA 221 MONTE DAS OLIVEIRAS,9795
291857,PAUeLO RUA LEAL 588 QUILMETRO UM,941,291857,RUA PAULO LEAL 588 QUILMETRO UM,2267
291857,PAUeLO RUA LEAL 588 QUILMETRO UM,941,221771,RUA AFONSO PENA 668 QUILMETRO UM,5792
291857,PAUeLO RUA LEAL 588 QUILMETRO UM,941,319416,RUA DOM PEDRO II 1484 QUILMETRO UM,2981
291857,PAUeLO RUA LEAL 588 QUILMETRO UM,941,610673,RUA W DOIS 317 TUCUMA,1792
291857,PAUeLO RUA LEAL 588 QUILMETRO UM,941,14230,RUA BRUSQUE 4984 NOVE,4056
952837,RUA 15 9 10,942,974760,RUA 8 9 COMPENSA,148
952837,RUA 15 9 10,942,952837,RUA 15 9 PARQUE 10,3093
952837,RUA 15 9 10,942,945209,RUA 02 10 MANAUS,749
952837,RUA 15 9 10,942,947926,RUA 1 102 ALEIXO,1807
952837,RUA 15 9 10,942,963382,RUA 25 664 PQ 10,7731
1124392,URA J 82 MENDrS,943,922421,BECO JUPIS 98 JAPIIM,6520
1124392,URA J 82 MENDrS,943,922486,BECO KIMURA 4 JAPIIM,8265
1124392,URA J 82 MENDrS,943,627658,TRAVESSA JERUSALEM 144 AIRTON SENA,4102
1124392,URA J 82 MENDrS,943,659396,RAMAL DO 25 33 CACIRIAN,3234
1124392,URA J 82 MENDrS,943,600940,RUA S SEIS 119 TUCUMA,3360
247701,RUA DAS CARMELIAS 644 ELDORADO,944,247701,RUA DAS CARMELIAS 644 ELDORADO,6806
247701,RUA DAS CARMELIAS 644 ELDORADO,944,247740,RUA DAS CARMELIAS 5572 ELDORADO,9579
247701,RUA DAS CARMELIAS 644 ELDORADO,944,240806,RUA CARMELIAS 6551 ELDORADO,3663
247701,RUA DAS CARMELIAS 644 ELDORADO,944,240826,RUA CARMELIAS 6641 ELDORADO,2561
247701,RUA DAS CARMELIAS 644 ELDORADO,944,248299,RUA DAS ORQUIDEAS 6375 ELDORADO,1496
539727,AVENIDA NRODESTE 284 TUCUMA,945,539727,AVENIDA NORDESTE 284 TUCUMA,6395
539727,AVENIDA NRODESTE 284 TUCUMA,945,539741,AVENIDA NORDESTE 366 TUCUMA,9385
539727,AVENIDA NRODESTE 284 TUCUMA,945,539756,AVENIDA NORDESTE 523 TUCUMA,2940
539727,AVENIDA NRODESTE 284 TUCUMA,945,539949,AVENIDA OESTE 624 TUCUMA,2638
539727,AVENIDA NRODESTE 284 TUCUMA,945,539965,AVENIDA OESTE 792 TUCUMA,6615
346293,AVENIDA NORTE SUL 4321 CENTRO,946,346293,AVENIDA NORTE SUL 4321 CENTRO,71
346293,AVENIDA NORTE SUL 4321 CENTRO,946,346392,AVENIDA NORTE SUL 4931 CENTRO,5733
346293,AVENIDA NORTE SUL 4321 CENTRO,946,346507,AVENIDA NORTE SUL 6024 CENTRO,7764
346293,AVENIDA NORTE SUL 4321 CENTRO,946,346258,AVENIDA NORTE SUL 4036 BEIRA RIO,2747
346293,AVENIDA NORTE SUL 4321 CENTRO,946,345865,AVENIDA NATAL 4721 CENTRO,2382
67814,AVENIDA BRASIL 1574 CENTRO CENTRO CENTRO,947,67814,AVENIDA BRASIL 1574 CENTRO,7717
67814,AVENIDA BRASIL 1574 CENTRO CENTRO CENTRO,947,1004,AVENIDA BRASIL 4228 CENTRO,8425
67814,AVENIDA BRASIL 1574 CENTRO CENTRO CENTRO,947,166273,AVENIDA BRASIL 3343 CENTRO,5561
67814,AVENIDA BRASIL 1574 CENTRO CENTRO CENTRO,947,910,AVENIDA BRASIL 3616 CENTRO,6112
67814,AVENIDA BRASIL 1574 CENTRO CENTRO CENTRO,947,1008,AVENIDA BRASIL 4260 CENTRO,1890
1012051,RUA BELEM 482 CIDqDE DE DEUS,948,1012051,RUA BELEM 482 CIDADE DE DEUS,1966
1012051,RUA BELEM 482 CIDqDE DE DEUS,948,1011681,RUA BELEM 7 CIDADE DE DEUS,7634
1012051,RUA BELEM 482 CIDqDE DE DEUS,948,1011719,RUA BELEM 28 CIDADE DE DEUS,173
1012051,RUA BELEM 482 CIDqDE DE DEUS,948,1011709,RUA BELEM 21 CIDADE DE DEUS,8982
1012051,RUA BELEM 482 CIDqDE DE DEUS,948,1081145,RUA DOIS 307 CIIDADE DE DEUS,7177
853820,rAVENIDA AJURICABA 1128 CACHOEIRINHA,949,853820,AVENIDA AJURICABA 1128 CACHOEIRINHA,1214
853820,rAVENIDA AJURICABA 1128 CACHOEIRINHA,949,880104,AVENIDA JAPURA 2278 CACHOEIRINHA,6525
853820,rAVENIDA AJURICABA 1128 CACHOEIRINHA,949,899557,AVENIDA URUCARA 838 CACHOEIRINHA,1283
853820,rAVENIDA AJURICABA 1128 CACHOEIRINHA,949,899567,AVENIDA URUCARA 882 CACHOEIRINHA,298
853820,rAVENIDA AJURICABA 1128 CACHOEIRINHA,949,123052,AVENIDA ARACAJU 370 PRIMAVERA,3539
70295,RUA FLORIAONPOLIz 1787 CENTROê,950,70295,RUA FLORIANOPOLIS 1787 CENTRO,4026
70295,RUA FLORIAONPOLIz 1787 CENTROê,950,438451,RUA SUCUPIRA 1999 CENTRO,8281
70295,RUA FLORIAONPOLIz 1787 CENTROê,950,578647,RUA ITAPOAN 357 CONQUISTA,1275
70295,RUA FLORIAONPOLIz 1787 CENTROê,950,599122,RUA RIACHUELO 367 BOSQUE,1242
70295,RUA FLORIAONPOLIz 1787 CENTROê,950,734556,RUA MIRACAUERA 5 CENTRO,3636
572566,RûA  100 SAO SAO FRANICSCO,951,696912,RUA JOAO R CARIOCA 199 SAO FRANCISCO,3000
572566,RûA  100 SAO SAO FRANICSCO,951,937083,BECO SAO JORGE 161 SAO RAIMUNDO,2943
572566,RûA  100 SAO SAO FRANICSCO,951,938165,BECO SAO LAZARO 63 SAO GERALDO,1900
572566,RûA  100 SAO SAO FRANICSCO,951,572566,RUA F 100 SAO FRANCISCO,1885
572566,RûA  100 SAO SAO FRANICSCO,951,570578,RUA E 100 SAO FRANCISCO,2883
591275,RUA NETUNO 279 MORADA DO SOL,952,591275,RUA NETUNO 279 MORADA DO SOL,1483
591275,RUA NETUNO 279 MORADA DO SOL,952,591271,RUA NETUNO 278 MORADADO SOL,4532
591275,RUA NETUNO 279 MORADA DO SOL,952,591274,RUA NETUNO 279 MORADADO SOL,8375
591275,RUA NETUNO 279 MORADA DO SOL,952,594492,RUA PESSEGO 96 MORADA DO SOL,5746
591275,RUA NETUNO 279 MORADA DO SOL,952,588427,RUA MARTE 1300 MORADA DO SOL,3150
8660,JAMRAI 2081 SEOR 01,953,64623,ALDEIA SURUIS 259 CACOAL,2368
8660,JAMRAI 2081 SEOR 01,953,64641,ALDEIA SURUIS 387 CACOAL,1136
8660,JAMRAI 2081 SEOR 01,953,758981,COMUNIDADE TAPIIRA 1 21 CODAJAS,1947
8660,JAMRAI 2081 SEOR 01,953,637662,RAMAL PICAREIRA 520 AMAPA,9958
8660,JAMRAI 2081 SEOR 01,953,650267,RAMAL MULUNGU 1 None,1099
512326,URá JOSE FEITOSA 31 VILA VITORIA,954,512326,RUA JOSE FEITOSA 31 VILA VITORIA,6738
512326,URá JOSE FEITOSA 31 VILA VITORIA,954,986042,RUA ALFAZEMA 125 JORGE TEIXEIRA,1531
512326,URá JOSE FEITOSA 31 VILA VITORIA,954,835072,RUA DANIEL SIMOES 3195 APARECIDA,7773
512326,URá JOSE FEITOSA 31 VILA VITORIA,954,654582,RUA MANOEL GONCALVES 95 JOSE N SOBRINHO,5615
512326,URá JOSE FEITOSA 31 VILA VITORIA,954,1089955,RUA EDGAR NEVES 30 BETANIA,2814
203872,AVENIDA AMAZONAS 3399 AGNOR M DE,955,203872,AVENIDA AMAZONAS 3399 AGENOR M DE CARVALHO,9013
203872,AVENIDA AMAZONAS 3399 AGNOR M DE,955,203935,AVENIDA AMAZONAS 3748 AGENOR M DE CARVALHO,7657
203872,AVENIDA AMAZONAS 3399 AGNOR M DE,955,718330,AVENIDA AMAZONAS 440 IPIRANGA,2112
203872,AVENIDA AMAZONAS 3399 AGNOR M DE,955,718345,AVENIDA AMAZONAS 46800 IPIRANGA,7360
203872,AVENIDA AMAZONAS 3399 AGNOR M DE,955,890537,AVENIDA RAMOS D 256 AMAZONINO MENDES,9704
876451,AVENIDA GRANDE OTELO 669 PARQUjE 10,956,876451,AVENIDA GRANDE OTELO 669 PARQUE 10,3793
876451,AVENIDA GRANDE OTELO 669 PARQUjE 10,956,876059,AVENIDA GRANDE CIRCULAR 2030 ARMANDO MENDES,1202
876451,AVENIDA GRANDE OTELO 669 PARQUjE 10,956,515133,AVENIDA MARECHAL DEODORO 978 CENTRO,5175
876451,AVENIDA GRANDE OTELO 669 PARQUjE 10,956,480688,AVENIDA MARINHO MONTE 539 BAIRRO ELDORADO,22
876451,AVENIDA GRANDE OTELO 669 PARQUjE 10,956,43151,AVENIDA GUAPORE 3317 JARDIM CLODOALDO,4376
169998,ROODVIA 257 2968 CENTRO,957,169998,RODOVIA 257 2968 CENTRO,5251
169998,ROODVIA 257 2968 CENTRO,957,170029,RODOVIA 257 3389 CENTRO,3641
169998,ROODVIA 257 2968 CENTRO,957,169971,RODOVIA 133 2800 CENTRO,8567
169998,ROODVIA 257 2968 CENTRO,957,486336,RAMAL 2 21731 CENTRO,4999
169998,ROODVIA 257 2968 CENTRO,957,299557,RUA RIBALTA 7600 NACIONAL,3524
140993,RUoA FRANCISCO PEREIRAD OS SANTOS 2339 NOSSlA SENHORA DE FATIMA,958,731482,RUA SANDOVAL TEIXEIRA PINTO 284 NOSSA SENHORA DE FATIMA,6542
140993,RUoA FRANCISCO PEREIRAD OS SANTOS 2339 NOSSlA SENHORA DE FATIMA,958,146728,RUA MANOEL PINHEIRO MACHADO 2348 NOSSA SENHORA DE FATIMA,2048
140993,RUoA FRANCISCO PEREIRAD OS SANTOS 2339 NOSSlA SENHORA DE FATIMA,958,140993,RUA FRANCISCO PEREIRA DOS SANTOS 2339 NOSSA SENHORA DE FATIMA,2552
140993,RUoA FRANCISCO PEREIRAD OS SANTOS 2339 NOSSlA SENHORA DE FATIMA,958,696658,RUA FERNANDO A FERNANDES 326 NOSSA SENHORA DE NAZARE,667
140993,RUoA FRANCISCO PEREIRAD OS SANTOS 2339 NOSSlA SENHORA DE FATIMA,958,731040,RUA PEDRO BARBOSA DE AMORIM 65 NOSSA SENHORA DE FATIMA,1141
1108774,RA GUAPé 216 JORGE TEXEIRA 4 ETAPA,959,1108774,RUA GUAPE 216 JORGE TEXEIRA 4 ETAPA,674
1108774,RA GUAPé 216 JORGE TEXEIRA 4 ETAPA,959,1108759,RUA GUAPE 173 JORGE TEXEIRA 4 ETAPA,5160
1108774,RA GUAPé 216 JORGE TEXEIRA 4 ETAPA,959,924482,BECO NOVA JERUSALEM 23 JORGE TEIXEIRA 4 ETAPA,8344
1108774,RA GUAPé 216 JORGE TEXEIRA 4 ETAPA,959,1018866,RUA BOM JESUS 2 36 JORGE TEIXEIRA 4 ETAPA,4950
1108774,RA GUAPé 216 JORGE TEXEIRA 4 ETAPA,959,1029771,RUA CARANGUEIJO 18 JORGE TEIXEIRA 3 ETAPA,9624
232889,RUA AUREvA 2755 VELHO,960,232889,RUA AUREA 2755 PORTO VELHO,9974
232889,RUA AUREvA 2755 VELHO,960,265240,RUA IBOTIRAMA 3118 POR O VELHO,6279
232889,RUA AUREvA 2755 VELHO,960,290331,RUA PANTEON 7205 TEIXEIRAO,6697
232889,RUA AUREvA 2755 VELHO,960,227117,RUA ANARI 5549 ELDORADO,646
232889,RUA AUREvA 2755 VELHO,960,299736,RUA RINO LEVI 5235 TEIXEIRAO,1131
1009054,RUA ABURU 141 TERRA NOVA,961,1009054,RUA BAURU 141 COLONHA TERRA NOVA,7954
1009054,RUA ABURU 141 TERRA NOVA,961,1030817,RUA CAREIRO 208 TERRA NOVA,2360
1009054,RUA ABURU 141 TERRA NOVA,961,1046188,RUA COARI 395 TERRA NOVA,3004
1009054,RUA ABURU 141 TERRA NOVA,961,1022134,RUA BURITI 26 COLONIA TERRA NOVA,9999
1009054,RUA ABURU 141 TERRA NOVA,961,280704,RUA MANBA 3414 CIDADE NOVA,3703
1001549,RUA AURORA REGO 135 SATs ITELVINA,962,1001549,RUA AURORA REGO 135 SANTA ITELVINA,9090
1001549,RUA AURORA REGO 135 SATs ITELVINA,962,1001590,RUA AURORA REGO 423 SANTA ITELVINA,4989
1001549,RUA AURORA REGO 135 SATs ITELVINA,962,299736,RUA RINO LEVI 5235 TEIXEIRAO,1131
1001549,RUA AURORA REGO 135 SATs ITELVINA,962,48598,RUA ANITA GARIBALDI 2970 TEIXEIRAO,7224
1001549,RUA AURORA REGO 135 SATs ITELVINA,962,756933,RUA LEVI 97 CODAJAS,2408
568046,RUA DO DIVISOR 831 VITORIA,963,568046,RUA DO DIVISOR 831 VITORIA,1254
568046,RUA DO DIVISOR 831 VITORIA,963,568022,RUA DO DIVISOR 682 ELDORADO,5736
568046,RUA DO DIVISOR 831 VITORIA,963,595734,RUA PRECIOSA 303 VITORIA,3289
568046,RUA DO DIVISOR 831 VITORIA,963,317030,RUA VITORIA REGIA 6546 ELDORADO,3047
568046,RUA DO DIVISOR 831 VITORIA,963,565120,RUA DAMA DA NOITE 773 TROPICAL,58
452150,LIeNHA KAPA 24 45 SETORRUAL,964,452108,LINHA KAPA 0 11 ESQUERDO,7493
452150,LIeNHA KAPA 24 45 SETORRUAL,964,452150,LINHA KAPA 24 45 SETOR RURAL,4075
452150,LIeNHA KAPA 24 45 SETORRUAL,964,922486,BECO KIMURA 4 JAPIIM,8265
452150,LIeNHA KAPA 24 45 SETORRUAL,964,659396,RAMAL DO 25 33 CACIRIAN,3234
452150,LIeNHA KAPA 24 45 SETORRUAL,964,672392,RAMAL LINHA 07 357 PROGETO HUMAITA,9743
712091,BECO SEM DENOMuNACAO 157 CENTRO,965,712091,BECO SEM DENOMINACAO 157 CENTRO,9721
712091,BECO SEM DENOMuNACAO 157 CENTRO,965,930202,BECO SEM DENOMINACAO 73 MAUAZINHO,4583
712091,BECO SEM DENOMuNACAO 157 CENTRO,965,489086,BECO SEM DENOMINACAO 306 PARAISO,5784
712091,BECO SEM DENOMuNACAO 157 CENTRO,965,542313,BECO SEM DENOMINACAO 70 TUCUMA,3509
712091,BECO SEM DENOMuNACAO 157 CENTRO,965,930081,BECO SEM DENOMINACAO 12 SAO FRANCISCO,4443
634196,TRAVESSAv SAO JOAQUIM 295 TAQàRI,966,634196,TRAVESSA SAO JOAQUIM 295 TAQUARI,1274
634196,TRAVESSAv SAO JOAQUIM 295 TAQàRI,966,631477,TRAVESSA S PAULO 10 TAQUARI,1724
634196,TRAVESSAv SAO JOAQUIM 295 TAQàRI,966,324985,TRAVESSA TARAUACA 237 ROQUE,7046
634196,TRAVESSAv SAO JOAQUIM 295 TAQàRI,966,510440,TRAVESSA SAO FRANCISCO 106 MIRITIZAL,641
634196,TRAVESSAv SAO JOAQUIM 295 TAQàRI,966,626456,TRAVESSA GUANABARA 19 JOAO EDUARDO I,2898
444336,AVENIDA DOS hMIGRApNTES 1576 CENRTO,967,205807,AVENIDA CALAMA 7444 TEIXEIRAO,6288
444336,AVENIDA DOS hMIGRApNTES 1576 CENRTO,967,444336,AVENIDA DOS MIGRANTES 1576 CENTRO,1567
444336,AVENIDA DOS hMIGRApNTES 1576 CENRTO,967,870159,AVENIDA DO CONTORNO 2081 CRESPO,525
444336,AVENIDA DOS hMIGRApNTES 1576 CENRTO,967,212193,AVENIDA RAIMUNDO CANTUARIA 7563 TIRADENTES,2726
444336,AVENIDA DOS hMIGRApNTES 1576 CENRTO,967,208259,AVENIDA GUAPORE 6056 RIO MADEIRA,5464
153251,RUA S 176 MARIO ANDRAEZZA,968,153251,RUA S 176 MARIO ANDREAZZA,9058
153251,RUA S 176 MARIO ANDRAEZZA,968,145665,RUA L 44 MARIO ANDREAZZA,6425
153251,RUA S 176 MARIO ANDRAEZZA,968,158044,RUA Z 59 MARIO ANDREAZZA,7656
153251,RUA S 176 MARIO ANDRAEZZA,968,142541,RUA I 44 MARIO ANDREAZZA,4507
153251,RUA S 176 MARIO ANDRAEZZA,968,146124,RUA M 259 MARIO ANDREAZZA,6580
660167,RODOIVA BR 364l 30 SENA MADURdIRA,969,660167,RODOVIA BR 364 30 SENA MADUREIRA,7439
660167,RODOIVA BR 364l 30 SENA MADURdIRA,969,666226,RODOVIA 364 29 FLORESTA DOS MOGNO,9886
660167,RODOIVA BR 364l 30 SENA MADURdIRA,969,429333,RODOVIA BR 364 1510 SALSALITO,7667
660167,RODOIVA BR 364l 30 SENA MADURdIRA,969,219492,RODOVIA BR 364 9 LAGOA,8864
660167,RODOIVA BR 364l 30 SENA MADURdIRA,969,415706,ESTRADA SARACURA 9 PA BURITI,9120
1053438,RUA CURUREPA 5 MONTE DAS OLIVEIRS,970,1053438,RUA CURUREPA 5 MONTE DAS OLIVEIRAS,5091
1053438,RUA CURUREPA 5 MONTE DAS OLIVEIRS,970,1022416,RUA BURITIZAL 8 MONTE DAS OLIVEIRAS,6627
1053438,RUA CURUREPA 5 MONTE DAS OLIVEIRS,970,1030050,RUA CARAUARI 15 MONTE DAS OLIVEIRAS,4380
1053438,RUA CURUREPA 5 MONTE DAS OLIVEIRS,970,1006594,RUA BAGUACU 458 MONTE DAS OLIVEIRAS,1026
1053438,RUA CURUREPA 5 MONTE DAS OLIVEIRS,970,47275,RUA 0LINTO FOLI 4013 VILAGE DO SOL,9964
250913,URA DS ANDRADES 9173 SAO FRjCISCO,971,937467,BECO SAO JOSE 35 GLORIA,2271
250913,URA DS ANDRADES 9173 SAO FRjCISCO,971,937814,BECO SAO JOSE 138 GLORIA,784
250913,URA DS ANDRADES 9173 SAO FRjCISCO,971,938165,BECO SAO LAZARO 63 SAO GERALDO,1900
250913,URA DS ANDRADES 9173 SAO FRjCISCO,971,937828,BECO SAO JOSE 155 GLORIA,6563
250913,URA DS ANDRADES 9173 SAO FRjCISCO,971,937083,BECO SAO JORGE 161 SAO RAIMUNDO,2943
1098556,RUA FGUERDEO 18 ZUMBI DOS PALMARES,972,1098556,RUA FIGUEREDO 18 ZUMBI DOS PALMARES,7729
1098556,RUA FGUERDEO 18 ZUMBI DOS PALMARES,972,1128846,RUA JAURI 19 ZUMBI DOS PALMARES,1689
1098556,RUA FGUERDEO 18 ZUMBI DOS PALMARES,972,1111823,RUA HELOISA 60 ZUMBI DOS PALMARES,552
1098556,RUA FGUERDEO 18 ZUMBI DOS PALMARES,972,1149282,RUA LUIZ VEZON 20 ZUMBI DOS PALMARES,8365
1098556,RUA FGUERDEO 18 ZUMBI DOS PALMARES,972,1066016,RUA DAS PALMEIRAS 40 ZUMBI DOS PALMARES,1643
623058,TRAVESA CAPIXABA CAPIXABA 265 PALHEIRAL,973,623058,TRAVESSA CAPIXABA 265 PALHEIRAL,6867
623058,TRAVESA CAPIXABA CAPIXABA 265 PALHEIRAL,973,623073,TRAVESSA CAPIXABA 533 SANTA MARIA,5225
623058,TRAVESA CAPIXABA CAPIXABA 265 PALHEIRAL,973,632101,TRAVESSA SERGIPE 61 CAPOEIRA,8948
623058,TRAVESA CAPIXABA CAPIXABA 265 PALHEIRAL,973,128229,LINHA ITAPIREMA 50 LINHA ITAPIREMA,2735
623058,TRAVESA CAPIXABA CAPIXABA 265 PALHEIRAL,973,736727,LAGO PACATUBA 42 PACATUBA,7570
133713,UA CASCAVEL CASCAVEL 1380 VLPARAIOS,974,37342,TRAVESSAO SODAP 12 ARIQUEMES,4162
133713,UA CASCAVEL CASCAVEL 1380 VLPARAIOS,974,128365,LINHA NAZARE 2 4000 NAZARE,9469
133713,UA CASCAVEL CASCAVEL 1380 VLPARAIOS,974,630272,TRAVESSA PIAUI 27 MONTANHES,5880
133713,UA CASCAVEL CASCAVEL 1380 VLPARAIOS,974,418154,TRAVESSAO C 18B 25 BUITIS,7220
133713,UA CASCAVEL CASCAVEL 1380 VLPARAIOS,974,911592,BECO BECO BURITI 20 COMPENSA,737
92653,LINH 05 3538 ESPIGAO DO OESTE,975,92653,LINHA 05 3538 ESPIGAO DO OESTE,4194
92653,LINH 05 3538 ESPIGAO DO OESTE,975,216801,BECO DO MACIEL 937 BAIXA UNIAO,2665
92653,LINH 05 3538 ESPIGAO DO OESTE,975,173585,LINHA LH MA 35 21 MACHADINHO DO OETE,3363
92653,LINH 05 3538 ESPIGAO DO OESTE,975,912125,BECO BELA VISTA 4 REDENCAO,410
92653,LINH 05 3538 ESPIGAO DO OESTE,975,922548,BECO LADISLAU 18 REDENCAO,6034
35935,LINHA SEM DENOMINACAO 3 POVOADO D 4 CACHOEIRA,976,35935,LINHA SEM DENOMINACAO 3 POVOADO D 4 CACHOEIRA,3087
35935,LINHA SEM DENOMINACAO 3 POVOADO D 4 CACHOEIRA,976,451007,LINHA SEM DENOMINACAO 2 1051 ZONA RURAL,6477
35935,LINHA SEM DENOMINACAO 3 POVOADO D 4 CACHOEIRA,976,451009,LINHA SEM DENOMINACAO 2 1081 ZONA RURAL,6567
35935,LINHA SEM DENOMINACAO 3 POVOADO D 4 CACHOEIRA,976,417065,LINHA SEM DENOMINACAO 7 67 PA BURITIS,3562
35935,LINHA SEM DENOMINACAO 3 POVOADO D 4 CACHOEIRA,976,416989,LINHA SEM DENOMINACAO 112 PA RIO ALTO,4927
52218,RUA ERNESTO DE LAZARI 3875 TEíXEIRAO,977,52218,RUA ERNESTO DE LAZARI 3875 TEIXEIRAO,6817
52218,RUA ERNESTO DE LAZARI 3875 TEíXEIRAO,977,301175,RUA RODOLFO AMOEDO 5383 TEIXEIRAO,8637
52218,RUA ERNESTO DE LAZARI 3875 TEíXEIRAO,977,55922,RUA LOURIVAL MARTINS VIEIRA 3838 TEIXEIRAO,7923
52218,RUA ERNESTO DE LAZARI 3875 TEíXEIRAO,977,58149,RUA PEDRO SPAGNOL 3985 TEIXEIRAO,4459
52218,RUA ERNESTO DE LAZARI 3875 TEíXEIRAO,977,272396,RUA JOAQUIM BRITO 8447 TEIXEIRAO,3999
160423,RUA PADRE SILVIO MICHELLUZI 1752 NVOA BRASzILIA,978,160423,RUA PADRE SILVIO MICHELLUZI 1752 NOVA BRASILIA,9576
160423,RUA PADRE SILVIO MICHELLUZI 1752 NVOA BRASzILIA,978,160429,RUA PADRE SILVIO MICHELLUZI 1818 NOVA BRASILIA,8586
160423,RUA PADRE SILVIO MICHELLUZI 1752 NVOA BRASzILIA,978,160398,RUA PADRE SILVIO MICHELLUZI 1439 NOVA BRASILIA,2926
160423,RUA PADRE SILVIO MICHELLUZI 1752 NVOA BRASzILIA,978,151487,RUA RANIERI MAZZILLI 762 RIACHUELO,6376
160423,RUA PADRE SILVIO MICHELLUZI 1752 NVOA BRASzILIA,978,146005,RUA LUIZ MUZAMBINHO 2133 NOVA BRASILIA,232
784438,AVEfNIDA CURIO CURIO 42 VILA DO LIMAO,979,784438,AVENIDA CURIO 42 VILA DO LIMAO,1918
784438,AVEfNIDA CURIO CURIO 42 VILA DO LIMAO,979,980375,RUA ACACIA DOURADA 77 COLONIA TERRA NOVA,4585
784438,AVEfNIDA CURIO CURIO 42 VILA DO LIMAO,979,910924,BECO ARTUR VIRGILIO 94 VILA DA PRATA,6644
784438,AVEfNIDA CURIO CURIO 42 VILA DO LIMAO,979,792909,RIO COSTA DO CATALAO 1104 COM NSSA SENHORA P SOCORRO,1451
784438,AVEfNIDA CURIO CURIO 42 VILA DO LIMAO,979,1052341,RUA CURIO 39 SAO JOSE OPERARIO,4238
970965,RUA 5 JUNHO 1080 GILvERTk MESTRINHO,980,970965,RUA 5 DE JUNHO 1080 GILBERTO MESTRINHO,7474
970965,RUA 5 JUNHO 1080 GILvERTk MESTRINHO,980,1005697,RUA B0M JARDIM 582 GILBERTO MESTRINHO,1771
970965,RUA 5 JUNHO 1080 GILvERTk MESTRINHO,980,1098637,RUA FILADELFIA 161 GILBERTO MESTRINHO,3359
970965,RUA 5 JUNHO 1080 GILvERTk MESTRINHO,980,620430,RUA VETERANO R PINTO 136 MANOEL JULIAO,2055
970965,RUA 5 JUNHO 1080 GILvERTk MESTRINHO,980,985606,RUA ALENKER 118 GILBERTO MESTRINHO,4923
414888,RUA SAO FRANSICO OD GUãPORE 1212 07,981,617456,RUA SAO CRISTOVAO 143 DAL PASQUALE,6757
414888,RUA SAO FRANSICO OD GUãPORE 1212 07,981,377917,RUA GUAPORE 635 PARQUE IND SAO PAULO,6586
414888,RUA SAO FRANSICO OD GUãPORE 1212 07,981,414888,RUA SAO FRANSICO DO GUAPORE 1212 SETOR 07,230
414888,RUA SAO FRANSICO OD GUãPORE 1212 07,981,144084,RUA JOAO GOULART 401 RIACHUELO,9565
414888,RUA SAO FRANSICO OD GUãPORE 1212 07,981,1068507,RUA DESENOVE 6 SAO JOSE OPERARIO,9526
850367,ALAMEDA ALAMEDA 367 AZLU,982,850367,ALAMEDA A 367 LAGO AZUL,8949
850367,ALAMEDA ALAMEDA 367 AZLU,982,637662,RAMAL PICAREIRA 520 AMAPA,9958
850367,ALAMEDA ALAMEDA 367 AZLU,982,851689,ALAMEDA ITALIA 82 CHAPADA,8757
850367,ALAMEDA ALAMEDA 367 AZLU,982,535900,ALAMEDA MANACAIAS 358 CHACARA IPE,182
850367,ALAMEDA ALAMEDA 367 AZLU,982,852178,ALAMEDA TUCUMA 104 FLORES,9803
386106,RUA GENERLA OSORIO 664 BAIROR SAO JOSE,983,386106,RUA GENERAL OSORIO 664 BAIRRO SAO JOSE,6937
386106,RUA GENERLA OSORIO 664 BAIROR SAO JOSE,983,88256,RUA JERUSALEM 2026 BAIRRO SAO JOSE,3896
386106,RUA GENERLA OSORIO 664 BAIROR SAO JOSE,983,88260,RUA JERUSALEM 2041 BAIRRO SAO JOSE,5507
386106,RUA GENERLA OSORIO 664 BAIROR SAO JOSE,983,88251,RUA JERUSALEM 2006 BAIRRO SAO JOSE,4563
386106,RUA GENERLA OSORIO 664 BAIROR SAO JOSE,983,840990,RUA VALDEMAR VENTURA 2383 SAO JOSE,1471
920716,BECO BECO GUARIUBA 36 MONTE DAS OLIVEIRAS,984,920716,BECO GUARIUBA 36 MONTE DAS OLIVEIRAS,8358
920716,BECO BECO GUARIUBA 36 MONTE DAS OLIVEIRAS,984,920715,BECO GUARIUBA 28 MONTE DAS OLIVEIRAS,1095
920716,BECO BECO GUARIUBA 36 MONTE DAS OLIVEIRAS,984,928987,BECO SAO LOURENCO 6 MONTE DAS OLIVEIRAS,7908
920716,BECO BECO GUARIUBA 36 MONTE DAS OLIVEIRAS,984,1031826,RUA CARNAUBA 11 MONTE DAS OLIVEIRAS,6268
920716,BECO BECO GUARIUBA 36 MONTE DAS OLIVEIRAS,984,1107912,RUA GUACA 192 MONTE DAS OLIVEIRAS,648
813483,RhA FLAVIO QUsIROZ 898 NOVO REMAyNqSO,985,817635,TRAVESSA RAMUNDO AMADEU MAIA 21 ACANAUE,9479
813483,RhA FLAVIO QUsIROZ 898 NOVO REMAyNqSO,985,506379,TRAVESSA JOAQUIM ESTEVAO 22 SABOEIRO,5408
813483,RhA FLAVIO QUsIROZ 898 NOVO REMAyNqSO,985,626871,TRAVESSA HEROS 14 ADALBERTO ARAGAO,9144
813483,RhA FLAVIO QUsIROZ 898 NOVO REMAyNqSO,985,505850,TRAVESSA CARLOS O. DE FARIAS 1198 CRUZEIRAO,8278
813483,RhA FLAVIO QUsIROZ 898 NOVO REMAyNqSO,985,888523,AVENIDA PENETRACAO UM 1311 JAPIIM,1022
598601,RUA RAIMUNDO MATOS DE MELO 474 MANOEL kJULIAO,986,598601,RUA RAIMUNDO MATOS DE MELO 474 MANOEL JULIAO,1709
598601,RUA RAIMUNDO MATOS DE MELO 474 MANOEL kJULIAO,986,598540,RUA RAIMUNDO MATOS DE MELO 448 MANOEL JULIAO,1198
598601,RUA RAIMUNDO MATOS DE MELO 474 MANOEL kJULIAO,986,598553,RUA RAIMUNDO MATOS DE MELO 448 MANOEL JULIAO,7612
598601,RUA RAIMUNDO MATOS DE MELO 474 MANOEL kJULIAO,986,554499,RUA AURELIANO LOPES 228 MANOEL JULIAO,6141
598601,RUA RAIMUNDO MATOS DE MELO 474 MANOEL kJULIAO,986,584698,RUA LUIS Z DA SILVA 248 MANOEL JULIAO,3806
594846,RUAPLAIDO DE CASTRO 103 TANCREDO NEVES,987,594846,RUA PLACIDO DE CASTRO 103 TANCREDO NEVES,1845
594846,RUAPLAIDO DE CASTRO 103 TANCREDO NEVES,987,594838,RUA PLACIDO DE CASTRO 93 TANCREDO NEVES,9458
594846,RUAPLAIDO DE CASTRO 103 TANCREDO NEVES,987,1106388,RUA GIRASSOL 23 TANCREDO NEVES,892
594846,RUAPLAIDO DE CASTRO 103 TANCREDO NEVES,987,1103966,RUA GAIVOTA 449 TANCREDO NEVES,9057
594846,RUAPLAIDO DE CASTRO 103 TANCREDO NEVES,987,1032932,RUA CASTANHO 142 TANCREDO NEVES,2306
23436,RûA LAJS 5099 NOVE,988,173239,LINHA 50 273 MACHADINHO,1432
23436,RûA LAJS 5099 NOVE,988,173617,LINHA LH MP 07 7 DISTRITO 5 BEC,8919
23436,RûA LAJS 5099 NOVE,988,693230,RAMAL DA JOSEFA 1740 JOSEFA,2007
23436,RûA LAJS 5099 NOVE,988,175554,LINHA TB 10 869 MACHADIHO,4766
23436,RûA LAJS 5099 NOVE,988,174072,LINHA LJ 9 270 MACHADIHO,2317
765926,RUA VEREADOR CHAGAS MATTOS 387 NOcA ESPERACNA,989,765926,RUA VEREADOR CHAGAS MATTOS 387 NOVA ESPERANCA,3355
765926,RUA VEREADOR CHAGAS MATTOS 387 NOcA ESPERACNA,989,765827,RUA VEREADOR AGNELO FERREIRA 218 VARZEA,7681
765926,RUA VEREADOR CHAGAS MATTOS 387 NOcA ESPERACNA,989,765746,RUA VEREADOR AGNELO FERREIRA 12 VARZEA,2487
765926,RUA VEREADOR CHAGAS MATTOS 387 NOcA ESPERACNA,989,1105614,RUA GETULIO VARGAS 68 CIDADE NOVA,7893
765926,RUA VEREADOR CHAGAS MATTOS 387 NOcA ESPERACNA,989,765767,RUA VEREADOR AGNELO FERREIRA 75 VARZEA,3395
443702,LINA c110 35 None,990,121153,LINHA 632 50 None,8343
443702,LINA c110 35 None,990,443702,LINHA 110 35 None,7162
443702,LINA c110 35 None,990,424189,LINHA C 22 15 None,3436
443702,LINA c110 35 None,990,120745,LINHA 627 941 None,5062
443702,LINA c110 35 None,990,423463,LINHA 02 17 None,3913
96557,AVENIDA ODMINGOS fORREA DE ARAUJO 3080 GUAJARA MIRIM,991,96557,AVENIDA DOMINGOS CORREA DE ARAUJO 3080 GUAJARA MIRIM,7383
96557,AVENIDA ODMINGOS fORREA DE ARAUJO 3080 GUAJARA MIRIM,991,97589,AVENIDA FIRMO DE MATOS 1533 GUAJARA MIRIM,2804
96557,AVENIDA ODMINGOS fORREA DE ARAUJO 3080 GUAJARA MIRIM,991,101705,AVENIDA SALOMAO JUSTINIANO MELGAR 3777 GUAJARA MIRIM,5614
96557,AVENIDA ODMINGOS fORREA DE ARAUJO 3080 GUAJARA MIRIM,991,97777,AVENIDA GETULIO VARGAS 849 GUAJARA MIRIM,1802
96557,AVENIDA ODMINGOS fORREA DE ARAUJO 3080 GUAJARA MIRIM,991,98193,AVENIDA JOSE CARDOSO ALVES 2640 GUAJARA MIRIM,3367
394168,AVENIDA RAIMUbDO BRASILEIRO 3514 JOeE,992,394168,AVENIDA RAIMUNDO BRASILEIRO 3514 SAO JOSE,555
394168,AVENIDA RAIMUbDO BRASILEIRO 3514 JOeE,992,74522,AVENIDA SOLIMOES 3613 JO SATO,5869
394168,AVENIDA RAIMUbDO BRASILEIRO 3514 JOeE,992,366281,AVENIDA MELVIM JONES 441 BODANESE,7329
394168,AVENIDA RAIMUbDO BRASILEIRO 3514 JOeE,992,394207,AVENIDA RAIMUNDO BRASILEIRO 3990 SAO JOSE,285
394168,AVENIDA RAIMUbDO BRASILEIRO 3514 JOeE,992,210271,AVENIDA MAMORE 5162 TEIXEIRAO,8807
97777,AVENIDA GETULIO ARGASm 849 UAJARA MIRIM,993,97777,AVENIDA GETULIO VARGAS 849 GUAJARA MIRIM,1802
97777,AVENIDA GETULIO ARGASm 849 UAJARA MIRIM,993,97589,AVENIDA FIRMO DE MATOS 1533 GUAJARA MIRIM,2804
97777,AVENIDA GETULIO ARGASm 849 UAJARA MIRIM,993,97919,AVENIDA GUAPORE 1842 GUAJARA MIRIM,970
97777,AVENIDA GETULIO ARGASm 849 UAJARA MIRIM,993,101705,AVENIDA SALOMAO JUSTINIANO MELGAR 3777 GUAJARA MIRIM,5614
97777,AVENIDA GETULIO ARGASm 849 UAJARA MIRIM,993,103848,AVENIDA MARECHAL DEODORO 1620 GUAJARA MIRIM,2171
214613,AVENIDA SETE DE 5098 AGENOR M DE CARVALHO,994,214613,AVENIDA SETE DE SETEMBRO 5098 AGENOR M DE CARVALHO,6035
214613,AVENIDA SETE DE 5098 AGENOR M DE CARVALHO,994,207988,AVENIDA GUAPORE 3775 AGENOR M DE CARVALHO,1097
214613,AVENIDA SETE DE 5098 AGENOR M DE CARVALHO,994,214614,AVENIDA SETE DE SETEMBRO 5118 AGENOR M DE CARVALHO,6977
214613,AVENIDA SETE DE 5098 AGENOR M DE CARVALHO,994,211931,AVENIDA RAIMUNDO CANTUARIA 4441 AGENOR M DE CARVALHO,8373
214613,AVENIDA SETE DE 5098 AGENOR M DE CARVALHO,994,211850,AVENIDA RAIMUNDO CANTUARIA 4151 AGENOR M DE CARVALHO,6506
661796,RUAq ELCIAS ELCIAS C ALBUQUERQUE 13 AVELINk LEAL,995,661796,RUA ELCIAS C ALBUQUERQUE 13 AVELINO LEAL,1186
661796,RUAq ELCIAS ELCIAS C ALBUQUERQUE 13 AVELINk LEAL,995,661829,RUA ELCIAS C ALBUQUERQUE 250 AVELINO LEAL,7976
661796,RUAq ELCIAS ELCIAS C ALBUQUERQUE 13 AVELINk LEAL,995,661869,RUA ELCIAS CUNHA DE ALBUQUERQUE 65 AVELINO LEAL,6206
661796,RUAq ELCIAS ELCIAS C ALBUQUERQUE 13 AVELINk LEAL,995,747651,RUA LEONCIO SALINGNAC 199 TAUA MIRIM,724
661796,RUAq ELCIAS ELCIAS C ALBUQUERQUE 13 AVELINk LEAL,995,318874,RUA CAPITAO NATANAEL AGUILAR 1631 AGENOR M DE CARVALHO,4435
1116920,RUA ILHA BELA 23 GILBeERTO GILBeERTO MESTRINHO,996,1116920,RUA ILHA BELA 23 GILBERTO MESTRINHO,7374
1116920,RUA ILHA BELA 23 GILBeERTO GILBeERTO MESTRINHO,996,1098637,RUA FILADELFIA 161 GILBERTO MESTRINHO,3359
1116920,RUA ILHA BELA 23 GILBeERTO GILBeERTO MESTRINHO,996,1093611,RUA ESPERANCA 88 GILBERTO MESTRINHO,6105
1116920,RUA ILHA BELA 23 GILBeERTO GILBeERTO MESTRINHO,996,1074011,RUA DIAMANTINA 263 GILBERTO MESTRINHO,6352
1116920,RUA ILHA BELA 23 GILBeERTO GILBeERTO MESTRINHO,996,910924,BECO ARTUR VIRGILIO 94 VILA DA PRATA,6644
60010,RUlA RIU BARBOSA 3243 BAIRRO FLORESTA,997,60010,RUA RUI BARBOSA 3243 BAIRRO FLORESTA,6650
60010,RUlA RIU BARBOSA 3243 BAIRRO FLORESTA,997,48499,RUA ANITA GARIBALDI 2086 BAIRRO FLORESTA,8277
60010,RUlA RIU BARBOSA 3243 BAIRRO FLORESTA,997,59979,RUA RUI BARBOSA 3115 BAIRRO FLORESTA,5164
60010,RUlA RIU BARBOSA 3243 BAIRRO FLORESTA,997,49266,RUA ANTONIO DEODATO DURCE 3701 BAIRRO FLORESTA,5332
60010,RUlA RIU BARBOSA 3243 BAIRRO FLORESTA,997,48540,RUA ANITA GARIBALDI 2471 BAIRRO FLORESTA,2289
857520,AVENIDA BEIJA BEIJA FLO 25 JORGE TEXêIRA 1 ETP,998,857520,AVENIDA BEIJA FLOR 25 JORGE TEXEIRA 1 ETP,209
857520,AVENIDA BEIJA BEIJA FLO 25 JORGE TEXêIRA 1 ETP,998,1009722,RUA BEIJA FLOR 125 JORGE TEIXEIRA,753
857520,AVENIDA BEIJA BEIJA FLO 25 JORGE TEXêIRA 1 ETP,998,1006731,RUA BALEIA 24 JORGE TEIXEIRA 3 ETAPA,6153
857520,AVENIDA BEIJA BEIJA FLO 25 JORGE TEXêIRA 1 ETP,998,889206,AVENIDA PISTA DA RAQUETE 43 JORGE TEIXEIRA,7539
857520,AVENIDA BEIJA BEIJA FLO 25 JORGE TEXêIRA 1 ETP,998,895880,AVENIDA SUMARE 1433 JORGE TEIXEIRA COMUNIDADE VAL PARAISO,5082
675487,AVENIDA SAO JOAQUIM 1090 NETRO,999,675487,AVENIDA SAO JOAQUIM 1090 CENTRO,5469
675487,AVENIDA SAO JOAQUIM 1090 NETRO,999,830230,AVENIDA JOAO XXIII 1071 SAO FRANCISCO,1134
675487,AVENIDA SAO JOAQUIM 1090 NETRO,999,123231,AVENIDA ARACAJU 2068 SAO PEDRO,937
675487,AVENIDA SAO JOAQUIM 1090 NETRO,999,123425,AVENIDA ARACAJU 4930 SAO PEDRO,2195
675487,AVENIDA SAO JOAQUIM 1090 NETRO,999,908303,AVENIDA SAO PEDRO 140 TARUMA,8785
