execucao,tempo_busca,memoria_usada_busca_MB,modelo_index,modelo_embedding
1,0.084857702255249,0.625,scann,sentence-transformers/all-MiniLM-L6-v2
2,0.0769815444946289,0.0,scann,sentence-transformers/all-MiniLM-L6-v2
3,0.0758669376373291,0.0,scann,sentence-transformers/all-MiniLM-L6-v2
4,0.0758190155029296,0.0,scann,sentence-transformers/all-MiniLM-L6-v2
5,0.0766425132751464,0.0,scann,sentence-transformers/all-MiniLM-L6-v2
6,0.0756056308746337,0.0,scann,sentence-transformers/all-MiniLM-L6-v2
7,0.0761859416961669,0.0,scann,sentence-transformers/all-MiniLM-L6-v2
8,0.0770447254180908,0.0,scann,sentence-transformers/all-MiniLM-L6-v2
9,0.075186014175415,0.0,scann,sentence-transformers/all-MiniLM-L6-v2
10,0.0762979984283447,0.0,scann,sentence-transformers/all-MiniLM-L6-v2
11,0.0754625797271728,0.0,scann,sentence-transformers/all-MiniLM-L6-v2
12,0.0760543346405029,0.0,scann,sentence-transformers/all-MiniLM-L6-v2
13,0.0759210586547851,0.0,scann,sentence-transformers/all-MiniLM-L6-v2
14,0.0768818855285644,0.0,scann,sentence-transformers/all-MiniLM-L6-v2
15,0.07658052444458,0.0,scann,sentence-transformers/all-MiniLM-L6-v2
16,0.0756816864013671,0.0,scann,sentence-transformers/all-MiniLM-L6-v2
17,0.0759243965148925,0.0,scann,sentence-transformers/all-MiniLM-L6-v2
18,0.0758619308471679,0.0,scann,sentence-transformers/all-MiniLM-L6-v2
19,0.0759334564208984,0.0,scann,sentence-transformers/all-MiniLM-L6-v2
20,0.0755872726440429,0.0,scann,sentence-transformers/all-MiniLM-L6-v2
21,0.0766971111297607,0.0,scann,sentence-transformers/all-MiniLM-L6-v2
22,0.0762515068054199,0.0,scann,sentence-transformers/all-MiniLM-L6-v2
23,0.0758264064788818,0.0,scann,sentence-transformers/all-MiniLM-L6-v2
24,0.0757241249084472,0.0,scann,sentence-transformers/all-MiniLM-L6-v2
25,0.0770015716552734,0.0,scann,sentence-transformers/all-MiniLM-L6-v2
26,0.0763959884643554,0.0,scann,sentence-transformers/all-MiniLM-L6-v2
27,0.0767836570739746,0.0,scann,sentence-transformers/all-MiniLM-L6-v2
28,0.0783307552337646,0.0,scann,sentence-transformers/all-MiniLM-L6-v2
29,0.0756988525390625,0.0,scann,sentence-transformers/all-MiniLM-L6-v2
30,0.0760822296142578,0.0,scann,sentence-transformers/all-MiniLM-L6-v2
31,0.0757029056549072,0.0,scann,sentence-transformers/all-MiniLM-L6-v2
32,0.0753710269927978,0.0,scann,sentence-transformers/all-MiniLM-L6-v2
33,0.0771205425262451,0.0,scann,sentence-transformers/all-MiniLM-L6-v2
34,0.0766854286193847,0.0,scann,sentence-transformers/all-MiniLM-L6-v2
35,0.0765986442565918,0.0,scann,sentence-transformers/all-MiniLM-L6-v2
36,0.0759634971618652,0.0,scann,sentence-transformers/all-MiniLM-L6-v2
37,0.0759596824645996,0.0,scann,sentence-transformers/all-MiniLM-L6-v2
38,0.0754001140594482,0.0,scann,sentence-transformers/all-MiniLM-L6-v2
39,0.0761706829071044,0.0,scann,sentence-transformers/all-MiniLM-L6-v2
40,0.0763165950775146,0.0,scann,sentence-transformers/all-MiniLM-L6-v2
41,0.0774667263031005,0.0,scann,sentence-transformers/all-MiniLM-L6-v2
42,0.0758199691772461,0.0,scann,sentence-transformers/all-MiniLM-L6-v2
43,0.0764391422271728,0.0,scann,sentence-transformers/all-MiniLM-L6-v2
44,0.0755605697631836,0.0,scann,sentence-transformers/all-MiniLM-L6-v2
45,0.0764391422271728,0.0,scann,sentence-transformers/all-MiniLM-L6-v2
46,0.0750999450683593,0.0,scann,sentence-transformers/all-MiniLM-L6-v2
47,0.0764532089233398,0.0,scann,sentence-transformers/all-MiniLM-L6-v2
48,0.0765857696533203,0.0,scann,sentence-transformers/all-MiniLM-L6-v2
49,0.0753571987152099,0.0,scann,sentence-transformers/all-MiniLM-L6-v2
50,0.0756926536560058,0.0,scann,sentence-transformers/all-MiniLM-L6-v2
51,0.0764610767364502,0.0,scann,sentence-transformers/all-MiniLM-L6-v2
52,0.075402021408081,0.0,scann,sentence-transformers/all-MiniLM-L6-v2
53,0.0755064487457275,0.0,scann,sentence-transformers/all-MiniLM-L6-v2
54,0.0780351161956787,0.0,scann,sentence-transformers/all-MiniLM-L6-v2
55,0.0763802528381347,0.0,scann,sentence-transformers/all-MiniLM-L6-v2
56,0.0755975246429443,0.0,scann,sentence-transformers/all-MiniLM-L6-v2
57,0.075803518295288,0.0,scann,sentence-transformers/all-MiniLM-L6-v2
58,0.075533390045166,0.0,scann,sentence-transformers/all-MiniLM-L6-v2
59,0.0759425163269043,0.0,scann,sentence-transformers/all-MiniLM-L6-v2
60,0.0754697322845459,0.0,scann,sentence-transformers/all-MiniLM-L6-v2
61,0.0764899253845214,0.0,scann,sentence-transformers/all-MiniLM-L6-v2
62,0.075742483139038,0.0,scann,sentence-transformers/all-MiniLM-L6-v2
63,0.0755715370178222,0.0,scann,sentence-transformers/all-MiniLM-L6-v2
64,0.0754761695861816,0.0,scann,sentence-transformers/all-MiniLM-L6-v2
65,0.0753183364868164,0.0,scann,sentence-transformers/all-MiniLM-L6-v2
66,0.0752327442169189,0.0,scann,sentence-transformers/all-MiniLM-L6-v2
67,0.0769000053405761,0.0,scann,sentence-transformers/all-MiniLM-L6-v2
68,0.0767254829406738,0.0,scann,sentence-transformers/all-MiniLM-L6-v2
69,0.0758032798767089,0.0,scann,sentence-transformers/all-MiniLM-L6-v2
70,0.0759112834930419,0.0,scann,sentence-transformers/all-MiniLM-L6-v2
71,0.0753171443939209,0.0,scann,sentence-transformers/all-MiniLM-L6-v2
72,0.075439453125,0.0,scann,sentence-transformers/all-MiniLM-L6-v2
73,0.0761518478393554,0.0,scann,sentence-transformers/all-MiniLM-L6-v2
74,0.0771446228027343,0.0,scann,sentence-transformers/all-MiniLM-L6-v2
75,0.0763506889343261,0.0,scann,sentence-transformers/all-MiniLM-L6-v2
76,0.0762453079223632,0.0,scann,sentence-transformers/all-MiniLM-L6-v2
77,0.0760607719421386,0.0,scann,sentence-transformers/all-MiniLM-L6-v2
78,0.0759150981903076,0.0,scann,sentence-transformers/all-MiniLM-L6-v2
79,0.0757019519805908,0.0,scann,sentence-transformers/all-MiniLM-L6-v2
80,0.0769240856170654,0.0,scann,sentence-transformers/all-MiniLM-L6-v2
81,0.0769929885864257,0.0,scann,sentence-transformers/all-MiniLM-L6-v2
82,0.0756423473358154,0.0,scann,sentence-transformers/all-MiniLM-L6-v2
83,0.0755314826965332,0.0,scann,sentence-transformers/all-MiniLM-L6-v2
84,0.075895071029663,0.0,scann,sentence-transformers/all-MiniLM-L6-v2
85,0.0758974552154541,0.0,scann,sentence-transformers/all-MiniLM-L6-v2
86,0.0761933326721191,0.0,scann,sentence-transformers/all-MiniLM-L6-v2
87,0.0761637687683105,0.0,scann,sentence-transformers/all-MiniLM-L6-v2
88,0.0764319896697998,0.0,scann,sentence-transformers/all-MiniLM-L6-v2
89,0.075984239578247,0.0,scann,sentence-transformers/all-MiniLM-L6-v2
90,0.07550048828125,0.0,scann,sentence-transformers/all-MiniLM-L6-v2
91,0.0761103630065918,0.0,scann,sentence-transformers/all-MiniLM-L6-v2
92,0.0761060714721679,0.0,scann,sentence-transformers/all-MiniLM-L6-v2
93,0.0768013000488281,0.0,scann,sentence-transformers/all-MiniLM-L6-v2
94,0.0768477916717529,0.0,scann,sentence-transformers/all-MiniLM-L6-v2
95,0.07615327835083,0.0,scann,sentence-transformers/all-MiniLM-L6-v2
96,0.0758273601531982,0.0,scann,sentence-transformers/all-MiniLM-L6-v2
97,0.0755746364593505,0.0,scann,sentence-transformers/all-MiniLM-L6-v2
98,0.0754561424255371,0.0,scann,sentence-transformers/all-MiniLM-L6-v2
99,0.0758993625640869,0.0,scann,sentence-transformers/all-MiniLM-L6-v2
100,0.0756728649139404,0.0,scann,sentence-transformers/all-MiniLM-L6-v2
1,0.0784180164337158,0.0,scann,sentence-transformers/all-MiniLM-L6-v2
2,0.0755689144134521,0.0,scann,sentence-transformers/all-MiniLM-L6-v2
3,0.0756599903106689,0.0,scann,sentence-transformers/all-MiniLM-L6-v2
4,0.0757310390472412,0.0,scann,sentence-transformers/all-MiniLM-L6-v2
5,0.076343297958374,0.0,scann,sentence-transformers/all-MiniLM-L6-v2
6,0.079153299331665,0.0,scann,sentence-transformers/all-MiniLM-L6-v2
7,0.0788795948028564,0.0,scann,sentence-transformers/all-MiniLM-L6-v2
8,0.0779199600219726,0.0,scann,sentence-transformers/all-MiniLM-L6-v2
9,0.0775842666625976,0.0,scann,sentence-transformers/all-MiniLM-L6-v2
10,0.0777730941772461,0.0,scann,sentence-transformers/all-MiniLM-L6-v2
11,0.0777745246887207,0.0,scann,sentence-transformers/all-MiniLM-L6-v2
12,0.0770156383514404,0.0,scann,sentence-transformers/all-MiniLM-L6-v2
13,0.0757248401641845,0.0,scann,sentence-transformers/all-MiniLM-L6-v2
14,0.076941967010498,0.0,scann,sentence-transformers/all-MiniLM-L6-v2
15,0.0759716033935546,0.0,scann,sentence-transformers/all-MiniLM-L6-v2
16,0.0759544372558593,0.0,scann,sentence-transformers/all-MiniLM-L6-v2
17,0.0753755569458007,0.0,scann,sentence-transformers/all-MiniLM-L6-v2
18,0.0765016078948974,0.0,scann,sentence-transformers/all-MiniLM-L6-v2
19,0.0766289234161377,0.0,scann,sentence-transformers/all-MiniLM-L6-v2
20,0.077221393585205,0.0,scann,sentence-transformers/all-MiniLM-L6-v2
21,0.0769565105438232,0.0,scann,sentence-transformers/all-MiniLM-L6-v2
22,0.0757701396942138,0.0,scann,sentence-transformers/all-MiniLM-L6-v2
23,0.076040506362915,0.0,scann,sentence-transformers/all-MiniLM-L6-v2
24,0.0761961936950683,0.0,scann,sentence-transformers/all-MiniLM-L6-v2
25,0.0780353546142578,0.0,scann,sentence-transformers/all-MiniLM-L6-v2
26,0.0763893127441406,0.0,scann,sentence-transformers/all-MiniLM-L6-v2
27,0.0773229598999023,0.0,scann,sentence-transformers/all-MiniLM-L6-v2
28,0.0768513679504394,0.0,scann,sentence-transformers/all-MiniLM-L6-v2
29,0.0759570598602294,0.0,scann,sentence-transformers/all-MiniLM-L6-v2
30,0.0757653713226318,0.0,scann,sentence-transformers/all-MiniLM-L6-v2
31,0.075671911239624,0.0,scann,sentence-transformers/all-MiniLM-L6-v2
32,0.0773098468780517,0.0,scann,sentence-transformers/all-MiniLM-L6-v2
33,0.076298713684082,0.0,scann,sentence-transformers/all-MiniLM-L6-v2
34,0.0772578716278076,0.0,scann,sentence-transformers/all-MiniLM-L6-v2
35,0.0754053592681884,0.0,scann,sentence-transformers/all-MiniLM-L6-v2
36,0.0754897594451904,0.0,scann,sentence-transformers/all-MiniLM-L6-v2
37,0.0765900611877441,0.0,scann,sentence-transformers/all-MiniLM-L6-v2
38,0.0755839347839355,0.0,scann,sentence-transformers/all-MiniLM-L6-v2
39,0.0762088298797607,0.0,scann,sentence-transformers/all-MiniLM-L6-v2
40,0.0768167972564697,0.0,scann,sentence-transformers/all-MiniLM-L6-v2
41,0.0765507221221923,0.0,scann,sentence-transformers/all-MiniLM-L6-v2
42,0.0762650966644287,0.0,scann,sentence-transformers/all-MiniLM-L6-v2
43,0.0760843753814697,0.0,scann,sentence-transformers/all-MiniLM-L6-v2
44,0.0763807296752929,0.0,scann,sentence-transformers/all-MiniLM-L6-v2
45,0.0771968364715576,0.0,scann,sentence-transformers/all-MiniLM-L6-v2
46,0.0761632919311523,0.0,scann,sentence-transformers/all-MiniLM-L6-v2
47,0.0766811370849609,0.0,scann,sentence-transformers/all-MiniLM-L6-v2
48,0.0758485794067382,0.0,scann,sentence-transformers/all-MiniLM-L6-v2
49,0.0753095149993896,0.0,scann,sentence-transformers/all-MiniLM-L6-v2
50,0.0752475261688232,0.0,scann,sentence-transformers/all-MiniLM-L6-v2
51,0.0762042999267578,0.0,scann,sentence-transformers/all-MiniLM-L6-v2
52,0.0762982368469238,0.0,scann,sentence-transformers/all-MiniLM-L6-v2
53,0.0769217014312744,0.0,scann,sentence-transformers/all-MiniLM-L6-v2
54,0.0766189098358154,0.0,scann,sentence-transformers/all-MiniLM-L6-v2
55,0.0755245685577392,0.0,scann,sentence-transformers/all-MiniLM-L6-v2
56,0.0752103328704834,0.0,scann,sentence-transformers/all-MiniLM-L6-v2
57,0.0756397247314453,0.0,scann,sentence-transformers/all-MiniLM-L6-v2
58,0.0764093399047851,0.0,scann,sentence-transformers/all-MiniLM-L6-v2
59,0.0770714282989502,0.0,scann,sentence-transformers/all-MiniLM-L6-v2
60,0.0769600868225097,0.0,scann,sentence-transformers/all-MiniLM-L6-v2
61,0.0762379169464111,0.0,scann,sentence-transformers/all-MiniLM-L6-v2
62,0.0763800144195556,0.0,scann,sentence-transformers/all-MiniLM-L6-v2
63,0.0757339000701904,0.0,scann,sentence-transformers/all-MiniLM-L6-v2
64,0.0763249397277832,0.0,scann,sentence-transformers/all-MiniLM-L6-v2
65,0.07552170753479,0.0,scann,sentence-transformers/all-MiniLM-L6-v2
66,0.0756072998046875,0.0,scann,sentence-transformers/all-MiniLM-L6-v2
67,0.0770165920257568,0.0,scann,sentence-transformers/all-MiniLM-L6-v2
68,0.0756855010986328,0.0,scann,sentence-transformers/all-MiniLM-L6-v2
69,0.075601577758789,0.0,scann,sentence-transformers/all-MiniLM-L6-v2
70,0.0754106044769287,0.0,scann,sentence-transformers/all-MiniLM-L6-v2
71,0.0759947299957275,0.0,scann,sentence-transformers/all-MiniLM-L6-v2
72,0.0768969058990478,0.0,scann,sentence-transformers/all-MiniLM-L6-v2
73,0.0764839649200439,0.0,scann,sentence-transformers/all-MiniLM-L6-v2
74,0.0759942531585693,0.0,scann,sentence-transformers/all-MiniLM-L6-v2
75,0.0761439800262451,0.0,scann,sentence-transformers/all-MiniLM-L6-v2
76,0.0758357048034668,0.0,scann,sentence-transformers/all-MiniLM-L6-v2
77,0.0756888389587402,0.0,scann,sentence-transformers/all-MiniLM-L6-v2
78,0.0763554573059082,0.0,scann,sentence-transformers/all-MiniLM-L6-v2
79,0.0757615566253662,0.0,scann,sentence-transformers/all-MiniLM-L6-v2
80,0.076345682144165,0.0,scann,sentence-transformers/all-MiniLM-L6-v2
81,0.0767087936401367,0.0,scann,sentence-transformers/all-MiniLM-L6-v2
82,0.0755538940429687,0.0,scann,sentence-transformers/all-MiniLM-L6-v2
83,0.0757122039794921,0.0,scann,sentence-transformers/all-MiniLM-L6-v2
84,0.0767734050750732,0.0,scann,sentence-transformers/all-MiniLM-L6-v2
85,0.0772364139556884,0.0,scann,sentence-transformers/all-MiniLM-L6-v2
86,0.0755736827850341,0.0,scann,sentence-transformers/all-MiniLM-L6-v2
87,0.0771589279174804,0.0,scann,sentence-transformers/all-MiniLM-L6-v2
88,0.0761504173278808,0.0,scann,sentence-transformers/all-MiniLM-L6-v2
89,0.0760626792907714,0.0,scann,sentence-transformers/all-MiniLM-L6-v2
90,0.0753967761993408,0.0,scann,sentence-transformers/all-MiniLM-L6-v2
91,0.0759665966033935,0.0,scann,sentence-transformers/all-MiniLM-L6-v2
92,0.0758306980133056,0.0,scann,sentence-transformers/all-MiniLM-L6-v2
93,0.0761384963989257,0.0,scann,sentence-transformers/all-MiniLM-L6-v2
94,0.0763177871704101,0.0,scann,sentence-transformers/all-MiniLM-L6-v2
95,0.0759563446044921,0.0,scann,sentence-transformers/all-MiniLM-L6-v2
96,0.0755512714385986,0.0,scann,sentence-transformers/all-MiniLM-L6-v2
97,0.0760867595672607,0.0,scann,sentence-transformers/all-MiniLM-L6-v2
98,0.0771100521087646,0.0,scann,sentence-transformers/all-MiniLM-L6-v2
99,0.0765678882598877,0.0,scann,sentence-transformers/all-MiniLM-L6-v2
100,0.0764238834381103,0.0,scann,sentence-transformers/all-MiniLM-L6-v2
1,0.078010082244873,0.0,scann,sentence-transformers/all-MiniLM-L6-v2
2,0.0783894062042236,0.0,scann,sentence-transformers/all-MiniLM-L6-v2
3,0.0774319171905517,0.0,scann,sentence-transformers/all-MiniLM-L6-v2
4,0.0773899555206298,0.0,scann,sentence-transformers/all-MiniLM-L6-v2
5,0.0785577297210693,0.0,scann,sentence-transformers/all-MiniLM-L6-v2
6,0.0784094333648681,0.0,scann,sentence-transformers/all-MiniLM-L6-v2
7,0.0779190063476562,0.0,scann,sentence-transformers/all-MiniLM-L6-v2
8,0.0772368907928466,0.0,scann,sentence-transformers/all-MiniLM-L6-v2
9,0.076749563217163,0.0,scann,sentence-transformers/all-MiniLM-L6-v2
10,0.0784826278686523,0.0,scann,sentence-transformers/all-MiniLM-L6-v2
11,0.078740119934082,0.0,scann,sentence-transformers/all-MiniLM-L6-v2
12,0.0769736766815185,0.0,scann,sentence-transformers/all-MiniLM-L6-v2
13,0.0774307250976562,0.0,scann,sentence-transformers/all-MiniLM-L6-v2
14,0.075538158416748,0.0,scann,sentence-transformers/all-MiniLM-L6-v2
15,0.0760285854339599,0.0,scann,sentence-transformers/all-MiniLM-L6-v2
16,0.075477123260498,0.0,scann,sentence-transformers/all-MiniLM-L6-v2
17,0.07554292678833,0.0,scann,sentence-transformers/all-MiniLM-L6-v2
18,0.0757920742034912,0.0,scann,sentence-transformers/all-MiniLM-L6-v2
19,0.0766336917877197,0.0,scann,sentence-transformers/all-MiniLM-L6-v2
20,0.0767128467559814,0.0,scann,sentence-transformers/all-MiniLM-L6-v2
21,0.0759456157684326,0.0,scann,sentence-transformers/all-MiniLM-L6-v2
22,0.0751805305480957,0.0,scann,sentence-transformers/all-MiniLM-L6-v2
23,0.0766859054565429,0.0,scann,sentence-transformers/all-MiniLM-L6-v2
24,0.0764062404632568,0.0,scann,sentence-transformers/all-MiniLM-L6-v2
25,0.0757923126220703,0.0,scann,sentence-transformers/all-MiniLM-L6-v2
26,0.0766947269439697,0.0,scann,sentence-transformers/all-MiniLM-L6-v2
27,0.076500654220581,0.0,scann,sentence-transformers/all-MiniLM-L6-v2
28,0.0757186412811279,0.0,scann,sentence-transformers/all-MiniLM-L6-v2
29,0.076169729232788,0.0,scann,sentence-transformers/all-MiniLM-L6-v2
30,0.0760965347290039,0.0,scann,sentence-transformers/all-MiniLM-L6-v2
31,0.0754666328430175,0.0,scann,sentence-transformers/all-MiniLM-L6-v2
32,0.0752222537994384,0.0,scann,sentence-transformers/all-MiniLM-L6-v2
33,0.0772585868835449,0.0,scann,sentence-transformers/all-MiniLM-L6-v2
34,0.0752193927764892,0.0,scann,sentence-transformers/all-MiniLM-L6-v2
35,0.0756726264953613,0.0,scann,sentence-transformers/all-MiniLM-L6-v2
36,0.0771198272705078,0.0,scann,sentence-transformers/all-MiniLM-L6-v2
37,0.0769629478454589,0.0,scann,sentence-transformers/all-MiniLM-L6-v2
38,0.0754084587097168,0.0,scann,sentence-transformers/all-MiniLM-L6-v2
39,0.076202392578125,0.0,scann,sentence-transformers/all-MiniLM-L6-v2
40,0.0764129161834716,0.0,scann,sentence-transformers/all-MiniLM-L6-v2
41,0.0755591392517089,0.0,scann,sentence-transformers/all-MiniLM-L6-v2
42,0.0756118297576904,0.0,scann,sentence-transformers/all-MiniLM-L6-v2
43,0.0758564472198486,0.0,scann,sentence-transformers/all-MiniLM-L6-v2
44,0.075441837310791,0.0,scann,sentence-transformers/all-MiniLM-L6-v2
45,0.075674295425415,0.0,scann,sentence-transformers/all-MiniLM-L6-v2
46,0.0768671035766601,0.0,scann,sentence-transformers/all-MiniLM-L6-v2
47,0.0763378143310546,0.0,scann,sentence-transformers/all-MiniLM-L6-v2
48,0.0756750106811523,0.0,scann,sentence-transformers/all-MiniLM-L6-v2
49,0.0758674144744873,0.0,scann,sentence-transformers/all-MiniLM-L6-v2
50,0.0768146514892578,0.0,scann,sentence-transformers/all-MiniLM-L6-v2
51,0.0753750801086425,0.0,scann,sentence-transformers/all-MiniLM-L6-v2
52,0.0765371322631836,0.0,scann,sentence-transformers/all-MiniLM-L6-v2
53,0.0772004127502441,0.0,scann,sentence-transformers/all-MiniLM-L6-v2
54,0.0761408805847168,0.0,scann,sentence-transformers/all-MiniLM-L6-v2
55,0.0754830837249755,0.0,scann,sentence-transformers/all-MiniLM-L6-v2
56,0.0762269496917724,0.0,scann,sentence-transformers/all-MiniLM-L6-v2
57,0.0756723880767822,0.0,scann,sentence-transformers/all-MiniLM-L6-v2
58,0.0765326023101806,0.0,scann,sentence-transformers/all-MiniLM-L6-v2
59,0.07594895362854,0.0,scann,sentence-transformers/all-MiniLM-L6-v2
60,0.0766949653625488,0.0,scann,sentence-transformers/all-MiniLM-L6-v2
61,0.0754804611206054,0.0,scann,sentence-transformers/all-MiniLM-L6-v2
62,0.0755612850189209,0.0,scann,sentence-transformers/all-MiniLM-L6-v2
63,0.0771839618682861,0.0,scann,sentence-transformers/all-MiniLM-L6-v2
64,0.0754005908966064,0.0,scann,sentence-transformers/all-MiniLM-L6-v2
65,0.0757975578308105,0.0,scann,sentence-transformers/all-MiniLM-L6-v2
66,0.0770823955535888,0.0,scann,sentence-transformers/all-MiniLM-L6-v2
67,0.0761458873748779,0.0,scann,sentence-transformers/all-MiniLM-L6-v2
68,0.0755395889282226,0.0,scann,sentence-transformers/all-MiniLM-L6-v2
69,0.0758368968963623,0.0,scann,sentence-transformers/all-MiniLM-L6-v2
70,0.07578706741333,0.0,scann,sentence-transformers/all-MiniLM-L6-v2
71,0.0757086277008056,0.0,scann,sentence-transformers/all-MiniLM-L6-v2
72,0.0756406784057617,0.0,scann,sentence-transformers/all-MiniLM-L6-v2
73,0.0774245262145996,0.0,scann,sentence-transformers/all-MiniLM-L6-v2
74,0.0754733085632324,0.0,scann,sentence-transformers/all-MiniLM-L6-v2
75,0.0759944915771484,0.0,scann,sentence-transformers/all-MiniLM-L6-v2
76,0.0770235061645507,0.0,scann,sentence-transformers/all-MiniLM-L6-v2
77,0.0758845806121826,0.0,scann,sentence-transformers/all-MiniLM-L6-v2
78,0.0757813453674316,0.0,scann,sentence-transformers/all-MiniLM-L6-v2
79,0.0761103630065918,0.0,scann,sentence-transformers/all-MiniLM-L6-v2
80,0.076411485671997,0.0,scann,sentence-transformers/all-MiniLM-L6-v2
81,0.0754215717315673,0.0,scann,sentence-transformers/all-MiniLM-L6-v2
82,0.0756998062133789,0.0,scann,sentence-transformers/all-MiniLM-L6-v2
83,0.0752747058868408,0.0,scann,sentence-transformers/all-MiniLM-L6-v2
84,0.0763108730316162,0.0,scann,sentence-transformers/all-MiniLM-L6-v2
85,0.0757415294647216,0.0,scann,sentence-transformers/all-MiniLM-L6-v2
86,0.07700777053833,0.0,scann,sentence-transformers/all-MiniLM-L6-v2
87,0.0761129856109619,0.0,scann,sentence-transformers/all-MiniLM-L6-v2
88,0.0754148960113525,0.0,scann,sentence-transformers/all-MiniLM-L6-v2
89,0.0766947269439697,0.0,scann,sentence-transformers/all-MiniLM-L6-v2
90,0.0755078792572021,0.0,scann,sentence-transformers/all-MiniLM-L6-v2
91,0.076174259185791,0.0,scann,sentence-transformers/all-MiniLM-L6-v2
92,0.0761995315551757,0.0,scann,sentence-transformers/all-MiniLM-L6-v2
93,0.0771741867065429,0.0,scann,sentence-transformers/all-MiniLM-L6-v2
94,0.0755195617675781,0.0,scann,sentence-transformers/all-MiniLM-L6-v2
95,0.0762650966644287,0.0,scann,sentence-transformers/all-MiniLM-L6-v2
96,0.075695514678955,0.0,scann,sentence-transformers/all-MiniLM-L6-v2
97,0.0760865211486816,0.0,scann,sentence-transformers/all-MiniLM-L6-v2
98,0.076301097869873,0.0,scann,sentence-transformers/all-MiniLM-L6-v2
99,0.0760872364044189,0.0,scann,sentence-transformers/all-MiniLM-L6-v2
100,0.0762205123901367,0.0,scann,sentence-transformers/all-MiniLM-L6-v2
1,0.0775468349456787,0.0,scann,sentence-transformers/all-MiniLM-L6-v2
2,0.0772953033447265,0.0,scann,sentence-transformers/all-MiniLM-L6-v2
3,0.0758304595947265,0.0,scann,sentence-transformers/all-MiniLM-L6-v2
4,0.0758421421051025,0.0,scann,sentence-transformers/all-MiniLM-L6-v2
5,0.0763578414916992,0.0,scann,sentence-transformers/all-MiniLM-L6-v2
6,0.0771031379699707,0.0,scann,sentence-transformers/all-MiniLM-L6-v2
7,0.0765182971954345,0.0,scann,sentence-transformers/all-MiniLM-L6-v2
8,0.0768604278564453,0.0,scann,sentence-transformers/all-MiniLM-L6-v2
9,0.0755345821380615,0.0,scann,sentence-transformers/all-MiniLM-L6-v2
10,0.0757417678833007,0.0,scann,sentence-transformers/all-MiniLM-L6-v2
11,0.0757222175598144,0.0,scann,sentence-transformers/all-MiniLM-L6-v2
12,0.0762031078338623,0.0,scann,sentence-transformers/all-MiniLM-L6-v2
13,0.0763614177703857,0.0,scann,sentence-transformers/all-MiniLM-L6-v2
14,0.0758137702941894,0.0,scann,sentence-transformers/all-MiniLM-L6-v2
15,0.0772352218627929,0.0,scann,sentence-transformers/all-MiniLM-L6-v2
16,0.0763814449310302,0.0,scann,sentence-transformers/all-MiniLM-L6-v2
17,0.0754261016845703,0.0,scann,sentence-transformers/all-MiniLM-L6-v2
18,0.0753810405731201,0.0,scann,sentence-transformers/all-MiniLM-L6-v2
19,0.0770308971405029,0.0,scann,sentence-transformers/all-MiniLM-L6-v2
20,0.075899600982666,0.0,scann,sentence-transformers/all-MiniLM-L6-v2
21,0.0761420726776123,0.0,scann,sentence-transformers/all-MiniLM-L6-v2
22,0.0755312442779541,0.0,scann,sentence-transformers/all-MiniLM-L6-v2
23,0.0755436420440673,0.0,scann,sentence-transformers/all-MiniLM-L6-v2
24,0.0762927532196044,0.0,scann,sentence-transformers/all-MiniLM-L6-v2
25,0.0763483047485351,0.0,scann,sentence-transformers/all-MiniLM-L6-v2
26,0.076988935470581,0.0,scann,sentence-transformers/all-MiniLM-L6-v2
27,0.0765197277069091,0.0,scann,sentence-transformers/all-MiniLM-L6-v2
28,0.0774593353271484,0.0,scann,sentence-transformers/all-MiniLM-L6-v2
29,0.0759634971618652,0.0,scann,sentence-transformers/all-MiniLM-L6-v2
30,0.0758538246154785,0.0,scann,sentence-transformers/all-MiniLM-L6-v2
31,0.0760955810546875,0.0,scann,sentence-transformers/all-MiniLM-L6-v2
32,0.076733112335205,0.0,scann,sentence-transformers/all-MiniLM-L6-v2
33,0.0764923095703125,0.0,scann,sentence-transformers/all-MiniLM-L6-v2
34,0.075108528137207,0.0,scann,sentence-transformers/all-MiniLM-L6-v2
35,0.0761611461639404,0.0,scann,sentence-transformers/all-MiniLM-L6-v2
36,0.075937271118164,0.0,scann,sentence-transformers/all-MiniLM-L6-v2
37,0.0757288932800293,0.0,scann,sentence-transformers/all-MiniLM-L6-v2
38,0.0758490562438964,0.0,scann,sentence-transformers/all-MiniLM-L6-v2
39,0.0770273208618164,0.0,scann,sentence-transformers/all-MiniLM-L6-v2
40,0.0764005184173584,0.0,scann,sentence-transformers/all-MiniLM-L6-v2
41,0.0771865844726562,0.0,scann,sentence-transformers/all-MiniLM-L6-v2
42,0.0759260654449462,0.0,scann,sentence-transformers/all-MiniLM-L6-v2
43,0.0759263038635253,0.0,scann,sentence-transformers/all-MiniLM-L6-v2
44,0.0756285190582275,0.0,scann,sentence-transformers/all-MiniLM-L6-v2
45,0.0760128498077392,0.0,scann,sentence-transformers/all-MiniLM-L6-v2
46,0.0767533779144287,0.0,scann,sentence-transformers/all-MiniLM-L6-v2
47,0.075998306274414,0.0,scann,sentence-transformers/all-MiniLM-L6-v2
48,0.0761079788208007,0.0,scann,sentence-transformers/all-MiniLM-L6-v2
49,0.0755963325500488,0.0,scann,sentence-transformers/all-MiniLM-L6-v2
50,0.0756990909576416,0.0,scann,sentence-transformers/all-MiniLM-L6-v2
51,0.0758187770843505,0.0,scann,sentence-transformers/all-MiniLM-L6-v2
52,0.0769166946411132,0.0,scann,sentence-transformers/all-MiniLM-L6-v2
53,0.0770339965820312,0.0,scann,sentence-transformers/all-MiniLM-L6-v2
54,0.0767011642456054,0.0,scann,sentence-transformers/all-MiniLM-L6-v2
55,0.0766069889068603,0.0,scann,sentence-transformers/all-MiniLM-L6-v2
56,0.0758421421051025,0.0,scann,sentence-transformers/all-MiniLM-L6-v2
57,0.0762295722961425,0.0,scann,sentence-transformers/all-MiniLM-L6-v2
58,0.0755836963653564,0.0,scann,sentence-transformers/all-MiniLM-L6-v2
59,0.0768642425537109,0.0,scann,sentence-transformers/all-MiniLM-L6-v2
60,0.0761463642120361,0.0,scann,sentence-transformers/all-MiniLM-L6-v2
61,0.0755655765533447,0.0,scann,sentence-transformers/all-MiniLM-L6-v2
62,0.0756812095642089,0.0,scann,sentence-transformers/all-MiniLM-L6-v2
63,0.0757255554199218,0.0,scann,sentence-transformers/all-MiniLM-L6-v2
64,0.0758686065673828,0.0,scann,sentence-transformers/all-MiniLM-L6-v2
65,0.0766794681549072,0.0,scann,sentence-transformers/all-MiniLM-L6-v2
66,0.0765659809112548,0.0,scann,sentence-transformers/all-MiniLM-L6-v2
67,0.076326847076416,0.0,scann,sentence-transformers/all-MiniLM-L6-v2
68,0.0765891075134277,0.0,scann,sentence-transformers/all-MiniLM-L6-v2
69,0.0755660533905029,0.0,scann,sentence-transformers/all-MiniLM-L6-v2
70,0.0764615535736084,0.0,scann,sentence-transformers/all-MiniLM-L6-v2
71,0.0754849910736084,0.0,scann,sentence-transformers/all-MiniLM-L6-v2
72,0.0769369602203369,0.0,scann,sentence-transformers/all-MiniLM-L6-v2
73,0.0763690471649169,0.0,scann,sentence-transformers/all-MiniLM-L6-v2
74,0.0760338306427002,0.0,scann,sentence-transformers/all-MiniLM-L6-v2
75,0.0763628482818603,0.0,scann,sentence-transformers/all-MiniLM-L6-v2
76,0.0769350528717041,0.0,scann,sentence-transformers/all-MiniLM-L6-v2
77,0.0763254165649414,0.0,scann,sentence-transformers/all-MiniLM-L6-v2
78,0.0760872364044189,0.0,scann,sentence-transformers/all-MiniLM-L6-v2
79,0.077286958694458,0.0,scann,sentence-transformers/all-MiniLM-L6-v2
80,0.0772318840026855,0.0,scann,sentence-transformers/all-MiniLM-L6-v2
81,0.0764925479888916,0.0,scann,sentence-transformers/all-MiniLM-L6-v2
82,0.0760128498077392,0.0,scann,sentence-transformers/all-MiniLM-L6-v2
83,0.0757205486297607,0.0,scann,sentence-transformers/all-MiniLM-L6-v2
84,0.075669527053833,0.0,scann,sentence-transformers/all-MiniLM-L6-v2
85,0.0762372016906738,0.0,scann,sentence-transformers/all-MiniLM-L6-v2
86,0.0761094093322753,0.0,scann,sentence-transformers/all-MiniLM-L6-v2
87,0.0762321949005127,0.0,scann,sentence-transformers/all-MiniLM-L6-v2
88,0.0764276981353759,0.0,scann,sentence-transformers/all-MiniLM-L6-v2
89,0.0759668350219726,0.0,scann,sentence-transformers/all-MiniLM-L6-v2
90,0.0756382942199707,0.0,scann,sentence-transformers/all-MiniLM-L6-v2
91,0.0754435062408447,0.0,scann,sentence-transformers/all-MiniLM-L6-v2
92,0.0770461559295654,0.0,scann,sentence-transformers/all-MiniLM-L6-v2
93,0.0762553215026855,0.0,scann,sentence-transformers/all-MiniLM-L6-v2
94,0.076768159866333,0.0,scann,sentence-transformers/all-MiniLM-L6-v2
95,0.0757327079772949,0.0,scann,sentence-transformers/all-MiniLM-L6-v2
96,0.0763905048370361,0.0,scann,sentence-transformers/all-MiniLM-L6-v2
97,0.0765268802642822,0.0,scann,sentence-transformers/all-MiniLM-L6-v2
98,0.075749397277832,0.0,scann,sentence-transformers/all-MiniLM-L6-v2
99,0.077247142791748,0.0,scann,sentence-transformers/all-MiniLM-L6-v2
100,0.0756351947784423,0.0,scann,sentence-transformers/all-MiniLM-L6-v2
1,0.170229434967041,0.0,scann,sentence-transformers/all-mpnet-base-v2
2,0.1577730178833007,0.0,scann,sentence-transformers/all-mpnet-base-v2
3,0.159869909286499,0.0,scann,sentence-transformers/all-mpnet-base-v2
4,0.157721996307373,0.0,scann,sentence-transformers/all-mpnet-base-v2
5,0.1579887866973877,0.0,scann,sentence-transformers/all-mpnet-base-v2
6,0.1595499515533447,0.0,scann,sentence-transformers/all-mpnet-base-v2
7,0.1570870876312255,0.0,scann,sentence-transformers/all-mpnet-base-v2
8,0.1590034961700439,0.0,scann,sentence-transformers/all-mpnet-base-v2
9,0.1570825576782226,0.0,scann,sentence-transformers/all-mpnet-base-v2
10,0.1564893722534179,0.0,scann,sentence-transformers/all-mpnet-base-v2
11,0.1578414440155029,0.0,scann,sentence-transformers/all-mpnet-base-v2
12,0.158149242401123,0.0,scann,sentence-transformers/all-mpnet-base-v2
13,0.1574041843414306,0.0,scann,sentence-transformers/all-mpnet-base-v2
14,0.1567234992980957,0.0,scann,sentence-transformers/all-mpnet-base-v2
15,0.1571812629699707,0.0,scann,sentence-transformers/all-mpnet-base-v2
16,0.1578316688537597,0.0,scann,sentence-transformers/all-mpnet-base-v2
17,0.1577081680297851,0.0,scann,sentence-transformers/all-mpnet-base-v2
18,0.1571793556213379,0.0,scann,sentence-transformers/all-mpnet-base-v2
19,0.1571187973022461,0.0,scann,sentence-transformers/all-mpnet-base-v2
20,0.156200885772705,0.0,scann,sentence-transformers/all-mpnet-base-v2
21,0.1563155651092529,0.0,scann,sentence-transformers/all-mpnet-base-v2
22,0.1576681137084961,0.0,scann,sentence-transformers/all-mpnet-base-v2
23,0.1573584079742431,0.0,scann,sentence-transformers/all-mpnet-base-v2
24,0.158097505569458,0.0,scann,sentence-transformers/all-mpnet-base-v2
25,0.1570889949798584,0.0,scann,sentence-transformers/all-mpnet-base-v2
26,0.1572294235229492,0.0,scann,sentence-transformers/all-mpnet-base-v2
27,0.1567046642303466,0.0,scann,sentence-transformers/all-mpnet-base-v2
28,0.1560313701629638,0.0,scann,sentence-transformers/all-mpnet-base-v2
29,0.1576764583587646,0.0,scann,sentence-transformers/all-mpnet-base-v2
30,0.1582593917846679,0.0,scann,sentence-transformers/all-mpnet-base-v2
31,0.1574773788452148,0.0,scann,sentence-transformers/all-mpnet-base-v2
32,0.1577749252319336,0.0,scann,sentence-transformers/all-mpnet-base-v2
33,0.156771183013916,0.0,scann,sentence-transformers/all-mpnet-base-v2
34,0.1562340259552002,0.0,scann,sentence-transformers/all-mpnet-base-v2
35,0.1573035717010498,0.0,scann,sentence-transformers/all-mpnet-base-v2
36,0.1574692726135254,0.0,scann,sentence-transformers/all-mpnet-base-v2
37,0.1569380760192871,0.0,scann,sentence-transformers/all-mpnet-base-v2
38,0.1577808856964111,0.0,scann,sentence-transformers/all-mpnet-base-v2
39,0.1565124988555908,0.0,scann,sentence-transformers/all-mpnet-base-v2
40,0.1566736698150634,0.0,scann,sentence-transformers/all-mpnet-base-v2
41,0.1569223403930664,0.0,scann,sentence-transformers/all-mpnet-base-v2
42,0.1574881076812744,0.0,scann,sentence-transformers/all-mpnet-base-v2
43,0.1583244800567627,0.0,scann,sentence-transformers/all-mpnet-base-v2
44,0.1563243865966797,0.0,scann,sentence-transformers/all-mpnet-base-v2
45,0.1575627326965332,0.0,scann,sentence-transformers/all-mpnet-base-v2
46,0.1566674709320068,0.0,scann,sentence-transformers/all-mpnet-base-v2
47,0.1565392017364502,0.0,scann,sentence-transformers/all-mpnet-base-v2
48,0.1576457023620605,0.0,scann,sentence-transformers/all-mpnet-base-v2
49,0.15806245803833,0.0,scann,sentence-transformers/all-mpnet-base-v2
50,0.1566967964172363,0.0,scann,sentence-transformers/all-mpnet-base-v2
51,0.1576850414276123,0.0,scann,sentence-transformers/all-mpnet-base-v2
52,0.1560287475585937,0.0,scann,sentence-transformers/all-mpnet-base-v2
53,0.1567237377166748,0.0,scann,sentence-transformers/all-mpnet-base-v2
54,0.1574072837829589,0.0,scann,sentence-transformers/all-mpnet-base-v2
55,0.1580054759979248,0.0,scann,sentence-transformers/all-mpnet-base-v2
56,0.1571018695831298,0.0,scann,sentence-transformers/all-mpnet-base-v2
57,0.156583547592163,0.0,scann,sentence-transformers/all-mpnet-base-v2
58,0.1577930450439453,0.0,scann,sentence-transformers/all-mpnet-base-v2
59,0.1566917896270752,0.0,scann,sentence-transformers/all-mpnet-base-v2
60,0.1564326286315918,0.0,scann,sentence-transformers/all-mpnet-base-v2
61,0.1582224369049072,0.0,scann,sentence-transformers/all-mpnet-base-v2
62,0.158369779586792,0.0,scann,sentence-transformers/all-mpnet-base-v2
63,0.1574697494506836,0.0,scann,sentence-transformers/all-mpnet-base-v2
64,0.1570796966552734,0.0,scann,sentence-transformers/all-mpnet-base-v2
65,0.1582899093627929,0.0,scann,sentence-transformers/all-mpnet-base-v2
66,0.1563763618469238,0.0,scann,sentence-transformers/all-mpnet-base-v2
67,0.1572227478027343,0.0,scann,sentence-transformers/all-mpnet-base-v2
68,0.1580917835235595,0.0,scann,sentence-transformers/all-mpnet-base-v2
69,0.1566121578216552,0.0,scann,sentence-transformers/all-mpnet-base-v2
70,0.1567590236663818,0.0,scann,sentence-transformers/all-mpnet-base-v2
71,0.1571822166442871,0.0,scann,sentence-transformers/all-mpnet-base-v2
72,0.1565189361572265,0.0,scann,sentence-transformers/all-mpnet-base-v2
73,0.1578974723815918,0.0,scann,sentence-transformers/all-mpnet-base-v2
74,0.1583595275878906,0.0,scann,sentence-transformers/all-mpnet-base-v2
75,0.1568086147308349,0.0,scann,sentence-transformers/all-mpnet-base-v2
76,0.1569905281066894,0.0,scann,sentence-transformers/all-mpnet-base-v2
77,0.1569664478302002,0.0,scann,sentence-transformers/all-mpnet-base-v2
78,0.156008243560791,0.0,scann,sentence-transformers/all-mpnet-base-v2
79,0.1567611694335937,0.0,scann,sentence-transformers/all-mpnet-base-v2
80,0.1579539775848388,0.0,scann,sentence-transformers/all-mpnet-base-v2
81,0.1582438945770263,0.0,scann,sentence-transformers/all-mpnet-base-v2
82,0.1558504104614257,0.0,scann,sentence-transformers/all-mpnet-base-v2
83,0.1572484970092773,0.0,scann,sentence-transformers/all-mpnet-base-v2
84,0.1571762561798095,0.0,scann,sentence-transformers/all-mpnet-base-v2
85,0.1567485332489013,0.0,scann,sentence-transformers/all-mpnet-base-v2
86,0.1567699909210205,0.0,scann,sentence-transformers/all-mpnet-base-v2
87,0.1587376594543457,0.0,scann,sentence-transformers/all-mpnet-base-v2
88,0.1573703289031982,0.0,scann,sentence-transformers/all-mpnet-base-v2
89,0.156174898147583,0.0,scann,sentence-transformers/all-mpnet-base-v2
90,0.1572976112365722,0.0,scann,sentence-transformers/all-mpnet-base-v2
91,0.1577334403991699,0.0,scann,sentence-transformers/all-mpnet-base-v2
92,0.1568360328674316,0.0,scann,sentence-transformers/all-mpnet-base-v2
93,0.1574091911315918,0.0,scann,sentence-transformers/all-mpnet-base-v2
94,0.1576020717620849,0.0,scann,sentence-transformers/all-mpnet-base-v2
95,0.1562433242797851,0.0,scann,sentence-transformers/all-mpnet-base-v2
96,0.157067060470581,0.0,scann,sentence-transformers/all-mpnet-base-v2
97,0.1570274829864502,0.0,scann,sentence-transformers/all-mpnet-base-v2
98,0.1563608646392822,0.0,scann,sentence-transformers/all-mpnet-base-v2
99,0.1660726070404052,0.0,scann,sentence-transformers/all-mpnet-base-v2
100,0.1578881740570068,0.0,scann,sentence-transformers/all-mpnet-base-v2
1,0.1581711769104004,0.0,scann,sentence-transformers/all-mpnet-base-v2
2,0.1577959060668945,0.0,scann,sentence-transformers/all-mpnet-base-v2
3,0.1576161384582519,0.0,scann,sentence-transformers/all-mpnet-base-v2
4,0.1568655967712402,0.0,scann,sentence-transformers/all-mpnet-base-v2
5,0.1583292484283447,0.0,scann,sentence-transformers/all-mpnet-base-v2
6,0.1587171554565429,0.0,scann,sentence-transformers/all-mpnet-base-v2
7,0.1574618816375732,0.0,scann,sentence-transformers/all-mpnet-base-v2
8,0.1564083099365234,0.0,scann,sentence-transformers/all-mpnet-base-v2
9,0.1580207347869873,0.0,scann,sentence-transformers/all-mpnet-base-v2
10,0.1571612358093261,0.0,scann,sentence-transformers/all-mpnet-base-v2
11,0.1568398475646972,0.0,scann,sentence-transformers/all-mpnet-base-v2
12,0.1584200859069824,0.0,scann,sentence-transformers/all-mpnet-base-v2
13,0.157156229019165,0.0,scann,sentence-transformers/all-mpnet-base-v2
14,0.1569077968597412,0.0,scann,sentence-transformers/all-mpnet-base-v2
15,0.1565051078796386,0.0,scann,sentence-transformers/all-mpnet-base-v2
16,0.1570594310760498,0.0,scann,sentence-transformers/all-mpnet-base-v2
17,0.1569406986236572,0.0,scann,sentence-transformers/all-mpnet-base-v2
18,0.157794713973999,0.0,scann,sentence-transformers/all-mpnet-base-v2
19,0.1573376655578613,0.0,scann,sentence-transformers/all-mpnet-base-v2
20,0.157327651977539,0.0,scann,sentence-transformers/all-mpnet-base-v2
21,0.1559405326843261,0.0,scann,sentence-transformers/all-mpnet-base-v2
22,0.1568028926849365,0.0,scann,sentence-transformers/all-mpnet-base-v2
23,0.1571753025054931,0.0,scann,sentence-transformers/all-mpnet-base-v2
24,0.1563010215759277,0.0,scann,sentence-transformers/all-mpnet-base-v2
25,0.1581721305847168,0.0,scann,sentence-transformers/all-mpnet-base-v2
26,0.1568827629089355,0.0,scann,sentence-transformers/all-mpnet-base-v2
27,0.1566667556762695,0.0,scann,sentence-transformers/all-mpnet-base-v2
28,0.1579742431640625,0.0,scann,sentence-transformers/all-mpnet-base-v2
29,0.1562879085540771,0.0,scann,sentence-transformers/all-mpnet-base-v2
30,0.1571748256683349,0.0,scann,sentence-transformers/all-mpnet-base-v2
31,0.1591684818267822,0.0,scann,sentence-transformers/all-mpnet-base-v2
32,0.1573302745819091,0.0,scann,sentence-transformers/all-mpnet-base-v2
33,0.1571471691131591,0.0,scann,sentence-transformers/all-mpnet-base-v2
34,0.1572961807250976,0.0,scann,sentence-transformers/all-mpnet-base-v2
35,0.1572780609130859,0.0,scann,sentence-transformers/all-mpnet-base-v2
36,0.1571378707885742,0.0,scann,sentence-transformers/all-mpnet-base-v2
37,0.1575238704681396,0.0,scann,sentence-transformers/all-mpnet-base-v2
38,0.1582281589508056,0.0,scann,sentence-transformers/all-mpnet-base-v2
39,0.1576499938964843,0.0,scann,sentence-transformers/all-mpnet-base-v2
40,0.1567521095275879,0.0,scann,sentence-transformers/all-mpnet-base-v2
41,0.1573469638824463,0.0,scann,sentence-transformers/all-mpnet-base-v2
42,0.1573953628540039,0.0,scann,sentence-transformers/all-mpnet-base-v2
43,0.1561768054962158,0.0,scann,sentence-transformers/all-mpnet-base-v2
44,0.1581826210021972,0.0,scann,sentence-transformers/all-mpnet-base-v2
45,0.1575875282287597,0.0,scann,sentence-transformers/all-mpnet-base-v2
46,0.1562237739562988,0.0,scann,sentence-transformers/all-mpnet-base-v2
47,0.1568162441253662,0.0,scann,sentence-transformers/all-mpnet-base-v2
48,0.1574358940124511,0.0,scann,sentence-transformers/all-mpnet-base-v2
49,0.1570541858673095,0.0,scann,sentence-transformers/all-mpnet-base-v2
50,0.1570110321044922,0.0,scann,sentence-transformers/all-mpnet-base-v2
51,0.1584193706512451,0.0,scann,sentence-transformers/all-mpnet-base-v2
52,0.1579828262329101,0.0,scann,sentence-transformers/all-mpnet-base-v2
53,0.1562280654907226,0.0,scann,sentence-transformers/all-mpnet-base-v2
54,0.1573805809020996,0.0,scann,sentence-transformers/all-mpnet-base-v2
55,0.1569716930389404,0.0,scann,sentence-transformers/all-mpnet-base-v2
56,0.1574876308441162,0.0,scann,sentence-transformers/all-mpnet-base-v2
57,0.1586565971374511,0.0,scann,sentence-transformers/all-mpnet-base-v2
58,0.1561956405639648,0.0,scann,sentence-transformers/all-mpnet-base-v2
59,0.1571512222290039,0.0,scann,sentence-transformers/all-mpnet-base-v2
60,0.1572229862213134,0.0,scann,sentence-transformers/all-mpnet-base-v2
61,0.1573948860168457,0.0,scann,sentence-transformers/all-mpnet-base-v2
62,0.1567471027374267,0.0,scann,sentence-transformers/all-mpnet-base-v2
63,0.1583681106567382,0.0,scann,sentence-transformers/all-mpnet-base-v2
64,0.1575098037719726,0.0,scann,sentence-transformers/all-mpnet-base-v2
65,0.1571893692016601,0.0,scann,sentence-transformers/all-mpnet-base-v2
66,0.1567683219909668,0.0,scann,sentence-transformers/all-mpnet-base-v2
67,0.1575062274932861,0.0,scann,sentence-transformers/all-mpnet-base-v2
68,0.1576488018035888,0.0,scann,sentence-transformers/all-mpnet-base-v2
69,0.1567158699035644,0.0,scann,sentence-transformers/all-mpnet-base-v2
70,0.1590750217437744,0.0,scann,sentence-transformers/all-mpnet-base-v2
71,0.1569058895111084,0.0,scann,sentence-transformers/all-mpnet-base-v2
72,0.1581020355224609,0.0,scann,sentence-transformers/all-mpnet-base-v2
73,0.1577229499816894,0.0,scann,sentence-transformers/all-mpnet-base-v2
74,0.157538890838623,0.0,scann,sentence-transformers/all-mpnet-base-v2
75,0.1575133800506591,0.0,scann,sentence-transformers/all-mpnet-base-v2
76,0.1588404178619384,0.0,scann,sentence-transformers/all-mpnet-base-v2
77,0.1569876670837402,0.0,scann,sentence-transformers/all-mpnet-base-v2
78,0.1567740440368652,0.0,scann,sentence-transformers/all-mpnet-base-v2
79,0.1568055152893066,0.0,scann,sentence-transformers/all-mpnet-base-v2
80,0.1581971645355224,0.0,scann,sentence-transformers/all-mpnet-base-v2
81,0.1565854549407959,0.0,scann,sentence-transformers/all-mpnet-base-v2
82,0.1571674346923828,0.0,scann,sentence-transformers/all-mpnet-base-v2
83,0.1579885482788086,0.0,scann,sentence-transformers/all-mpnet-base-v2
84,0.1570346355438232,0.0,scann,sentence-transformers/all-mpnet-base-v2
85,0.1573469638824463,0.0,scann,sentence-transformers/all-mpnet-base-v2
86,0.157179594039917,0.0,scann,sentence-transformers/all-mpnet-base-v2
87,0.1569790840148925,0.0,scann,sentence-transformers/all-mpnet-base-v2
88,0.1566481590270996,0.0,scann,sentence-transformers/all-mpnet-base-v2
89,0.1585190296173095,0.0,scann,sentence-transformers/all-mpnet-base-v2
90,0.1567974090576172,0.0,scann,sentence-transformers/all-mpnet-base-v2
91,0.1569139957427978,0.0,scann,sentence-transformers/all-mpnet-base-v2
92,0.1573667526245117,0.0,scann,sentence-transformers/all-mpnet-base-v2
93,0.1571295261383056,0.0,scann,sentence-transformers/all-mpnet-base-v2
94,0.1581320762634277,0.0,scann,sentence-transformers/all-mpnet-base-v2
95,0.1574912071228027,0.0,scann,sentence-transformers/all-mpnet-base-v2
96,0.1574265956878662,0.0,scann,sentence-transformers/all-mpnet-base-v2
97,0.1567199230194091,0.0,scann,sentence-transformers/all-mpnet-base-v2
98,0.157078742980957,0.0,scann,sentence-transformers/all-mpnet-base-v2
99,0.1575708389282226,0.0,scann,sentence-transformers/all-mpnet-base-v2
100,0.1569728851318359,0.0,scann,sentence-transformers/all-mpnet-base-v2
1,0.1597278118133545,0.0,scann,sentence-transformers/all-mpnet-base-v2
2,0.1582086086273193,0.0,scann,sentence-transformers/all-mpnet-base-v2
3,0.1568391323089599,0.0,scann,sentence-transformers/all-mpnet-base-v2
4,0.1571285724639892,0.0,scann,sentence-transformers/all-mpnet-base-v2
5,0.1570611000061035,0.0,scann,sentence-transformers/all-mpnet-base-v2
6,0.1563539505004882,0.0,scann,sentence-transformers/all-mpnet-base-v2
7,0.1569409370422363,0.0,scann,sentence-transformers/all-mpnet-base-v2
8,0.1575160026550293,0.0,scann,sentence-transformers/all-mpnet-base-v2
9,0.157181978225708,0.0,scann,sentence-transformers/all-mpnet-base-v2
10,0.1569235324859619,0.0,scann,sentence-transformers/all-mpnet-base-v2
11,0.1562397480010986,0.0,scann,sentence-transformers/all-mpnet-base-v2
12,0.1587386131286621,0.0,scann,sentence-transformers/all-mpnet-base-v2
13,0.156717300415039,0.0,scann,sentence-transformers/all-mpnet-base-v2
14,0.1572415828704834,0.0,scann,sentence-transformers/all-mpnet-base-v2
15,0.1569390296936035,0.0,scann,sentence-transformers/all-mpnet-base-v2
16,0.156325101852417,0.0,scann,sentence-transformers/all-mpnet-base-v2
17,0.1565721035003662,0.0,scann,sentence-transformers/all-mpnet-base-v2
18,0.1575376987457275,0.0,scann,sentence-transformers/all-mpnet-base-v2
19,0.157020092010498,0.0,scann,sentence-transformers/all-mpnet-base-v2
20,0.1578893661499023,0.0,scann,sentence-transformers/all-mpnet-base-v2
21,0.1576006412506103,0.0,scann,sentence-transformers/all-mpnet-base-v2
22,0.1572511196136474,0.0,scann,sentence-transformers/all-mpnet-base-v2
23,0.1567549705505371,0.0,scann,sentence-transformers/all-mpnet-base-v2
24,0.1563940048217773,0.0,scann,sentence-transformers/all-mpnet-base-v2
25,0.1572811603546142,0.0,scann,sentence-transformers/all-mpnet-base-v2
26,0.1577053070068359,0.0,scann,sentence-transformers/all-mpnet-base-v2
27,0.1574020385742187,0.0,scann,sentence-transformers/all-mpnet-base-v2
28,0.1571581363677978,0.0,scann,sentence-transformers/all-mpnet-base-v2
29,0.15702486038208,0.0,scann,sentence-transformers/all-mpnet-base-v2
30,0.15663743019104,0.0,scann,sentence-transformers/all-mpnet-base-v2
31,0.1585679054260254,0.0,scann,sentence-transformers/all-mpnet-base-v2
32,0.1567580699920654,0.0,scann,sentence-transformers/all-mpnet-base-v2
33,0.1574947834014892,0.0,scann,sentence-transformers/all-mpnet-base-v2
34,0.1576170921325683,0.0,scann,sentence-transformers/all-mpnet-base-v2
35,0.1570730209350586,0.0,scann,sentence-transformers/all-mpnet-base-v2
36,0.1569252014160156,0.0,scann,sentence-transformers/all-mpnet-base-v2
37,0.1583147048950195,0.0,scann,sentence-transformers/all-mpnet-base-v2
38,0.1569910049438476,0.0,scann,sentence-transformers/all-mpnet-base-v2
39,0.1569859981536865,0.0,scann,sentence-transformers/all-mpnet-base-v2
40,0.1566698551177978,0.0,scann,sentence-transformers/all-mpnet-base-v2
41,0.1575078964233398,0.0,scann,sentence-transformers/all-mpnet-base-v2
42,0.157616376876831,0.0,scann,sentence-transformers/all-mpnet-base-v2
43,0.1574883460998535,0.0,scann,sentence-transformers/all-mpnet-base-v2
44,0.1577956676483154,0.0,scann,sentence-transformers/all-mpnet-base-v2
45,0.1563897132873535,0.0,scann,sentence-transformers/all-mpnet-base-v2
46,0.1605558395385742,0.0,scann,sentence-transformers/all-mpnet-base-v2
47,0.1567952632904052,0.0,scann,sentence-transformers/all-mpnet-base-v2
48,0.1561276912689209,0.0,scann,sentence-transformers/all-mpnet-base-v2
49,0.1572363376617431,0.0,scann,sentence-transformers/all-mpnet-base-v2
50,0.1582214832305908,0.0,scann,sentence-transformers/all-mpnet-base-v2
51,0.156459093093872,0.0,scann,sentence-transformers/all-mpnet-base-v2
52,0.1583683490753173,0.0,scann,sentence-transformers/all-mpnet-base-v2
53,0.1572880744934082,0.0,scann,sentence-transformers/all-mpnet-base-v2
54,0.1577353477478027,0.0,scann,sentence-transformers/all-mpnet-base-v2
55,0.1560022830963134,0.0,scann,sentence-transformers/all-mpnet-base-v2
56,0.1568348407745361,0.0,scann,sentence-transformers/all-mpnet-base-v2
57,0.1574509143829345,0.0,scann,sentence-transformers/all-mpnet-base-v2
58,0.1577816009521484,0.0,scann,sentence-transformers/all-mpnet-base-v2
59,0.1568834781646728,0.0,scann,sentence-transformers/all-mpnet-base-v2
60,0.1575064659118652,0.0,scann,sentence-transformers/all-mpnet-base-v2
61,0.156853437423706,0.0,scann,sentence-transformers/all-mpnet-base-v2
62,0.1564071178436279,0.0,scann,sentence-transformers/all-mpnet-base-v2
63,0.1571476459503173,0.0,scann,sentence-transformers/all-mpnet-base-v2
64,0.1578905582427978,0.0,scann,sentence-transformers/all-mpnet-base-v2
65,0.1574428081512451,0.0,scann,sentence-transformers/all-mpnet-base-v2
66,0.1567950248718261,0.0,scann,sentence-transformers/all-mpnet-base-v2
67,0.1569588184356689,0.0,scann,sentence-transformers/all-mpnet-base-v2
68,0.158921480178833,0.0,scann,sentence-transformers/all-mpnet-base-v2
69,0.1567966938018798,0.0,scann,sentence-transformers/all-mpnet-base-v2
70,0.1568567752838134,0.0,scann,sentence-transformers/all-mpnet-base-v2
71,0.1582007408142089,0.0,scann,sentence-transformers/all-mpnet-base-v2
72,0.1566452980041504,0.0,scann,sentence-transformers/all-mpnet-base-v2
73,0.1572694778442382,0.0,scann,sentence-transformers/all-mpnet-base-v2
74,0.1563880443572998,0.0,scann,sentence-transformers/all-mpnet-base-v2
75,0.1563081741333007,0.0,scann,sentence-transformers/all-mpnet-base-v2
76,0.1577754020690918,0.0,scann,sentence-transformers/all-mpnet-base-v2
77,0.157501220703125,0.0,scann,sentence-transformers/all-mpnet-base-v2
78,0.158038854598999,0.0,scann,sentence-transformers/all-mpnet-base-v2
79,0.1591217517852783,0.0,scann,sentence-transformers/all-mpnet-base-v2
80,0.15663743019104,0.0,scann,sentence-transformers/all-mpnet-base-v2
81,0.1560025215148925,0.0,scann,sentence-transformers/all-mpnet-base-v2
82,0.1572177410125732,0.0,scann,sentence-transformers/all-mpnet-base-v2
83,0.1575856208801269,0.0,scann,sentence-transformers/all-mpnet-base-v2
84,0.157719612121582,0.0,scann,sentence-transformers/all-mpnet-base-v2
85,0.1569471359252929,0.0,scann,sentence-transformers/all-mpnet-base-v2
86,0.15740966796875,0.0,scann,sentence-transformers/all-mpnet-base-v2
87,0.1568474769592285,0.0,scann,sentence-transformers/all-mpnet-base-v2
88,0.1565783023834228,0.0,scann,sentence-transformers/all-mpnet-base-v2
89,0.1573107242584228,0.0,scann,sentence-transformers/all-mpnet-base-v2
90,0.1572449207305908,0.0,scann,sentence-transformers/all-mpnet-base-v2
91,0.1574563980102539,0.0,scann,sentence-transformers/all-mpnet-base-v2
92,0.1570522785186767,0.0,scann,sentence-transformers/all-mpnet-base-v2
93,0.1572268009185791,0.0,scann,sentence-transformers/all-mpnet-base-v2
94,0.1572291851043701,0.0,scann,sentence-transformers/all-mpnet-base-v2
95,0.1590476036071777,0.0,scann,sentence-transformers/all-mpnet-base-v2
96,0.158984899520874,0.0,scann,sentence-transformers/all-mpnet-base-v2
97,0.1576817035675048,0.0,scann,sentence-transformers/all-mpnet-base-v2
98,0.1566896438598632,0.0,scann,sentence-transformers/all-mpnet-base-v2
99,0.157400369644165,0.0,scann,sentence-transformers/all-mpnet-base-v2
100,0.1575114727020263,0.0,scann,sentence-transformers/all-mpnet-base-v2
1,0.1628708839416504,0.0,scann,sentence-transformers/all-mpnet-base-v2
2,0.1586682796478271,0.0,scann,sentence-transformers/all-mpnet-base-v2
3,0.1587114334106445,0.0,scann,sentence-transformers/all-mpnet-base-v2
4,0.1565437316894531,0.0,scann,sentence-transformers/all-mpnet-base-v2
5,0.1580805778503418,0.0,scann,sentence-transformers/all-mpnet-base-v2
6,0.157137393951416,0.0,scann,sentence-transformers/all-mpnet-base-v2
7,0.157261848449707,0.0,scann,sentence-transformers/all-mpnet-base-v2
8,0.158731460571289,0.0,scann,sentence-transformers/all-mpnet-base-v2
9,0.1568443775177002,0.0,scann,sentence-transformers/all-mpnet-base-v2
10,0.1567404270172119,0.0,scann,sentence-transformers/all-mpnet-base-v2
11,0.1571967601776123,0.0,scann,sentence-transformers/all-mpnet-base-v2
12,0.1569209098815918,0.0,scann,sentence-transformers/all-mpnet-base-v2
13,0.1566994190216064,0.0,scann,sentence-transformers/all-mpnet-base-v2
14,0.1571459770202636,0.0,scann,sentence-transformers/all-mpnet-base-v2
15,0.1577808856964111,0.0,scann,sentence-transformers/all-mpnet-base-v2
16,0.1571567058563232,0.0,scann,sentence-transformers/all-mpnet-base-v2
17,0.1572952270507812,0.0,scann,sentence-transformers/all-mpnet-base-v2
18,0.1575255393981933,0.0,scann,sentence-transformers/all-mpnet-base-v2
19,0.1567707061767578,0.0,scann,sentence-transformers/all-mpnet-base-v2
20,0.1562108993530273,0.0,scann,sentence-transformers/all-mpnet-base-v2
21,0.1568479537963867,0.0,scann,sentence-transformers/all-mpnet-base-v2
22,0.157891035079956,0.0,scann,sentence-transformers/all-mpnet-base-v2
23,0.1561739444732666,0.0,scann,sentence-transformers/all-mpnet-base-v2
24,0.1585090160369873,0.0,scann,sentence-transformers/all-mpnet-base-v2
25,0.1561284065246582,0.0,scann,sentence-transformers/all-mpnet-base-v2
26,0.1567757129669189,0.0,scann,sentence-transformers/all-mpnet-base-v2
27,0.1583430767059326,0.0,scann,sentence-transformers/all-mpnet-base-v2
28,0.1578657627105713,0.0,scann,sentence-transformers/all-mpnet-base-v2
29,0.1584131717681884,0.0,scann,sentence-transformers/all-mpnet-base-v2
30,0.1570184230804443,0.0,scann,sentence-transformers/all-mpnet-base-v2
31,0.1573383808135986,0.0,scann,sentence-transformers/all-mpnet-base-v2
32,0.1564242839813232,0.0,scann,sentence-transformers/all-mpnet-base-v2
33,0.1561696529388427,0.0,scann,sentence-transformers/all-mpnet-base-v2
34,0.1577584743499755,0.0,scann,sentence-transformers/all-mpnet-base-v2
35,0.156660795211792,0.0,scann,sentence-transformers/all-mpnet-base-v2
36,0.1567440032958984,0.0,scann,sentence-transformers/all-mpnet-base-v2
37,0.1570229530334472,0.0,scann,sentence-transformers/all-mpnet-base-v2
38,0.1558494567871093,0.0,scann,sentence-transformers/all-mpnet-base-v2
39,0.1576251983642578,0.0,scann,sentence-transformers/all-mpnet-base-v2
40,0.1579549312591552,0.0,scann,sentence-transformers/all-mpnet-base-v2
41,0.1579952239990234,0.0,scann,sentence-transformers/all-mpnet-base-v2
42,0.1567389965057373,0.0,scann,sentence-transformers/all-mpnet-base-v2
43,0.1576545238494873,0.0,scann,sentence-transformers/all-mpnet-base-v2
44,0.1576752662658691,0.0,scann,sentence-transformers/all-mpnet-base-v2
45,0.1570851802825927,0.0,scann,sentence-transformers/all-mpnet-base-v2
46,0.1559131145477295,0.0,scann,sentence-transformers/all-mpnet-base-v2
47,0.1583387851715088,0.0,scann,sentence-transformers/all-mpnet-base-v2
48,0.1566359996795654,0.0,scann,sentence-transformers/all-mpnet-base-v2
49,0.1566395759582519,0.0,scann,sentence-transformers/all-mpnet-base-v2
50,0.1577074527740478,0.0,scann,sentence-transformers/all-mpnet-base-v2
51,0.1571152210235595,0.0,scann,sentence-transformers/all-mpnet-base-v2
52,0.1563780307769775,0.0,scann,sentence-transformers/all-mpnet-base-v2
53,0.1595206260681152,0.0,scann,sentence-transformers/all-mpnet-base-v2
54,0.1565167903900146,0.0,scann,sentence-transformers/all-mpnet-base-v2
55,0.1568987369537353,0.0,scann,sentence-transformers/all-mpnet-base-v2
56,0.1569247245788574,0.0,scann,sentence-transformers/all-mpnet-base-v2
57,0.1572177410125732,0.0,scann,sentence-transformers/all-mpnet-base-v2
58,0.156273603439331,0.0,scann,sentence-transformers/all-mpnet-base-v2
59,0.1563465595245361,0.0,scann,sentence-transformers/all-mpnet-base-v2
60,0.1571121215820312,0.0,scann,sentence-transformers/all-mpnet-base-v2
61,0.1563231945037841,0.0,scann,sentence-transformers/all-mpnet-base-v2
62,0.1568844318389892,0.0,scann,sentence-transformers/all-mpnet-base-v2
63,0.1578137874603271,0.0,scann,sentence-transformers/all-mpnet-base-v2
64,0.1564586162567138,0.0,scann,sentence-transformers/all-mpnet-base-v2
65,0.1569232940673828,0.0,scann,sentence-transformers/all-mpnet-base-v2
66,0.1586525440216064,0.0,scann,sentence-transformers/all-mpnet-base-v2
67,0.1570806503295898,0.0,scann,sentence-transformers/all-mpnet-base-v2
68,0.1559429168701172,0.0,scann,sentence-transformers/all-mpnet-base-v2
69,0.1569516658782959,0.0,scann,sentence-transformers/all-mpnet-base-v2
70,0.1570320129394531,0.0,scann,sentence-transformers/all-mpnet-base-v2
71,0.1565561294555664,0.0,scann,sentence-transformers/all-mpnet-base-v2
72,0.1576852798461914,0.0,scann,sentence-transformers/all-mpnet-base-v2
73,0.1570346355438232,0.0,scann,sentence-transformers/all-mpnet-base-v2
74,0.1566555500030517,0.0,scann,sentence-transformers/all-mpnet-base-v2
75,0.1575503349304199,0.0,scann,sentence-transformers/all-mpnet-base-v2
76,0.1585164070129394,0.0,scann,sentence-transformers/all-mpnet-base-v2
77,0.158674955368042,0.0,scann,sentence-transformers/all-mpnet-base-v2
78,0.155951976776123,0.0,scann,sentence-transformers/all-mpnet-base-v2
79,0.1594429016113281,0.0,scann,sentence-transformers/all-mpnet-base-v2
80,0.1577162742614746,0.0,scann,sentence-transformers/all-mpnet-base-v2
81,0.1580548286437988,0.0,scann,sentence-transformers/all-mpnet-base-v2
82,0.1573312282562255,0.0,scann,sentence-transformers/all-mpnet-base-v2
83,0.1573178768157959,0.0,scann,sentence-transformers/all-mpnet-base-v2
84,0.1563501358032226,0.0,scann,sentence-transformers/all-mpnet-base-v2
85,0.1589272022247314,0.0,scann,sentence-transformers/all-mpnet-base-v2
86,0.1566078662872314,0.0,scann,sentence-transformers/all-mpnet-base-v2
87,0.1565544605255127,0.0,scann,sentence-transformers/all-mpnet-base-v2
88,0.1580736637115478,0.0,scann,sentence-transformers/all-mpnet-base-v2
89,0.1572539806365966,0.0,scann,sentence-transformers/all-mpnet-base-v2
90,0.1583724021911621,0.0,scann,sentence-transformers/all-mpnet-base-v2
91,0.1571791172027588,0.0,scann,sentence-transformers/all-mpnet-base-v2
92,0.1576745510101318,0.0,scann,sentence-transformers/all-mpnet-base-v2
93,0.1571953296661377,0.0,scann,sentence-transformers/all-mpnet-base-v2
94,0.1580784320831298,0.0,scann,sentence-transformers/all-mpnet-base-v2
95,0.1569094657897949,0.0,scann,sentence-transformers/all-mpnet-base-v2
96,0.1572792530059814,0.0,scann,sentence-transformers/all-mpnet-base-v2
97,0.1578552722930908,0.0,scann,sentence-transformers/all-mpnet-base-v2
98,0.1575891971588134,0.0,scann,sentence-transformers/all-mpnet-base-v2
99,0.1567811965942382,0.0,scann,sentence-transformers/all-mpnet-base-v2
100,0.1566896438598632,0.0,scann,sentence-transformers/all-mpnet-base-v2
1,0.2305660247802734,0.0,scann,intfloat/multilingual-e5-large
2,0.218170166015625,0.0,scann,intfloat/multilingual-e5-large
3,0.2198696136474609,0.0,scann,intfloat/multilingual-e5-large
4,0.2169811725616455,0.0,scann,intfloat/multilingual-e5-large
5,0.2183649539947509,0.0,scann,intfloat/multilingual-e5-large
6,0.2181978225708007,0.0,scann,intfloat/multilingual-e5-large
7,0.2175328731536865,0.0,scann,intfloat/multilingual-e5-large
8,0.2169809341430664,0.0,scann,intfloat/multilingual-e5-large
9,0.2167484760284423,0.0,scann,intfloat/multilingual-e5-large
10,0.2175619602203369,0.0,scann,intfloat/multilingual-e5-large
11,0.2151761054992675,0.0,scann,intfloat/multilingual-e5-large
12,0.2152884006500244,0.0,scann,intfloat/multilingual-e5-large
13,0.2150940895080566,0.0,scann,intfloat/multilingual-e5-large
14,0.2159149646759033,0.0,scann,intfloat/multilingual-e5-large
15,0.214440107345581,0.0,scann,intfloat/multilingual-e5-large
16,0.2158927917480468,0.0,scann,intfloat/multilingual-e5-large
17,0.2153711318969726,0.0,scann,intfloat/multilingual-e5-large
18,0.2143585681915283,0.0,scann,intfloat/multilingual-e5-large
19,0.215219497680664,0.0,scann,intfloat/multilingual-e5-large
20,0.2154929637908935,0.0,scann,intfloat/multilingual-e5-large
21,0.2147367000579834,0.0,scann,intfloat/multilingual-e5-large
22,0.2154536247253418,0.0,scann,intfloat/multilingual-e5-large
23,0.2140874862670898,0.0,scann,intfloat/multilingual-e5-large
24,0.2147648334503173,0.0,scann,intfloat/multilingual-e5-large
25,0.2159781455993652,0.0,scann,intfloat/multilingual-e5-large
26,0.2150473594665527,0.0,scann,intfloat/multilingual-e5-large
27,0.2158052921295166,0.0,scann,intfloat/multilingual-e5-large
28,0.2160422801971435,0.0,scann,intfloat/multilingual-e5-large
29,0.2141966819763183,0.0,scann,intfloat/multilingual-e5-large
30,0.2134485244750976,0.0,scann,intfloat/multilingual-e5-large
31,0.214404821395874,0.0,scann,intfloat/multilingual-e5-large
32,0.2142293453216552,0.0,scann,intfloat/multilingual-e5-large
33,0.2144787311553955,0.0,scann,intfloat/multilingual-e5-large
34,0.2149715423583984,0.0,scann,intfloat/multilingual-e5-large
35,0.2146034240722656,0.0,scann,intfloat/multilingual-e5-large
36,0.2162463665008545,0.0,scann,intfloat/multilingual-e5-large
37,0.2144768238067627,0.0,scann,intfloat/multilingual-e5-large
38,0.2150008678436279,0.0,scann,intfloat/multilingual-e5-large
39,0.2146766185760498,0.0,scann,intfloat/multilingual-e5-large
40,0.2144033908843994,0.0,scann,intfloat/multilingual-e5-large
41,0.2140107154846191,0.0,scann,intfloat/multilingual-e5-large
42,0.2151851654052734,0.0,scann,intfloat/multilingual-e5-large
43,0.2147676944732666,0.0,scann,intfloat/multilingual-e5-large
44,0.2151696681976318,0.0,scann,intfloat/multilingual-e5-large
45,0.2141287326812744,0.0,scann,intfloat/multilingual-e5-large
46,0.2152678966522216,0.0,scann,intfloat/multilingual-e5-large
47,0.2139725685119629,0.0,scann,intfloat/multilingual-e5-large
48,0.2149279117584228,0.0,scann,intfloat/multilingual-e5-large
49,0.21394944190979,0.0,scann,intfloat/multilingual-e5-large
50,0.2145752906799316,0.0,scann,intfloat/multilingual-e5-large
51,0.2142620086669922,0.0,scann,intfloat/multilingual-e5-large
52,0.2153341770172119,0.0,scann,intfloat/multilingual-e5-large
53,0.2138354778289795,0.0,scann,intfloat/multilingual-e5-large
54,0.2142744064331054,0.0,scann,intfloat/multilingual-e5-large
55,0.2144999504089355,0.0,scann,intfloat/multilingual-e5-large
56,0.2151606082916259,0.0,scann,intfloat/multilingual-e5-large
57,0.2158880233764648,0.0,scann,intfloat/multilingual-e5-large
58,0.2135548591613769,0.0,scann,intfloat/multilingual-e5-large
59,0.2158510684967041,0.0,scann,intfloat/multilingual-e5-large
60,0.2143371105194091,0.0,scann,intfloat/multilingual-e5-large
61,0.2157378196716308,0.0,scann,intfloat/multilingual-e5-large
62,0.2142605781555175,0.0,scann,intfloat/multilingual-e5-large
63,0.2144515514373779,0.0,scann,intfloat/multilingual-e5-large
64,0.2170140743255615,0.0,scann,intfloat/multilingual-e5-large
65,0.2137956619262695,0.0,scann,intfloat/multilingual-e5-large
66,0.2146139144897461,0.0,scann,intfloat/multilingual-e5-large
67,0.2147157192230224,0.0,scann,intfloat/multilingual-e5-large
68,0.2135803699493408,0.0,scann,intfloat/multilingual-e5-large
69,0.2150301933288574,0.0,scann,intfloat/multilingual-e5-large
70,0.2148389816284179,0.0,scann,intfloat/multilingual-e5-large
71,0.2165091037750244,0.0,scann,intfloat/multilingual-e5-large
72,0.213632583618164,0.0,scann,intfloat/multilingual-e5-large
73,0.2150614261627197,0.0,scann,intfloat/multilingual-e5-large
74,0.2166333198547363,0.0,scann,intfloat/multilingual-e5-large
75,0.2160074710845947,0.0,scann,intfloat/multilingual-e5-large
76,0.2166981697082519,0.0,scann,intfloat/multilingual-e5-large
77,0.2139992713928222,0.0,scann,intfloat/multilingual-e5-large
78,0.2154133319854736,0.0,scann,intfloat/multilingual-e5-large
79,0.2135884761810302,0.0,scann,intfloat/multilingual-e5-large
80,0.2152702808380127,0.0,scann,intfloat/multilingual-e5-large
81,0.2159552574157714,0.0,scann,intfloat/multilingual-e5-large
82,0.2139344215393066,0.0,scann,intfloat/multilingual-e5-large
83,0.2159473896026611,0.0,scann,intfloat/multilingual-e5-large
84,0.2142407894134521,0.0,scann,intfloat/multilingual-e5-large
85,0.215447187423706,0.0,scann,intfloat/multilingual-e5-large
86,0.2141721248626709,0.0,scann,intfloat/multilingual-e5-large
87,0.2138752937316894,0.0,scann,intfloat/multilingual-e5-large
88,0.2154536247253418,0.0,scann,intfloat/multilingual-e5-large
89,0.2151424884796142,0.0,scann,intfloat/multilingual-e5-large
90,0.2165060043334961,0.0,scann,intfloat/multilingual-e5-large
91,0.2152879238128662,0.0,scann,intfloat/multilingual-e5-large
92,0.2142999172210693,0.0,scann,intfloat/multilingual-e5-large
93,0.2140178680419922,0.0,scann,intfloat/multilingual-e5-large
94,0.2136662006378173,0.0,scann,intfloat/multilingual-e5-large
95,0.2165718078613281,0.0,scann,intfloat/multilingual-e5-large
96,0.214496374130249,0.0,scann,intfloat/multilingual-e5-large
97,0.2160799503326416,0.0,scann,intfloat/multilingual-e5-large
98,0.2159230709075927,0.0,scann,intfloat/multilingual-e5-large
99,0.2145946025848388,0.0,scann,intfloat/multilingual-e5-large
100,0.2148911952972412,0.0,scann,intfloat/multilingual-e5-large
1,0.2170567512512207,0.0,scann,intfloat/multilingual-e5-large
2,0.2152621746063232,0.0,scann,intfloat/multilingual-e5-large
3,0.214815616607666,0.0,scann,intfloat/multilingual-e5-large
4,0.215954303741455,0.0,scann,intfloat/multilingual-e5-large
5,0.2149908542633056,0.0,scann,intfloat/multilingual-e5-large
6,0.2152326107025146,0.0,scann,intfloat/multilingual-e5-large
7,0.2147104740142822,0.0,scann,intfloat/multilingual-e5-large
8,0.2143514156341552,0.0,scann,intfloat/multilingual-e5-large
9,0.2158238887786865,0.0,scann,intfloat/multilingual-e5-large
10,0.2137887477874755,0.0,scann,intfloat/multilingual-e5-large
11,0.2161865234375,0.0,scann,intfloat/multilingual-e5-large
12,0.214670181274414,0.0,scann,intfloat/multilingual-e5-large
13,0.2169990539550781,0.0,scann,intfloat/multilingual-e5-large
14,0.2165806293487548,0.0,scann,intfloat/multilingual-e5-large
15,0.2142257690429687,0.0,scann,intfloat/multilingual-e5-large
16,0.2144844532012939,0.0,scann,intfloat/multilingual-e5-large
17,0.2137868404388427,0.0,scann,intfloat/multilingual-e5-large
18,0.2156620025634765,0.0,scann,intfloat/multilingual-e5-large
19,0.2152144908905029,0.0,scann,intfloat/multilingual-e5-large
20,0.2172017097473144,0.0,scann,intfloat/multilingual-e5-large
21,0.2145028114318847,0.0,scann,intfloat/multilingual-e5-large
22,0.2146916389465332,0.0,scann,intfloat/multilingual-e5-large
23,0.2160875797271728,0.0,scann,intfloat/multilingual-e5-large
24,0.2134492397308349,0.0,scann,intfloat/multilingual-e5-large
25,0.2162597179412841,0.0,scann,intfloat/multilingual-e5-large
26,0.2143242359161377,0.0,scann,intfloat/multilingual-e5-large
27,0.2152237892150879,0.0,scann,intfloat/multilingual-e5-large
28,0.2155885696411132,0.0,scann,intfloat/multilingual-e5-large
29,0.2136530876159668,0.0,scann,intfloat/multilingual-e5-large
30,0.2157943248748779,0.0,scann,intfloat/multilingual-e5-large
31,0.2149503231048584,0.0,scann,intfloat/multilingual-e5-large
32,0.2169189453125,0.0,scann,intfloat/multilingual-e5-large
33,0.2151374816894531,0.0,scann,intfloat/multilingual-e5-large
34,0.2157669067382812,0.0,scann,intfloat/multilingual-e5-large
35,0.2150700092315673,0.0,scann,intfloat/multilingual-e5-large
36,0.2156240940093994,0.0,scann,intfloat/multilingual-e5-large
37,0.2150418758392334,0.0,scann,intfloat/multilingual-e5-large
38,0.2143409252166748,0.0,scann,intfloat/multilingual-e5-large
39,0.2159762382507324,0.0,scann,intfloat/multilingual-e5-large
40,0.2143681049346923,0.0,scann,intfloat/multilingual-e5-large
41,0.2146880626678466,0.0,scann,intfloat/multilingual-e5-large
42,0.2171463966369629,0.0,scann,intfloat/multilingual-e5-large
43,0.2142462730407714,0.0,scann,intfloat/multilingual-e5-large
44,0.215606689453125,0.0,scann,intfloat/multilingual-e5-large
45,0.2144203186035156,0.0,scann,intfloat/multilingual-e5-large
46,0.2151083946228027,0.0,scann,intfloat/multilingual-e5-large
47,0.214773416519165,0.0,scann,intfloat/multilingual-e5-large
48,0.2153918743133545,0.0,scann,intfloat/multilingual-e5-large
49,0.2164175510406494,0.0,scann,intfloat/multilingual-e5-large
50,0.2142822742462158,0.0,scann,intfloat/multilingual-e5-large
51,0.216325044631958,0.0,scann,intfloat/multilingual-e5-large
52,0.213757038116455,0.0,scann,intfloat/multilingual-e5-large
53,0.21523118019104,0.0,scann,intfloat/multilingual-e5-large
54,0.2147879600524902,0.0,scann,intfloat/multilingual-e5-large
55,0.2140276432037353,0.0,scann,intfloat/multilingual-e5-large
56,0.2143642902374267,0.0,scann,intfloat/multilingual-e5-large
57,0.2136611938476562,0.0,scann,intfloat/multilingual-e5-large
58,0.2164902687072754,0.0,scann,intfloat/multilingual-e5-large
59,0.213742971420288,0.0,scann,intfloat/multilingual-e5-large
60,0.2173836231231689,0.0,scann,intfloat/multilingual-e5-large
61,0.2140898704528808,0.0,scann,intfloat/multilingual-e5-large
62,0.213468313217163,0.0,scann,intfloat/multilingual-e5-large
63,0.2166025638580322,0.0,scann,intfloat/multilingual-e5-large
64,0.2151651382446289,0.0,scann,intfloat/multilingual-e5-large
65,0.2155325412750244,0.0,scann,intfloat/multilingual-e5-large
66,0.2135000228881836,0.0,scann,intfloat/multilingual-e5-large
67,0.2150900363922119,0.0,scann,intfloat/multilingual-e5-large
68,0.2145981788635254,0.0,scann,intfloat/multilingual-e5-large
69,0.2141730785369873,0.0,scann,intfloat/multilingual-e5-large
70,0.214670181274414,0.0,scann,intfloat/multilingual-e5-large
71,0.2131519317626953,0.0,scann,intfloat/multilingual-e5-large
72,0.214526891708374,0.0,scann,intfloat/multilingual-e5-large
73,0.2148973941802978,0.0,scann,intfloat/multilingual-e5-large
74,0.2166810035705566,0.0,scann,intfloat/multilingual-e5-large
75,0.2141497135162353,0.0,scann,intfloat/multilingual-e5-large
76,0.2145743370056152,0.0,scann,intfloat/multilingual-e5-large
77,0.2154669761657714,0.0,scann,intfloat/multilingual-e5-large
78,0.2135775089263916,0.0,scann,intfloat/multilingual-e5-large
79,0.2148849964141845,0.0,scann,intfloat/multilingual-e5-large
80,0.2152674198150634,0.0,scann,intfloat/multilingual-e5-large
81,0.2142984867095947,0.0,scann,intfloat/multilingual-e5-large
82,0.2144560813903808,0.0,scann,intfloat/multilingual-e5-large
83,0.2136499881744384,0.0,scann,intfloat/multilingual-e5-large
84,0.2149953842163086,0.0,scann,intfloat/multilingual-e5-large
85,0.2149391174316406,0.0,scann,intfloat/multilingual-e5-large
86,0.2147536277770996,0.0,scann,intfloat/multilingual-e5-large
87,0.2133886814117431,0.0,scann,intfloat/multilingual-e5-large
88,0.2145793437957763,0.0,scann,intfloat/multilingual-e5-large
89,0.2154734134674072,0.0,scann,intfloat/multilingual-e5-large
90,0.2146141529083252,0.0,scann,intfloat/multilingual-e5-large
91,0.2149608135223388,0.0,scann,intfloat/multilingual-e5-large
92,0.2136476039886474,0.0,scann,intfloat/multilingual-e5-large
93,0.2143721580505371,0.0,scann,intfloat/multilingual-e5-large
94,0.2134428024291992,0.0,scann,intfloat/multilingual-e5-large
95,0.2152676582336425,0.0,scann,intfloat/multilingual-e5-large
96,0.2151379585266113,0.0,scann,intfloat/multilingual-e5-large
97,0.2148501873016357,0.0,scann,intfloat/multilingual-e5-large
98,0.2154257297515869,0.0,scann,intfloat/multilingual-e5-large
99,0.2139215469360351,0.0,scann,intfloat/multilingual-e5-large
100,0.2144930362701416,0.0,scann,intfloat/multilingual-e5-large
1,0.2180438041687011,0.0,scann,intfloat/multilingual-e5-large
2,0.2169680595397949,0.0,scann,intfloat/multilingual-e5-large
3,0.2153646945953369,0.0,scann,intfloat/multilingual-e5-large
4,0.2150804996490478,0.0,scann,intfloat/multilingual-e5-large
5,0.2154266834259033,0.0,scann,intfloat/multilingual-e5-large
6,0.2154817581176757,0.0,scann,intfloat/multilingual-e5-large
7,0.2141740322113037,0.0,scann,intfloat/multilingual-e5-large
8,0.214289903640747,0.0,scann,intfloat/multilingual-e5-large
9,0.2144310474395752,0.0,scann,intfloat/multilingual-e5-large
10,0.2163577079772949,0.0,scann,intfloat/multilingual-e5-large
11,0.2150096893310547,0.0,scann,intfloat/multilingual-e5-large
12,0.2162060737609863,0.0,scann,intfloat/multilingual-e5-large
13,0.2138285636901855,0.0,scann,intfloat/multilingual-e5-large
14,0.2158136367797851,0.0,scann,intfloat/multilingual-e5-large
15,0.2139585018157959,0.0,scann,intfloat/multilingual-e5-large
16,0.2140755653381347,0.0,scann,intfloat/multilingual-e5-large
17,0.2163059711456298,0.0,scann,intfloat/multilingual-e5-large
18,0.2137753963470459,0.0,scann,intfloat/multilingual-e5-large
19,0.2145991325378418,0.0,scann,intfloat/multilingual-e5-large
20,0.2142601013183593,0.0,scann,intfloat/multilingual-e5-large
21,0.2137887477874755,0.0,scann,intfloat/multilingual-e5-large
22,0.2151551246643066,0.0,scann,intfloat/multilingual-e5-large
23,0.2145919799804687,0.0,scann,intfloat/multilingual-e5-large
24,0.2165441513061523,0.0,scann,intfloat/multilingual-e5-large
25,0.2141189575195312,0.0,scann,intfloat/multilingual-e5-large
26,0.2150835990905761,0.0,scann,intfloat/multilingual-e5-large
27,0.2137777805328369,0.0,scann,intfloat/multilingual-e5-large
28,0.2147455215454101,0.0,scann,intfloat/multilingual-e5-large
29,0.2149856090545654,0.0,scann,intfloat/multilingual-e5-large
30,0.2145826816558838,0.0,scann,intfloat/multilingual-e5-large
31,0.2155187129974365,0.0,scann,intfloat/multilingual-e5-large
32,0.2148058414459228,0.0,scann,intfloat/multilingual-e5-large
33,0.2149887084960937,0.0,scann,intfloat/multilingual-e5-large
34,0.2153644561767578,0.0,scann,intfloat/multilingual-e5-large
35,0.2148303985595703,0.0,scann,intfloat/multilingual-e5-large
36,0.2142939567565918,0.0,scann,intfloat/multilingual-e5-large
37,0.2172069549560547,0.0,scann,intfloat/multilingual-e5-large
38,0.2168936729431152,0.0,scann,intfloat/multilingual-e5-large
39,0.2144062519073486,0.0,scann,intfloat/multilingual-e5-large
40,0.2151906490325927,0.0,scann,intfloat/multilingual-e5-large
41,0.214062213897705,0.0,scann,intfloat/multilingual-e5-large
42,0.2144737243652343,0.0,scann,intfloat/multilingual-e5-large
43,0.2149779796600341,0.0,scann,intfloat/multilingual-e5-large
44,0.2151806354522705,0.0,scann,intfloat/multilingual-e5-large
45,0.2158002853393554,0.0,scann,intfloat/multilingual-e5-large
46,0.2140443325042724,0.0,scann,intfloat/multilingual-e5-large
47,0.2146627902984619,0.0,scann,intfloat/multilingual-e5-large
48,0.2151172161102295,0.0,scann,intfloat/multilingual-e5-large
49,0.2147631645202636,0.0,scann,intfloat/multilingual-e5-large
50,0.2150113582611084,0.0,scann,intfloat/multilingual-e5-large
51,0.2141458988189697,0.0,scann,intfloat/multilingual-e5-large
52,0.2152976989746093,0.0,scann,intfloat/multilingual-e5-large
53,0.2151234149932861,0.0,scann,intfloat/multilingual-e5-large
54,0.2149362564086914,0.0,scann,intfloat/multilingual-e5-large
55,0.2148451805114746,0.0,scann,intfloat/multilingual-e5-large
56,0.215057373046875,0.0,scann,intfloat/multilingual-e5-large
57,0.2149503231048584,0.0,scann,intfloat/multilingual-e5-large
58,0.214228868484497,0.0,scann,intfloat/multilingual-e5-large
59,0.2154695987701416,0.0,scann,intfloat/multilingual-e5-large
60,0.2145037651062011,0.0,scann,intfloat/multilingual-e5-large
61,0.2147614955902099,0.0,scann,intfloat/multilingual-e5-large
62,0.216170072555542,0.0,scann,intfloat/multilingual-e5-large
63,0.2144386768341064,0.0,scann,intfloat/multilingual-e5-large
64,0.2148747444152832,0.0,scann,intfloat/multilingual-e5-large
65,0.2146239280700683,0.0,scann,intfloat/multilingual-e5-large
66,0.2156531810760498,0.0,scann,intfloat/multilingual-e5-large
67,0.2145352363586425,0.0,scann,intfloat/multilingual-e5-large
68,0.214456558227539,0.0,scann,intfloat/multilingual-e5-large
69,0.2140226364135742,0.0,scann,intfloat/multilingual-e5-large
70,0.2152652740478515,0.0,scann,intfloat/multilingual-e5-large
71,0.215580940246582,0.0,scann,intfloat/multilingual-e5-large
72,0.2145876884460449,0.0,scann,intfloat/multilingual-e5-large
73,0.2156944274902343,0.0,scann,intfloat/multilingual-e5-large
74,0.2142064571380615,0.0,scann,intfloat/multilingual-e5-large
75,0.2149560451507568,0.0,scann,intfloat/multilingual-e5-large
76,0.2155172824859619,0.0,scann,intfloat/multilingual-e5-large
77,0.2138833999633789,0.0,scann,intfloat/multilingual-e5-large
78,0.215378999710083,0.0,scann,intfloat/multilingual-e5-large
79,0.2144942283630371,0.0,scann,intfloat/multilingual-e5-large
80,0.2152988910675048,0.0,scann,intfloat/multilingual-e5-large
81,0.2154779434204101,0.0,scann,intfloat/multilingual-e5-large
82,0.2141799926757812,0.0,scann,intfloat/multilingual-e5-large
83,0.2148041725158691,0.0,scann,intfloat/multilingual-e5-large
84,0.215174913406372,0.0,scann,intfloat/multilingual-e5-large
85,0.2168653011322021,0.0,scann,intfloat/multilingual-e5-large
86,0.2149379253387451,0.0,scann,intfloat/multilingual-e5-large
87,0.2140946388244629,0.0,scann,intfloat/multilingual-e5-large
88,0.2155606746673584,0.0,scann,intfloat/multilingual-e5-large
89,0.2140648365020752,0.0,scann,intfloat/multilingual-e5-large
90,0.2152943611145019,0.0,scann,intfloat/multilingual-e5-large
91,0.2155206203460693,0.0,scann,intfloat/multilingual-e5-large
92,0.2168846130371093,0.0,scann,intfloat/multilingual-e5-large
93,0.2135396003723144,0.0,scann,intfloat/multilingual-e5-large
94,0.2154202461242675,0.0,scann,intfloat/multilingual-e5-large
95,0.215095043182373,0.0,scann,intfloat/multilingual-e5-large
96,0.2141971588134765,0.0,scann,intfloat/multilingual-e5-large
97,0.2156848907470703,0.0,scann,intfloat/multilingual-e5-large
98,0.2144703865051269,0.0,scann,intfloat/multilingual-e5-large
99,0.2156205177307129,0.0,scann,intfloat/multilingual-e5-large
100,0.2137167453765869,0.0,scann,intfloat/multilingual-e5-large
1,0.2186620235443115,0.0,scann,intfloat/multilingual-e5-large
2,0.2159731388092041,0.0,scann,intfloat/multilingual-e5-large
3,0.2162353992462158,0.0,scann,intfloat/multilingual-e5-large
4,0.2159004211425781,0.0,scann,intfloat/multilingual-e5-large
5,0.2143278121948242,0.0,scann,intfloat/multilingual-e5-large
6,0.2163009643554687,0.0,scann,intfloat/multilingual-e5-large
7,0.2150599956512451,0.0,scann,intfloat/multilingual-e5-large
8,0.2152857780456543,0.0,scann,intfloat/multilingual-e5-large
9,0.2156918048858642,0.0,scann,intfloat/multilingual-e5-large
10,0.214052677154541,0.0,scann,intfloat/multilingual-e5-large
11,0.2158458232879638,0.0,scann,intfloat/multilingual-e5-large
12,0.2150979042053222,0.0,scann,intfloat/multilingual-e5-large
13,0.2154521942138672,0.0,scann,intfloat/multilingual-e5-large
14,0.2149488925933838,0.0,scann,intfloat/multilingual-e5-large
15,0.2168726921081543,0.0,scann,intfloat/multilingual-e5-large
16,0.2149133682250976,0.0,scann,intfloat/multilingual-e5-large
17,0.2153747081756591,0.0,scann,intfloat/multilingual-e5-large
18,0.2164990901947021,0.0,scann,intfloat/multilingual-e5-large
19,0.2135896682739257,0.0,scann,intfloat/multilingual-e5-large
20,0.2147672176361084,0.0,scann,intfloat/multilingual-e5-large
21,0.2139334678649902,0.0,scann,intfloat/multilingual-e5-large
22,0.2148158550262451,0.0,scann,intfloat/multilingual-e5-large
23,0.2158308029174804,0.0,scann,intfloat/multilingual-e5-large
24,0.2136614322662353,0.0,scann,intfloat/multilingual-e5-large
25,0.2169480323791504,0.0,scann,intfloat/multilingual-e5-large
26,0.2151050567626953,0.0,scann,intfloat/multilingual-e5-large
27,0.2158381938934326,0.0,scann,intfloat/multilingual-e5-large
28,0.2152881622314453,0.0,scann,intfloat/multilingual-e5-large
29,0.2153420448303222,0.0,scann,intfloat/multilingual-e5-large
30,0.2157139778137207,0.0,scann,intfloat/multilingual-e5-large
31,0.2145280838012695,0.0,scann,intfloat/multilingual-e5-large
32,0.2160744667053222,0.0,scann,intfloat/multilingual-e5-large
33,0.2148468494415283,0.0,scann,intfloat/multilingual-e5-large
34,0.2167513370513916,0.0,scann,intfloat/multilingual-e5-large
35,0.214691162109375,0.0,scann,intfloat/multilingual-e5-large
36,0.2136318683624267,0.0,scann,intfloat/multilingual-e5-large
37,0.2150454521179199,0.0,scann,intfloat/multilingual-e5-large
38,0.2139563560485839,0.0,scann,intfloat/multilingual-e5-large
39,0.2152330875396728,0.0,scann,intfloat/multilingual-e5-large
40,0.2135400772094726,0.0,scann,intfloat/multilingual-e5-large
41,0.2155988216400146,0.0,scann,intfloat/multilingual-e5-large
42,0.214174747467041,0.0,scann,intfloat/multilingual-e5-large
43,0.2149889469146728,0.0,scann,intfloat/multilingual-e5-large
44,0.2156779766082763,0.0,scann,intfloat/multilingual-e5-large
45,0.2137327194213867,0.0,scann,intfloat/multilingual-e5-large
46,0.2160351276397705,0.0,scann,intfloat/multilingual-e5-large
47,0.2141144275665283,0.0,scann,intfloat/multilingual-e5-large
48,0.2154862880706787,0.0,scann,intfloat/multilingual-e5-large
49,0.2143590450286865,0.0,scann,intfloat/multilingual-e5-large
50,0.2168681621551513,0.0,scann,intfloat/multilingual-e5-large
51,0.2159078121185302,0.0,scann,intfloat/multilingual-e5-large
52,0.2138757705688476,0.0,scann,intfloat/multilingual-e5-large
53,0.2150847911834716,0.0,scann,intfloat/multilingual-e5-large
54,0.2141752243041992,0.0,scann,intfloat/multilingual-e5-large
55,0.2142236232757568,0.0,scann,intfloat/multilingual-e5-large
56,0.2142913341522216,0.0,scann,intfloat/multilingual-e5-large
57,0.2138018608093261,0.0,scann,intfloat/multilingual-e5-large
58,0.2153913974761963,0.0,scann,intfloat/multilingual-e5-large
59,0.2139484882354736,0.0,scann,intfloat/multilingual-e5-large
60,0.2145967483520507,0.0,scann,intfloat/multilingual-e5-large
61,0.2131304740905761,0.0,scann,intfloat/multilingual-e5-large
62,0.2157251834869384,0.0,scann,intfloat/multilingual-e5-large
63,0.2148544788360595,0.0,scann,intfloat/multilingual-e5-large
64,0.2143146991729736,0.0,scann,intfloat/multilingual-e5-large
65,0.2140424251556396,0.0,scann,intfloat/multilingual-e5-large
66,0.2140936851501464,0.0,scann,intfloat/multilingual-e5-large
67,0.2157013416290283,0.0,scann,intfloat/multilingual-e5-large
68,0.2136802673339843,0.0,scann,intfloat/multilingual-e5-large
69,0.2142720222473144,0.0,scann,intfloat/multilingual-e5-large
70,0.2171239852905273,0.0,scann,intfloat/multilingual-e5-large
71,0.2148232460021972,0.0,scann,intfloat/multilingual-e5-large
72,0.2182099819183349,0.0,scann,intfloat/multilingual-e5-large
73,0.2166252136230468,0.0,scann,intfloat/multilingual-e5-large
74,0.2166974544525146,0.0,scann,intfloat/multilingual-e5-large
75,0.2167043685913086,0.0,scann,intfloat/multilingual-e5-large
76,0.2165143489837646,0.0,scann,intfloat/multilingual-e5-large
77,0.2399165630340576,0.0,scann,intfloat/multilingual-e5-large
78,0.2324857711791992,0.0,scann,intfloat/multilingual-e5-large
79,0.250293493270874,0.0,scann,intfloat/multilingual-e5-large
80,0.2334184646606445,0.0,scann,intfloat/multilingual-e5-large
81,0.2180976867675781,0.0,scann,intfloat/multilingual-e5-large
82,0.2176837921142578,0.0,scann,intfloat/multilingual-e5-large
83,0.2171902656555175,0.0,scann,intfloat/multilingual-e5-large
84,0.2177622318267822,0.0,scann,intfloat/multilingual-e5-large
85,0.2169268131256103,0.0,scann,intfloat/multilingual-e5-large
86,0.2167208194732666,0.0,scann,intfloat/multilingual-e5-large
87,0.2145643234252929,0.0,scann,intfloat/multilingual-e5-large
88,0.2205979824066162,0.0,scann,intfloat/multilingual-e5-large
89,0.2189474105834961,0.0,scann,intfloat/multilingual-e5-large
90,0.218005895614624,0.0,scann,intfloat/multilingual-e5-large
91,0.2177424430847168,0.0,scann,intfloat/multilingual-e5-large
92,0.2178206443786621,0.0,scann,intfloat/multilingual-e5-large
93,0.2169222831726074,0.0,scann,intfloat/multilingual-e5-large
94,0.2178847789764404,0.0,scann,intfloat/multilingual-e5-large
95,0.2166903018951416,0.0,scann,intfloat/multilingual-e5-large
96,0.2164630889892578,0.0,scann,intfloat/multilingual-e5-large
97,0.2170922756195068,0.0,scann,intfloat/multilingual-e5-large
98,0.2154936790466308,0.0,scann,intfloat/multilingual-e5-large
99,0.21779465675354,0.0,scann,intfloat/multilingual-e5-large
100,0.2192094326019287,0.0,scann,intfloat/multilingual-e5-large
1,0.2296476364135742,0.0,scann,neuralmind/bert-large-portuguese-cased
2,0.2310123443603515,0.0,scann,neuralmind/bert-large-portuguese-cased
3,0.2186260223388672,0.0,scann,neuralmind/bert-large-portuguese-cased
4,0.2169001102447509,0.0,scann,neuralmind/bert-large-portuguese-cased
5,0.2165312767028808,0.0,scann,neuralmind/bert-large-portuguese-cased
6,0.2171649932861328,0.0,scann,neuralmind/bert-large-portuguese-cased
7,0.2145636081695556,0.0,scann,neuralmind/bert-large-portuguese-cased
8,0.2163951396942138,0.0,scann,neuralmind/bert-large-portuguese-cased
9,0.2147760391235351,0.0,scann,neuralmind/bert-large-portuguese-cased
10,0.2162513732910156,0.0,scann,neuralmind/bert-large-portuguese-cased
11,0.2162272930145263,0.0,scann,neuralmind/bert-large-portuguese-cased
12,0.2162272930145263,0.0,scann,neuralmind/bert-large-portuguese-cased
13,0.2174239158630371,0.0,scann,neuralmind/bert-large-portuguese-cased
14,0.2158703804016113,0.0,scann,neuralmind/bert-large-portuguese-cased
15,0.2165460586547851,0.0,scann,neuralmind/bert-large-portuguese-cased
16,0.2164690494537353,0.0,scann,neuralmind/bert-large-portuguese-cased
17,0.215522289276123,0.0,scann,neuralmind/bert-large-portuguese-cased
18,0.2163944244384765,0.0,scann,neuralmind/bert-large-portuguese-cased
19,0.2155628204345703,0.0,scann,neuralmind/bert-large-portuguese-cased
20,0.2162022590637207,0.0,scann,neuralmind/bert-large-portuguese-cased
21,0.2162480354309082,0.0,scann,neuralmind/bert-large-portuguese-cased
22,0.2163312435150146,0.0,scann,neuralmind/bert-large-portuguese-cased
23,0.2167856693267822,0.0,scann,neuralmind/bert-large-portuguese-cased
24,0.2170002460479736,0.0,scann,neuralmind/bert-large-portuguese-cased
25,0.2168374061584472,0.0,scann,neuralmind/bert-large-portuguese-cased
26,0.2151601314544677,0.0,scann,neuralmind/bert-large-portuguese-cased
27,0.218564748764038,0.0,scann,neuralmind/bert-large-portuguese-cased
28,0.2161004543304443,0.0,scann,neuralmind/bert-large-portuguese-cased
29,0.2162892818450927,0.0,scann,neuralmind/bert-large-portuguese-cased
30,0.2156791687011718,0.0,scann,neuralmind/bert-large-portuguese-cased
31,0.2173285484313964,0.0,scann,neuralmind/bert-large-portuguese-cased
32,0.2157614231109619,0.0,scann,neuralmind/bert-large-portuguese-cased
33,0.2152097225189209,0.0,scann,neuralmind/bert-large-portuguese-cased
34,0.2177953720092773,0.0,scann,neuralmind/bert-large-portuguese-cased
35,0.214911937713623,0.0,scann,neuralmind/bert-large-portuguese-cased
36,0.2171630859375,0.0,scann,neuralmind/bert-large-portuguese-cased
37,0.2154929637908935,0.0,scann,neuralmind/bert-large-portuguese-cased
38,0.2177460193634033,0.0,scann,neuralmind/bert-large-portuguese-cased
39,0.2174911499023437,0.0,scann,neuralmind/bert-large-portuguese-cased
40,0.2155451774597168,0.0,scann,neuralmind/bert-large-portuguese-cased
41,0.2175776958465576,0.0,scann,neuralmind/bert-large-portuguese-cased
42,0.2143352031707763,0.0,scann,neuralmind/bert-large-portuguese-cased
43,0.2164340019226074,0.0,scann,neuralmind/bert-large-portuguese-cased
44,0.2169427871704101,0.0,scann,neuralmind/bert-large-portuguese-cased
45,0.2181675434112548,0.0,scann,neuralmind/bert-large-portuguese-cased
46,0.2167448997497558,0.0,scann,neuralmind/bert-large-portuguese-cased
47,0.2158043384552002,0.0,scann,neuralmind/bert-large-portuguese-cased
48,0.2191853523254394,0.0,scann,neuralmind/bert-large-portuguese-cased
49,0.216937780380249,0.0,scann,neuralmind/bert-large-portuguese-cased
50,0.2161056995391845,0.0,scann,neuralmind/bert-large-portuguese-cased
51,0.2178857326507568,0.0,scann,neuralmind/bert-large-portuguese-cased
52,0.2383382320404052,0.0,scann,neuralmind/bert-large-portuguese-cased
53,0.2417817115783691,0.0,scann,neuralmind/bert-large-portuguese-cased
54,0.2410745620727539,0.0,scann,neuralmind/bert-large-portuguese-cased
55,0.240694522857666,0.0,scann,neuralmind/bert-large-portuguese-cased
56,0.240602970123291,0.0,scann,neuralmind/bert-large-portuguese-cased
57,0.242485761642456,0.0,scann,neuralmind/bert-large-portuguese-cased
58,0.2333667278289795,0.0,scann,neuralmind/bert-large-portuguese-cased
59,0.2189207077026367,0.0,scann,neuralmind/bert-large-portuguese-cased
60,0.2161717414855957,0.0,scann,neuralmind/bert-large-portuguese-cased
61,0.217393159866333,0.0,scann,neuralmind/bert-large-portuguese-cased
62,0.2151863574981689,0.0,scann,neuralmind/bert-large-portuguese-cased
63,0.2174694538116455,0.0,scann,neuralmind/bert-large-portuguese-cased
64,0.2162139415740966,0.0,scann,neuralmind/bert-large-portuguese-cased
65,0.2154114246368408,0.0,scann,neuralmind/bert-large-portuguese-cased
66,0.2166590690612793,0.0,scann,neuralmind/bert-large-portuguese-cased
67,0.2153172492980957,0.0,scann,neuralmind/bert-large-portuguese-cased
68,0.2177858352661132,0.0,scann,neuralmind/bert-large-portuguese-cased
69,0.2171542644500732,0.0,scann,neuralmind/bert-large-portuguese-cased
70,0.2223460674285888,0.0,scann,neuralmind/bert-large-portuguese-cased
71,0.2204177379608154,0.0,scann,neuralmind/bert-large-portuguese-cased
72,0.2158546447753906,0.0,scann,neuralmind/bert-large-portuguese-cased
73,0.21598482131958,0.0,scann,neuralmind/bert-large-portuguese-cased
74,0.2152390480041504,0.0,scann,neuralmind/bert-large-portuguese-cased
75,0.2167186737060547,0.0,scann,neuralmind/bert-large-portuguese-cased
76,0.2157058715820312,0.0,scann,neuralmind/bert-large-portuguese-cased
77,0.2161595821380615,0.0,scann,neuralmind/bert-large-portuguese-cased
78,0.2161610126495361,0.0,scann,neuralmind/bert-large-portuguese-cased
79,0.2176873683929443,0.0,scann,neuralmind/bert-large-portuguese-cased
80,0.2170157432556152,0.0,scann,neuralmind/bert-large-portuguese-cased
81,0.2156982421875,0.0,scann,neuralmind/bert-large-portuguese-cased
82,0.215613842010498,0.0,scann,neuralmind/bert-large-portuguese-cased
83,0.2159602642059326,0.0,scann,neuralmind/bert-large-portuguese-cased
84,0.2168476581573486,0.0,scann,neuralmind/bert-large-portuguese-cased
85,0.2160100936889648,0.0,scann,neuralmind/bert-large-portuguese-cased
86,0.2166805267333984,0.0,scann,neuralmind/bert-large-portuguese-cased
87,0.2160301208496093,0.0,scann,neuralmind/bert-large-portuguese-cased
88,0.2150065898895263,0.0,scann,neuralmind/bert-large-portuguese-cased
89,0.2165758609771728,0.0,scann,neuralmind/bert-large-portuguese-cased
90,0.2146799564361572,0.0,scann,neuralmind/bert-large-portuguese-cased
91,0.2158665657043457,0.0,scann,neuralmind/bert-large-portuguese-cased
92,0.2168927192687988,0.0,scann,neuralmind/bert-large-portuguese-cased
93,0.2148468494415283,0.0,scann,neuralmind/bert-large-portuguese-cased
94,0.2163703441619873,0.0,scann,neuralmind/bert-large-portuguese-cased
95,0.215818166732788,0.0,scann,neuralmind/bert-large-portuguese-cased
96,0.2159640789031982,0.0,scann,neuralmind/bert-large-portuguese-cased
97,0.2157011032104492,0.0,scann,neuralmind/bert-large-portuguese-cased
98,0.2154402732849121,0.0,scann,neuralmind/bert-large-portuguese-cased
99,0.2185964584350586,0.0,scann,neuralmind/bert-large-portuguese-cased
100,0.2158236503601074,0.0,scann,neuralmind/bert-large-portuguese-cased
1,0.2206921577453613,0.0,scann,neuralmind/bert-large-portuguese-cased
2,0.2141926288604736,0.0,scann,neuralmind/bert-large-portuguese-cased
3,0.2190382480621338,0.0,scann,neuralmind/bert-large-portuguese-cased
4,0.2153258323669433,0.0,scann,neuralmind/bert-large-portuguese-cased
5,0.2176051139831543,0.0,scann,neuralmind/bert-large-portuguese-cased
6,0.216930866241455,0.0,scann,neuralmind/bert-large-portuguese-cased
7,0.2155396938323974,0.0,scann,neuralmind/bert-large-portuguese-cased
8,0.2157201766967773,0.0,scann,neuralmind/bert-large-portuguese-cased
9,0.2144443988800048,0.0,scann,neuralmind/bert-large-portuguese-cased
10,0.2160587310791015,0.0,scann,neuralmind/bert-large-portuguese-cased
11,0.2146563529968261,0.0,scann,neuralmind/bert-large-portuguese-cased
12,0.2159478664398193,0.0,scann,neuralmind/bert-large-portuguese-cased
13,0.2148904800415039,0.0,scann,neuralmind/bert-large-portuguese-cased
14,0.2171721458435058,0.0,scann,neuralmind/bert-large-portuguese-cased
15,0.2161285877227783,0.0,scann,neuralmind/bert-large-portuguese-cased
16,0.2143239974975586,0.0,scann,neuralmind/bert-large-portuguese-cased
17,0.2166104316711425,0.0,scann,neuralmind/bert-large-portuguese-cased
18,0.2153525352478027,0.0,scann,neuralmind/bert-large-portuguese-cased
19,0.2157082557678222,0.0,scann,neuralmind/bert-large-portuguese-cased
20,0.2146317958831787,0.0,scann,neuralmind/bert-large-portuguese-cased
21,0.2156250476837158,0.0,scann,neuralmind/bert-large-portuguese-cased
22,0.2163431644439697,0.0,scann,neuralmind/bert-large-portuguese-cased
23,0.2142548561096191,0.0,scann,neuralmind/bert-large-portuguese-cased
24,0.2163393497467041,0.0,scann,neuralmind/bert-large-portuguese-cased
25,0.2146978378295898,0.0,scann,neuralmind/bert-large-portuguese-cased
26,0.2171809673309326,0.0,scann,neuralmind/bert-large-portuguese-cased
27,0.2157886028289795,0.0,scann,neuralmind/bert-large-portuguese-cased
28,0.2138807773590088,0.0,scann,neuralmind/bert-large-portuguese-cased
29,0.2153034210205078,0.0,scann,neuralmind/bert-large-portuguese-cased
30,0.2151057720184326,0.0,scann,neuralmind/bert-large-portuguese-cased
31,0.2161216735839843,0.0,scann,neuralmind/bert-large-portuguese-cased
32,0.2140767574310302,0.0,scann,neuralmind/bert-large-portuguese-cased
33,0.2152199745178222,0.0,scann,neuralmind/bert-large-portuguese-cased
34,0.2155189514160156,0.0,scann,neuralmind/bert-large-portuguese-cased
35,0.2141971588134765,0.0,scann,neuralmind/bert-large-portuguese-cased
36,0.2180638313293457,0.0,scann,neuralmind/bert-large-portuguese-cased
37,0.2161548137664795,0.0,scann,neuralmind/bert-large-portuguese-cased
38,0.216224193572998,0.0,scann,neuralmind/bert-large-portuguese-cased
39,0.215447187423706,0.0,scann,neuralmind/bert-large-portuguese-cased
40,0.2153244018554687,0.0,scann,neuralmind/bert-large-portuguese-cased
41,0.2177426815032959,0.0,scann,neuralmind/bert-large-portuguese-cased
42,0.215104341506958,0.0,scann,neuralmind/bert-large-portuguese-cased
43,0.2158029079437255,0.0,scann,neuralmind/bert-large-portuguese-cased
44,0.218590497970581,0.0,scann,neuralmind/bert-large-portuguese-cased
45,0.2159521579742431,0.0,scann,neuralmind/bert-large-portuguese-cased
46,0.2148056030273437,0.0,scann,neuralmind/bert-large-portuguese-cased
47,0.2168946266174316,0.0,scann,neuralmind/bert-large-portuguese-cased
48,0.2162141799926757,0.0,scann,neuralmind/bert-large-portuguese-cased
49,0.2155442237854004,0.0,scann,neuralmind/bert-large-portuguese-cased
50,0.2159445285797119,0.0,scann,neuralmind/bert-large-portuguese-cased
51,0.214465856552124,0.0,scann,neuralmind/bert-large-portuguese-cased
52,0.2161455154418945,0.0,scann,neuralmind/bert-large-portuguese-cased
53,0.2149739265441894,0.0,scann,neuralmind/bert-large-portuguese-cased
54,0.214862585067749,0.0,scann,neuralmind/bert-large-portuguese-cased
55,0.2151846885681152,0.0,scann,neuralmind/bert-large-portuguese-cased
56,0.214923620223999,0.0,scann,neuralmind/bert-large-portuguese-cased
57,0.2163221836090088,0.0,scann,neuralmind/bert-large-portuguese-cased
58,0.2153999805450439,0.0,scann,neuralmind/bert-large-portuguese-cased
59,0.2166862487792968,0.0,scann,neuralmind/bert-large-portuguese-cased
60,0.2160854339599609,0.0,scann,neuralmind/bert-large-portuguese-cased
61,0.2167322635650634,0.0,scann,neuralmind/bert-large-portuguese-cased
62,0.2157881259918213,0.0,scann,neuralmind/bert-large-portuguese-cased
63,0.2142410278320312,0.0,scann,neuralmind/bert-large-portuguese-cased
64,0.2167601585388183,0.0,scann,neuralmind/bert-large-portuguese-cased
65,0.2145380973815918,0.0,scann,neuralmind/bert-large-portuguese-cased
66,0.216515302658081,0.0,scann,neuralmind/bert-large-portuguese-cased
67,0.2148067951202392,0.0,scann,neuralmind/bert-large-portuguese-cased
68,0.215832233428955,0.0,scann,neuralmind/bert-large-portuguese-cased
69,0.21628999710083,0.0,scann,neuralmind/bert-large-portuguese-cased
70,0.2149531841278076,0.0,scann,neuralmind/bert-large-portuguese-cased
71,0.2159247398376464,0.0,scann,neuralmind/bert-large-portuguese-cased
72,0.2150499820709228,0.0,scann,neuralmind/bert-large-portuguese-cased
73,0.2157888412475586,0.0,scann,neuralmind/bert-large-portuguese-cased
74,0.2147929668426513,0.0,scann,neuralmind/bert-large-portuguese-cased
75,0.2151460647583007,0.0,scann,neuralmind/bert-large-portuguese-cased
76,0.216240644454956,0.0,scann,neuralmind/bert-large-portuguese-cased
77,0.2158429622650146,0.0,scann,neuralmind/bert-large-portuguese-cased
78,0.2166368961334228,0.0,scann,neuralmind/bert-large-portuguese-cased
79,0.2151823043823242,0.0,scann,neuralmind/bert-large-portuguese-cased
80,0.2167999744415283,0.0,scann,neuralmind/bert-large-portuguese-cased
81,0.2150659561157226,0.0,scann,neuralmind/bert-large-portuguese-cased
82,0.2141296863555908,0.0,scann,neuralmind/bert-large-portuguese-cased
83,0.2166383266448974,0.0,scann,neuralmind/bert-large-portuguese-cased
84,0.2149608135223388,0.0,scann,neuralmind/bert-large-portuguese-cased
85,0.2164108753204345,0.0,scann,neuralmind/bert-large-portuguese-cased
86,0.2140684127807617,0.0,scann,neuralmind/bert-large-portuguese-cased
87,0.2168416976928711,0.0,scann,neuralmind/bert-large-portuguese-cased
88,0.2151906490325927,0.0,scann,neuralmind/bert-large-portuguese-cased
89,0.2138717174530029,0.0,scann,neuralmind/bert-large-portuguese-cased
90,0.2174117565155029,0.0,scann,neuralmind/bert-large-portuguese-cased
91,0.2147789001464843,0.0,scann,neuralmind/bert-large-portuguese-cased
92,0.21647310256958,0.0,scann,neuralmind/bert-large-portuguese-cased
93,0.2150435447692871,0.0,scann,neuralmind/bert-large-portuguese-cased
94,0.2156019210815429,0.0,scann,neuralmind/bert-large-portuguese-cased
95,0.2147114276885986,0.0,scann,neuralmind/bert-large-portuguese-cased
96,0.2138140201568603,0.0,scann,neuralmind/bert-large-portuguese-cased
97,0.2164640426635742,0.0,scann,neuralmind/bert-large-portuguese-cased
98,0.2148442268371582,0.0,scann,neuralmind/bert-large-portuguese-cased
99,0.216249942779541,0.0,scann,neuralmind/bert-large-portuguese-cased
100,0.2158107757568359,0.0,scann,neuralmind/bert-large-portuguese-cased
1,0.2186896800994873,0.0,scann,neuralmind/bert-large-portuguese-cased
2,0.2150843143463134,0.0,scann,neuralmind/bert-large-portuguese-cased
3,0.2159748077392578,0.0,scann,neuralmind/bert-large-portuguese-cased
4,0.2158513069152832,0.0,scann,neuralmind/bert-large-portuguese-cased
5,0.215301513671875,0.0,scann,neuralmind/bert-large-portuguese-cased
6,0.2159173488616943,0.0,scann,neuralmind/bert-large-portuguese-cased
7,0.2149083614349365,0.0,scann,neuralmind/bert-large-portuguese-cased
8,0.2180070877075195,0.0,scann,neuralmind/bert-large-portuguese-cased
9,0.2161862850189209,0.0,scann,neuralmind/bert-large-portuguese-cased
10,0.2161235809326172,0.0,scann,neuralmind/bert-large-portuguese-cased
11,0.2157413959503173,0.0,scann,neuralmind/bert-large-portuguese-cased
12,0.2202596664428711,0.0,scann,neuralmind/bert-large-portuguese-cased
13,0.2174367904663086,0.0,scann,neuralmind/bert-large-portuguese-cased
14,0.2158253192901611,0.0,scann,neuralmind/bert-large-portuguese-cased
15,0.2173187732696533,0.0,scann,neuralmind/bert-large-portuguese-cased
16,0.2164626121520996,0.0,scann,neuralmind/bert-large-portuguese-cased
17,0.2161221504211425,0.0,scann,neuralmind/bert-large-portuguese-cased
18,0.2158982753753662,0.0,scann,neuralmind/bert-large-portuguese-cased
19,0.2151939868927002,0.0,scann,neuralmind/bert-large-portuguese-cased
20,0.2167456150054931,0.0,scann,neuralmind/bert-large-portuguese-cased
21,0.2154195308685302,0.0,scann,neuralmind/bert-large-portuguese-cased
22,0.2166056632995605,0.0,scann,neuralmind/bert-large-portuguese-cased
23,0.2157833576202392,0.0,scann,neuralmind/bert-large-portuguese-cased
24,0.2164270877838134,0.0,scann,neuralmind/bert-large-portuguese-cased
25,0.2158882617950439,0.0,scann,neuralmind/bert-large-portuguese-cased
26,0.2146053314208984,0.0,scann,neuralmind/bert-large-portuguese-cased
27,0.2168078422546386,0.0,scann,neuralmind/bert-large-portuguese-cased
28,0.2148964405059814,0.0,scann,neuralmind/bert-large-portuguese-cased
29,0.2164037227630615,0.0,scann,neuralmind/bert-large-portuguese-cased
30,0.2155773639678955,0.0,scann,neuralmind/bert-large-portuguese-cased
31,0.2167162895202636,0.0,scann,neuralmind/bert-large-portuguese-cased
32,0.2168552875518798,0.0,scann,neuralmind/bert-large-portuguese-cased
33,0.2168426513671875,0.0,scann,neuralmind/bert-large-portuguese-cased
34,0.2164251804351806,0.0,scann,neuralmind/bert-large-portuguese-cased
35,0.2152526378631591,0.0,scann,neuralmind/bert-large-portuguese-cased
36,0.2172424793243408,0.0,scann,neuralmind/bert-large-portuguese-cased
37,0.2157051563262939,0.0,scann,neuralmind/bert-large-portuguese-cased
38,0.2166404724121093,0.0,scann,neuralmind/bert-large-portuguese-cased
39,0.2159409523010254,0.0,scann,neuralmind/bert-large-portuguese-cased
40,0.2152483463287353,0.0,scann,neuralmind/bert-large-portuguese-cased
41,0.2154345512390136,0.0,scann,neuralmind/bert-large-portuguese-cased
42,0.2171978950500488,0.0,scann,neuralmind/bert-large-portuguese-cased
43,0.2156870365142822,0.0,scann,neuralmind/bert-large-portuguese-cased
44,0.2149662971496582,0.0,scann,neuralmind/bert-large-portuguese-cased
45,0.2168667316436767,0.0,scann,neuralmind/bert-large-portuguese-cased
46,0.2163686752319336,0.0,scann,neuralmind/bert-large-portuguese-cased
47,0.2176382541656494,0.0,scann,neuralmind/bert-large-portuguese-cased
48,0.2179620265960693,0.0,scann,neuralmind/bert-large-portuguese-cased
49,0.2165801525115966,0.0,scann,neuralmind/bert-large-portuguese-cased
50,0.2157766819000244,0.0,scann,neuralmind/bert-large-portuguese-cased
51,0.2166182994842529,0.0,scann,neuralmind/bert-large-portuguese-cased
52,0.2154810428619384,0.0,scann,neuralmind/bert-large-portuguese-cased
53,0.2170066833496093,0.0,scann,neuralmind/bert-large-portuguese-cased
54,0.2153036594390869,0.0,scann,neuralmind/bert-large-portuguese-cased
55,0.2165749073028564,0.0,scann,neuralmind/bert-large-portuguese-cased
56,0.2190449237823486,0.0,scann,neuralmind/bert-large-portuguese-cased
57,0.2174856662750244,0.0,scann,neuralmind/bert-large-portuguese-cased
58,0.2153348922729492,0.0,scann,neuralmind/bert-large-portuguese-cased
59,0.2147407531738281,0.0,scann,neuralmind/bert-large-portuguese-cased
60,0.2173066139221191,0.0,scann,neuralmind/bert-large-portuguese-cased
61,0.2156691551208496,0.0,scann,neuralmind/bert-large-portuguese-cased
62,0.2153820991516113,0.0,scann,neuralmind/bert-large-portuguese-cased
63,0.2159309387207031,0.0,scann,neuralmind/bert-large-portuguese-cased
64,0.2150709629058838,0.0,scann,neuralmind/bert-large-portuguese-cased
65,0.215101957321167,0.0,scann,neuralmind/bert-large-portuguese-cased
66,0.2140626907348632,0.0,scann,neuralmind/bert-large-portuguese-cased
67,0.2171063423156738,0.0,scann,neuralmind/bert-large-portuguese-cased
68,0.2165019512176513,0.0,scann,neuralmind/bert-large-portuguese-cased
69,0.2163033485412597,0.0,scann,neuralmind/bert-large-portuguese-cased
70,0.2149033546447754,0.0,scann,neuralmind/bert-large-portuguese-cased
71,0.2166862487792968,0.0,scann,neuralmind/bert-large-portuguese-cased
72,0.216428518295288,0.0,scann,neuralmind/bert-large-portuguese-cased
73,0.2160267829895019,0.0,scann,neuralmind/bert-large-portuguese-cased
74,0.2158291339874267,0.0,scann,neuralmind/bert-large-portuguese-cased
75,0.2149732112884521,0.0,scann,neuralmind/bert-large-portuguese-cased
76,0.2162597179412841,0.0,scann,neuralmind/bert-large-portuguese-cased
77,0.2144954204559326,0.0,scann,neuralmind/bert-large-portuguese-cased
78,0.2151417732238769,0.0,scann,neuralmind/bert-large-portuguese-cased
79,0.2152905464172363,0.0,scann,neuralmind/bert-large-portuguese-cased
80,0.2144734859466552,0.0,scann,neuralmind/bert-large-portuguese-cased
81,0.2168998718261718,0.0,scann,neuralmind/bert-large-portuguese-cased
82,0.2153773307800293,0.0,scann,neuralmind/bert-large-portuguese-cased
83,0.2160415649414062,0.0,scann,neuralmind/bert-large-portuguese-cased
84,0.2166497707366943,0.0,scann,neuralmind/bert-large-portuguese-cased
85,0.2156410217285156,0.0,scann,neuralmind/bert-large-portuguese-cased
86,0.2163195610046386,0.0,scann,neuralmind/bert-large-portuguese-cased
87,0.2134733200073242,0.0,scann,neuralmind/bert-large-portuguese-cased
88,0.2157433032989502,0.0,scann,neuralmind/bert-large-portuguese-cased
89,0.2174699306488037,0.0,scann,neuralmind/bert-large-portuguese-cased
90,0.2153913974761963,0.0,scann,neuralmind/bert-large-portuguese-cased
91,0.2165052890777588,0.0,scann,neuralmind/bert-large-portuguese-cased
92,0.2155771255493164,0.0,scann,neuralmind/bert-large-portuguese-cased
93,0.2160825729370117,0.0,scann,neuralmind/bert-large-portuguese-cased
94,0.2148447036743164,0.0,scann,neuralmind/bert-large-portuguese-cased
95,0.2168159484863281,0.0,scann,neuralmind/bert-large-portuguese-cased
96,0.2158746719360351,0.0,scann,neuralmind/bert-large-portuguese-cased
97,0.2167046070098877,0.0,scann,neuralmind/bert-large-portuguese-cased
98,0.2158896923065185,0.0,scann,neuralmind/bert-large-portuguese-cased
99,0.2151510715484619,0.0,scann,neuralmind/bert-large-portuguese-cased
100,0.2163350582122802,0.0,scann,neuralmind/bert-large-portuguese-cased
1,0.2174675464630127,0.0,scann,neuralmind/bert-large-portuguese-cased
2,0.2164626121520996,0.0,scann,neuralmind/bert-large-portuguese-cased
3,0.21603012084960938,0.0,scann,neuralmind/bert-large-portuguese-cased
4,0.21796488761901855,0.0,scann,neuralmind/bert-large-portuguese-cased
5,0.2160794734954834,0.0,scann,neuralmind/bert-large-portuguese-cased
6,0.2176063060760498,0.0,scann,neuralmind/bert-large-portuguese-cased
7,0.21482133865356445,0.0,scann,neuralmind/bert-large-portuguese-cased
8,0.2161121368408203,0.0,scann,neuralmind/bert-large-portuguese-cased
9,0.21593260765075684,0.0,scann,neuralmind/bert-large-portuguese-cased
10,0.21610045433044434,0.0,scann,neuralmind/bert-large-portuguese-cased
11,0.2170393466949463,0.0,scann,neuralmind/bert-large-portuguese-cased
12,0.21539735794067383,0.0,scann,neuralmind/bert-large-portuguese-cased
13,0.2159574031829834,0.0,scann,neuralmind/bert-large-portuguese-cased
14,0.21537065505981445,0.0,scann,neuralmind/bert-large-portuguese-cased
15,0.21499252319335938,0.0,scann,neuralmind/bert-large-portuguese-cased
16,0.2174057960510254,0.0,scann,neuralmind/bert-large-portuguese-cased
17,0.21486687660217285,0.0,scann,neuralmind/bert-large-portuguese-cased
18,0.21520400047302246,0.0,scann,neuralmind/bert-large-portuguese-cased
19,0.2157912254333496,0.0,scann,neuralmind/bert-large-portuguese-cased
20,0.21603107452392578,0.0,scann,neuralmind/bert-large-portuguese-cased
21,0.21629977226257324,0.0,scann,neuralmind/bert-large-portuguese-cased
22,0.21422123908996582,0.0,scann,neuralmind/bert-large-portuguese-cased
23,0.21639561653137207,0.0,scann,neuralmind/bert-large-portuguese-cased
24,0.21488571166992188,0.0,scann,neuralmind/bert-large-portuguese-cased
25,0.21748733520507812,0.0,scann,neuralmind/bert-large-portuguese-cased
26,0.21529173851013184,0.0,scann,neuralmind/bert-large-portuguese-cased
27,0.21561574935913086,0.0,scann,neuralmind/bert-large-portuguese-cased
28,0.21584796905517578,0.0,scann,neuralmind/bert-large-portuguese-cased
29,0.21327686309814453,0.0,scann,neuralmind/bert-large-portuguese-cased
30,0.21656131744384766,0.0,scann,neuralmind/bert-large-portuguese-cased
31,0.21521615982055664,0.0,scann,neuralmind/bert-large-portuguese-cased
32,0.21651339530944824,0.0,scann,neuralmind/bert-large-portuguese-cased
33,0.2151200771331787,0.0,scann,neuralmind/bert-large-portuguese-cased
34,0.2156357765197754,0.0,scann,neuralmind/bert-large-portuguese-cased
35,0.21536612510681152,0.0,scann,neuralmind/bert-large-portuguese-cased
36,0.21398448944091797,0.0,scann,neuralmind/bert-large-portuguese-cased
37,0.21596908569335938,0.0,scann,neuralmind/bert-large-portuguese-cased
38,0.21425867080688477,0.0,scann,neuralmind/bert-large-portuguese-cased
39,0.21627378463745117,0.0,scann,neuralmind/bert-large-portuguese-cased
40,0.2150895595550537,0.0,scann,neuralmind/bert-large-portuguese-cased
41,0.21607065200805664,0.0,scann,neuralmind/bert-large-portuguese-cased
42,0.21663880348205566,0.0,scann,neuralmind/bert-large-portuguese-cased
43,0.21483516693115234,0.0,scann,neuralmind/bert-large-portuguese-cased
44,0.21611928939819336,0.0,scann,neuralmind/bert-large-portuguese-cased
45,0.21476507186889648,0.0,scann,neuralmind/bert-large-portuguese-cased
46,0.21593236923217773,0.0,scann,neuralmind/bert-large-portuguese-cased
47,0.21451711654663086,0.0,scann,neuralmind/bert-large-portuguese-cased
48,0.21662640571594238,0.0,scann,neuralmind/bert-large-portuguese-cased
49,0.2152416706085205,0.0,scann,neuralmind/bert-large-portuguese-cased
50,0.21479153633117676,0.0,scann,neuralmind/bert-large-portuguese-cased
51,0.21637701988220215,0.0,scann,neuralmind/bert-large-portuguese-cased
52,0.21461272239685059,0.0,scann,neuralmind/bert-large-portuguese-cased
53,0.21626543998718262,0.0,scann,neuralmind/bert-large-portuguese-cased
54,0.21439838409423828,0.0,scann,neuralmind/bert-large-portuguese-cased
55,0.21514129638671875,0.0,scann,neuralmind/bert-large-portuguese-cased
56,0.21704530715942383,0.0,scann,neuralmind/bert-large-portuguese-cased
57,0.21425390243530273,0.0,scann,neuralmind/bert-large-portuguese-cased
58,0.2158806324005127,0.0,scann,neuralmind/bert-large-portuguese-cased
59,0.2141263484954834,0.0,scann,neuralmind/bert-large-portuguese-cased
60,0.21518182754516602,0.0,scann,neuralmind/bert-large-portuguese-cased
61,0.21589159965515137,0.0,scann,neuralmind/bert-large-portuguese-cased
62,0.21399283409118652,0.0,scann,neuralmind/bert-large-portuguese-cased
63,0.21631240844726562,0.0,scann,neuralmind/bert-large-portuguese-cased
64,0.2146005630493164,0.0,scann,neuralmind/bert-large-portuguese-cased
65,0.21669626235961914,0.0,scann,neuralmind/bert-large-portuguese-cased
66,0.2140035629272461,0.0,scann,neuralmind/bert-large-portuguese-cased
67,0.21600604057312012,0.0,scann,neuralmind/bert-large-portuguese-cased
68,0.21504664421081543,0.0,scann,neuralmind/bert-large-portuguese-cased
69,0.2145836353302002,0.0,scann,neuralmind/bert-large-portuguese-cased
70,0.21630501747131348,0.0,scann,neuralmind/bert-large-portuguese-cased
71,0.2139115333557129,0.0,scann,neuralmind/bert-large-portuguese-cased
72,0.2156987190246582,0.0,scann,neuralmind/bert-large-portuguese-cased
73,0.2151346206665039,0.0,scann,neuralmind/bert-large-portuguese-cased
74,0.21535038948059082,0.0,scann,neuralmind/bert-large-portuguese-cased
75,0.21589159965515137,0.0,scann,neuralmind/bert-large-portuguese-cased
76,0.21450304985046387,0.0,scann,neuralmind/bert-large-portuguese-cased
77,0.2163088321685791,0.0,scann,neuralmind/bert-large-portuguese-cased
78,0.21347713470458984,0.0,scann,neuralmind/bert-large-portuguese-cased
79,0.21570682525634766,0.0,scann,neuralmind/bert-large-portuguese-cased
80,0.2137758731842041,0.0,scann,neuralmind/bert-large-portuguese-cased
81,0.21488332748413086,0.0,scann,neuralmind/bert-large-portuguese-cased
82,0.21564555168151855,0.0,scann,neuralmind/bert-large-portuguese-cased
83,0.21341514587402344,0.0,scann,neuralmind/bert-large-portuguese-cased
84,0.21544957160949707,0.0,scann,neuralmind/bert-large-portuguese-cased
85,0.21440768241882324,0.0,scann,neuralmind/bert-large-portuguese-cased
86,0.21619868278503418,0.0,scann,neuralmind/bert-large-portuguese-cased
87,0.2139592170715332,0.0,scann,neuralmind/bert-large-portuguese-cased
88,0.21565675735473633,0.0,scann,neuralmind/bert-large-portuguese-cased
89,0.21596288681030273,0.0,scann,neuralmind/bert-large-portuguese-cased
90,0.21502280235290527,0.0,scann,neuralmind/bert-large-portuguese-cased
91,0.21589970588684082,0.0,scann,neuralmind/bert-large-portuguese-cased
92,0.21376872062683105,0.0,scann,neuralmind/bert-large-portuguese-cased
93,0.21642208099365234,0.0,scann,neuralmind/bert-large-portuguese-cased
94,0.21638178825378418,0.0,scann,neuralmind/bert-large-portuguese-cased
95,0.21625709533691406,0.0,scann,neuralmind/bert-large-portuguese-cased
96,0.21604561805725098,0.0,scann,neuralmind/bert-large-portuguese-cased
97,0.2156226634979248,0.0,scann,neuralmind/bert-large-portuguese-cased
98,0.21585416793823242,0.0,scann,neuralmind/bert-large-portuguese-cased
99,0.21431684494018555,0.0,scann,neuralmind/bert-large-portuguese-cased
100,0.21605634689331055,0.0,scann,neuralmind/bert-large-portuguese-cased
