id,endereco
367432,AVENIDA QUINZE DE NOVEMBRO 2287 SAO JOSE
863170,AVENIDA CHICO MENDES 123 COLONIA TERRA NOVA
1100120,RUA FORMOSA 25 FLORES
544853,ESTRADA DO CALAFATE 5527 NOVO CALAFATE
223447,RUA ALEXANDRE GUIMARAES 4799 AGENOR DE CARVALHO
355350,RUA TABAJARA 5896 JARDIM TROPICAL
379152,RUA LIRIO DO VALE 1998 PARQUE IND NOVO TEMPO
358589,RODOVIA RO 010 LH 25 14 ROLIM DE MOURA
37916,AVENIDA TUPINIQUINS 4254 CENTRO
185528,RUA JOAO GOURLAT 338 UNIAO
186531,RUA LONDRINA 185 JARDIM AEROPORTO
337895,RUA NOVA BRASILIA 2458 CENTRO
448083,RUA 15 DE NOVEMBRO 97 CONJUNTO MORAR MELHOR
644079,RIO VIUVA PARANA 22 BARRA DO JARDIM
346632,AVENIDA PARANA 3523 JARDIM TROPICAL
625775,TRAVESSA EDMUNDO PINTO 168 EL DOURADO
483353,RUA JOSE JOAQUIM DE LIMA 798 BAIRRO ELDOURADO
215051,AVENIDA TIRADENTES 3690 PORTO VELHO
189217,RUA BARAO DE GUARARAPES 546 BAIRRO NOVA OURO PRETO
743489,RUA C 42 UNIAO
209268,AVENIDA JOSE VIEIRA CAULA 5181 ZONA LESTE
941795,ESTRADA DO ALEIXO 5230 ZUMBI DOS PALMARES
480688,AVENIDA MARINHO MONTE 539 BAIRRO ELDORADO
378483,RUA JOAO LIBERTO MUNIZ 6331 JARDIM ELDORADO
157587,RUA VITORIA REGIA 332 BAIRRO SAO BERNARDO
132251,RUA BRASILEIA 2972 JORGE TEIXEIRA
1070373,RUA DEZ DE SETEMBRO 18 JORGE TEIXEIRA 4A ETAPA
520896,AVENIDA JAPIIM 1 CENTRO
160797,RUA PRESIDENTE CARTER 474 BAIRRO SANTIAGO
449151,RUA SAMUEL M LOPES 3767 MONTE NEGRO
961146,RUA 219 59 NOVO ALEIXO
241714,RUA CECILIA MEIRELES 5814 SAO SEBASTIAO
732972,AVENIDA ADAIL DE SA 774 CENTRO
341959,AVENIDA BOA VISTA 5558 CENTRO
437388,LINHA LINHA B 106 31 LINHA B 106
988988,RUA AMAZONAS 42 SAO RAIMUNDO
160704,RUA PRESBITERO HONORATO PEREIRA 2294 NOVA BRASILIA
416815,LINHA RAIMUNDO BAIANO 20 BUITIS
803410,RUA LUIZ SERUDO MARTINS 299 JAUARI II
113555,RUA MATO GROSSO 1292 SETOR 02
435728,RUA PEITO ROXO 1607 SETOR 02
1120048,RUA IRACY NEVES 66 DISTRITO INDUSTRIAL 1 E 2
436162,RUA TICO TICO 1922 SETOR 01
987977,RUA AMARAL DOS SANTOS 194 SAO JORGE
1087051,RUA DUARTE DA COSTA 542 DOM PEDRO I
892364,AVENIDA RIO JAVARI 36 NOSSA SENHORA DAS GRACAS
918148,BECO DAS PEDREIRAS 17 COMPENSA
475710,RUA HERMOGENES BELMONTI 1388 ACRELANDIA
511729,RUA BENAVENUTO PERES 351 SATEL
1076473,RUA DO COMERCIO 309 CIDADE DE DEUS
506411,TRAVESSA LUIS ANTONIO MEIRIM PEDREIRA 101 CENTRO
1058813,RUA DA PAZ 34 NOVA ESPERANCA
980062,RUA ABRAAO CARDOSO 82 COMPENSA
321643,RUA MISTER MACKENZIE 4692 CIDADE DO LOBO
823013,RUA CAMILO MORATO 2346 BAIRRO SAO JOSE
373154,RUA 2207 6051 ALTO ALEGRE OU SETOR 22
446192,RUA MARECHAL RONDON 2406 CENTRO
415328,ESTRADA C 42 28 PA RIO ALTO
565120,RUA DAMA DA NOITE 773 TROPICAL
701241,BECO 5 DE SETEMBRO 103 JAVARIZINHO
780250,RIO MADEIRA 3 ALEGRIA
468238,RUA MARIO NEY NUNES 1699 NOVO HORIZONTE
821941,AVENIDA GETULIO VARGAS 490 CENTRO
19490,RUA FORTALEZA 2083 SETOR 3
1114014,RUA HUMBERTO DE CAMPOS 215 SAO JORGE
435665,RUA PAPAGAIO 3049 SETOR 05
626273,TRAVESSA FORTALEZA 56 TANCREDO NEVES
622055,TRAVESSA BENJAMIM 110 BAIRRO SANTA HELENA
212962,AVENIDA RIO DE JANEIRO 4765 AGENOR M DE CARVALHO
649328,ESTRADA BR 317 24 BR 364
747871,RUA LUCIA RODRIGUES DA SILVA 185 URUCU
346293,AVENIDA NORTE SUL 4321 CENTRO
643474,RAMAL PARANA DOS MOURAS 74 LUZEIRO2
174508,LINHA MA 28 191 MACHADINHO
74906,AVENIDA VILHENA 3108 SANTA LUZIA
718749,AVENIDA SILVERY NERY 8300 CENTRO
243523,RUA CLAUDIO SANTORO 5405 FLODOALDO PONTES PINTO
436638,LINHA B 94 11 LINHA B94
82815,AVENIDA SANTA CRUZ 935 SETOR 0009
448462,RUA CARLOS GOMES 2813 MONTE NEGRO
776538,RUA MANGABEIRAS 2212 SAO SEBASTIAO
479993,RUA RAFAEL MARTINS LEAO 881 CENTRO
866114,AVENIDA CONSTANTINO NERY 2533 SAO GERALDO
20388,RUA GRACILIANO RAMOS 3124 SETOR 06
106518,AVENIDA FRANCISCO VIEIRA DE SOUZA 3960 TARILANDIA
702303,RUA DOZE DE OUTUBRO 63 CENTRO
902320,AVENIDA DESEMBARGADOR JOAO MACHADO 305 ALVORADA
752408,COMUNIDADE NOVO AMAZONAS 15 RIO SOLIMOES
1064637,RUA DAS GRANADAS 43 TANCREDO NEVES
876999,AVENIDA I 15 CIDADE NOVA
1017083,RUA BOA VISTA 10 LIRIO DO VALE
366816,AVENIDA PARANA 1742 ALTO ALEGRE
495363,ESTRADA DO REMANSO 445 REMANSO
87210,RUA DA MATRIZ 2678 CENTRO
1021004,RUA BRASIL 218 REDENCAO
1085844,RUA DOZE 28 NOVO ALEIXO
159273,RUA DOUTOR OSVALDO 140 VILA JOTAO
650502,RAMAL NOVA ALDEIA 206 NOVA UNIAO
44963,AVENIDA PORTO VELHO 2196 CENTRO
387298,ALDEIA TENENTE MARQUES 659 VILHENA
543498,ESTRADA DA SOBRAL 1491 AEROPORTO VELHO
947415,RUA 1 2 CIDADE NOVA
883574,AVENIDA MANOEL BORBA GATO 447 DOM PEDRO 2
287621,RUA NOROESTE 1977 CASTANHEIRA
967981,RUA 4 1152 ALVORADA
214821,AVENIDA SETE DE SETEMBRO 7148 CUNIA
61836,RUA DUQUE DE CAXIAS 1758 CENTRO
841291,RUA VIRGILIO BARROSO ALEXANDRE 1693 SAO JOSE
714175,RUA NOVA 134 PRAIA DO GADO
1150838,RUA MACUCAUAS 260 CIDADE DE DEUS
196196,AVENIDA MARECHAL RONDON 184 JARDIM DAS OLIVEIRAS
742864,RUA AMAZONAS 70 ITAMARATI
868203,AVENIDA CURACAO 12 NOVA CIDADE
1090650,RUA EFESIOS 21 PETROPOLIS
111890,RUA JOAO BATISTA 2204 SETOR4
460546,LINHA LH 06 29 LADO ESQ
897168,AVENIDA TEFE 522 JAPIIM
789229,RUA MARIO ALBERTO DE QUEIROZ 37 MORADA DO SOL
412079,RUA JOSE DE ALENCAR 590 SETOR 07
455964,RUA CINCO 2985 NOVO PARAISO
915255,BECO CENTRAL 18 COLONIA ANTONIO ALEIXO
170367,RUA BEIJAFLOR 4149 BAIRRO BOM FUTURO
530273,RUA JOSE JOAQUIM PEREIRA 1275 OLARIA
71834,RUA PARAIBA 2024 CENTRO
82250,AVENIDA LIMOEIRO 2304 SETOR 0003
473994,LINHA 202 INICIO 24 CRUSAMENTO TRAV 133
534888,IGARAPE CRUZEIRO DO VALE 13 COMUNIDADE ANORATO
1089815,RUA E QUINZE 12 ALVORADA II
998038,RUA ARISTOFANO ANTONY 22 PETROPOLIS
105911,RIO NEGRO SOTERIO 55 GUAJARA MIRIM
544617,ESTRADA DO CALAFATE 3827 CALAFATE
378221,RUA IVAN MAXIMO ALVES OU 844 6708 ALTO ALEGRE
1143346,RUA LEONARDO MALCHER 146 NOSSA SENHORA APARECIDA
962139,RUA 234 22 CIDADE NOVA
585770,RUA MANAUS 124 RESIDENCIAL IOLANDA
805300,RUA QUINTINO BOCAIUVA 2241 BAIRRO CENTRO
213575,AVENIDA RIO MADEIRA 1263 NOVA PORTO VELHO
709499,RUA SAO SEBASTIAO 799 BAIRRO SANTA LUZIA
381753,RUA PERNAMBUCO 1869 PARQUE IND NOVO TEMPO
598237,RUA RADIO FAROL 614 GLORIA
123158,AVENIDA ARACAJU 1295 NOVA BRASILIA
641385,AVENIDA PRESIDENTE VARGAS 523 RODRIGUES ALVES
623384,TRAVESSA CEARA 286 SOBRAL
456020,RUA QUATRO 2994 NOVO PARAISO
489874,RUA SALIM FARHAT 1643 CENTRO
712607,RUA BEIRA RIO 1694 PRAIA DO GADO
1007104,RUA BARBOSA FILHO 138 CIDADE NOVA
1128905,RUA JAURU 21 CIDADE DE DEUS
974760,RUA 8 9 COMPENSA
317254,RUA WANDA ESTEVES 2765 FLODOALDO PONTES PINTO
544677,ESTRADA DO CALAFATE 4048 PORTAL DA AMAZONIA
809309,CIRCULAR MARIA INGLESA 43 VILA DO ENGENHO
498404,RUA DE PERNAMBUCO 1986 TELEGRAFO
367830,AVENIDA ROSA DE SAROM 1769 JARDIM PRIMAVERA
1151275,RUA MAGALHAES 34 MAUAZINHO
458716,RUA PRESIDENTE CASTELO BRANCO 3384 CIDADE BAIXA
152994,RUA RIOZINHO 248 URUPA
391494,LINHA 94 NORTE 26 ZONA RURAL
948841,RUA 10 473 CIDADE NOVA
150080,RUA PARENTINS 914 JARDIM PRESIDENCIAL
118722,RUA GOVERNADOR JORGE TEIXEIRA 1046 SETOR 03
938599,BECO SAO LUIZ 13 ZONA LESTE
515243,AVENIDA PLACIDO DE CASTRO 40 CENTRO
1004841,RUA B 39 889 ALVORADA
1097746,RUA FELISMINO CABRAL DE VASCONCELOS 51 ALVORADA II
668847,RUA PLACIDO DE CASTRO 800 BRAGA SOBRINHO
420879,RUA MONTE NEGRO 1765 SETOR 05
737776,RAMAL SAO JOSE 1200 RAMAL DO SAO JOSE
1099336,RUA FLAVIO COSTA 216 COROADO
758256,RUA CORONEL RODRIGUES DAS NEVES 817 CODAJAS
37296,TRAVESSAO SD B 72 31 RO 257
62205,RUA GENERAL OSORIO 1235 CENTRO
186945,RUA MARIO ANDEEAZZA 509 JARDIM AEROPORTO
1011719,RUA BELEM 28 CIDADE DE DEUS
975715,RUA 9 191 AMAZONINO MENDES
55551,RUA JOSE TOMAZ DE AQUINO 4114 JOSINO BRITO
685860,VICINAL 3 ESTADOS 18 KM 45
157554,RUA VITORIA REGES 1995 NOVO HORIZONTE
608382,RUA VALDOMIRO LOPES 2235 GERALDO FLEMING
1052738,RUA CURITIBA 5 NOVA VITORIA
916242,BECO DA AMIZADE 6 COLONIA ANTONIO ALEIXO
250249,RUA DO SOL 501 FLORESTA
535900,ALAMEDA MANACAIAS 358 CHACARA IPE
675545,BECO SANTA PAZ 19 CENTRO
141751,RUA GOIANIA 3045 NOSSA SENHORA DE FATIMA
988573,RUA AMAZONAS 10 COMPENSA
118944,RUA MARECHAL RONDON 3800 SETOR 02
1126779,RUA JANAUACA 34 SAO JOSE OPERARIO
248332,RUA DAS ROSAS 5889 ZONA SUL
350423,AVENIDA SAO LUIZ 5308 BAIRRO PLANALTO
167763,AVENIDA GETULIO VARGAS 4563 BAIRRO BOM FUTURO
252704,RUA ELIAS GORAYEB 1371 NOSSA SENHORA DAS GRACAS
33759,RUA PRESIDENTE CASTELO BRANCO 2532 NOVA UNIAO 3
917511,BECO DA PRATA 22 JORGE TEIXEIRA
937903,BECO SAO JOSE 332 BETANIA
746202,RUA FRANCISCO SILVA 107 SANTA HELENA
518089,TRAVESSA ANTONIO BARROSO BRAGA 270 ESPERANCA
510197,RUA SACADA DA BRASILIA 23 FAZENDA GERA
167408,AVENIDA FRANCISCO DE ASSIS 3053 CENTRO
607477,RUA TUKUNAGA OU DEZESEIS DE JULHO 341 SOBRAL
251953,RUA ECOLOGIA 5518 FLODOALDO PONTES PINTO
248914,RUA DEZENOVE DE JUNHO 3159 COSTA E SILVA
442452,RUA MATO GROSSO 5559 CENTRO
977278,RUA A 99 JORGE TEIXEIRA SANTA INES
981098,RUA ACRA 127 NOVA CIDADE
253831,RUA ENREDO 3478 CUNIA
938765,BECO SAO MIGUEL 31 LIRIO DO VALE
385164,RUA UM MIL QUINHENTOS E DOIS 2329 CRISTO REI
607078,RUA TREZE DE MAIO 559 SOBRAL
857520,AVENIDA BEIJA FLOR 25 JORGE TEXEIRA 1 ETP
993101,RUA ANDORINHA 490 JORGE TEIXEIRA CIDADE DE DEUS
885371,AVENIDA MONSENHOR PINTO 80 MONTE DAS OLIVEIRAS
892045,AVENIDA RIO BRANCO 880 SAO RAIMUNDO
875335,AVENIDA GETULIO VARGAS 140 COLONIA ANTONIO ALEIXO
478052,RAMAL KM 12 12 GRANADA
498146,RUA DE MINAS GERAIS 190 VARZIA
778194,RUA VILLA LOBOS 745 SAO JOSE
104333,AVENIDA PRINCESA ISABEL 1979 GUAJARA MIRIM
309634,RUA TENREIRO ARANHA 1971 AREAL
257115,RUA FILIPINAS 872 NACIONAL
43757,AVENIDA JUSCELINO KUBITSCHEK 695 NOVO HORIZONTE
923580,BECO MAUA 170 COROADO
786466,RUA 6 208 CACA PIRERA
448738,RUA JOSE VALADARES 3169 MONTE NEGRO
408545,AVENIDA MONTE NEGRO 1905 SETOR 03
226510,RUA ANANIAS FERREIRA DE ANDRADE 2939 LAGOINHA
1038900,RUA CINCO 6 JORGE TEIXEIRA SANTA INES
122744,RUA VINTE E UM DE ABRIL 4041 BAIRRO JARDIM DO ESTADOS
53211,RUA GRACILIANO RAMOS 761 SOCIEDADE BELA VISTA
547458,RUA 05 424 OBRA DO PAC
414888,RUA SAO FRANSICO DO GUAPORE 1212 SETOR 07
2206,AVENIDA NILO PECANHA 2299 TUCANO
146005,RUA LUIZ MUZAMBINHO 2133 NOVA BRASILIA
347362,AVENIDA PORTO VELHO 5987 SAO CRISTOVAO
566635,RUA DEZ DE JUNHO 399 TROPICAL
146520,RUA MANOEL FRANCO 2011 NOVA BRASILIA
1091433,RUA EMILIO MOREIRA 55 CENTRO
5355,AVENIDA CURITIBA 5210 CIDADE ALTA
4564,RUA PERNAMBUCO 3660 SANTA FELICIDADE
507823,ESTRADA ASSIS BRASIL 2100 DERACRE
1118606,RUA INGLATERRA 500 GILBERTO MESTRINHO
13977,RUA BOUGAINVILLEA 2608 SETOR 4
271788,RUA JOAO PEDRO DO ROCHA 1031 NOVA PORTO VELHO
796063,BECO TEODORICO NUNES 538 JAUARY I
890331,AVENIDA PRINCIPAL I 148 COROADO
772137,AVENIDA RIO MADEIRA 1618 NOVA HUMAITA
151604,RUA RIO AMAZONAS 898 JARDIM PRESIDENCIAL
952018,RUA 14 ABRIL 255 GILBERTO MESTRINHO
188672,RUA SEBASTIAO CABRAL DE SOUZA 904 NOVA OURO PRETO
1035746,RUA CENTO E QUARENTA E DOIS 44 C NOVA
1007974,RUA BARREIRINHA 278 SAO JOSE OPERARIO
640907,AVENIDA SETE DE SETEMBRO 960 RODRIGUES ALVES
781650,AVENIDA TRINTA E UM DE MARCO 21 IPIXUNA
527457,RUA RAIMUNDO BEZERRA 226 CENTRO
1037023,RUA CENTO SETENTA E DOIS 45 NOVO ALEIXO
87477,RUA DOS PASSAROS 2505 BAIRRO JORGE TEIXEIRA
684482,RUA MINAS GERAIS 628 CENTRO
1046425,RUA COIRAMA 236 JORGE TEIXEIRA 2 ETAPA
564193,RUA DA OLARIA 157 TANCREDO NEVES
187068,RUA MINAS GERAIS 196 BAIRRO JARDIM NOVO ESTADO
537810,AVENIDA EDMUNDO PINTO 473 SAO FRANCISCO
550029,RUA ACRE 400 AEROPORTO VELHO
1034768,RUA CEARA 300 CHAPADA
668154,RUA HIPOLITO RAMOS 328 SIBERIA
442560,RUA RIO BRANCO 3060 CENTRO
457686,RUA MACAPA 1930 CIDADE BAIXA
772435,AVENIDA PADRE JOSE MARIA PENA 1484 SAO PEDRO
670156,RUA RAMAL CENTRAL 18 SERINGAL
916047,BECO CUMARU 29 SANTA ETELVINA
478329,RAMAL LINHA 5 58 ORION
1004332,RUA B 353 JORGE TEIXEIRA SANTA INES
636970,RAMAL EL SHADAY 485 RAMAL
850154,ACESSO RUA PROJETADA 02 13 JAPIIM
366169,AVENIDA LIRIO DO VALE OU 1713 2159 JARDIM PRIMAVERA
504340,RUA SEM DENOMINACAO 30 BAIRRO VINTE E CINCO DE AGOSTO
926425,BECO REGO BARROS 251 SAO RAIMUNDO
4035,RUA ARTUR BERNARDES 5467 REDONDO
132299,RUA BRASILEIA 3314 JORGE TEIXEIRA
1120275,RUA IRANDUBA 62 SAO JOSE
575065,RUA FRANCISCO VIEIRA 26 AEROPORTO VELHO
628557,TRAVESSA LUA NOVA 46 BOSQUE
725240,COMUNIDADE SAO JOSE 8 RIO MANACAPURU
524391,RAMAL DOS VIRGINIOS 52 VIRGINIOS
401887,AVENIDA TANCREDO DE ALMEIDA NEVES 3063 CENTRO
639923,RUA NOVA 101 SANTA CECILIA
394207,AVENIDA RAIMUNDO BRASILEIRO 3990 SAO JOSE
311482,RUA TRAVESSIA 7910 JK
970335,RUA 5 13 REDENCAO
575561,RUA GAIVOTA 58 PLACAS
188163,RUA RIO DE JANEIRO 150 JARDIM BANDEIRANTE
788831,RUA JOSE MARIA MUNIZ 16 MORADA DO SOL
648233,RUA TRIUNFO 792 TRIUNFO
1029661,RUA CARAJAS 64 C NOVA
786178,RUA 3 781 CACAU PIRERA
527903,RIO JURUA 24 JURUA
623980,TRAVESSA CUPUACU 59 MOCINHA MAGALHAES
1056141,RUA DA BOMBA 142 SAO LAZARO
384398,RUA SETECENTOS E TRINTA E UM 1172 CRISTO REI
899567,AVENIDA URUCARA 882 CACHOEIRINHA
993660,RUA ANGELO BITTENCOURT 290 GILBERTO MESTRINHO
1030256,RUA CARAUARI 1338 REDENCAO
909633,BECO AJURICABA 37 CACHOEIRINHA
714240,RUA NOVA 551 PLATO DO PIQUIA
298034,RUA RAFAEL VAZ E SILVA 1728 NOSSA SENHORA DAS GRACAS
1110640,RUA H 10 GILBERTO MESTRINHO
941201,ESTRADA DA PONTA NEGRA 2113 PONTA NEGRA
127787,AVENIDA MARECHAL RONDON 2445 DOIS DE ABRIL
104318,AVENIDA PRINCESA ISABEL 1732 GUAJARA MIRIM
749463,RUA RIO URUCU 173 SANTA EFIGENIA
277473,RUA LAURO ALENCAR 8297 JUSCELINO KUBITSCHEK
643137,RAMAL IGRARAPE DO MEIO 54 RODRIGUES ALVES
766471,AVENIDA FRANCISCO PEREIRA DE SOUZA 654 CENTRO
935970,BECO SAO FRANCISCO 34 MAUAZINHO VILA DA FELICIDADE
599905,RUA RIO GRANDE DO SUL 2307 AEROPORTO VELHO
1127468,RUA JAPECANGA 174 JORGE TEIXEIRA 4 ETP
1081143,RUA DOIS 307 CIIDADE DE DEUS
856541,AVENIDA B 2 ALVORADA I
866538,AVENIDA CONSTANTINO NERY 3900 CHAPADA
15983,RUA CEU AZUL 4863 NOVE
1007829,RUA BARREIRINHA 94 PARQUE 10
111296,RUA FLORIANOPOLIS 2265 SETOR 03
354864,RUA RIO VERDE 4151 CENTRO
76916,RUA MARANHAO 5075 MATO GROSSO
500081,RUA DO PARA 2292 BATE
892957,AVENIDA RIO MAR 429 NOSSA SENHORA DAS GRACAS
969967,RUA 47 1002 JAPIIM
16564,RUA COSTA E SILVA 2890 SETOR 08 NOVO
79744,AVENIDA MARECHAL RONDON 2356 CENTRO
1140277,RUA KAMPALA 1 PLANALTO
487572,TRAVESSA JOAQUIM DE LIMA 350 CENTRO
161156,RUA SANTA CLARA 2838 CAFEZINHO
280107,RUA MAGNO ARSOLINO 4840 CIDADE DO LOBO
948753,RUA 10 370 GILBERTO MESTRINHO
278974,RUA LUIS DE CAMOES 6659 PORTO VELHO
730868,RUA MANOEL PEDRO DE OLIVEIRA 2000 NOVA REPUBLICA
628002,TRAVESSA JOAQUIM CHAVES 2175 AVIARIO
422904,RUA PRUDENTE DE MORAIS 2167 SETOR 01
558605,RUA BOULEVARD AUGUSTO MONTEIRO 768 QUINZE
605167,RUA SILVESTRE COELHO 348 BOSQUE
642820,RAMAL BOM VENTO 35 R0DRIGUES ALVES
940223,CONJUNTO JARDIM YOLANDA 12 PARQUE DEZ DE NOVEMBRO
78971,LINHA SEGUNDA EIXO 14 SEGUNDA EIXO
1057173,RUA DA IGREJA 118 SANTA LUZIA
440131,RUA AIRTON SENNA 1698 CENTRO
444385,AVENIDA DOS MIGRANTES 2453 CENTRO
67434,LINHA MATO GROSSO 60 LINHA MATO GROSSO
336214,AVENIDA MARECHAL DEODORO 1182 LINO ALVES TEIXEIRA
305184,RUA SEM DENOMINACAO 81 CASCALHEIRA
590702,RUA N SETE 84 TUCUMA II
508281,RAMAL BURITIRANA 90 COLONIA SAO PEDRO
316298,RUA VILHENA 7644 NACIONAL
890395,AVENIDA RAMOS D 22 CIDADE NOVA
654829,RUA MARANHAO 472 CAFEZAL
453028,RUA SANTA CATARINA 906 CENTRO
181323,AVENIDA DUQUE DE CAXIAS 1509 BAIRRO NOVA OURO PRETO
353218,RUA JAGUARIBE 3562 BAIRRO OLIMPICO
508695,RAMAL MOURA PIRANGA 8 BR
1000468,RUA ASTRO BARROSO 32 COROADO III
284745,RUA MIGUEL CALMON 3706 CALADINHO
23938,RUA MACAUBAS 5206 NOVE
912896,BECO BOA SORTE 4 103 PRESIDENTE VARGAS
1014290,RUA BENJAMIN CONSTANT 348 PETROPOLIS
887612,AVENIDA PEDRO TEIXEIRA 52 DOM PEDRO II
794077,AVENIDA JOSE TADROS 3204 EDUARDO BRAGA II
99473,AVENIDA MENDONCA LIMA 108 CENTRO
401014,RODOVIA 429 7402 ZONA RURAL
572576,RUA F 112 BAHIA PALHERAL
371994,AVENIDA PRESIDENTE TANCREDO NEVES 50 JARDIM ELDORADO
696350,RUA CINCO DE SETEMBRO 95 NOSSA SENHORA DE NAZARE
396536,AVENIDA INDEPENDENCIA 4417 CENTRO
318327,RUA BARAO DO RIO BRANCO 259 CENTRO
530451,RUA JUAREZ TAVORA 288 CENTRO
1142175,RUA LAS PALMAS 205 NOVA CIDADE
991690,RUA AMZONINO MENDES 55 JORGE TEIXEIRA 1 ETP
251081,RUA DOS BURITIS 3945 NOVA FLORESTA
413233,RUA RIO BRANCO 870 SETOR 05
1080225,RUA DOIS 56 CIDADE DE DEUS
558144,RUA BONS AMIGOS 140 JORGE LAVOCAT
228409,RUA ANITA GARIBALDI 3998 COSTA E SILVA
446501,ASSENTAMENTO PADRE EZEQUIEL RAMIN 5 2300 GLEBA 09 SENTIDO FAZENDA MIRANTE
1064131,RUA DAS FLORES 45 CIDADE NOVA
841855,RUA CORONEL JUVENCIO SORIANO 1280 SAO JOSE
57339,RUA MONTEIRO LOBATO 1768 TEIXEIRAO
262107,RUA GRANDE OTELO 3243 ZONA LESTE
808594,RUA VEREADOR ADOLFO OLIMPIO 3079 ARAUJO COSTA
609173,RUA VETERANO R PINTO 453 MANOEL JULIAO
471377,LINHA MP 24 14 VALE DO ANARI
152458,RUA RIO NEGRO 119 JARDIM DOS MIGRANTES
361894,AVENIDA AMAZONAS 5515 QUINTO BEC
237696,RUA BUENOS AIRES 2010 PORTO VELHO
126647,AVENIDA TRANSCONTINENTAL 3296 JARDIM AURELIO BERNARDI
282884,RUA MARIO ANDREAZZA 8021 JK
294122,RUA PINTADO 5733 LAGOA
912310,BECO BELEM 63 COMPENSA
987516,RUA ALVARO 21 JAPIIM
440372,RUA FORTALEZA DO ABUNA 1661 CENTRO
668563,RUA NACOES UNIDAS 274 RAIMUNDO HERMINIO DE MELO
389893,RUA GUAPORE 2201 CENTRO
654499,RUA LUZIA COSTA FIGUEREDO 51 ELGENIO ALGUSTO AREAL
909204,AVENIDA VISCONDE PORTO ALEGRE 1849 PRACA 14 DE JANEIRO
1053849,RUA D 6 COROADO
685110,RUA TREZE DE NOVENBRO 720 CENTRO
384567,RUA SETECENTOS E VINTE E SEIS 9 MARCOS FREIRE
672508,RAMAL LINHA 1 360 PROJETO HUMAITA
657614,RUA PADRE EGIDIO 406 CENTRO
832775,RUA ANGELUS FIGUEIRA 1831 CORRENTEZA
194794,AVENIDA MINAS GERAIS 319 JARDIM DAS OLIVEIRAS
855274,AVENIDA ATROARIS 55 CIDADE NOVA
959417,RUA 205 A 42 NOVA CIDADE
564237,RUA DA PAZ 21 RAIMUNDO MELO
912125,BECO BELA VISTA 4 REDENCAO
721261,TRAVESSA MONSENHOR COUTINHO 94 BAIRRO IPIRANGA
210493,AVENIDA NACOES UNIDAS 950 MATO GROSSO
542528,BECO SEM DENOMINACAO 2 392 BAIRRO 6 DE AGOSTO
745578,RUA EDUARDO RIBEIRO 478 CENTRO
661655,RUA CARLOS C R DA COSTA 1137 AVELINO LEAL
1066734,RUA DAS PERPETUAS 34 JORGE TEIXEIRA 1 ETAPA
44815,AVENIDA PORTO ALEGRE 519 NOVO CACOAL
165663,RODOVIA 364 215 GREBA PIRINEU
183994,RUA E 443 JARDIM NOVO HORIZONTE
345594,AVENIDA MARINGA 5546 BOA ESPERANCA
1131711,RUA JOAO DE BARRO 268 JORGE TEIXEIRA
47987,RUA ANA LUCIA 1983 NOVO CACOAL
581453,RUA JOSE JOAQUIM 105 WANDERLEY DANTAS
81860,AVENIDA HASSIB CURY 1406 SETOR0005
1057648,RUA DA MINA 131 JORGE TEIXEIRA
947673,RUA 1 34 ALVORADA
185637,RUA JOAO PAULO PRIMEIRO 1250 NOVA OURO PRETO
468547,RUA QUINZE DE NOVEMBRO 1480 ALTO ALEGRE
3287,AVENIDA SEM DENOMINACAO 05 2 PORTO ROLIM DE MOURA DO GUAPORE
972515,RUA 6 DE OUTUBRO 198 GILBERTO MESTRINHO
251436,RUA DOS NAVEGANTES 6177 ZONA SUL
1024981,RUA C SEIS 1732 JAPIIM
911031,BECO AYRAO 2222 PRACA 14 DE JANEIRO
505954,TRAVESSA DA ALEGRIA 187 BAIRRO VINTE E CINCO DE AGOSTO
568693,RUA DO PASSEIO 781 TAQUARI
442724,RUA TREZE DE FEVEREIRO 3251 CENTRAL
383210,RUA SEISCENTOS E TRINTA E UM 349 PARQUE IND SAO PAULO
1097157,RUA F OITI 98 CIDADE NOVA
209793,AVENIDA JOSE VIEIRA CAULA 8110 ZONA LESTE
686866,ESTRADA CUNHA GOMES 817 CENTRO
268645,RUA JAGUARAO 5537 ZONA SUL
987262,RUA ALUISIO BRASIL 22 PETROPOLIS
521014,AVENIDA JAPIIM 281 BAIRRO GUARANI
366244,AVENIDA MATO GROSSO 3444 PARQUE INDUSTRIAL NOVO TEMPO
1070435,RUA DEZ DE SETEMBRO 136 JORGE TEIXEIRA 4A ETAPA
1132877,RUA JOAO WALTER 46 COMPENSA
755690,VILA FERNANDES 28 VILA FERNANDES
5186,RUA SANTA CATARINA 3320 SANTA FELICIDADE
1029335,RUA CANUMA 140 JAPIIM
606606,RUA TOME DE SOUZA 133 CONJUNTO BELA VISTA
1055603,RUA D LOURDES 35 ALVORADA
114269,RUA NILTON OLIVEIRA ARAUJO 2359 SETOR 04
718694,AVENIDA SILVERIO NERY 721 CENTRO
1082025,RUA DOIS IRMAOS 10 RIACHO DOCE 1
819908,RUA CICERO TUCHAUA 260 CENTRO
574217,RUA FORMOSA 770 NOVA ESTACAO
913786,BECO BRASIL 104 COMPENSA
1124496,RUA J 131 JORGE TEIXEIRA COMUNIDADE BAIRRO NOVO
579988,RUA JOAO F. DA CUNHA 337 CONJUNTO PROCOM
1140358,RUA KOBE 10 PARQUE 10 DE NOVEMBRO
1029354,RUA CAPANEMA 10 DOM PEDRO I
252874,RUA ELIAS GORAYEB 2908 LIBERDADE
264559,RUA HIGIANOPOLIS 9084 SAO FRANCISCO
240684,RUA CARLOS REIS 9436 MARIANA
1120798,RUA IRMA DULCE 520 COL TERRA NOVA
1136673,RUA JOSE LINDOSO 210 BELA VISTA
93889,AVENIDA 8 DE DEZEMBRO 6531 JARDIM DAS ESMERALDAS
513846,TRAVESSA BEIRA RIO 33 BEIRA RIO
18318,RUA EL SALVADOR 1187 SETOR DEZ
1020786,RUA BRASIL 116 COLONIA TERRA NOVA
6831,RUA FORTALEZA 4225 CIDADE ALTA
757178,RUA PLINIO COELHO 113 CODAJAS
1143422,RUA LEONARDO MALCHER 324 NOSSA SENHORA APARECIDA
403798,AVENIDA BRASIL 4386 AVENIDA
454852,RUA MIGUEL DE OLIVEIRA 671 NOVA ESPERANCA
75215,AVENIDA MARECHAL RONDON 3261 MINAS GERAIS
476959,RAMAL BIGODE 8 PROJETO PAD PEDRO PEIXOTO
408033,RODOVIA BR 364 7 None
659207,RAMAL 16 56 BR 364
522320,RUA JOAO SABINO DE PAULA 95 CENTRO
656263,RUA ROSIMEIRE M TEXEIRA 481 ANA ALVES VIEIRA
256830,RUA FERNANDO DE NORONHA 4267 NOVA FLORESTA
13860,RUA BOM FUTURO 2164 APOIO SOCIAL
351942,RUA CASTELO BRANCO 691 BAIRRO CIDADE ALTA
415788,ESTRADA SEM DENOMINACAO 1 101 None
721603,ESTRADA SAO FRANCISCO 8 None
335128,AVENIDA NOVO ESTADO 396 CUNHA E SILVA
838299,RUA MARIO DE ALMEIDA 696 NOVA MANACA
39627,AVENIDA AMAZONAS 3020 JARDIM CLODOALDO
44167,AVENIDA MARGINAL 464 SAUDE
691403,RUA VINTE E UM DE ABRIL 241 BAIRRO MUTIRAO
1008200,RUA BARREIRINHA ANTIGA RUA J 4 SAO JOSE OPERARIO
532205,RAMAL CAMPOS ABERTOS 85 INVASAO DO HELENO
233837,RUA BARTOLOMEU PEREIRA 2845 ELETRONORTE
1144177,RUA LEOPOLDO CARPINTEIRO PERES 346 BAIRRO PETROPOLIS
481416,RUA ALENCAR MATOS 48 CENTRO
801696,RUA GASPAR MAIA 782 JAUARY I
542067,BECO QUADRIANGULAR 294 SANTA MARIA
134177,RUA CASTELO BRANCO 491 JARDIM PRESIDENCIAL
213815,AVENIDA RIO MADEIRA 2905 PORTO VELHO
99862,AVENIDA NOVO SERTAO 1553 GUAJARA MIRIM
62805,RUA PADRE MANOEL DA NOBREGA 225 NOVA ESPERANCA
662156,RUA FLORIANO PEIXOTO 17 CENTRO
436029,RUA SABIA 2654 SETOR 07
95675,AVENIDA CAMPOS SALES 1194 TAMANDARE
975755,RUA 9 243 AMAZONINO MENDES
939550,BECO SAO SEBASTIAO 87 JORGE TEIXIRA
489469,RUA ISAURA BENICIO DE AMORIM 248 QUIXADAMORIM
781996,RUA ALVARO MAIA 197 IPIXUNA
859783,AVENIDA BRASIL 662 SANTO ANTONIO
1074532,RUA DO ADVENTO 5 BAIRRO DA PAZ
309668,RUA TENREIRO ARANHA 2375 CENTRO
713775,RUA JOAO GABRIEL 2217 CENTRO
804941,RUA PEDRO FERNANDES 3492 SANTO ANTONIO
372314,ESTRADA A 2 ORLEANS
360641,LINHA 204 SUL 20 ZONA RURAL
699197,RUA TERRA PRETA DO CASTANHAL 1002 SAO JUDAS TADEU
369940,AVENIDA UM MIL QUINHENTOS E UM 1436 CRISTO REI
224327,RUA ALFREDO JORGE 3596 CIDADE NOVA
30612,RUA SANTA CATARINA 3150 SETOR 05
19715,RUA FRANCISCO CHARGAS 1715 MARECHAL RONDON
943585,LINHA LEAO 1440 RAMAL
982120,RUA ADILBER VIANA 62 PARQUE 10 DE NOVEMBRO
515460,AVENIDA MARECHAL DEODORO 1099 CENTRO
870159,AVENIDA DO CONTORNO 2081 CRESPO
1111102,RUA H 66 CIDADE DE DEUS
378716,RUA JOSE GOMES FILHO 899 BODANESE
719422,RUA BELA VISTA 2 131 BELA VISTA
888059,AVENIDA PENETRACAO 168 FLORES
375461,RUA AUGUSTO MAILHO 5768 JARDIM ELDORADO
53015,RUA GONCALVES DIAS 716 CONJUNTO HALLEY
818387,RUA RAIMUNDO PERES 80 JURUA
16684,RUA CRUZEIRO DO SUL 4890 RURAL
544086,ESTRADA DE PORTO ACRE 813 PLACAS
163117,RUA TENENTE ANTONIO JOAO 1388 PRIMAVERA
45242,AVENIDA PORTO VELHO 3402 JARDIM CLODOALDO
955227,RUA 17 2 JARDIM MAUA
643103,RAMAL F0RTALEZA 4 RAMAL FORTALEZA
481343,RUA 13 DE MAIO 78 BAIRRO SAMAUMA
178330,RUA UIRAPURU 2874 SETOR 13
229179,RUA ANTONIO MARIA VALENCA 5548 FLODOALDO PONTES PINTO
668727,RUA PETROPOLIS 351 SIBERIA
617381,RUA SAO CAETANO 59 CONJUNTO PROCON
1040684,RUA CINCO 210 CIDADE DE DEUS
608594,RUA VASCO 96 DEFESA CIVIL
663595,RUA MANOEL VIEIRA DA CUNHA 1051 COAB
976245,RUA A 4 PARQUE DEZ DE NOVEMBRO
815588,RUA SINDOLFO COUTINHO 112 CIDADE BAIXA
341380,AVENIDA BELEM 4846 OLIMPICO
43243,AVENIDA GUAPORE 4049 JARDIM CLODOALDO
851780,ALAMEDA LIBIA 211 PONTA NEGRA
1111823,RUA HELOISA 60 ZUMBI DOS PALMARES
695651,BECO DO MARIUA 613 MARIUA
436868,LINHA B 98 3241 ZONA RURAL
394168,AVENIDA RAIMUNDO BRASILEIRO 3514 SAO JOSE
378972,RUA JUSCELINO KUBITSCHEK 672 CENTRO
252023,RUA EDSON GRANJEIRO FILHO 4041 AGENOR M DE CARVALHO
636569,RAMAL COSTA E SILVA 2647 RAMAL
879162,AVENIDA ITAUBA 1592 JORGE TEIXEIRA II ETAPA
1034327,RUA CAUERES 121 JAPIIM
575782,RUA GERMANO GUILHERME 40 IRINEU SERRA
1078013,RUA DO QUARENTAO 16 COMPENSA
3239,AVENIDA RONDONIA 5242 LIBERDADE
811035,LAGO COMUNIDADE SANTISSIMA TRINDADE 27 AMATARI
761938,RUA JOSE DO NASCIMENTO 1463 NOSSA SENHORA DE FATIMA
22915,RUA JOSE MAURO DE VASCONCELOS 3797 SETOR 06
356356,RUA BARAO DE MELGACO 6608 BOA ESPERANCA
1084909,RUA DOS PROFETAS 25 COLONIA TERRA NOVA
136913,RUA CURITIBA 2863 NOSSA SENHORA DE FATIMA
1034767,RUA CEARA 300 CHAPADA
500117,RUA DO PARA 6710 COBAL
671149,AVENIDA BR 317 20732 AGROVILA
266660,RUA ISIDIO ROCHA 2676 PORTO VELHO
133713,RUA CASCAVEL 1380 VALPARAISO
347657,AVENIDA RIO BRANCO 3586 CENTENARIO
698357,RODOVIA BH1 NILO PEREIRA 1734 BEIRA RIO
920845,BECO HOLANDA 1983 10 PRACA 14 DE JANEIRO
1145581,RUA LIMA BACURI 301 CENTRO
568271,RUA DO GIRASOL 552 ELDORADO
214703,AVENIDA SETE DE SETEMBRO 6437 CUNIA
707510,RUA ALDEIA INDIGENA TERRA VERMELA 21 TERRA VERMELA
512142,RUA GERALDO SARAIVA 860 LIRIOS DO VALE
1136749,RUA JOSE MARIA 51 SANTA ETELVINA
422463,RUA ARGENTINO LAIA 2407 SETOR 03
937993,BECO SAO JOSE 1636 BETANIA
708670,AVENIDA SENADOR FABIO LUCENA 448 BAIRRRO SANTA LUZIA
1151290,RUA MAGALHAES 40 MAUAZINHO
620341,RUA VETERANO MANOEL DE BARROS 382 ABRAAO ALAB
143346,RUA ISAIAS DE MIRANDA 118 URUPA
390845,RUA PRESBITERO JOSE VIANA 2215 BAIRRO CRISTO REI
1019495,RUA BORBA 47 TANCREDO NEVES NOVA CONQUISTA
740643,AVENIDA AMAZONAS 195 DUQUE DE CAXIAS
15291,RUA CARIMBO 3406 JORGE TEIXEIRA
719907,RUA MANOEL GOMES 20910 CENTRO
972024,RUA 6 11 CIDADE NOVA
420478,RUA ABELARDO ALVARENGA MAFRA 2335 SETOR 07
1042727,RUA CINCO DE SETEMBRO 2 226 SAO RAIMUNDO
501652,RUA GERMANO FRANK 3560 JOAO ALVES
86590,RUA BOA VISTA 2254 BAIRRO JORGE TEIXEIRA
537067,AVENIDA CEARA 116 BAIXA DA HABITASA
823189,RUA DEOCLECIANO SAMPAIO 1027 PANTANAL
200081,RUA MARIA NELI NOGUEIRA 78 BNH
1048513,RUA CORUMBA 146 TERRA NOVA
804601,RUA PARA 390 SAO FRANCISCO
31680,RUA TOMAS ANTONIO GONZAGA 3181 SETOR 06
11297,RODOVIA BR 364 640 MARECHAL RONDON 01
331298,RUA DEL REI 4859 PORTO VELHO
625712,TRAVESSA EDMUNDO PINTO 3 CONQUISTA
986466,RUA ALFREDO PAES BARRETO 52 SAO FRANCISCO
214871,AVENIDA SETE DE SETEMBRO 7576 ESCOLA DE POLICIA
7231,ALAMEDA DO IPE 1818 SETOR 01
166397,AVENIDA CASTELO BRANCO 487 CENTRO
4797,RUA RORAIMA 3860 SANTA FELICIDADE
486451,RUA 3 28 RESIDENCIAL ACAI
937372,BECO SAO JOSE 23 JAPIIM
979284,RUA A4 145 CIDADE NOVA
958004,RUA 2 6 CIDADE NOVA
790809,RUA VASCO 115 SAO JOSE
138638,RUA DO JASMIM 2628 BAIRRO SANTIAGO
577465,RUA HUGO CARNEIRO 724 BOSQUE
605023,RUA SEVERIANO 185 ESTACAO EXPERIMENTAL
147305,RUA MARACATIARA 3086 JK
904146,AVENIDA NOSSA SENHORA DE FATIMA 409 CIDADE DE DEUS
867400,AVENIDA COSME FERREIRA 6496 MANAUS
952086,RUA 14 DE ABRIL 84 NOVA VITORIA
950517,RUA 12 71 CIDADE NOVA
845191,LAGO DO CURURU 6 COMUN SAO JOAO
669807,RUA MARECHAL FLORIANO PEIXOTO 105 CENTRO
684534,RUA MINAS GERAIS 800 CENTRO
465243,AVENIDA PROFESSORA FLOSINA LOPES NOVAES 39 CENTRO
875921,AVENIDA GRANDE CIRCULAR 136 SAO JOSE 2
798960,RUA BENEDITO MELO 1628 SANTO ANTONIO
650144,RAMAL KM 75 9 RAMAL KM75
168524,AVENIDA RIVELINO CAMPOS DE AMOEDO 2640 CENTRO
100000,AVENIDA OITO DE DEZEMBRO 796 GUAJARA MIRIM
534732,COMUNIDADE NOVO HORIZONTE 19 NOVO HORIZONTE
146412,RUA MANOEL FRANCO 1033 NOVA BRASILIA
534202,RUA ESTEVAO BARBARY 54 PORTO WALTER
894937,AVENIDA SAO JORGE 6 SAO JORGE
179214,LINHA 126 OU 13 36 LINHA 13 OU 126
510440,TRAVESSA SAO FRANCISCO 106 MIRITIZAL
299895,RUA RIO CAUBA 104 PORTO VELHO
834488,RUA CASTRO ALVES 906 CENTRO
782020,RUA DEZOITO DE FEVEREIRO 111 IPIXUNA
672721,RAMAL LINHA 8 41 PORTO ALOSON
227117,RUA ANARI 5549 ELDORADO
653251,RUA BENJAMIN CONSTANT 455 CENTRO
1107912,RUA GUACA 192 MONTE DAS OLIVEIRAS
581181,RUA JOSE ALENCAR 396 RESIDENCIAL ROSA LINDA BAIRRO BELO JARD
578238,RUA ISAURA PARENTE 292 BOSQUE
1094057,RUA ESPIRITO SANTO 498 COL TERRA NOVA
658606,TRAVESSA RAIMUNDO NONATO RAULINO 39 BOSQUE
668695,RUA PETRONIO RODRIGUES DE OLIVEIRA 174 CENTRO
596224,RUA PRIMEIRO DE JANEIRO 227 SOBRAL
1132875,RUA JOAO WALTER 44 COROADO
298845,RUA RAIMUNDO PINHEIRO 2700 SAO JOAO BOSCO
859737,AVENIDA BRASIL 505 SANTO ANTONIO
59024,RUA RAUL BOPP 1133 JARDIM VISTA ALEGRE
658695,TRAVESSA VILA MILITAR 230 VILA MILITAR
559868,RUA CAMPO GRANDE 342 RUA CAMPO GRANDE
555084,RUA BAGUARI 2533 TAQUARI
390458,RUA RUI RODRIGUES DE ALMEIDA 975 BAIRRO CRISTO REI
126100,AVENIDA MONTE CASTELO 532 JD DOS MIGRANTES
852707,AVENIDA A 660 LAGO AZUL
921184,BECO INOCENCIO DE ARAUJO 300 EDUCANDOS
207282,AVENIDA DOS IMIGRANTES 6297 PORTO VELHO
696658,RUA FERNANDO A FERNANDES 326 NOSSA SENHORA DE NAZARE
435736,RUA PEITO ROXO 1675 SETOR 02
425607,RUA AFONSO PENA 392 UNIAO
14599,RUA CACAUEIRA 1585 SETOR 01
923337,BECO MARCOS BARROS 91 GILBERTO MESTRINHO
273473,RUA JOSE AMADOR DOS REIS 2863 PORTO VELHO
88215,RUA ITAPORANGA 2222 BAIRRO CAIXA D AGUA
1108774,RUA GUAPE 216 JORGE TEXEIRA 4 ETAPA
759493,LAGO MIUA 5 COMUNIDADE COPO
961114,RUA 219 40 CIDADE NOVA
10917,AVENIDA CAPITAO SILVIO 2454 SETOR GRANDES AREAS
565336,RUA DAS ADALIAS 19 JARDIM PRIMAVERA
479151,RUA 02 400 BELA VISTA
730655,RUA JULIA TEIXEIRA DE MELO 75 FATIMA
846388,RUA BEIRA RIO 600 VILA DO JACARE
688158,RIO ITUI 2 AGUA BRANCA
143835,RUA JOAO BATISTA NETO 2475 VALPARAISO
851359,ALAMEDA DA ESPERANCA 14 NOSSA SRA DE FATIMA
1032054,RUA CARREIRO 28 SAO JOSE
878835,AVENIDA ITAUBA 56 JORGE TEIXEIRA 2 ETAPA
741372,BECO EDUARDO RIBEIRO 441 CENTRO
798888,RUA BELO HORIZONTE 2375 SAOVCRISTOVAO
504586,RUA SEM DENOMINACAO 1210 COHAB
414402,RUA MINISTRO ANDREAZZA 2425 SETOR 05
476378,RUA SAO PAULO 7 ACRELANDIA
1044598,RUA CINQUENTA E UM 16 CIDADE NOVA
489021,AVENIDA GOVERNADOR EDMUNDO PINTO 1431 CENTRO
1108705,RUA GUANDU 20 NOVO ALEIXO
1106656,RUA GIUSEPE VERDI 345 TARUMA
936781,BECO SAO JOAO 2497 CACHOEIRINHA
882389,AVENIDA LIBERDADE 62 MONTE DAS OLIVEIRAS
1056091,RUA DA BOMBA 44 EDUCANDOS
642010,SITIO DO JUSTINO 720 RODRIGUES AVES
720122,RUA PROJETADA 566 CRISTO REI
572476,RUA EUGENIO BECO BEZERRA 325 UNIVERSITARIO
290301,RUA PANTEON 6960 IGARAPE
1141822,RUA LACO DO AMOR 64 JORGE TEXEIRA 1 ETP
306093,RUA SEM NOME 21 PORTO VELHO
313629,RUA URBANO LEGAL 254 CENTRO
1138474,RUA JUCELINO KUBITSCHEK 37 TANCREDO NEVES
535118,RIO GRAJAU 9 COMUNIDADE ESPERANCA
692181,ESTRADA AM 254 190 AM 254
715551,RUA TIAO LEITE 2 97 PRAIA DO GADO
249493,RUA DO CRAVO 2818 ZONA SUL
118581,RUA FREI CANECA 1359 SETOR 07
515808,RUA ALTINO RODRIGUES DA COSTA 490 BELA VISTA
972835,RUA 66 6 NOVA CIDADE
921980,BECO JOAO DA MATA 22 SAO RAIMUNDO
979620,RUA ABGUAR BASTOS 39 AMAZONINO MENDES II
303987,RUA SAO JORGE 4381 NOVO HORIZONTE
218271,ESTRADA DE FERRO MADEIRA MAMORE 2240 TRIANGULO
931528,BECO TODOS OS SANTOS 515 REDENCAO
698630,RUA GETULIO VARGAS 758 CENTRO
635411,ESTRADA AC 10 KM19 POLO HELIO PIMENTA 276 RAMAL HELIO PIMENTA
238218,RUA CACHOEIRA D ITAPEMIRIM 31 MARCOS FREIRE
287493,RUA NICOLO PAGANINI 5506 FLODOALDO PONTES PINTO
960209,RUA 210 9 NOVA CIDADE
747651,RUA LEONCIO SALINGNAC 199 TAUA MIRIM
59473,RUA RIO GRANDE 1264 LIBERDADE
224640,RUA ALGODOEIRO 4010 ZONA SUL
122550,RUA TANGUA 3193 JARDIM NOVO ESTADO
16916,RUA CURITIBA 2629 SETOR 3
390244,RUA NAPOLEAO BONAPARTE 2091 CENTRO
553432,RUA ANTONIO JOSE NOGUEIRA 123 JOAO EDUARDO
707297,LAGO SAO ATONIO 7 JARI
69665,RUA CEARA 1818 CENTRO
443388,LINHA 03 VALERIO 71 SETOR 10
906115,AVENIDA PRESIDENTE KENNEDY 575 SANTA LUZIA
313909,RUA VALENCA 1475 ZONA SUL
323190,RUA PROFESSOR CAMARA LEME 4110 CIDADE NOVA
911592,BECO BECO BURITI 20 COMPENSA
1133081,RUA JOAQUIM MARTINS SANTANA 158 NOVO ALEIXO
1092720,RUA ERMANO ESTRADELI 172 SAO JORGE
941078,ESTRADA DA PONTA NEGRA 20 PONTA NEGRA
1115485,RUA IANOMAMI 53 COLONIA TERRA NOVA
794168,AVENIDA LIBERDADE 4472 MAMOUD AMED
546197,RAMAL ENOQUE 1098 VILA ACRE
171408,RUA JOAO DE BARRO 3335 BAIRRO BOM FUTURO
512083,RUA FRANCISCO PONTES AGUIAR 843 LIBERDADE
290240,RUA PANTEON 6538 IGARAPE
564174,RUA DA MELANCIA 809 MOCINHA MAGALHAES
824906,RUA PEREIRA SOBRINHO 3038 NOSSA SENHORA DE FATIMA
945209,RUA 02 10 MANAUS
1148486,RUA LUIZ ANTONY 23 CENTRO
695170,AVENIDA MARIUA 134 CENTO
259877,RUA GENEROSO PONCE 84 CENTRO
1009722,RUA BEIJA FLOR 125 JORGE TEIXEIRA
718204,SERINGAL NOVO ANDIRA 188 PIRA PORA SETOR 12
691177,RUA RAIMUNDO CAVALCANTE 292 BAIRRO NOSSA SENHORA APARECIDA
461978,AVENIDA GOVERNADOR VALADARES 1620 JARDIM DAS AMERICAS
1122093,RUA ITAITUBA 479 REDENCAO
841788,RUA CORONEL JULIO ROBERTO 2179 SAO JOSE
757613,RUA RIO BADAJOS 416 CODAJAS
858692,AVENIDA BOM PASTOR 38 COLONIA TERRA NOVA
437513,AVENIDA CACAULANDIA 6220 DISTRITO
580948,RUA JOAQUIM MACEDO 1748 SAO FRANCISCO
1017229,RUA BOA VISTA 117 SAO RAIMUNDO
1106440,RUA GIRASSOL 37 LIRIO DO VALE
244446,RUA CORRUPIAO 7286 TRES MARIAS
980123,RUA ABRAAO CARDOSO 170 COMPENSA
704868,RUA SANTA RITA 31 COMUNIDADE DE SANTA RITA
697284,RUA ROBERTO TEIXEIRA 92 SAO FRANCISCO
818994,COMUNIDADE MANGUEIRA 3 POVOADO DE MANGUEIRA
925923,BECO PRIMEIRO DE MARCO 235 NOSSA SENHORA DAS GRACAS
299275,RUA RENASCER 5022 ZONA SUL
943478,JARDIM CALIFORNIA 2429 PARQUE DEZ DE NOVEMBRO
1148292,RUA LUIS MONTENEGRO 428 JORGE TEIXEIRA
1136053,RUA JOSE FERRO 51 PARQUE 10 DE NOVEMBRO
1068253,RUA DELMAR BRAS 5 CIDADE NOVA
966356,RUA 32 12 NOVA CIDADE
921343,BECO IPIRANGA 230 RAIZ
498273,RUA DE MINAS GERAIS 1415 CRUZEIRAO
915515,BECO CINCO DE SETEMBRO 72 SAO RAIMUNDO
1125599,RUA JACARE 385 JORGE TEIXEIRA
390805,RUA PADRE JOSE DE ANCHIETA 2326 CENTRO
937341,BECO SAO JOSE 20 MORRO DA LIBERDADE
118048,RUA TAPAJOS 2010 SETOR 03
937814,BECO SAO JOSE 138 GLORIA
63857,RUA SAO LUIZ 1514 CENTRO
384636,RUA TEREZINA 483 QUINTO BEC
157574,RUA VITORIA REGIA 112 BAIRRO SAO BERNARDO
610476,RUA VITORIA 780 CONQUISTA
581954,RUA JOSE P DE OLIVEIRA 115 NOVA ESPERANCA
370534,AVENIDA BARAO DO RIO BRANCO 2800 CENTRO
913073,BECO BOM JESUS 7 MAUAZINHO
484809,RUA VALDEMIR LOPES 5411 FRANCISCO JOSE MOREIRA
427551,RUA RIO BRANCO 952 NOVO HORIZONTE
816809,RUA GOVERNADOR JOSE LINDOSO 226 CENTRO
626074,TRAVESSA FELISBELA NASCIMENTO 105 CAPOEIRA
487405,RUA RAIO DE SOL 25 CENTRO
38640,LINHA 08 8 RUMO ESCONDIDO
1019933,RUA BRAGANTINA 1800 REDENCAO
983204,RUA AGUAS MARINHA 27 TANCREDO NEVES
951230,RUA 13 92 CIDADE NOVA
303179,RUA SALVADOR 400 PORTO VELHO
874493,AVENIDA FRANCISCO ORELLANA 25 DOM PEDRO I
397304,AVENIDA MARECHAL DEODORO 5037 CENTRO
449900,LINHA C45 3 MONTE NEGRO
657794,RUA SANTA HELENA 197 CRISTO LIBERTADOR
944453,RAMAL DO IPIRANGUINHA 4720 JORGE TEIXEIRA
1121016,RUA ISAIAS TAVARES FILHO 34 SANTA ETELVINA
567405,RUA DO BARRO 362 AIRTON SENA
774751,RUA DAS FLORES 868 SAO JOSE
676377,RUA RUI BARBOSA 383 CENTRO
152079,RUA RIO JARU 605 DOM BOSCO
86795,RUA CAMPO MOURAO 2183 JORGE TEIXEIRA
244712,RUA CRATO 6910 PORTO VELHO
862257,AVENIDA CARVALHO 12 TARUMA
827315,ESTRADA BR 317 18 BR 317
1116401,RUA IGARAPE DO MAUA 8 MAUAZINHO
973651,RUA 7 301 ALVORADA
619463,RUA SAO SALVADOR 258 BAHIA PALHERAL
129462,RUA AMAZONAS 846 PRIMAVERA
124250,AVENIDA DAS SERINGUEIRAS 558 CAFEZINHO
165774,RUA TRACREDO NEVES 2084 NOVA LONDRINA
634263,TRAVESSA SAO JOSE 22 DIST INDUSTRIAL
628555,TRAVESSA LUA NOVA 13 BOSQUE
710451,AVENIDA 15 DE NOVEMBRO 1502 CENTRO
842269,RUA CORONEL MADEIRA 1178 LIBERDADE
309627,RUA TENREIRO ARANHA 1936 SANTA BARBARA
467271,AVENIDA OITO DE MARCO 4115 NOVO HORIZONTE
678727,RUA PLINIO COELHO 1314 AMATURA
964033,RUA 26 365 VALE DO SINAI
516039,RUA ARICURI 1512 ZENAIDE PAIVA
1062708,RUA DARCY VARGAS 124 COMPENSA
140746,RUA FLORESTA 1381 NOVO HORIZONTE
282027,RUA MARECHAL RONDON 343 PEDRINHAS
1071623,RUA DEZESSEIS 110 JORGE TEXEIRA
1134991,RUA JOSE BONIFACIO 22 COLONIA SANTO ANTONIO
939701,BECO SAO VICENTE 24 COMPENSA
621853,TRAVESSA BEIJA FLOR 97 TANCREDO NEVES
312627,RUA TUCURUI 5176 ZONA SUL
1100670,RUA FORTALEZA 173 NOSSA SENHORA DAS GRACAS
950376,RUA 12 1 PARQUE 10
496249,RUA ALFREDO TELES 356 CENTRO
428814,LINHA 03 TRES 2 SITIO TRES PODERES
997021,RUA ARATITUBA 17 TANCREDO NEVES COMUNIDADE NOVA CONQUIST
50372,RUA CARMELIA PONTES 1525 SOCIEDADE BELA VISTA
91072,RUA VALE FORMOSO 1757 VISTA ALEGRE
153774,RUA SEIS DE MAIO 2560 DOM BOSCO
798537,RUA AQUILINO BARROS 2131 IRACY
456785,AVENIDA SAO FRANCISCO 3917 CIDADE BAIXA
261236,RUA GIBRALTAR 4032 CIDADE DO LOBO
212728,AVENIDA RIO DE JANEIRO 2027 AREAL
1150350,RUA MACAJA ANTIGA RUA DOZE A 31 SAO JOSE
316232,RUA VILA NOVA ARTIGAS 3026 JUSCELINO KUBITSCHEK
630451,TRAVESSA PRAXEDES 79 BAIRRO 6 DE AGOSTO
646470,RUA E 2500 AMOTY
636609,RAMAL DA GOIABA 59 SEM LOCALIDADE
564377,RUA DA PAZ 178 RESIDENCIAL JOAFRA
1072983,RUA DEZOITO 24 LIRIO DO VALE
379205,RUA LUIZ SERAFIN 590 BAIRRO JARDIM ELDORADO
787821,RUA DA CASTANHEIRA 103 SAO JOSE
762336,RUA NOVA II 1678 NOSSA SENHORA DE FATIMA
104897,RUA DE SERVICO 3109 CAETANO
558536,RUA BOULEVARD AUGUSTO MONTEIRO 302 BAIRRO 15
216083,AVENIDA PRESIDENTE DUTRA 4005 OLARIA
947956,RUA 1 114 ALVORADA
593886,RUA PEQUENA JESSICA 31 WANDERLEY DANTAS
1101275,RUA FRANCELI NASCIMENTO 300 CIDADE DE DEUS
1089048,RUA E 67 NOVA CIDADE
1034264,RUA CATULO DA PAIXAO ANTIGA RUA G QUATRO 61 NOVA REPUBLICA
119041,RUA PADRE CHIQUINHO 1706 SETOR 07
710461,AVENIDA 15 DE NOVEMBRO 1919 CENTRO
295661,RUA POLONIA 5009 ZONA SUL
72142,RUA PORTO ALEGRE 1003 CENTRO
738078,RODOVIA AMBROSIO AIRES AM 254 17345 RODOVIA AM 254
867692,AVENIDA CRAVINA DOS POETAS ANTIGA CENTRAL 360 ALVORADA
322666,RUA PASTOR EURICO ALFREDO NELSON 1228 AGENOR DE CARVALHO
475488,RUA DOS PIONEIROS 1654 ACRELANDIA
511457,RUA ANA DE SOUZA LIRA 360 LIBERDADE
998809,RUA AROEIRAS 58 MONTE DAS OLIVEIRAS
525578,RUA FRANCISCO FERREIRA MENDES 1367 MANUEL URBANO
1129331,RUA JERICO 17 NOVO ISRAEL
116056,RUA RAIMUNDO BARRETO 2452 SETOR 07
999754,RUA ARTUR REIS 366 SANTO ANTONIO
198925,RUA FERNAO DIAS 710 JARDIM DAS OLIVEIRAS
796740,RUA A 704 JARDIM FLORESTAL
77434,RUA PARIRI 3455 JO SATO
606559,RUA TIRADENTES 421 VILA MILITAR
920523,BECO GREMIO 80 PETROPOLIS
287429,RUA NICARAGUA 2916 PORTO VELHO
1081191,RUA DOIS 339 GILBERTO MESTRINHO
653474,RUA CUNHA VASCONCELOS 391 CENTRO
365221,AVENIDA JOSE DO PATROCINIO 3877 CENTRO
1106388,RUA GIRASSOL 23 TANCREDO NEVES
436118,RUA TANGARA 1465 SETOR 02
111232,RUA FLORIANOPOLIS 1835 SETOR 03
197334,ESTRADA DO LATICINIO 151 BELA VISTA
1098112,RUA FERREIRA PENA 92 CENTRO
126743,AVENIDA TRANSCONTINENTAL 4986 BAIRRO SAO BERNARDO
991447,RUA AMETISTA 596 TANCREDO NEVES COMUNIDADE NOVA FLORESTA
553233,RUA ANTONIO BOTO 72 AEROPORTO VELHO
1130381,RUA JERUSALEM 476 CIDADE NOVA
1052134,RUA CURICACAS 708 CIDADE DE DEUS
801133,RUA ESMERALDA 3299 EDUARDO BRAGA II
603027,RUA SEIS DE AGOSTO 158 XAVIER MAIA
848195,RUA SERAFIM CASTANHO 177 AJURICABA
656872,RUA SIQUEIRA CAMPOS 1445 ANA ALVES VIEIRA
305576,RUA SEM DENOMINACAO 1926 AEROCLUBE
773737,RUA CAMILO 1 257 NOSSA SENHORA DO CARMO
187271,RUA OLAVO BILAC 360 UNIAO
973551,RUA 7 89 ALEIXO
563893,RUA DA LARANJA 51 MOCINHA MAGALHAES
958448,RUA 2 422 ALVORADA
835094,RUA DANIEL SIMOES 3265 APARECIDA
266649,RUA ISABEL BATISTA 4955 RIO MADEIRA
225593,RUA AMELIA FARIAS 3755 TANCREDO NEVES
1007256,RUA BARCELONA 139 NOVA CIDADE
155938,RUA TREZE DE SETEMBRO 1658 JARDIM PRESIDENCIAL
571167,RUA EDMUNDO PINTO OU PRINCIPAL 546 SANTA INES
916250,BECO DA AMIZADE 8 PETROPLIS
1078348,RUA DO SESC 30 ALVORADA
962580,RUA 24 41 CIDADE NOVA
850855,ALAMEDA ALEMANHA 67 PONTA NEGRA RESIDENCIAL JARDIM EUROPA 0
792086,ILHA DO BAIXIO 3460 COMUNIDADE SANTA LUZIA
129244,RUA AMAPA 2303 JK
863252,AVENIDA CHICO MENDES 184 COLONIA TERRA NOVA
907824,AVENIDA SAO JORGE 545 SAO JORGE
573125,RUA FERNANDO SABINO 150 VILA ACRE
854099,AVENIDA ALASKA 1051 PONTA NEGRA
657799,RUA SANTA HELENA 231 ROSA GONCALVES
486691,RUA EXPEDITO PEREIRA DE SOUZA 356 CENTRO
815877,IGARAPE DO FERREIRA 4 FERREIRA
552072,RUA ALVARO ROCHA 180 UNIVERSITARIO
794437,AVENIDA MANAUS 1427 IRACY
70554,RUA JOAQUIM CARDOSO DOS SANTOS 1355 CENTRO
496773,RUA ANTONIO COSTEIRA 2139 FORMOSO
658555,TRAVESSA MERCADO 2 59 CENTRO
512181,RUA GIRRASOL 191 LIRIOS DO VALE
123231,AVENIDA ARACAJU 2068 SAO PEDRO
255485,RUA EUCLIDES DA CUNHA 2200 CENTRO
834439,RUA CAROLINA FERNANDES 1289 SAO JOSE
868124,AVENIDA CURACAO 2 NOVA CIDADE
957691,RUA 196 28 CIDADE NOVA
31340,RUA TABOCA 4389 SETOR 2
1062851,RUA DAS ACACIAS 15 TARUMA
1148419,RUA LUIS SOARES 113 CONJ AMAZONINO MENDES 2
496383,RUA ALFREDO TELES 2590 BAIRRO VILA RICA
341423,AVENIDA BELEM 5459 PLANALTO
387540,ESTRADA SAO LOURENCO 19 SAO LOURENCO
407930,LINHA C 105 27 ZONA RURAL
20621,RUA GREGORIO DE MATOS 3499 SETOR 06
39409,AVENIDA AFONSO PENA 2487 BAIRRO PRINCESA ISABEL
284465,RUA MIGUEL ANGELO 7363 CUNIA
599837,RUA RIO GRANDE DO SUL 1545 AEROPORTO VELHO
466392,LINHA ESPANCAO 34 ASSENTAMENTO SANTA CATARINA
706865,AVENIDA PRESIDENTE KENNEDY 160 CAVIANA
596051,RUA PRIMAVERA 370 BELO JARDIM 1
10634,AVENIDA TRANCREDO NEVES 2685 SETOR 3
1026255,RUA CAIENA 412 NOVA CIDADE
12797,RUA ARAPONGAS 1211 SETOR 2
323722,RUA SANTO DUMONT 53 CALAMA
838424,RUA MAURICIO DA CUNHA FREIRE 1407 SAO JOSE
688154,RIO ITUI 1 CAPIVANAUI
417341,RUA ARACAJU 720 SETOR 8
319673,RUA DONA LEOPOLDINA 4592 NOVA ESPERANCA
780660,RIO MARMELO 35 TI TORA
765140,RUA FEREIRO VALENTIN 302 SANTA RITA DE CASIA
796617,RUA 24 DE AGOSTO 4074 SAO CRISTOVAO
1115020,RUA I 140 VILA MILITAR DA MARINHA BURITI
872670,AVENIDA ELDORADO 356 GILBERTO MESTRINHO
907502,AVENIDA SANTA MONICA 248 MONTE DAS OLIVEIRAS
97919,AVENIDA GUAPORE 1842 GUAJARA MIRIM
141942,RUA GRECIA 2110 JARDIM DAS SERINGUEIRAS
422241,AVENIDA PRESIDENTE TANCREDO NEVES 2095 SETOR 01
911042,BECO AYRAO 2238 PRACA 14 DE JANEIRO
1094619,RUA ESTELA NOBRE 61 PARQUE 10 DE NOVEMBRO
432006,RUA OSVALDO BERTOZZI 2651 CENTRO
105921,RIO NEGRO SOTERIO 66 GUAJARA MIRIM
955418,RUA 17 84 CIDADE NOVA
1000198,RUA ARUANA 92 GILBERTO MESTRINHO
1028332,RUA CANADA 264 FLORES
661768,RUA CONSTANTINO MOSLE 189 SENADOR POMPEU
1124083,RUA J 23 CIDADE NOVA
302139,RUA RUI BARBOSA 1636 PANAIR
501003,RUA FELIX GASPAR 1590 JOAO ALVES
1034808,RUA CEARA 306 CHAPADA
295798,RUA PONTO COQUEIRO 6859 TRES MARIAS
385655,RUA VINTE E QUATRO 14 JARDIM ELDORADO
772339,AVENIDA TRANSAMAZONICA 1720 NOVA HUMAITA
472130,AVENIDA RONDONIA 2030 SETOR 4
573035,RUA FELICIDADE 103 ESTACAO EXPERIMENTAL
24910,RUA MARTIN LUTHER KING 2954 SETOR 08
353817,RUA JUSCELINO KUBITCHECK DE OLIVEI 399 BAIRRO CIDADE ALTA
1088672,RUA E 30 GILBERTO MESTRINHO
721716,IGARAPE PUXURIZAL 7 None
709691,TRAVESSA JABURU 896 BAIRRO SANTA LUZIA
104280,AVENIDA PRINCESA ISABEL 1363 GUAJARA MIRIM
303379,RUA SAMUEL DE FREITAS 4331 BAIRRO CIDADE DO LOBO
582093,RUA JUAREZ TAVORA 1 ALTO ALEGRE
752217,COMUNIDADE JERICO 17 RIO URUCU
962563,RUA 24 29 CIDADE NOVA
916450,BECO DA ESPERANCA 75 CIDADE DE DEUS
257404,RUA FLORIANOPOLIS 61 PORTO VELHO
530241,RUA JOSE FERREIRA LIMA 570 CENTRO
599814,RUA RIO GRANDE DO SUL 1327 PREVENTORIO
868283,AVENIDA CURACAO 20 NOVA CIDADE
887682,AVENIDA PEDRO TEIXEIRA 1001 SAO JORGE
813158,RUA BRASIL 180 VILA DE LINDOIA
642812,RAMAL BOM VENTO 25 R0DRIGUES ALVES
303139,RUA SALVADOR 166 ROQUE
507954,ESTRADA DA BR 364 45 VILA SAO PEDRO
169860,AVENIDA SAO PAULO 2964 CENTRO
999000,RUA ARSENAL DE MARINHA 1 JAPIIM
683387,RUA ARLINDO MARMENTINI 28 CENTRO
137179,RUA DA PROCLAMACAO 535 PRIMAVERA
882877,AVENIDA LORIS CORDOVIL 27 ALVORADA
423842,LINHA C 10 188 CAMPO NOVO
842126,RUA CORONEL MADEIRA 776 LIBERDADE
575248,RUA FUTURO 223 AVIARIO
508405,RAMAL DOS PAULINOS 113 VILA SAO PEDRO
360108,RUA VANDERLEI DALLA COSTA 2350 CENTRO
826664,TRAVESSA BOTINELI 1791 BAIRRO CENTRO
217604,CONDOMINIO VILA BELA 6053 TRES MARIAS
888523,AVENIDA PENETRACAO UM 1311 JAPIIM
986204,RUA ALFAZEMA 547 JORGE TEIXEIRA
445113,RUA MARIA HELITA 2209 CENTRO
298725,RUA RAIMUNDO CAPA GRANDE 7836 TANCREDO NEVES
1006594,RUA BAGUACU 458 MONTE DAS OLIVEIRAS
45535,AVENIDA PRIMAVERA 2518 CONJUNTO HALLEY
1014814,RUA BENTO BRASIL 577 BAIRRO PETROPOLIS
34140,RUA SANTO MIGUEL 1596 RURAL
223428,RUA ALEXANDRE GUIMARAES 4610 AGENOR M DE CARVALHO
888015,AVENIDA PENETRACAO 98 FLORES
896887,AVENIDA TEFE 49 BAIRRO RAIZ
903276,AVENIDA DUQUE DE CAXIAS 1593 PRACA 14 DE JANEIRO
25328,RUA MINAS GERAIS 3332 SETOR 05
714453,RUA PRIMEIRO DE MAIO 1703 CENTRO
923627,BECO MENANDRO TAPAJOS 54 MANAUS
952344,RUA 143 269 CIDADE NOVA
318551,RUA CACIQUE TIBIRICA 1855 CASTANHEIRA
250382,RUA DO TROMPETE 1864 CASTANHEIRA
471994,AVENIDA PARAISO 2581 SETOR 2
170623,RUA CONDOR 4046 BAIRRO BOM FUTURO
3386,AVENIDA MARECHAL RONDON 2847 PRINCESA ISABEL
480001,RUA RAFAEL MARTINS LEAO 1340 CENTRO
1142644,RUA LAURO BITTENCOURT 156 SANTO ANTONIO
89704,RUA QUATRO DE DEZEMBRO 1916 BAIRRO CIDADE ALTA
479065,TRAVESSAO 5 5 PORTO LUIZ
522663,RUA LUIZ BERNARDO RODRIGUES 14 BAIRRO SAO FRANCISCO
922041,BECO JOAO DO SAMBA 7 BAIRRO PETROPOLIS
70440,RUA GOIAS 652 CENTRO
634291,TRAVESSA SAO JOSE 183 ESPERANCA
520086,RIO RIO ENVIRA 1 CURRALINHO
1098381,RUA FERREIRA PENA 1194 CENTRO
356829,TRAVESSA PARECIS 6170 SAO CRISTOVAO
258245,RUA FRANCISCO BATISTA 101 CENTRO
956609,RUA 186 16 NOVA CIDADE
225167,RUA ALTO BRASIL 6689 TRES MARIAS
313223,RUA UM 350 NOVO HORIZONTE
372107,AVENIDA PRESIDENTE TANCREDO NEVES 2640 BODANESE
380687,RUA OITOCENTOS E QUATRO 6561 ALTO ALEGRE
1103777,RUA GAIVOTA 29 AMAZONINO MENDES
917175,BECO DA PAZ 35 SAO FRSNCISCO
139033,RUA DOS BURITIS 228 URUPA
893872,AVENIDA RIO NEGRO 194 NOSSA SENHORA DAS GRACAS
46662,AVENIDA MARECHAL RONDON 2470 PRINCESA ISABEL
946177,RUA 05 42 CIDADE NOVA
529718,RUA GUAICURUS 506 CAMPINAS
222175,RUA AGUA VERMELHA 1376 ELETRONORTE
148586,RUA MENEZES FILHO 2997 DOIS DE ABRIL
355278,RUA SANTOS DUMONT 459 CIDADE ALTA
1103773,RUA GAIVOTA 28 CIDADE DE DEUS
244007,RUA CONSTELACAO 8469 PORTO VELHO
977593,RUA A 1005 ADRIANOPOLIS
902668,AVENIDA DOM PEDRO 622 DOM PEDRO
465379,ESTRADA VICINAL 465 CENTRO
969219,RUA 44 A 115 AMAZONINO MENDES
319626,RUA DOM PEDRO II 3181 NOVA PORTO VELHO
929660,BECO SAO SEBASTIAO 80 JAPIIM
849935,RUA 03 170 VILA DO JANUACA
834031,RUA BENJAMIN ROBERTO 2012 SAO JOSE
742708,RUA ALECRIN 326 GRANDE VITORIA
351051,RUA A1 402 BAIRRO CIDADE ALTA
430559,LINHA 172 25 ZONA RURAL
119813,ESTRADA LINHA 605 2475 BAIRRO JARDIM DO ESTADOS
604671,RUA SETE DE DEZEMBRO 527 PLACAS
301612,RUA ROSALINA GOMES 10211 MARIANA
426815,RUA FRANCISCO NONATO PENSADOR 200 NOVO H0RIZONTE
189007,RUA TIRADENTES 1111 DA LIBERDADE
531313,RUA PROJETADA 04 640 SAO CRISTOVAO
679285,COMUNIDADE NITEROI 8 NITEROI
838502,RUA MAURICIO DA CUNHA FREIRE 2326 SAO JOSE
394832,AVENIDA PRINCESA ISABEL 7190 JOAO FRANCISCO CLIMACO
438163,RUA PAINEIRA 1783 CENTRO
184698,RUA GOITACAZ 1703 JARDIM NOVO HORIZONTE
296395,RUA PRECE 8633 PORTO VELHO
920715,BECO GUARIUBA 28 MONTE DAS OLIVEIRAS
263000,RUA GUANABARA 3757 SAO JOAO BOSCO
207988,AVENIDA GUAPORE 3775 AGENOR M DE CARVALHO
471107,LINHA C 74 1 VALE DO ANARI
650267,RAMAL MULUNGU 1 None
889905,AVENIDA PRECIOSA 637 MONTE DAS OLIVEIRAS
632091,TRAVESSA SENA MADUREIRA 140 ADALBERTO ARAGAO
554226,RUA ARI RODRIGUES 330 ABRAAO ALAB
169798,AVENIDA PRESIDENTE MEDICI 3522 CENTRO
204628,AVENIDA BRASILIA 2601 SAO CRISTOVAO
2814,AVENIDA RIO DE JANEIRO 4630 CIDADE ALTA
287739,RUA NOVA ERA 1246 NOVA FLORESTA
915277,BECO CENTRAL 58 SAO RAIMUNDO
70568,RUA JOAQUIM CARDOSO DOS SANTOS 1594 CENTRO
615123,RUA PADRE JOSE 592 TAQUARI
1128362,RUA JASMIM 8 TANCREDO NEVES
476973,RAMAL BIGODE 22 PROJETO PAD PEDRO PEIXOTO
494879,AVENIDA SAO PAULO 251 FLORESTA
234184,RUA BEIRA RIO 14 SAO CARLOS
386414,RUA SANTA LUZIA 709 BAIRRO SAO JOSE
1031843,RUA CAROLINA DAS NEVES 26 NOSSA SENHORA APARECIDA
659181,RAMAL 16 3 BR 364
440135,RUA AIRTON SENNA 1717 CENTRO
858439,AVENIDA BOA ESPERANCA 16 CRESPO
35192,LINHA 45 10 POVOADO DA 45
1132204,RUA JOAO PAULO 6 45 MONTE DAS OLIVEIRAS
884655,AVENIDA MAUES 1136 CACHOERINHA
156601,RUA UMUARAMA 692 PARQUE SAO PEDRO
1138209,RUA JUAZEIRO DO NORTE 54 TERRA NOVA
812619,RUA 1 115 VILA DE LINDOIA
1003704,RUA B 45 JORGE TEIXEIRA
112078,RUA JOAO BATISTA 3712 SETOR 01
400252,LINHA 72 19 ALVORADA DO OESTE
605608,RUA TAMBUATA 498 TAQUARI
1071664,RUA DEZESSEIS 152 JORGE TEIXEIRA MONTE SIAO
33166,RUA VITORIA 2687 SETOR 3
299736,RUA RINO LEVI 5235 TEIXEIRAO
782788,COMUNIDADE BOCA DO PUCA 27 BOCA DO PUCA
821201,RUA SAO PEDRO 460 CENTRO
830230,AVENIDA JOAO XXIII 1071 SAO FRANCISCO
746515,RUA GONCALVES LEDO 281 CENTRO
64641,ALDEIA SURUIS 387 CACOAL
9577,AVENIDA PERIMENTRAL LESTE 3954 RURAL SAO LUIZ
26678,RUA OSWALDO DE ANDRADE 4011 SETOR 6
375032,RUA AMAPA 2186 PARQUE IND NOVO TEMPO
610586,RUA W DEZ 127 TUCUMA
731040,RUA PEDRO BARBOSA DE AMORIM 65 NOSSA SENHORA DE FATIMA
134895,RUA CEDRO 491 JORGE TEIXEIRA
584660,RUA LUIS Z DA SILVA 186 MANOEL JULIAO
277909,RUA LIBEROBADARO 3056 COSTA E SILVA
754997,RIO SOLIMOES 13 COSTA DO TROCARIS
193372,AVENIDA CURITIBA 1001 NOVA PIMENTA
848185,RUA SERAFIM CASTANHO 57 AJURICABA
78628,LINHA 02 RO 485 RUMO ESCONDIDO 2 TERRA RICA RUMO ESCONDIDO
551016,RUA AIRTON SENA 53 VITORIA
1152859,RUA MANANCIAL 166 COLONIA TERRA NOVA
504833,RUA SIQUEIRA CAMPOS 1625 AV VINTE E CINCO DE AGOSTO
1073283,RUA DEZOITO 192 CIDADE DE DEUS
15884,RUA CEREJEIRA 1765 SETOR 01
12312,RUA ANDORINHAS 1184 SETOR 02
884992,AVENIDA MAX TEXEIRA 38 COLONIA SANTO ANTONIO
897329,AVENIDA TEFE 801 CACHOEIRINHA
18883,RUA EVALDO BENEVIDES 134 MARECHAL RONDON
436994,LINHA C 105 2010 RURAL
1117464,RUA IMPERATRIZ 198 CIDADE NOVA
709252,RUA CORONEL BENTO BARROSO 244 CENTRO
520925,AVENIDA JAPIIM 51 GUARANI
176986,RUA DAS PALMEIRAS 4156 SETOR 14
364782,AVENIDA JASMIM OU 1703 2093 JARDIM PRIMAVERA
1041641,RUA CINCO DE FEVEREIRO 623 BETANIA
334012,AVENIDA 7 DE SETEMBRO 2289 ERNANDES GONCALVES
174211,LINHA LU 2 52 MACHADINHO DO OETE
708433,AVENIDA PADRE GABRIEL 132 BAIRRO SANTA LUZIA
26714,RUA PAINEIRA 1609 SETOR 01
1139016,RUA JULIO VERNE 121 ALEIXO
168051,AVENIDA MATO GROSSO 3224 CENTRO
540630,AVENIDA DOUTOR MARIO MAIA 439 BAIRRO SAO FRANCISCO
44170,AVENIDA MARGINAL 484 SAUDE
949347,RUA 11 25 ALVORADA
63648,RUA SANTO ANTONIO 1705 SANTO ANTONIO
2787,AVENIDA RIO DE JANEIRO 4338 CENTRO
340331,RUA 13 DE FEVEREIRO 1675 CENTRO
101825,AVENIDA SANTOS DUMONT 1013 GUAJARA MIRIM
1133494,RUA JONAS BARRETO 38 SAO LAZRO
934507,BECO SANTA RITA 8 SANTO AGOSTINHO
745301,RUA DOIS DE NOVEMBRO 43 TAUA MIRIM
465592,ASSENTAMENTO ANTONIO CONSELHEIRO 14 ZONA RURAL
782973,COMUNIDADE FORTE DA GRACA 60 FORTE DA GRACA
177041,RUA DOS PIONEIROS 2864 SETOR 13
615935,RUA SANTA INES 50 SAO FRANCISCO
261909,RUA GRAFITA 4889 CIDADE DO LOBO
661796,RUA ELCIAS C ALBUQUERQUE 13 AVELINO LEAL
288232,RUA NOVA IORQUE 4929 ZONA SUL
220469,RUA 5 11 NOVO HORIZONTE
980586,RUA ACAI 97 NOVO ALEIXO
201175,RUA RIO GRANDE DO NORTE 1099 NOVA PIMENTA
755433,RIO URUCU 21 SAO JOA DO MOURO
43521,AVENIDA ITAPEMIRIM 360 NOVO CACOAL
86255,RUA AMAZONAS 3157 BAIRRO LIBERDADE
684487,RUA MINAS GERAIS 651 CENTRO
184050,RUA EDSON LOPES 210 JARDIM NOVO HORIZONTE
471341,LINHA MP 12 1 VALE DO ANARI
893596,AVENIDA RIO NEGRO 83 MAUAZINHO
598540,RUA RAIMUNDO MATOS DE MELO 448 MANOEL JULIAO
170802,RUA DAS GARCAS 3293 BAIRRO BOM FUTURO
369779,AVENIDA UM MIL QUINHENTOS E TREZE 1171 BAIRRO CRISTO REI
1134882,RUA JOSE ALVARES MARCIEL 130 DOM PEDRO I
876059,AVENIDA GRANDE CIRCULAR 2030 ARMANDO MENDES
365159,AVENIDA JOSE DO PATROCINIO 3340 CENTRO
547736,RUA 08 397 OBRA DO PAC
816345,AVENIDA JUSCELINO KUBITSCHEK 345 CENTRO
974375,RUA 72 3 NOVA CIDADE
827332,ESTRADA BR 317 52 BR 317
1042673,RUA CINCO DE SETEMBRO 2 51 SAO RAIMUNDO
618899,RUA SAO PAULO 135 PREVENTORIO
1101413,RUA FRANCISCO ALVES 58 JORGE TEIXEIRA
658655,TRAVESSA SIMAO AGUIAR 261 ANA ALVES VIEIRA
591357,RUA NITEROI 51 CONQUISTA
558925,RUA BRASILIANO 82 BELO JARDIM
853820,AVENIDA AJURICABA 1128 CACHOEIRINHA
974612,RUA 77 6 NOVA CIDADE
759186,COMUNIDADE SAO SEBASTIAO 14 LAGO BADAJOS
33615,RUA DOM PEDRO II 130 SAO GERALDO
689243,RUA ANGELO PORTUGAL 561 BAIRRO DE OLINDA
1079072,RUA DOIS 8 SAO JOSE OPERARIIO
743991,RUA CESARIO CAMPELO 478 ESPIRITO SANTO
1094537,RUA ESTANIO 130 CIDADE DE DEUS
1090794,RUA EGITO 21 CIDADE DE DEUS
373345,RUA 2513 3554 JARDIM SOCIAL
659069,ESTRADA XIBUREMA 18 XIBUREMA
726840,RUA PORFIRIO CHAGAS 1102 CANUTAMA
141598,RUA GOIANIA 1872 NOVA BRASILIA
287650,RUA NOSSA SENHORA DE NAZARE 6117 ZONA SUL
149154,RUA MONTEIRO LOBATO 3123 BOA ESPERANCA
87681,RUA ESPIRITO SANTO 2368 BAIRRO CAIXA D AGUA
216648,BECO DA UNIAO 698 B FLORESTA
1042848,RUA CINE ODEON 5 ADRIANOPOLIS
245281,RUA CURIO 1891 RONALDO ARAGAO
261478,RUA GOIANESIA 4101 ZONA LESTE
934546,BECO SANTA RITA 29 SANTA LUZIA
191441,LINHA LINHA 20 3 LINHA 20 SENTIDO JARU
109896,RUA CANDIDO PORTINARI 1807 SETOR 07
525659,RUA FRANCISCO FERREIRA MENDES 2234 MANUEL URBANO
598190,RUA RADIO FAROL 337 GLORIA
950737,RUA 12 481 ALVORADA
99485,AVENIDA MENDONCA LIMA 204 CENTRO
319099,RUA DELEGADO MAURO DOS SANTOS 657 AGENOR M DE CARVALHO
599122,RUA RIACHUELO 367 BOSQUE
426074,RUA CASTELO BRANCO 1070 UNIAO
721404,CAMINHO DO CEMITERIO SAO RAIMUNDO 25870 VILA DO CAICARA
886005,AVENIDA NHAMUNDA 149 CENTRO
1137419,RUA JOSE RIBAMAR 10 MAUAZINHO JERUSALEM
130507,RUA ARAPONGAS 3251 JK
479727,RUA HUMBERTO DE ALENCAR CASTELO BR 664 CENTRO
1023227,RUA C 29 ARMANDO MENDES
580974,RUA JOAQUIM MACEDO 1959 PLACAS
1150508,RUA MACARICO 285 CIDADE DE DEUS
402231,AVENIDA PRESIDENTE MEDICI 3183 VISTA ALEGRE
492075,AVENIDA BOULEVARD THAUMATURGO 637 CENTRO
568046,RUA DO DIVISOR 831 VITORIA
264845,RUA HORUS 440 NOVA FLORESTA
519063,TRAVESSA SEM DENOMINACAO 31 ZENAIDE PAIVA
559238,RUA C 150 SOBRAL
378532,RUA JOSE ANCHIETA 4945 QUINTO BEC
276601,RUA JUNQUILHO 1336 ELETRONORTE
416893,LINHA RIO BRANCO 25 PA SAO PAULO
166832,AVENIDA COSTA E SILVA 3378 CENTRO
25838,RUA MONTEIRO LOBATO 3448 SETOR 06
475998,RUA MANUEL JUSTINO 211 ACRELANDIA
78350,RUA TUPINIQUINS 3135 CRUZEIRO
244358,RUA CORAL 1812 PORTO VELHO
880615,AVENIDA JOAQUIM NABUCO 564 CENTRO
303073,RUA SALTO DO CEU 2098 TRES MARIAS
951222,RUA 13 88 CIDADE NOVA
525202,RUA 1 MAIO 252 MANUEL URBANO
690559,RUA MARIA HELENA CABRAL LOBO 191 CIDADE NOVA
793131,RUA ESPERANCA 10 COM SAO SEBASTIAO DA SERRA BAIXA
799174,RUA BENJAMIN CONSTANT 2957 ARAUJO COSTA
836317,RUA ITACOATIARA 2398 UNIAO
634196,TRAVESSA SAO JOAQUIM 295 TAQUARI
578647,RUA ITAPOAN 357 CONQUISTA
724680,RUA CHICO LOUREIRO 236 BAIRRO NOVO HORIZONTE
468055,RUA LEONARDO SLOBODA 2021 ALTO ALEGRE
517766,RUA TUCUMA 1509 ZENAIDE PAIVA
676154,RUA MANOEL MIRANDA FILHO 3 SAO FRANCISCO
566996,RUA DIAMANTINA 399 BAIRRO CIDADE NOVA
1058341,RUA DA PAZ 4 SANTA ETELVINA
1014055,RUA BENJAMIN BECHIMOL 64 ALEIXO
899557,AVENIDA URUCARA 838 CACHOEIRINHA
427972,RUA TRINTA E DOIS 188 BAIRRO UNIAO
1013699,RUA BEM TI VI 182 TANCREDO NEVES
978572,RUA A NOVE 1125 JAPIIM
690234,RUA JOSE SAMPAIO 152 BAIRRO SANTA LUZIA
1010844,RUA BELA VISTA 50 REDENCAO
356874,TRAVESSA PATROCINIO 4536 CENTENARIO
1113789,RUA HUMBERTO DE CAMPOS 57 SAO JORGE
309957,RUA TEODORA LOPES 9527 MARIANA
692781,LAGO CARAPANATUBA 21333 ZONA RURAL
1115252,RUA IACI 3 CIDADE NOVA
207951,AVENIDA GUAPORE 2696 LAGOINHA
249699,RUA DO FUTURO 2754 COSTA E SILVA
369474,AVENIDA UM MIL QUINHENTOS E ONZE 2388 CRISTO REI
498041,RUA DE GOIAS 791 COBAL
277349,RUA LARIMAR 8725 ZONA LESTE
838346,RUA MARIO SILVA DE ALMEIDA 163 TERRA PRETA
365108,AVENIDA JOSE DO PATROCINIO 3008 CENTRO
549889,RUA ABUNA 50 PORTAL DA AMAZONIA
571189,RUA EDMUNDO PINTO OU PRINCIPAL 700 SANTA INES
192749,AVENIDA CARLOS DORNEJE 75 PIMENTA BUENO
471134,LINHA C 74 53 VALE DO ANARI
877025,AVENIDA I 38 CIDADE NOVA
700513,RUA TANQRENDO NEVES 311 TERRA PRETA
237895,RUA BUENOS AIRES 3135 PORTO VELHO
882500,AVENIDA LIBERDADE 291 SANTO AGOSTINHO
265577,RUA IDALVA FRAGA MOREIRA 3761 TANCREDO NEVES
182912,RUA CASTELO BRANCO 371 JARDIM TROPICAL
519280,TRAVESSA DUQUE DE CAXIAS 152 2 DISTRITO
764079,IGARAPE PRETO 16 9 TERRA FIRME
1053139,RUA CURITIBA 659 GILBERTO MESTRINHO
605785,RUA TAPAJOS 264 NOVA ESTACAO
1062630,RUA DANILO MATOS AREOSA 361 COMPENSA 1
47592,RUA ADIL NUNES LEAL 3613 VILAGE DO SOL
74100,AVENIDA PAULO DE ASSIS RIBEIRO 5059 SAO JOSE
856529,AVENIDA B 2 ALVORADA I
885817,AVENIDA NEPAL 18 NOVA CIDADE
567848,RUA DO COMERCIO 137 MANOEL JULIAO
560316,RUA CANINDE 463 BOSQUE
379279,RUA MANAUS 194 QUINTO BEC
578213,RUA ISAURA PARENTE 136 BOSQUE
1010403,RUA BEIRA RIO 413 JORGE TEIXEIRA MONTE SIAO
812785,RUA ALAMANDAS 285 NOVO REMANSO
1065925,RUA DAS PALMEIRAS 18 PARQUE 10
1102031,RUA FRANCISCO JOSE FURTADO 7 BAIRRO SAO FRANCISCO
965452,RUA 3 67 JORGE TEIXEIRA MONTE SIAO
322057,RUA PADRE CHIQHINHO 2593 LIBERDADE
723638,RUA JOAO FERREIRA DA FONSECA 175 AXINIM
807205,RUA DOM PEDRO 1195 NOGUEIRA JUNIOR
402412,RUA DEODORO DA FOCECA 2907 DAS PALMEIRAS
146991,RUA MANOEL VIEIRA DOS SANTOS 2631 SAO FRANCISCO
473155,ESTRADA LH 62 21 LH 62
342022,AVENIDA BOA VISTA 6226 SAO CRISTOVAO
1104353,RUA GALILEIA 32 NOVO ISRAEL
952630,RUA 147 10 CIDADE NOVA
620170,RUA TIO ALDORICO 85 SANTA INES
611913,RUA CORONEL ALEXANDRINO 530 BOSQUE
365110,AVENIDA JOSE DO PATROCINIO 3008 CENTRO
76463,RUA GES 3438 JORGE TEIXEIRA
196780,AVENIDA PRESIDENTE HERMES 567 ALVORADA
663240,RUA LETICIA RODRIGUES 55 AVELINO LEAL
110503,RUA DANIEL DA ROCHA 2222 SETOR 07
870692,AVENIDA DOS CURIOS 10 CIDADE DE DEUS
44729,AVENIDA PINHEIRO MACHADO 1181 BAIRRO DO INCRA
136346,RUA CRUZEIRO DO SUL 1993 SAO PEDRO
1092407,RUA ENVIRA 243 GRANDE VITORIA
599458,RUA RIO DE JANEIRO 870 ABRAAO ALAB
1092135,RUA ENEIDA MORAES 93 AMAZONINO MENDES 2
762497,RUA OLAVO BILAC 456 SANTO ANTONIO
953474,RUA 15 DE AGOSTO 295 JORGE TEIXIRA
761077,RUA ANTONIO DE CASTRO 1105 SANTO ANTONIO
41980,AVENIDA DAS MANGUEIRAS 1645 JARDIM VISTA ALEGRE
592949,RUA PALMEIRAL 60 BAIRRO CIDADE NOVA
946159,RUA 05 17 CIDADE NOVA
265082,RUA IBITUBA 299 B ELETRONORTE
709363,RUA CORONEL JOAQUIM RAIMUNDO PEREIRA 866 BAIRRO SAO SEBASTIAO
287352,RUA NICARAGUA 2360 PORTO VELHO
388627,AVENIDA JUSCELINO KUBITSCHECK 53 CENTRO
404660,RUA ARLINDO MOREIRA 3180 ALTO PARAISO
981553,RUA ADALTO FERNANDES 141 CONJ AMAZONINO MENDES 2
142553,RUA IAPU 1772 NOVO JIPARANA
622191,TRAVESSA BEZERRA 187 VILA ACRE
228688,RUA ANTONIO FRAGA MOREIRA 1870 CASCALHEIRA
263546,RUA GUIANA 2945 PORTO VELHO
885459,AVENIDA MULATEIRO 213 MONTE DAS OLIVEIRAS
746702,RUA H 96 PERA 3
858531,AVENIDA BOA ESPERANCA 56 COMPENSA
290532,RUA PARAJUBA 3771 NOVA FLORESTA
154957,RUA TARAUACA 3183 CAFEZINHO
365167,AVENIDA JOSE DO PATROCINIO 3402 CENTRO
589302,RUA MEXICO 324 BAIXA DA CADEIA VELHA
734171,RUA JASMIN 245 NOVO HORIZONTE
149310,RUA NESTOR RAMOS 212 URUPA
1147107,RUA LOPES CORDOVIL 39 NOVA ESPERANCA
1109481,RUA GUILHERME MOREIRA 183 CENTRO
957223,RUA 19 210 CIDADE NOVA
801288,RUA FELICIDADE 3331 JARDIM AMANDA
396228,AVENIDA CASTELO BRANCO 5502 CENTRO
858582,AVENIDA BOA ESPERANCA 91 CRESPO
465279,AVENIDA PROFESSORA FLOSINA LOPES NOVAIS 1131 CENTRO
517612,RUA SEM DENOMINACAO 91 BAIRRO DA ELETROACRE
819622,RUA BELO FERREIRA 359 CENTRO
771466,RIO JURUA 13 GUAJARA
663750,RUA OLIMPIA MORAIS 70 BAIRRO NOVO
1139615,RUA JUTAI 36 JORGE TEIXEIRA II ETAPA
1042007,RUA CINCO DE MAIO 225 JORGE TEIXEIRA 4ETAPA
730098,RUA COSTA E SILVA 47 FATIMA
624781,TRAVESSA DA SERRA 768 TROPICAL
432334,AVENIDA PEDRO ALVARES CABRAL 2480 CHUPINGUAIA
391101,LINHA 13 3 RURAL
97362,AVENIDA ESTEVAO CORREA 5132 JARDIM DAS ESMERALDAS
533796,RODOVIA AC475 532 RAMAL DO KM 6
381108,RUA OITOCENTOS E VINTE E DOIS 6402 ALTO ALEGRE
369372,AVENIDA UM MIL QUINHENTOS E ONZE 1156 BAIRRO CRISTO REI
885413,AVENIDA MOSSORO 284 COLONHA TERRA NOVA
1090475,RUA EDUARDO RIBEIRO 4 CHAPADA
164286,LINHA 206 24 GLEBA 31 E 32
505171,RUA DESEMBARGADOR TAVORA 13 CENTRO
929897,BECO SD 5 NOVO ALEIXO
350798,AVENIDA SAO PAULO 6197 SAO CRISTOVAO
875414,AVENIDA GETULIO VARGAS 341 CENTRO
1068996,RUA DEZ 17 NOVA ESPERANCA
249488,RUA DO CRAVO 2748 ZONA SUL
821527,RIO ICAPO 46 TORRE DA REDENCAO
545841,RAMAL DA JUDIA 1129 BELO JARDIM 1
549261,RUA 7 DE SETEMBRO 193 BELA VISTA
628291,TRAVESSA JURANDIR 1 128 SANTA MARIA
643703,RAMAL TIRIRICA 12 R0DRIGUES ALVES
215258,AVENIDA URUGUAI 853 NOVA PORTO VELHO
752048,COMUNIDADE CAMARAZINHO 11 RIO SOLIMOES
994523,RUA ANTONIO DOS PASSOS MIRANDA 1 PETROPOLIS
30419,RUA SACRAMENTO 5421 NOVE
749863,RUA SANTOS DUMONT 554 ITAMARATI
210980,AVENIDA PINHEIRO MACHADO 4135 PORTO VELHO
339852,RODOVIA BR 364 1250 PRESIDENTE MEDICI
571883,RUA EPAMINONDAS JACOME 2865 CENTRO
854930,AVENIDA ANTONIO RAPASO TAVARES 78 DOM PEDRO I
961695,RUA 23 1 CIDADE NOVA
106515,AVENIDA FRANCISCO VIEIRA DE SOUZA 3950 TARILANDIA
640800,AVENIDA MARECHAL RONDON 879 RODRIGUES ALVES
215143,AVENIDA URUGUAI 480 NOVA PORTO VELHO
1002240,RUA AYMORE 9 COLONIA TERRA NOVA
661297,RUA ALIPIO ALVES 91 AVELINO LEAL
751972,COMUNIDADE CAJU 15 RIO URUCU
1044952,RUA CIRCULAR 1 13 JORGE TEIXEIRA
188389,RUA RUI BARBOSA 280 ALVORADA
496959,RUA BAHIA 1859 BAIRRO DO REMANSO
708208,AVENIDA MANAUS 300 CENTRO
978050,RUA A DEZESSEIS 1270 JAPIIM
173239,LINHA 50 273 MACHADINHO
408769,AVENIDA PORTO VELHO 798 SETOR 01
1102151,RUA FRANCISCO MENDES 90 ZUMBI DOS PALMARES
275669,RUA JOSE RODRIGUES 593 CENTRO
314463,RUA VENANCIO AIRES 2337 MARIANA
774781,RUA DAS FLORES 1154 SAO JOSE
936961,BECO SAO JOAQUIM 22 MORRO DA LIBEDADE
852352,AVENIDA 7 DE SETEMBRO 1803 CENTRO
507609,COMUNIDADE ESTIRAO 2723 ESTRADA VARIANTE
991561,RUA AMOR CRESCIDO 10 JORGE TEIXEIRA JOAO PAULO
825212,RUA VINTE E DOIS DE OUTUBRO 32 BAIRRO DA FONTE
659254,RAMAL DA FRAUSINA 42 LIBERDADE I
735456,VILA LOBO 24 CENTRO
978928,RUA A UM 5 SAO JOSE OPERARIO
683224,RODOVIA BR 230 342 CENTRO
1119819,RUA IRACEMA 18 BAIRRO DA PAZ
880486,AVENIDA JOAQUIM NABUCO 81 CENTRO
965460,RUA 3 70 CIDADE NOVA
917379,BECO DA PAZ 149 SANTO AGOSTINHO
792909,RIO COSTA DO CATALAO 1104 COM NSSA SENHORA P SOCORRO
455651,LINHA FP 07 2 LINHA FP 07
235034,RUA BENEDITO INOCENCIO 8382 JUSCELINO KUBITSCHEK
657787,RUA SANTA HELENA 166 CRISTO LIBERTADOR
132441,RUA CACOAL 191 DOM BOSCO
1129342,RUA JERICO 21 NOVO ISRAEL
806919,RUA CORONEL QUEIROZ 730 BAIRRO CENTRO
252125,RUA EDUARDO LIMA E SILVA 917 AGENOR M DE CARVALHO
478566,RAMAL PROJETO 2 QUADRA 27 5 PROJETO REDENCAO 2
237204,RUA BUENOOS AIRES 2139 PORTO VELHO
444515,AVENIDA MARECHAL CASTELO BRANCO 3260 CENTRO
251314,RUA DOS FARRAPOS 1934 PORTO VELHO
44151,AVENIDA MARGINAL 225 SAUDE
1053621,RUA CUSTODIO CARNEIRO LIMA 155 MORRO DA LIBERDADE
672732,RAMAL LINHA 8 99 PORTO ALOSON
309890,RUA TEODORA LOPES 8952 SAO FRANCISCO
272209,RUA JOAQUIM ARAUJO LIMA 2888 LIBERDADE
978705,RUA A QUINZE 1297 JAPIIM
423161,RUA PRESIDENTE JK 2200 SETOR 03
674687,RUA LIMAO 223 VILA DO V
840990,RUA VALDEMAR VENTURA 2383 SAO JOSE
138611,RUA DO JASMIM 2501 BAIRRO SANTIAGO
729134,RIO PURUS 15 VILA SOUZA
1038194,RUA CHICO QUEIROZ 5 COLONIA OLIVEIRA MACHADO
216190,BECO ACARA 2346 NOVA FLORESTA
991913,RUA ANADOR 53 JORGE TEIXEIRA
634966,VIA VERDE 1897 VIA VERDE
735089,RUA TABOCA 87 CENTRO
168123,AVENIDA MATO GROSSO 4126 BAIRRO UNIAO
1071530,RUA DEZESSEIS 58 JAPIIM
587020,RUA MARGARIDA 81 NOVA ESPERANCA
1059185,RUA DA PAZ 89 TANCREDO NEVES
591275,RUA NETUNO 279 MORADA DO SOL
1065192,RUA DAS MACARANDUBAS 298 DOM PEDRO
1067313,RUA DAS TULIPAS 17 JORGE TEIXEIRA
742549,RUA AGENOR LACERDA 63 PERA 1
265776,RUA ILARIO MAIA 303 CENTRO
656114,RUA RAUL TAMBURINI 1451 NITEROI
437311,LINHA LINHA 02 24 AMERICO VENTURA
1095989,RUA EZEQUIEL 71 NOVO ISRAEL
962556,RUA 24 26 CIDADE NOVA
173947,LINHA LJ 4 77 MACHADINHO
372617,RUA 15 DE NOVEMBRO 2656 CENTRO
1124508,RUA J 142 COROADO
444256,TRAVESSAO ESCOLA BEATRIZ 42 ESCOLA
248299,RUA DAS ORQUIDEAS 6375 ELDORADO
106541,AVENIDA FRANCISCO VIEIRA DE SOUZA 4790 CENTRO
395872,AVENIDA 9 DE JULHO 4586 CENTRO
565454,RUA DAS FLORES 165 BELO JARDIM
935356,BECO SAO DOMINGOS 20 MORRO DA LIBERDADE
1025377,RUA CABO VERDE 259 GRANDE VITORIA
212052,AVENIDA RAIMUNDO CANTUARIA 5509 AGENOR M DE CARVALHO
842605,RUA PASTOR PEREIRA 1911 LIBERDADE
772730,BECO DO BACURI 211 SAO JOSE
885836,AVENIDA NEPAL 22 NOVA CIDADE
798975,RUA BENEDITO MELO 1690 SANTO ANTONIO
1149600,RUA M 2 COROADO
980629,RUA ACAI 139 NOVO ALEIXO
545259,ESTRADA SAO FRANCISCO 1255 SAO FRANCISCO
369489,AVENIDA UM MIL QUINHENTOS E SETE 65 CRISTO REI
418165,TRAVESSAO DA C22 PARA C18 B 26 BUITIS
857508,AVENIDA BATRUN 84 TANCREDO NEVES COMUNIDADE NOVO REINO
892489,AVENIDA RIO JURUA 7 NOSSA SENHORA DAS GRACAS
272752,RUA JOAQUIM NABUCO 457 TUCUMANZAL
998091,RUA ARISTOFANO ANTONY 438 PETROPOLIS
513958,TRAVESSA II 10 AEROPORTO
223001,RUA ALEXANDRE GUIMARAES 1170 AREAL
1099761,RUA FLORINDO GRANA 15 SANTA ETELVINA
345580,AVENIDA MARINGA 5445 BOA ESPERANCA
432105,RUA TIRADENTES 1147 CENTRO
919415,BECO ERNESTO HENRIQUE 75 DISTRITO 1 E 2
832094,ESTRADA SEM DENOMINACAO 2170 MORADA DO SOL
961169,RUA 219 81 NOVO ALEIXO
572073,RUA EQUADOR 253 HABITASA
455095,RUA PRESIDENTE J K 685 CENTRO
768412,RUA FRANCISCO NERY 163 CENTRO
464763,AVENIDA BRASIL 787 CENTRO
445924,RUA VINTE E OITO DE NOVEMBRO 2343 CENTRO
848360,RUA TOME MORAES 42 CENTRO
613550,RUA MAJOR LADISLAU FERREIRA 445 ABRAAO ALAB
986042,RUA ALFAZEMA 125 JORGE TEIXEIRA
277102,RUA LAGUNA 2626 ZONA SUL
545415,RAMAL ANTONIO MONTEIRO DE SOUZA 691 SANTA MARIA
716796,IGARAPE FLORESTA 8 RIO ACRE
618318,RUA SAO JOSE I 188 SOBRAL
231912,RUA ARRUDA FONTES CABRAL 931 AGENOR M DE CARVALHO
917585,BECO DA REPUBLICA 35 CRESPO
162379,RUA SAO MANOEL 1097 JARDIM PRESIDENCIAL
346000,AVENIDA NITEROI 3711 CENTENARIO
816787,RUA RAIMUNDO RUFINO 2 BAIRRO CHICO VIEIRA
194741,AVENIDA MARINHO PEREIRA GAMA 1062 NOVA PIMENTA
967504,RUA 4 2 CIDADE NOVA IV
410512,RUA CEREJEIRAS 1600 SETOR 01
382061,RUA QUINHENTOS E QUARENTA E SETE 397 JARDIM AMERICA
658217,TRAVESSA CICERO MORREIRA 3 JORGE ALVES JUNIOR
1072804,RUA DEZOITO 7 PLANALTO
437734,RUA ANGELIM 3570 CENTRO
5333,AVENIDA CUIABA 5371 CIDADE ALTA
479595,RUA FRANCISCA XAVIER MAIA 780 CASCATA
579565,RUA JERUSALEM 99 JOAO EDUARDO
1123594,RUA IVO LEMOS P 29 PQ DEZ DE NOVEMBRO
179437,LINHA 134 OU 05 6 05 NORTE
798604,RUA ARNOUD RUY 4212 TIRADENTES
226670,RUA ANAPOLIS 9369 ZONA LESTE
190806,LINHA 203 64 ASSENTAMENTO ZUMBI
1041627,RUA CINCO DE FEVEREIRO 429 COLONIA SANTO ANTONIO
558424,RUA BOTAFOGO 1378 BAIRRO DA PAZ
273796,RUA JOSE BONIFACIO 1257 OLARIA
1079292,RUA DOIS 12 SAO JOSE OPERARIO
742334,RUA 4 91 UNIAO
1110502,RUA H 2 LIRIO DO VALE
1146601,RUA LOBO D ALMADA 393 CENTRO
745307,RUA DOIS DE NOVEMBRO 74 TAUA MIRIM
462266,RUA CAPITAO SILVIO G DE FARIAS 843 CRISTO REI
494139,AVENIDA VINTE E CINCO DE AGOSTO 82 25 DE AGOSTO
948260,RUA 1 DE JULHO 260 GLORIA
444336,AVENIDA DOS MIGRANTES 1576 CENTRO
1137647,RUA JOSE TADRES 786 SANTO ANTONIO
427568,RUA RIO BRANCO 1052 NOVO HORIZONTE
585611,RUA MADEREIRA 677 NOVO CALAFATE
844320,TRAVESSA DOM PEDRO I 1016 CENTRO
2216,AVENIDA NILO PECANHA 2393 TUCANO
294054,RUA PINHEIRO 2247 NOVA FLORESTA
773419,RUA ANTERO RICA 1320 SAO PEDRO
1153072,RUA MANAUS 16 COROADO
508985,RIO LIBERDADE 6 DESCENDO O RIO
790806,RUA VASCO 113 SAO JOSE
442189,BECO CAMINHO DO CEU 5769 CENTRO
23274,RUA LAJES 4218 SETOR 09
759525,LAGO MIUA 7 SAO JOSE 1
972944,RUA 67 19 NOVA CIDADE
963859,RUA 259 20 NOVO ALEIXO
426688,RUA FLAVIO PINHEIRO 33 BAIRRO STA IZABEL
1070475,RUA DEZ K 18 SAO JOSE OPERARIO
179902,TRAVESSAO KM 17 PARA 11O 1050 KM17
1033975,RUA CASTRO ALVES 524 ALEIXO
168971,AVENIDA TANCREDO NEVES 4639 BAIRRO BOM FUTURO
186400,RUA JUSCELINO KUBITSCHESK 1336 BAIRRO JARDIM NOVO ESTADO
1083300,RUA DOS BARES 112 CENTRO
68361,AVENIDA DOS ESTADOS 2955 CENTRO
310508,RUA TEREZA AMELIA 9573 MARIANA
95652,AVENIDA CAMPOS SALES 808 TAMANDARE
571459,RUA ELDORADO 378 JORGE LAVOCAT
267943,RUA JACO AIRES 4219 CALADINHO
505487,RUA PADRE ALFREDO LEITE 34 AEROPORTO VELHO
458066,RUA RONDONIA 2515 CIDADE BAIXA
66083,LINHA 12 22 CACOAL
1095137,RUA ESTRELA DE DAVI 972 COLONIA SANTO ANTONIO
826373,RUA DOUTOR JORDEVAL 3037 PANTANAL
536406,AVENIDA ANTONIO DA ROCHA VIANA 2686 VILA IVONETE
618496,RUA SAO LUCAS 91 SOBRAL
10920,AVENIDA CAPITAO SILVIO 2483 SETOR 01
1096099,RUA EZEQUIEL 447 NOVO ISRAEL
45875,AVENIDA RIO DE JANEIRO 1126 NOVO CACOAL
935182,BECO SAO CARLOS 17 SANTO AGOSTINHO
755691,VILA FERNANDES 29 VILA FERNANDES
36569,RUA ESTRELA DO ORIENTE 4991 RURAL
404389,LINHA C85 TABOCA 18 BAIRO PRIMAVERA
713818,RUA JOAO GABRIEL 2438 CENTRO
143154,RUA IPE 2171 NOVA BRASILIA
953052,RUA 15 57 CIDADE NOVA
770223,AVENIDA LEOPOLDO CARLOS 165 GUAJARA
1001737,RUA AUSTRIA 158 MANAUS
148196,RUA MATO GROSSO 1218 CENTRO
1145762,RUA LIRIO 10 TANCREDO NEVES
434031,AVENIDA ROUXINOL 2932 SETOR 01
904710,AVENIDA PRESIDENTE CASTELO BRANCO 1302 CACHOEIRINHA
864886,AVENIDA CONSTANTINO NERY 678 CENTRO
967767,RUA 4 189 ALEIXO
224732,RUA ALGODOEIRO 4840 CALADINHO
580408,RUA JOAO PESSOA 17 CONJUNTO SOLAR LL
697610,RUA VEREADOR JOSE BASILIO 360 BARCELOS
730223,RUA DO FLAMENGO I 537 SAMUEL AMARAL
866804,AVENIDA CONTORNO NORTE 25 ARMANDO MENDES
312891,RUA TV BEIRA RIO 70 ARIGOLANDIA
59641,RUA ROSINEIA DE SOUZA 3162 VILAGE DO SOL
1109381,RUA GUERREIRO ANTONY 12 SAO FRANCICO
764256,RIO EIRU LADO DIREITO 3 SANTA MARIA
386927,TRAVESSA OITOCENTOS E TRINTA E DOIS 6562 ALTO ALEGRE
181642,RODOVIA BR 364 1950 ZONA DE CHACARA
449695,ESTRADA MASSANGANA 76 MONTE NEGRO
826280,RUA DOUTOR JORDEVAL 2161 CENTRO
154185,RUA SENA MADUREIRA 2806 CAFEZINHO
431770,RUA 4 1620 CENTRO
920749,BECO HELENA DE MOURA 23 ALVORADA
951533,RUA 13 DE JUNHO 205 LAGO AZUL
256265,RUA FARQUAR 350 BAIXA UNIAO
442792,RUA PADRE EZEQUIEL 3486 CENTRO
350072,AVENIDA CORONEL TEIXEIRA 6233 BOA ESPERANCA
787537,RUA CODAJAS 396 NOVO AMANHECER
591833,RUA NOVO HORIZONTE 364 NOVA ESTACAO
620989,TRAVESSA AIRTON SENA 84 TANCREDO NEVES
1066016,RUA DAS PALMEIRAS 40 ZUMBI DOS PALMARES
1038784,RUA CINCO 3 AVORADA
1054052,RUA D 13 CIDADE NOVA
986585,RUA ALGODAO ROXO 6 JORGE TEIXEIRA JOAO PAULO 2
547424,RUA 05 310 OBRA DO PAC
527046,RUA BEIRA RIO 534 CENTRO
1055121,RUA D 223 COMPENSA
143908,RUA JOAO BATISTA NETO 3026 VALPARAISO
571124,RUA EDMUNDO PINTO OU PRINCIPAL 301 SANTA INES
790298,RUA SEBASTIAO MAQUINE 50 LARANJAL
113602,RUA MATO GROSSO 2243 SETOR 01
669467,RUA CORONEL BRANDAO 1214 CENTRO
453471,AVENIDA JK 3808 CENTRO
33564,RUA ZELIA GATAI 3376 COLONIAL
314133,RUA VASCO DA GAMA 1497 TRES MARIAS
1019853,RUA BOULEVARD SA PEIXOTO 124 EDUCANDOS
1124196,RUA J 40 SAO JOSE OPERARIO
925861,BECO PRIMEIRO DE MAIO 138 SAO JORGE
239054,RUA CAMBORIU 6063 PORTO VELHO
884416,AVENIDA MAUES 237 CACHOEIRINHA
106217,AVENIDA BRASIL 2312 SETOR 01
397721,AVENIDA PRINCESA ISABEL 4596 CENTRO
1003153,RUA B 15 ARMANDO MENDES
436972,LINHA C 105 599 C 105
968443,RUA 41 6 NOVA CIDADE
465137,AVENIDA PRESIDENTE DULTRA 799 CENTRO
609966,RUA VISTA ALEGRE 263 ESTACAO EXPERIMENTAL
466745,TRAVESSAO 2 23 THEOBROMA
403586,TRAVESSAO P 95 49 P 95
1059884,RUA DA PAZ 414 COMPENSA 1
642224,COMUNIDADE NOVA CINTRA 5976 RODRIGUES ALVES
1009765,RUA BEIJA FLOR 196 CIDADE DE DEUS
858441,AVENIDA BOA ESPERANCA 17 CRESPO
443044,ESTRADA LINHA 04 CHICAO 59 SETOR 13
157042,RUA VILAGRAN CABRITA 336 URUPA
726494,RUA GETULIO VARGAS 52 CANUTAMA
538910,AVENIDA GETULIO VARGAS 3001 VILA IVONETE
15571,RUA CASTRO ALVES 3686 SETOR 06
317927,RUA ALMIRANTE BARROSO 2095 NOSSA SENHORA DAS GRACAS
44316,AVENIDA NACOES UNIDAS 2965 PRINCESA ISABEL
1066131,RUA DAS PALMEIRAS 101 GILBERTO MESTRINHO GRANDE VITORIA
562888,RUA D 100 SAO FRANCISCO
521901,RUA ARTHUR LEBRE 114 CENTRO
1002222,RUA AYMORE 1 CIDADE NOVA
437956,RUA IPE 2446 CENTRO
722239,RIO CANUMA 6 SANTA RITA
1128846,RUA JAURI 19 ZUMBI DOS PALMARES
847859,RUA HELIO VERAS 135 CENTRO
1096991,RUA F 115 COROADO
277706,RUA LEOPOLDO PERES 5513 CIDADE NOVA
988879,RUA AMAZONAS 33 CRESPO
25669,RUA MOEMA 3262 JORGE TEIXEIRA
959445,RUA 206 7 NOVA CIDADE
358220,LINHA 200 NORTE LD ESQUERDO 7 ROLIM DE MOURA
319222,RUA DELEGADO NOVAES NETO 2381 COSTA E SILVA
140903,RUA FRANCISCO PEREIRA DOS SANTOS 721 JORGE TEIXEIRA
1017328,RUA BOA VISTA 352 PURAQUEQUARA
636825,RAMAL DO MUTUM 5635 MUTUM
742235,RUA 1 122 SANTA HELENA
446973,LINHA 72 1351 SENTIDO LINHA ELETRONICA
189770,RUA SANTA CATARINA 256 BAIRRO JARDIM NOVO ESTADO
913845,BECO BRASIL 377 NOSSA SENHORA APARECIDA
294496,RUA PIRAMUTABA 2324 LAGOA
117333,RUA RIO GRANDE DO SUL 2185 SETOR 4
545294,ESTRADA SAO FRANCISCO 1549 SAO FRANCISCO
334429,AVENIDA DOS MILAGRES 1178 CUNHA E SILVA
598601,RUA RAIMUNDO MATOS DE MELO 474 MANOEL JULIAO
121056,LINHA 630 8500 ZONA RURAL
215168,AVENIDA URUGUAI 510 NOVA PORTO VELHO
3467,AVENIDA PRINCESA ISABEL 3343 PRINCESA ISABEL
632211,TRAVESSA SIMONE 61 VILA ACRE
661543,RUA BENJAMIN CONSTANT 665 BAIRRO SENADOR POMPEU
489331,RUA ERNESTINA VIEIRA 1089 CENTRO
1087790,RUA DUZENTOS E VINTE E QUATRO 44 C NOVA
230036,RUA ANTONIO VIVALDI 5901 APONIA
683837,RUA CORUMBA 262 CENTRO
206220,AVENIDA CAMPOS SALES 1432 AREAL
136012,RUA CONTAGEM 56 PRIMAVERA
594684,RUA PIRACANJUBA 821 PORTAL DA AMAZONIA
417661,RUA NILO PECANHA 180 SETOR 8
986986,RUA ALMIR PEDREIRA 685 BAIRRO PETROPOLIS
631477,TRAVESSA S PAULO 10 TAQUARI
106082,SITIO SITIO PALHAU 22 TRES JOSE
67678,RODOVIA 383 C 20 PROSPERIDADE
922247,BECO JOSE DE MACEDO 45 JAPIIM
1056073,RUA DA BOMBA 20 EDUCANDOS
445956,RUA VINTE E OITO DE NOVEMBRO 2679 CENTRO
529213,RUA DOMINGOS GALDINO 653 OLARIA
421154,LINHA 15 39 LINHA 615
1104315,RUA GALILEIA 22 NOSSA SENHORA DE FATIMA
914980,BECO CASTELO BRANCO 319 COMPENSA
986848,RUA ALMIR PEDREIRA 63 PETROPOLIS
828217,RAMAL LINHA 2 29 P A MONTE 1
102732,AVENIDA CAPITAO ALIPIO 1431 NOSSA SENHORA APARECIDA
942146,ESTRADA DO COMANDO NAVAL 981 VILA BURITI
316668,RUA VIOLETA ALCEU 4833 FLODOALDO PONTES PINTO
310240,RUA TEOTONIO VILELA 3223 JUSCELINO KUBITSCHEK
269650,RUA JATUARANA 15 LAGOA
502732,RUA NEWTON PRADO 676 JOAO ALVES
99115,AVENIDA MANOEL MURTINHO 685 CENTRO
162013,RUA SAO LUIZ 738 NOVA BRASILIA
18540,RUA ESPIRITO SANTO 3722 SETOR 5
917150,BECO DA PAZ 27 COROADO
158144,RUA ALMIRANTE BARROSO 1783 CASA PRETA
1113896,RUA HUMBERTO DE CAMPOS 154 SAO JORGE
1076076,RUA DO COMERCIO 8 CIDADE NOVA
509403,RODOVIA ESTRADA DO DERACRE 311 CRUZEIRO DO SUL
580725,RUA JOAQUIM MACEDO 73 SAO FRANCISCO
688542,RUA SANTA LUZIA 38 PALMEIRAS DO JAVARI
928402,BECO SAO GERALDO 25 SAO GERALDO
399268,LINHA 112 OU 27 36 None
1049404,RUA CREUZA COELHO 26 ZUMBI DOS PALMARES
598299,RUA RAIMUNDO MELO 2609 SOBRAL
174216,LINHA LU 2 62 MACHADINHO DO OETE
869730,AVENIDA DJALMA BATISTA 2056 PARQUE DEZ DE NOVEMBRO
388758,AVENIDA KENNEDY 1046 BAIRRO CRISTO REI
508804,RAMAL TRES 44 BR364
107531,AVENIDA DOM PEDRO I 3799 ST 06
910199,BECO AMAZONAS 65 EDUCANDOS
559137,RUA BURITI 391 CONQUISTA
296820,RUA PRUDENTE DE MORAES 2259 BAIXA UNIAO
599958,RUA RIO GRANDE DO SUL 2648 SOBRAL
1036224,RUA CENTO E SETENTA E NOVE 57 CIDADE NOVA
101484,AVENIDA ROCHA LEAL 440 TAMANDARE
162814,RUA SAO PAULO 2494 NOVA BRASILIA
107352,AVENIDA TIRADENTES 1959 SETOR 01
655198,RUA NASER N JOSE 340 CRISTO
705517,RUA ARUANA 120 BAIRRO SANTO ANTONIO
1005697,RUA B0M JARDIM 582 GILBERTO MESTRINHO
476921,PORTO DIAS 60 SERINGAL TRIUNFO
54439,RUA JOAQUIM TURINI 4170 JOSINO BRITO
524435,RAMAL FEIJAO INSOSSO 9 RAMAL FEIJAO INSOSSO
748702,RUA PEDRO MELO 914 ESPIRITO SANTO
715243,RUA TAPAUA 57 PRAIA DO GADO
985092,RUA ALBERTO CARREIRO 287 NOVA REPUBLICA
943260,IGARAPE HIP HAP 8 SAO JOSE 3 DIVISA COM TANCREDO NEVES CO
803807,RUA MOACIR ABREU 3520 SAO CRISTOVAO
691397,RUA VINTE E UM DE ABRIL 174 BAIRRO MUTIRAO
198628,RUA DOS INCONFIDENTES 91 ALVORADA
915264,BECO CENTRAL 34 COLONIA ANTONIO ALEIXO
750655,RUA CORONEL GALDENCIO 721 TAUA MIRIM
300600,RUA RIO MAMORE 9298 NOVA ESPERANCA
187691,RUA PEROLA DO MAMORE 188 JARDIM AEROPORTO
1076673,RUA DO COMERCIO 2 84 MONTE DAS OLIVEIRAS
912679,BECO BOA SORTE 10 COROADO
17558,RUA DIAMANTES 2217 SETOR 25 DE DEZEMBRO
305878,RUA SEM DENOMINACAO 5671 CIDADE NOVA
552628,RUA AMETISTA 46 TUCUMA
776174,RUA JACO AIRES 1481 NOVA HUMAITA
610673,RUA W DOIS 317 TUCUMA
790260,RUA SAO PAULO 60 SAO JOSE
397418,AVENIDA MARECHAL RONDON 1294 CENTRO
740844,AVENIDA CASTELO BRANCO 1400 CIGANOPOLIS
168067,AVENIDA MATO GROSSO 3559 BAIRRO UNIAO
872381,AVENIDA EFIGENIO SALES 2000 ALEIXO
341118,AVENIDA ARACAJU 5530 CENTRO
459295,LINHA 02 10 None
82136,AVENIDA JOSE CAMARA 1950 SETOR 0001
341790,AVENIDA BELO HORIZONTE 6489 SAO CRISTOVAO
97777,AVENIDA GETULIO VARGAS 849 GUAJARA MIRIM
1042832,RUA CINE IPIRANGA 2137 ALEIXO
957765,RUA 196 104 NOVO ALEIXO
481483,RUA ALEXANDRE MOREIRA 857 FRANCISCO JOSE MOREIRA
31030,RUA SEM DENOMINACAO 5619 ROTA DA LUZ
947926,RUA 1 102 ALEIXO
91741,RUA SANTA CATARINA 1467 None
450146,AVENIDA CORONEL JORGE TEIXEIRA 2252 CENTRO
485553,RAMAL 18 73 None
588614,RUA MAUA 389 JOAO EDUARDO
576490,RUA GUARUJA 161 VILAGE
247325,RUA DANIELA 2235 LAGOINHA
107780,AVENIDA DOM PEDRO PRIMEIRO 2736 SETOR 05
822481,RUA 24 DE AGOSTO 3374 BAIRRO NOSSA SENHORA DE FATIMA
528963,RUA CAIAPOS 155 CAMPINAS
254731,RUA ESPIRITO SANTO 4576 NOVA FLORESTA
246498,RUA DA PAZ 33 CALAMA
558168,RUA BOTAFOGO 20 DEFESA CIVIL
648556,RUA GOVERNADOR WANDERLEY DANTAS 633 JOAO RODRIGUES
492398,AVENIDA COPACABANA 627 25 DE AGOSTO
1040894,RUA CINCO 392 JORGE TEIXEIRA
501047,RUA FELIX GASPAR 2480 BAIRRO DO FORMOSO
446227,RUA MARECHAL RONDON 3125 CENTRO
112835,RUA MANOEL LACERDA FERRAZ 3557 ST 06
113152,RUA MARANHAO 1885 SETOR 04
46296,AVENIDA SETE DE SETEMBRO 4233 JARDIM CLODOALDO
325015,TRAVESSA GOVERNADOR CARLOS MADER 163 CENTRO
569428,RUA DOIS DE ABRIL 679 PLACAS
236039,RUA BOA ESPERANCA 91 PLANALTO
480904,AVENIDA MARECHAL RONDON 85 CENTRO
928310,BECO SAO FRANCISCO 301 CHAPADA
23872,RUA MACAUBAS 4766 NOVE
455736,LINHA KAPA 04 307 LINHA KAPA 04
64950,LINHA 06 29 CACOAL
672825,RAMAL LINHA11 180 CAQUETA
252657,RUA ELIAS GORAYEB 911 NOSSA SENHORA DAS GRACAS
816970,ESTRADA DO AEROPORTO 52 VILA BITTENCOURT
643169,RAMAL LINHA SECA 16 RODRIGUES ALVES
1092201,RUA ENGENHEIRO VILAR FIUZA 3 SSO JOSE OPERARIO
267078,RUA ITATIAIA 8993 SAO FRANCISCO
910494,BECO ANTONIO PINTO 14 BAIRRO PETROPOLIS
48446,RUA ANISIO SERRAO 3480 BAIRRO FLORESTA
765369,RUA JOAO CONRADO 246 NOVA ESPERANCA
594846,RUA PLACIDO DE CASTRO 103 TANCREDO NEVES
795294,AVENIDA SETE DE SETEMBRO 1385 IRACY
534788,COMUNIDADE VITORIA 15 VITORIA
1081875,RUA DOIS DE FEVEREIRO 3 SANTA ETELVINA
637402,RAMAL OLHO DAGUA 12596 TRANSA ACREANA
976615,RUA A 15 SAO JOSE OPERARIO
136009,RUA CONRRADO DE ABREU 137 DOIS DE ABRIL
355260,RUA RONDONIA 6497 JARDIM TROPICAL
708972,RUA HERMINIO CRUZ 7 CENTRO
995717,RUA APUI 1000 FLORES
813322,RUA DAS FLORES 157 VILA DE LINDOIA
26992,RUA PARANA 3104 SETOR 05
213448,AVENIDA RIO DE JANEIRO 9181 ZONA LESTE
682055,RUA RAIMUNDO PINTO BRANDAO 378 ANORI
306662,RUA SETE DE SETEMBRO 141 CENTRO
222447,RUA ALBA 3431 CUNIA
1084816,RUA DOS POMBOS 8 CIDADE DE DEUS
770714,RUA FRANCISCO GONDIN 186 GUAJARA
269551,RUA JARDIM DO SOL 2330 AREIA BRANCA
1019240,RUA BOMBAIM 130 NOVA CIDADE
1084478,RUA DOS OFICIAIS 29 FLORES
119329,RUA PRINCESA ISABEL 1790 SETOR 01
1067064,RUA DAS RUBELITAS 166 TANCREDO NEVES
1093423,RUA ESPERANCA 21 NOVA ESPERANCA
80748,LINHA LINHA 3 EIXO ESQUINA DA 05 5 SITIO SAO SEBASTIAO
1095452,RUA EUMANCIO DE ARAUJO 20 MONTE DAS OLIVEIRAS
876033,AVENIDA GRANDE CIRCULAR 1942 ARMANDO MENDES
711864,AVENIDA TREZE 247 PLATO DO PIQUIA
41310,AVENIDA COPACABANA 985 NOVO CACOAL
998903,RUA ARRUDA 57 JORGE TEIXEIRA JOAO PAULO
780513,RIO MADEIRA 50 RIO MADEIRA
918510,BECO DO CONFORTO 12 BAIRRO DA PAZ
1000129,RUA ARUANA 25 JORGE TEIXEIRA III ETAPA
537158,AVENIDA CEARA 514 JARDIM PRIMAVERA
150315,RUA PEDRO ALVARES CABRAL 827 JOTAO
768629,RUA JOAO RAMOS 22 BELARMINO LINS
89110,RUA PARAIBA 2003 BAIRRO CIDADE ALTA
836881,RUA JOAQUIM ALEXANDRE 1116 LIBERDADE
95820,AVENIDA CANDIDO RONDON 1396 GUAJARA MIRIM
770452,RUA DO IGARAPE GRANDE 18 GUAJARA
572566,RUA F 100 SAO FRANCISCO
212404,AVENIDA RAIMUNDO CANTUARIA 10349 ZONA LESTE
1058407,RUA DA PAZ 7 MAUAZINHO
571584,RUA ELIZABETE MEDEIRO DE MORAIS 209 BAIRRO BELO JARDIM 2 RESIDENCIAL SANTO
282919,RUA MARIO ANDREAZZA 8340 PORTO VELHO
1008,AVENIDA BRASIL 4260 CENTRO
76508,RUA GOIAS 4267 SAO JOSE
1070102,RUA DEZ DE JULHO 40 COMPENSA
189052,RUA UM 4150 ZONA DE CHACARA
227067,RUA ANARI 650 CASTANHEIRA
17098,RUA DAS NACOES 2147 MUTIRAO
1116156,RUA IGARAPE 42 NOSSA SENHORA DAS GRACAS
291710,RUA PAULO FRANCIS 2373 ZONA SUL
568307,RUA DO IBEC 1516 FLORESTA
582564,RUA JURICABA 451 JOAO PAULO
938165,BECO SAO LAZARO 63 SAO GERALDO
985787,RUA ALEXANDRE AMORIM 246 NOSSA SENHORA APARECIDA
276371,RUA JULIA 7706 TEIXEIRAO
12333,RUA ANDORINHAS 1301 SETOR 02
945805,RUA 03 150 CIDADE NOVA
837967,RUA MANOEL GONCALVES BASTOS 275 TERRA PRETA
9408,AVENIDA JUSCELINO KUBITSCHEK 4054 SETOR 06
737124,RAMAL CABECEIRA DO PURUPURU 10220 RAMAL DA CABECEIRA DO PURUPURU
690206,RUA JOSE INACIO 220 BAIRRO NOSSA SENHORA APARECIDA
1057309,RUA DA INDUSTRIA 19 COMPENSA
801380,RUA FILETO PIRES 1444 BAIRRO COLONIA
733506,RUA AURORA 190 SEBASTIAO BORGES
404223,AVENIDA GOVERNADOR JORGE TEIXEIRA 4354 ZONA RURAL
397104,AVENIDA SETE DE SETEMBRO 4588 CENTRO
1031600,RUA CARLOS NUNES 53 JAPIIM
126534,AVENIDA TRANSCONTINENTAL 1870 BAIRRO CASA PRETA
133776,RUA CASTANHEIRA 151 JORGE TEIXEIRA
229058,RUA ANTONIO LACERDA 4238 INDUSTRIAL
784438,AVENIDA CURIO 42 VILA DO LIMAO
458434,RUA DOM JOAO VI 3261 CIDADE BAIXA
456588,AVENIDA TANCREDO DE ALMEIDA NEVES 3619 CIDADE BAIXA
746308,RUA GENIVAL GUERRA 11 DUQUE DE CAXIAS
219735,RUA 1 DE MAIO 1592 CASTANHEIRA
619858,RUA SENADOR GUIOMARD 694 VILA BETEL
1068259,RUA DELMAR BRAS 15 CIDADE NOVA
69537,RUA CANADA 2680 CENTRO
557161,RUA BENJAMIN CONSTANT 722 CENTRO
48254,RUA ANISIO SERRAO 976 PRINCESA ISABEL
875561,AVENIDA GETULIO VARGAS 725 CENTRO
168646,AVENIDA RUA OLAVO PIRES 3867 UNIAO
84927,AVENIDA BRASIL 2448 PACARANA
545701,RAMAL BRINDEIRO 762 SANTA MARIA
517747,RUA TUCUMA 1339 ZENAIDE PAIVA
480761,AVENIDA MARINHO MONTE 1025 BAIRRO ELDORADO
922444,BECO JURUA 21 SANTO AGOSTINHO
806317,RUA UATUMA 1046 SANTA LUZIA
1054143,RUA D 16 CIDADE DE DEUS
242850,RUA CINCO DE OUTUBRO 1685 PORTO VELHO
742638,RUA AJURIMAUA 47 URUCU
934658,BECO SANTA ROSA 122 SANTO AGOSTINHO
696089,RUA ALEXANDRE AMBROSIO 1031 SAO FRANCISCO
136036,RUA COSTA E SILVA 355 VILA JOTAO
144577,RUA JOSE BEZERRA BARROS 2155 NOVA BRASILIA
73475,LINHA TRES TRECEIR P QUARTA EIXO 2 ZONA RURAL
400886,LINHA TN 21 96 ZONA RURAL
891826,AVENIDA RIO BRANCO 586 SAO RAIMUNDO
1087312,RUA DUZENTOS E NOVE 12 CIDADE NOVA 5
758981,COMUNIDADE TAPIIRA 1 21 CODAJAS
305503,RUA SEM DENOMINACAO 685 NOVA ESPERANCA
489821,RUA RAIMUNDO HENRIQUE DE ARAUJO 361 QUIXADAMORIM
627092,TRAVESSA IRACEMA 93 AIRTON SENA
259574,RUA GAROUPA 4414 NOVA PORTO VELHO
437638,AVENIDA PEDRA BRANCA 8150 CENTRO
653069,RUA AURINDO BRITO 41 BAIRRO VITORIA
872506,AVENIDA EFIGENIO SALES 2222 ALEIXO
1082465,RUA DOMINGOS LEITE 3 PARQUE 10
358178,LINHA 200 NORTE 4 ROLIM DE MOURA
961984,RUA 230 21 CIDADE NOVA
908441,AVENIDA SAO PEDRO 807 TARUMA COMUNIDADE SAO PEDRO
975227,RUA 83 8 NOVO ALEIXO
640593,TRAVESSA FINAL DO CALADINHO 72 CALADINHO
186590,RUA LUIZ CARRILHO 490 ALVORADA
1124392,RUA J 82 ARMANDO MENDES
919649,BECO ESPERANCA 1420 JAPIIM
806371,RUA UATUMA 1527 ARAUJO COSTA
590403,RUA N 94 WILSSON RIBEIRO
1012051,RUA BELEM 482 CIDADE DE DEUS
263791,RUA HAITI 2894 NOVO HORIZONTE
585862,RUA MANCIO LIMA 28 BAIRRO DA PAZ
2956,AVENIDA RIO GRANDE DO SUL 4142 CENTRO
585174,RUA M 370 WILSSON RIBEIRO
839582,RUA QUINTINO BOCAIUVA 1267 CENTRO
1060070,RUA DA PAZ 2221 GILBERTO MESTRINHO
785619,RUA 06 264 CACAU PIRERA
8691,AVENIDA JAMARI 2419 SETOR 01
790507,RUA SUCUPIRA 101 SAO FRANCISCO
154718,RUA TANCREDO NEVES 1311 JARDIM PRESIDENCIAL 3
1126672,RUA JANAUACA 2 SAO JOSE OPERARIO
206887,AVENIDA DOS IMIGRANTES 657 SAO SEBASTIAO
466916,AVENIDA DOS PIONEIROS 4719 NOVO HORIZONTE
627394,TRAVESSA JAGUARI 70 ESTACAO EXPERIMENTAL
1129057,RUA JEQUERI 45 CIDADE DE DEUS
205999,AVENIDA CAMPOS SALES 634 TUCUMANZAL
662804,RUA JOAO PESSOA 385 CENTRO
621696,TRAVESSA BAIXA DA HABITASA 9 BAIXA DA HABITASA
546462,RAMPA SEM NOME 4070 BAIRRO CORRENTE
442442,RUA MATO GROSSO 5386 CENTRO
647473,RUA NAIR ALVES 971 18 DE SETEMBRO
1005817,RUA B1 337 CIDADE NOVA
1131589,RUA JOAO CALVINO 401 NOVA CIDADE
652085,BECO FRANCISQUINHO 48 VITORIA
20798,RUA GUANAMBI 1178 SETOR 02
317451,RUA XANGAI 1939 AEROCLUBE
923010,BECO MAGALHAES BARATA 12 CRESPO
1045408,RUA CIRCULAR II 209 AMAZONINO MENDES
1008535,RUA BARRERINHA 315 GRANDE VITORIA
942070,ESTRADA DO COMANDO NAVAL 981 VILA BURITI
849466,RIO CASTANHO 33 BOA VISTA
54841,RUA JOSE BONIFACIO 3838 VILAGE DO SOL
178653,RUA PRESIDENTE JOAO FIGUEIREDO 2688 SETOR 13
804155,RUA NOVA OLINDA DO NORTE 955 JARDIM FLORESTAL
896860,AVENIDA TEFE 27 BAIRRO RAIZ
141271,RUA GARCAS 230 JK
231441,RUA ARISTIDES SANTOS 7138 LAGOINHA
473243,ESTRADA LINHA 201 FINAL 4500 None
22610,RUA JOAQUIM MANOEL DE MACEDO 3291 COLONIAL
565511,RUA DAS HORTALICAS 296 JARDIM PRIMAVERA
693230,RAMAL DA JOSEFA 1740 JOSEFA
882439,AVENIDA LIBERDADE 137 SANTO AGOSTINHO
890924,AVENIDA RAMOS FERREIRA 1115 CENTRO
1000541,RUA ATAIDE VERONE 181 BAIRRO SAO FRANCISCO
270265,RUA JK 4635 CALADINHO
722143,RIO CANUMA 2 ALDEIA COBRAS
282909,RUA MARIO ANDREAZZA 8302 PORTO VELHO
980436,RUA ACAI 15 ZUMBI DOS PALMARES
771717,AVENIDA BRASIL 1032 SAO FRANCISCO
226528,RUA ANANIAS FERREIRA DE ANDRADE 3223 TIRADENTES
560869,RUA CEDRO 121 RESIDENCIAL JOAFRA
1143554,RUA LEONARDO MALCHER 874 CENTRO
289778,RUA PACAAS NOVAS 12537 RONALDO ARAGAO
899627,AVENIDA V 11 NOVA ESPERANCA
200787,RUA PINHEIRO MACHADO 686 ALVORADA
1010839,RUA BELA VISTA 50 GILBERTO MESTRINHO
417858,RUA TROPICAL 775 SETOR 8
433849,AVENIDA MARACANA 2114 SETOR 01
271950,RUA JOAQUIM ARAUIO LRMA 3166 PORTO VELHO
451838,RUA MANOEL ANTONIO DE OLIVEIRA 550 RUAS
406741,ESTRADA LC C 90 87 ZONA RURAL
42437,AVENIDA DOIS DE JUNHO 3888 JARDIM CLODOALDO
578732,RUA ITUXI 77 PORTAL DA AMAZONIA
797852,RUA AMAZONAS 3244 MUTIRAO
384954,RUA UM MIL OITOCENTOS E QUATRO 4843 BELA VISTA
616888,RUA SANTA RITA 663 BAHIA
882418,AVENIDA LIBERDADE 121 SANTO AGOSTINHO
838655,RUA MODESTO BARROSO ALEXANDRE 1211 BIRIBIRI
17312,RUA DAS SAFIRAS 1216 PARQUE DAS GEMAS
375200,RUA ANTONIO S TANGER OU 35 2 JARDIM ELDORADO
287211,RUA NICARAGUA 1567 NOVA PORTO VELHO
804434,RUA OSORIO DA FONSECA 1493 ARAUJO COSTA
212326,AVENIDA RAIMUNDO CANTUARIA 9672 ZONA LESTE
355186,RUA RONDONIA 5341 JARDIM TROPICAL
427772,RUA SANTOS DUMONT 272 UNIAO
117401,RUA RIO GRANDE DO SUL 3711 SETOR 5
978106,RUA A DEZESSETE 1291 JAPIIM
382074,RUA QUINHENTOS E QUARENTA E TRES 768 JARDIM AMERICA
31171,RUA SERINGUEIRA 1775 SETOR 01
279542,RUA LUMIERE 11324 MARCOS FREIRE
1016622,RUA BOA SORTE 486 PRESIDENTE VARGAS
146728,RUA MANOEL PINHEIRO MACHADO 2348 NOSSA SENHORA DE FATIMA
261235,RUA GIBRALTAR 4023 CIDADE DO LOBO
610893,RUA W SETE 227 TUCUMA
905831,AVENIDA PRESIDENTE DUTRA 168 SAO RAIMUNDO
822244,BECO PEREIRA SOBRINHO 3281 VILA FALCAO
439358,LINHA 662 6 COLINA VERDE
660514,AVENIDA AVELINO LEAL 2160 COPACABANA
620430,RUA VETERANO R PINTO 136 MANOEL JULIAO
346152,AVENIDA NITEROI 6003 PLANALTO
1115458,RUA IANOMAMI 37 COLONIA TERRA NOVA
290958,RUA PASQUALE DI PAOLO 4748 PEDRINHAS
313461,RUA UNIAO 2312 SAO FRANCISCO
650792,RAMAL PIMENTA 27 RAMAL PIMENTA
677124,LAGO TEFE 37 SAO FRANCISCO DO BAUANA
1042470,RUA CINCO DE SETEMBRO 532 SAO RAIMUNDO
352888,RUA GUAPORE 4336 CENTRO
395692,LINHA NONINHA 3 TAQUARA
317630,RUA ZONA FRANCA 2035 ZONA SUL
370965,AVENIDA CAPITAO CASTRO 2656 CENTRO
970598,RUA 5 71 COLONIA ANTONIO ALEIXO
734451,RUA MARIMBA 561 VISTA ALEGRE
768584,RUA JENIPAPO 283 MAE CREUZA
240833,RUA CARMEM COSTA 3681 ZONA LESTE
427919,RUA TRANSCONTINENTAL 881 BAIRRO UNIAO
270888,RUA JOAO GOULART 1340 NOSSA SENHORA DAS GRACAS
640055,RUA RADAN FELIPE 434 CUSTODIO FREIRE
609203,RUA VETERANO R PINTO 475 MANOEL JULIAO
1040971,RUA CINCO 478 ALVORADA
1088965,RUA E 54 CIDADE NOVA
754343,RAMAL DO CORUJA 9 ESTRADA DO AEROPORTO
910349,BECO ANA NOGUEIRA 25 EDUCANDOS
458161,RUA RONDONIA 7075 CIDADE BAIXA
891633,AVENIDA RIO BRANCO 94 SAO JOSE OPERARIO
813889,RUA PROJETADA 352 NOVO REMANSO
885823,AVENIDA NEPAL 20 NOVA CIDADE
715325,RUA TIAO LEITE 169 PRAIA DO GADO
270475,RUA JOAO BORTOLOZZO 2505 CENTRO
413157,RUA PRIMAVERA 2067 SETOR 4
770396,RUA ANTONIO FERREIRA 61 GUAJARA
528429,AVENIDA EPITACIO PESSOA 1661 MULTIRAO II
713724,RUA JACANA I 244 PRAIA DO GADO
407053,ESTRADA LC 85 B20 91 ZONA RURAL
958729,RUA 2 DE AGOSTO FINAL CURVA 15 BAIRRO DA UNIAO
315200,RUA VESPASIANO RAMOS 2939 NOVA PORTO VELHO
209698,AVENIDA JOSE VIEIRA CAULA 8110 ZONA LESTE
213213,AVENIDA RIO DE JANEIRO 6953 PORTO VELHO
647943,RUA ROBERTO ROLA 1230 CENTRO
138085,RUA DAS ROSAS 3161 BAIRRO SANTIAGO
11139,AVENIDA PRESIDENTE JUSCELINO KUBTSCHEK 2286 SETOR 4
689195,RUA ANGELO PORTUGAL 214 CENTRO
638371,RAMAL SANTO ONOFRE 63 FAZ NOVA ESPERANCA
352670,RUA GERALDO DIAS FIUZA 85 CIDADE ALTA
749720,RUA SAMUEL FRITZ 216 TAUA MIRIM
250337,RUA DO SOL 871 FLORESTA
969809,RUA 47 4 NOVO ALEIXO
478926,RODOVIA BR 364 26 SAO JOAO DO BALANCEIO
519190,TRAVESSA WALDEMAR PROBLEM ALBUQUEQUE 107 CIDADE NOVA
405763,RUA RIO JAMARI 2910 ALTO PARAISO
1019119,RUA BOM PASTOR 118 FLORES
203748,AVENIDA AMAZONAS 2653 NOVA PORTO VELHO
317965,RUA ALMIRANTE BARROSO 2455 NOSSA SENHORA DAS GRACAS
839724,RUA RAIMUNDA RUIZ 2409 LIBERDADE
664866,RUA CAPITAO HIPOLITO 1363 TRIANGULO
731616,RUA TOME DE SOUZA 5 NOSSA SENHORA DE FATIMA
718330,AVENIDA AMAZONAS 440 IPIRANGA
1079469,RUA DOIS 19 ALEIXO
903851,AVENIDA NOSSA SENHORA APARECIDA 147 CIDADE DE DEUS
2899,AVENIDA RIO GRANDE DO SUL 3704 CENTRO
653979,RUA JOAO CUNEGUNDES 95 BOM SUCESSO
1112151,RUA HENRIQUE ARCHER PINTO 206 SANTA LUZIA
528546,RAMAL PORTO VALTER 4 CAMPINAS
228375,RUA ANITA GARIBALDI 3906 COSTA E SILVA
864623,AVENIDA CONSTANTINO NERY 199 CENTRO
258433,RUA FRANCISCO COSTA 4355 CASTANHEIRA
553182,RUA ANTIMARI 412 PORTAL DA AMAZONIA
1142166,RUA LAS PALMAS 165 NOVA CIDADE
1081576,RUA DOIS 865 CIDADES DE DEUS
657709,RUA PADRE EGIDIO 1230 JOSE N SOBRINHO
906421,AVENIDA PROFESSOR NILTON LINS 600 FLORES
1018145,RUA BOM JESUS 10 NOVO ISRAEL
207125,AVENIDA DOS IMIGRANTES 3357 COSTA E SILVA
481718,RUA ARIALDO BISPO BARROSO 668 ALBERTO CASTRO
255778,RUA EUSTAQUIO SILVESTRE 4478 NOVA ESPERANCA
204727,AVENIDA BRASILIA 3401 SAO JOAO BOSCO
703012,RUA RAIMUNDO FREITAS DA SILVA 52 BOM JARDIM
495710,ESTRADA VELHA DO AEROPORTO 605 AEROPORTO VELHO
183839,RUA DOS SERINGUEIROS 1341 DA LIBERDADE
1031980,RUA CARPINA 302 REDENCAO
133442,RUA CARAMUA 144 URUPA
21916,RUA JANDAIAS 1172 SETOR 02
327674,LOGRADOURO 999999 LOGRADOURO 999999 950 FACE 99999
33041,RUA VILHENA 2498 BNH
10947,AVENIDA CAPITAO SILVIO 3254 SETOR GRANDES AREAS
267902,RUA JACINTO 3016 ELETRONORTE
566771,RUA DEZENOVE DE OUTUBRO 464 BOA UNIAO
1110658,RUA H 11 CIDADE NOVA
956635,RUA 186 281 CIDADE NOVA
1142025,RUA LAMBOGINHA 413 DISTRITO II
1130400,RUA JERUSALEM 560 CIDADE NOVA
633144,TRAVESSA VIRGILIO DE LIMA 47 AVIARIO
404060,AVENIDA JORGE TEIXEIRA 4164 ALTO PARAISO
284764,RUA MIGUEL CALMON 3937 CASTANHEIRA
518768,TRAVESSA NESTOR FERREIRA BRAGA 349 ESPERANCA
1136634,RUA JOSE LINDOSO 70 BELA VISTA
154664,RUA TANCREDO NEVES 840 NOVA COLINA
522949,RUA OSVALDO CORREIA SANTANA 1060 BAIRRO SAO FRANCISCO
968495,RUA 41 24 NOVA CIDADE
895772,AVENIDA SUMARE 231 JORGE TEIXEIRA
653531,RUA CUNHA VASCONCELOS 978 BOSQUE
813483,RUA FLAVIO QUEIROZ 898 NOVO REMANSO
756033,RUA ALFREDO DE SA ANTUNES 545 CODAJAS
986778,RUA ALMIR CARDOSO 207 TANCREDO NEVES COMUNIDADE NOVO REINO
891408,AVENIDA RIACHO FUNDO 895 TARUMA ACU
718980,AVENIDA SANTO ANTONIO 752 CENTRO
260765,RUA GERALDO SIQUEIRA 5723 CASTANHEIRA
408375,AVENIDA AYRTON SENNA 1901 SETOR 07
1091754,RUA EMILIO MOREIRA 977 CENTRO
11507,RUA ABEL COUTO 2845 SETOR 08
188235,RUA RIO MACHADO 460 BAIRRO INDUSTRIAL
85713,RUA 03 3224 BAIRRO LIBERDADE
286259,RUA MOSTARDEIRO 10148 MARIANA
965993,RUA 30 62 CIDADE NOVA
790953,RUA DEPUTADO ARTUR VIRGILIO NETO 14 MORADA DO SOL
103848,AVENIDA MARECHAL DEODORO 1620 GUAJARA MIRIM
545006,ESTRADA JARBAS PASSARINHO 159 PLACAS/XAVIER MAIA
706371,RUA TANCREDO NEVES 378 SAO FRANCISCO
160813,RUA PRESIDENTE GEISEL 234 BAIRRO SANTIAGO
405990,RUA RONDONIA 3391 PEREIRA E SANTOS
1084796,RUA DOS PINHEIROS 113 JORGE TEIXEIRA 2 ETAPA
1002019,RUA AVEIROS 42 NOVA ESPERANCA
408927,AVENIDA PORTO VELHO 1800 SETOR 05
922634,BECO LEAO 63 PRESIDENTE VARGAS
878472,AVENIDA ITACOATIARA 183 CACHOERINHA
60718,RUA TRISTAO DE ATAIDE 1126 JARDIM VISTA ALEGRE
199178,RUA HERMINIO VIEIRA 575 JARDIM DAS OLIVEIRAS
391894,AVENIDA 15 DE NOVEMBRO 3149 CIDADE NOVA
600724,RUA RUI LINO 96 JOAO EDUARDO
595785,RUA PRESBITERIANA 214 UNIVERSITARIO
866292,AVENIDA CONSTANTINO NERY 3245 CHAPADA
486964,RUA JOSE DE ALENCAR 9 CENTRO
1026262,RUA CAIRO 1 PLANALTO
891763,AVENIDA RIO BRANCO 493 SAO RAIMUNDO
212945,AVENIDA RIO DE JANEIRO 4350 NOVA PORTO VELHO
509431,RODOVIA ESTRADA DO DERACRE 1471 CRUZEIRO DO SUL
790047,RUA RIO TROMBETAS 610 BAIRRO BARRO ALTO
416786,LINHA ORIENTE 5 LINHA ORIENTE
989145,RUA AMAZONAS 60 SANTO AGOSTINHO
123425,AVENIDA ARACAJU 4930 SAO PEDRO
135991,RUA COLORADO DOESTE 2754 SAO PEDRO
748531,RUA OLAVO BILAC 343 SANTA HELENA
333778,AVENIDA 30 DE JUNHO 1525 CENTRO
162230,RUA SAO LUIZ 2707 NOVA BRASILIA
711674,AVENIDA OSCAR MOREIRA 2191 DESVIO
813960,RUA SOL NASCENTE 25 VILA DE LINDOIA
721083,TRAVESSA MANOEL ASSUNCAO 418 RECREIO
597425,RUA QUARUBA 20 RES. SANTA CRUZ/PLACAS
877730,AVENIDA IGARAPE DE MANAUS 9 CACHOEIRINHA
1124395,RUA J 82 SAO JOSE OPERARIO
730645,RUA JOSE TELES 376 NOVA REPUBLICA
324895,TRAVESSA PARTICULAR 1630 OLARIA
134022,RUA CASTANHEIRA 3092 JK
57944,RUA PEDRO KEMPER 2566 RESIDENCIAL PARQUE BRIZON
210405,AVENIDA MEXICO 3223 EMBRATEL
798968,RUA BENEDITO MELO 1660 SANTO ANTONIO
1048243,RUA CORINTHIANS 524 CIDADE DE DEUS
475311,RUA ANTONIO BOA 2200 ACRELANDIA
528267,AVENIDA DIAMANTINO AUGUSTO DE MACEDO 1580 CAGEACRE
1121445,RUA ITABUNA 253 CIDADE NOVA
11390,RODOVIA BR 421 3 BR 421
52570,RUA FLORIANOPOLIS 1738 LIBERDADE
306466,RUA SERRA DA CUTIA 3065 ELETRONORTE
847906,RUA INACIO MACHADO 117 CENTRO
605791,RUA TAPAJOS 264 NOVA ESTACAO
478173,RAMAL LINHA 2 1 SAO JOAO DO BALANCEIO
881030,AVENIDA JOAQUIM NABUCO 2409 CENTRO
236624,RUA BOM SUCESSO 62 ELETRONORTE
541271,BECO DA ESPERANCA 35 SAO FRANCISCO
525362,RUA CHAGAS SABINO 515 MANUEL URBANO
890909,AVENIDA RAMOS FERREIRA 1086 CENTRO
31405,RUA TANARI 1810 SETOR 01
62821,RUA PADRE MANOEL DA NOBREGA 309 NOVA ESPERANCA
981236,RUA ACRE 389 PARQUE SAO PEDRO
244624,RUA COTIA 1953 RONALDO ARAGAO
247040,RUA DA VIOLA 2153 CASTANHEIRA
477431,RAMAL DO JOAO COSTA 29 SAO JOAO DO BALANCEIO
750256,RUA VICINAL UM 805 UNIAO
532024,TRAVESSA SEBASTIAO PEIXOTO 398 SERRARIA
902109,AVENIDA DESEMBARGADOR JOAO MACHADO 136 ALVORADA
127876,AVENIDA MARECHAL RONDON 3017 DOIS DE ABRIL
266458,RUA INTERNACIONAL 3441 LAGOINHA
347131,AVENIDA PORTO VELHO 3299 JARDIM TROPICAL
468613,RUA SELMA REGINA 1518 NOVO HORIZONTE
312218,RUA TREZE DE SETEMBRO 1538 AREAL
974555,RUA 75 2 CIDADE NOVA
505230,RUA DOM PEDRO DE ALCANTARA 682 REMANSO
856120,AVENIDA AUTAZ MIRIM OU GRANDE CIRCULAR 6508 SAO JOSE OPERARIO
67144,LINHA 9 54 CACOAL
1093532,RUA ESPERANCA 44 JAPIIM
359287,AVENIDA TANCREDO NEVES 2145 CENTRO
20674,RUA GREGORIO DE MATOS 3860 SETOR 06
200502,RUA O 19 B N H
969420,RUA 44 C 70 NOVO ALEIXO
684241,RUA JOENVILE 942 CENTRO
299193,RUA REGISTRO 2918 B ELETRONORTE
595759,RUA PRECIOSA 528 VITORIA
817961,RUA FRANCISCO DE PAULA 2 145 JURUA
995488,RUA APOSTOLO PAULO 5 COLONIA TERRA NOVA
42670,AVENIDA FLOR DE MARACA 1223 VISTA ALEGRE
334594,AVENIDA JI PARANA 1326 CENTRO
656150,RUA REMARQUE DE QUEIROZ 725 ANA ALVES VIEIRA
202265,RUA MAJOR AMARANTE 48 JARDIM DAS OLIVEIRAS
1129333,RUA JERICO 19 CIDADE DE DEUS
58665,RUA RAFAEL SCARDINI 5455 RIOZINHO
73722,AVENIDA GUAPORE 2755 SANTA LUZIA
308853,RUA TANCREDO NEVES 4505 CALADINHO
1036194,RUA CENTO E SETENTA E CINCO 65 NOVO ALEIXO
855158,AVENIDA ARTERIAL 229 CIDADE NOVA
789427,RUA NOVO TEMPO 210 VILA DO LIMAO
598384,RUA RAIMUNDO FERREIRA 91 UNIVERSITARIO
291857,RUA PAULO LEAL 588 QUILMETRO UM
1083711,RUA DOS CRISTAIS 15 CRESPO
589861,RUA MOGNO 38 NOVO HORIZONTE
854483,AVENIDA AMAZONAS 1728 FLORES
937467,BECO SAO JOSE 35 GLORIA
126588,AVENIDA TRANSCONTINENTAL 2409 DOIS DE ABRIL
489199,RUA CARMO CORDEIRO 350 PARAISO
139791,RUA DOS PROFETAS 159 PRIMAVERA
83459,AVENIDA PROFESSORA ANA COELHO 8689 SAO DOMINGOS
162800,RUA SAO PAULO 2358 NOVA BRASILIA
694399,RUA ELIAS PEICHOTO 33 None
948895,RUA 10 DE DEZEMBRO 28 REDENCAO
400855,LINHA T 07 39 ALVORADA DO OESTE R0
398698,RUA MACHADO DE ASSIS 5240 CENTRO
1048609,RUA CORUMBA 365 REDENCAO
62506,RUA MARECHAL FLORIANO PEIXOTO 2483 JARDIM CLODOALDO
606555,RUA TIRADENTES 339 BAIRRO 15
1041949,RUA CINCO DE MAIO 20 JORGE TEXEIRA 4 ETAPA
477508,RAMAL DO KM 14 7 CUMARU
305335,RUA SEM DENOMINACAO 273 LAGOA
419259,LINHA 148 SUL 2 ZONA RURAL NOVO HORIZONTE
1111211,RUA H 164 NOVA CIDADE
48540,RUA ANITA GARIBALDI 2471 BAIRRO FLORESTA
985885,RUA ALEXANDRE AMORIM 565 NOSSA SENHORA APARECIDA
814273,SITIO ECOLOGICO 26 SAO JOSE DAS PEDRAS
1000627,RUA ATILEY DANTAS 49 NOVA ESPERANCA
412001,RUA JOSE CARLOS DA MATA 2020 SETOR 07
317523,RUA ZACARIAS BEZERRA 8518 TANCREDO NEVES
364340,AVENIDA FIORINDO SANTINI OU 1515 1828 CRISTO REI
382056,RUA QUINHENTOS E QUARENTA E SETE 306 JARDIM AMERICA
303829,RUA SANTOS DUMONT 218 CAIARI
1061914,RUA DANIEL SEVALHO 336 RAIZ
1151450,RUA MAGALHAES BARATA 40 CRESPO
856599,AVENIDA B 7 ALVORADA I
1145808,RUA LIRIO 45 TANCREDO NEVES
1146138,RUA LIVERPOOL 696 NOVA CIDADE
453653,RUA DAZINHO NERES FRANCINO 1693 CENTRO
1071758,RUA DEZESSEIS 345 JAPIIM
479204,RUA 1 401 BELA VISTA
1032932,RUA CASTANHO 142 TANCREDO NEVES
1040732,RUA CINCO 235 NOVA CIDADE
1106760,RUA GOIANIA 4 PLANALTO
778525,RUA DOM JOSE 2561 NOVA HUMAITA
38825,LINHA 12 4091 CABIXI
534208,RUA ESTEVAO BARBARY 91 PORTO WALTER
289453,RUA OSWALDO ARANHA 1897 ZONA SUL
534924,IGARAPE CRUZEIRO DO VALE 29 COMUNIDADE RAIMUNDO DO VALE
895187,AVENIDA SETE DE SETEMBRO 416 CENTRO
506227,TRAVESSA DO FLAMENGO 473 CRUZEIRAO
377123,RUA ELVIRA CREPALDI MENDES 5075 JARDIM ELDORADO
174072,LINHA LJ 9 270 MACHADIHO
1042980,RUA CINQUENTA 17 NOVA CIDADE
349980,AVENIDA CORONEL TEIXEIRA 4925 BEIRA RIO
539469,AVENIDA NACOES UNIDAS 1381 BOSQUE
1059755,RUA DA PAZ 365 COMPENSA 1
770277,AVENIDA TANCREDO NEVES 233 GUAJARA
1104614,RUA GALILEU 57 COMPENSA
1073398,RUA DEZOITO 499 ALVORADA
23252,RUA LAJES 3820 SETOR 09
1064977,RUA DAS JUREMAS 162 DOM PEDRO
499251,RUA DO BREU 325 JOAO ALVES
64816,LINHA 05 26 CACOAL
335147,AVENIDA NOVO ESTADO 801 CUNHA E SILVA
711192,AVENIDA GILBERTO MESTRINHO 4741 FORTALEZA
796941,RUA ACACIO LEITE 2888 IRACY
30840,RUA SAO PAULO 3434 SETOR 05
772993,BECO NOVO CENTENARIO 2578 NOVO CENTENARIO
16172,RUA CIRENE NUNES DE FREITAS 3066 SETOR 08
420483,RUA ABELARDO ALVARENGA MAFRA 2396 SETOR 07
875091,AVENIDA GALILEIA 65 COLONIA TERRA NOVA
1036854,RUA CENTO E UM 2 C NOVA
94730,AVENIDA ANTONIO LUIZ DE MACEDO 4403 GUAJARA MIRIM
1037730,RUA CHAPADA 245 REDENCAO
99549,AVENIDA MENDONCA LIMA 1349 TAMANDARE
792800,RAMAL SANTO ANTONIO PRINCIPAL 27 COMUNIDADE SANTO ANTONIO
585812,RUA MANAUS 711 PARQUE DAS PALMEIRAS
973862,RUA 7 1109 ALVORADA
271183,RUA JOAO NUNES 369 B FLORESTA
1088541,RUA E 22 GILBERTO MESTRINHO
1004999,RUA B DEZ 1419 JAPIIM
462943,LINHA 43 1 ZONA RURAL
74860,AVENIDA TROMBETAS 4582 CRUZEIRO
145002,RUA JOSE EDUARDO VIEIRA 3043 SAO FRANCISCO
1110348,RUA GURUPI 2350 REDENCAO
947647,RUA 1 29 CHAPADA CONDOMINIO BERVELY HILLS
95273,AVENIDA BENJAMIN CONSTANT 672 CENTRO
1121000,RUA ISAIAS FILHO 14 SANTA ETELVINA
59602,RUA RIO NEGRO 2093 TEIXEIRAO
897156,AVENIDA TEFE 508 CENTRO
1145749,RUA LIRIO 6 PLANALTO
529617,RUA FRANCISCO MANOEL GALDINO 1490 BECO
864570,AVENIDA CONSTANTINO NERY 110 CENTRO
997088,RUA ARAUJO FILHO 60 PETROPOLIS
1030817,RUA CAREIRO 208 TERRA NOVA
431861,RUA CATORZE 2100 CENTRO
273216,RUA JOAQUIM NABUCO 2886 SAO CRISTOVAO
59469,RUA RIO GRANDE 1243 LIBERDADE
401081,RODOVIA BR 429 24 ALVORADA DO OESTE
1008007,RUA BARREIRINHA 384 GRANDE VITORIA
805133,RUA PRIMAVERA 3468 SAO FRANCISCO
640772,AVENIDA MARECHAL RONDON 30 RODRIGUES ALVES
64623,ALDEIA SURUIS 259 CACOAL
217605,CONDOMINIO VILA BELA 6053 TRES MARIAS
543618,ESTRADA DA SOBRAL 2513 SOBRAL
884904,AVENIDA MAX TEIXEIRA 144 FLORES
712208,RIO ACRE 6 BOA ESPERANCA
691734,RUA PRESIDENTE KENNEDY 2940 BAIRRO MUTIRAO
1001483,RUA AURORA 54 SANTA ETELVINA
1113670,RUA HUMBERTO CALDERARO FILHO 624 ADRIANOPOLIS
864629,AVENIDA CONSTANTINO NERY 211 CENTRO
1141171,RUA L 197 NOVA CIDADE
628302,TRAVESSA JURANDIR 2 69 SANTA MARIA
350843,CORREDOR CENTRAL 5058 CENTRO
880676,AVENIDA JOAQUIM NABUCO 808 CENTRO
617386,RUA SAO CAETANO 88 SAO FRANCISCO
345865,AVENIDA NATAL 4721 CENTRO
569292,RUA DOIS 2 CALADINHO
79883,RUA MILTON CARLOS 2337 CENTRO
1106825,RUA GOIANIA 20 PLANALTO
969152,RUA 44 A 70 NOVO ALEIXO
541960,BECO OURICURI 10 RECANTO DOS BURITIS
26371,RUA NICARAGUA 1389 SETOR DEZ
682998,AVENIDA RIO GRANDE DO SUL 929 CENTRO
952059,RUA 14 ABRIL 982 GILBERTO MESTRINHO
205261,AVENIDA CALAMA 3494 PORTO VELHO
1116061,RUA IEMANJA 49 TRANQUEDO NEVES
864654,AVENIDA CONSTANTINO NERY 233 CENTRO
981532,RUA ADALTO FERNANDES 65 CONJ AMAZONINO MENDES 2
214854,AVENIDA SETE DE SETEMBRO 7391 E DA COMUNIDADE
408522,AVENIDA MONTE NEGRO 1500 SETOR 5
289475,RUA OSWALDO ARANHA 1988 ZONA SUL
451721,RUA JAIR DIAS 33 RUAS
1047814,RUA CORDEIRO 22 SAO JOSE
1275,AVENIDA CUIABA 4481 LIBERDADE
340608,RUA GOVERNADOR OSVALDO PIANA FILHO 1607 CENTRO
400153,LINHA 68 15 COMUNIDADE SANTA LUZIA
615509,RUA PRINCESA ISABEL 263 ESTACAO EXPERIMENTAL
234855,RUA BENEDITO INOCENCIO 6264 TRES MARIAS
1149957,RUA M 31 NOVA CIDADE
932224,BECO UVA 16 COMPENSA
57024,RUA MARIO QUINTANA 239 NOVA ESPERANCA
756933,RUA LEVI 97 CODAJAS
1099968,RUA FNA 21 JORGE TEIXEIRA
182476,RUA ARI PINHEIRO 84 JARDIM AEROPORTO
883363,AVENIDA MANAUS DOIS MIL 2740 DISTRITO INDUSTRIAL
1066485,RUA DAS PEROLAS 15 TANCREDO NEVES COMUNIDADE NOVA FLORESTA
481117,AVENIDA PREFEITO ROLANDO MOREIRA 779 CENTRO
795594,AVENIDA DOM JORGE MARSKEL 3090 SAO FRANCISCO
1001444,RUA AURORA 5 GLBERTO MESTRINHO
917272,BECO DA PAZ 59 SAO FRSNCISCO
868909,AVENIDA DAS OLIVEIRAS 35 NOVO ISRAEL
76383,RUA FERNAO DIAS 4654 SANTA LUZIA
841787,RUA CORONEL JULIO ROBERTO 2174 SAO JOSE
572903,RUA FAUSTO ROBALO 296 ESTACAO EXPERIMENTAL
1006062,RUA BACABA 6 PARQUE RIO SOLIMOES
575350,RUA GABINO BESOURO 1620 PREVENTORIO
60692,RUA TRES 3113 JARDIM ITALIA
874697,AVENIDA FRANCISCO QUEIROZ 76 COLONIA SANTO ANTONIO
461147,AVENIDA FLAMBOYANT 63 CENTRO
1134937,RUA JOSE BELEM 40 DOM PEDRO
20248,RUA GONCALVES DIAS 3342 SETOR 06
611883,RUA CORONEL ALEXANDRINO 409 AVIARIO
664196,RUA SEM DENOMINACAO 92 BAIRRO TRIANGULO
986485,RUA ALFREDO PAES BARRETO 214 SAO FRANCISCO
351753,RUA CAPIBARIBE 6827 BOA ESPERANCA
203386,AGLOMERADO INVASAO 29 TRES MARIAS
702762,RUA NELSON NORONHA 407 COLONIA
48279,RUA ANISIO SERRAO 1190 PRINCESA ISABEL
541082,BECO CANTINHO DO AMOR 25 AVIARIO
887737,AVENIDA PEDRO TEIXEIRA 1001 SAO JORGE
283538,RUA MASSAGANA 3734 E DA COMUNIDADE
687284,RUA ITUI 8 CENTRO
632531,TRAVESSA TRES IRMAO 6457 BELO JARDIM
556552,RUA BELEM 837 NOVA ESTACAO
296702,RUA PROTASIO ALVES 10076 MARIANA
359583,RUA 7 9 SANTA LUZIA
215852,AVENIDA PAPA PIO XII 2447 LIBERDADE
107497,AVENIDA TIRADENTES 3086 SETOR 05
671290,AVENIDA RUI COELHO 419 VILA DO V
800271,RUA CINTIA 461 JARDIM FLORESTAL
496243,RUA ALFREDO TELES 306 CENTRO
722616,RIO IGAPO ACU 348 JUTAI
1047580,RUA COPAIBA 248 JORGE TEIXEIRA JOAO PAULO
912624,BECO BOA FE 6 VILA DA PRATA
146514,RUA MANOEL FRANCO 1925 NOVA BRASILIA
508122,PRAIA GRANDE 28 RIO JURUA
1044841,RUA CIPO ALHO 661 JORGE TEIXEIRA JOAO PAULO
287579,RUA NOROESTE 1717 CASTANHEIRA
740006,COMUNIDADE NOSSA SENHORA DO CARM0 30 CISSAIMA
382144,RUA QUINHENTOS E TRINTA E NOVE 697 JARDIM AMERICA
157598,RUA VITORIA REGIA 412 BAIRRO SAO BERNARDO
964713,RUA 27DE DEZEMBRO 221 NOVA VITORIA
413427,RUA RIO PURUS 1830 SETOR 05
153947,RUA SEM DENOMINACAO III 537 NOVO JIPARANA
399902,LINHA 52 19 ZONA RURAL
750016,RUA SEM DENOMINACAO 2 UNIAO
311780,RUA TRES E MEIO 2252 NOVA FLORESTA
147529,RUA MARINGA 743 NOVA BRASILIA
558604,RUA BOULEVARD AUGUSTO MONTEIRO 758 QUINZE
1119875,RUA IRACEMA 51 BAIRRO DA PAZ
906420,AVENIDA PROFESSOR NILTON LINS 600 FLORES
1078005,RUA DO QUARENTAO 12 COMPENSA
1119324,RUA IPIRANGA 388 SANTO ANTONIO
397495,AVENIDA MARECHAL RONDON 4616 CENTRO
328622,RIO MADEIRA 31 SANTA CATARINA
742259,RUA 2 50 UNIAO
139361,RUA DOS CRAVOS 2415 BAIRRO SANTIAGO
148059,RUA MATO GROSSO 92 URUPA
1097579,RUA FAVEIROS 58 MONTE DAS OLIVEIRAS
17854,RUA DO LIRIO 2934 SETOR 4
727215,RUA SAO FRANCISCO QUATRO 140 CANUTAMA
29909,RUA RUA FLOR DO IPE 2578 SETOR 4
94482,AVENIDA ANTONIO LUIS DE MACEDO 3062 GUAJARA MIRIM
827183,COMUNIDADE NOVA MORADA 9 NOVA MORADA
880602,AVENIDA JOAQUIM NABUCO 472 CENTRO
512772,RUA PEDRO MIGUEL 81 JOSE HASSEM
1145852,RUA LIRIO DA PAZ 40 LIRIO DO VALE
74413,AVENIDA RIO NEGRO 4159 CENTRO
358085,LINHA 192 SUL 12 SETOR RURAL
942423,ESTRADA DOS FRANCESES 24 ALVORADA
765746,RUA VEREADOR AGNELO FERREIRA 12 VARZEA
691324,RUA SETE DE SETEMBRO 230 BAIRRO SAO JOSE
1089045,RUA E 67 COLONIA OLIVEIRA MACHADO
748179,RUA MARIA GOES 262 URUCU
798594,RUA ARNOBIO OLIVEIRA 71 IRACY
95502,AVENIDA BOUCINHAS DE MENEZES 864 CENTRO
352558,RUA ESPERANTINA 3803 CENTENARIO
476192,RUA MINAS GERAIS 2 1574 ACRELANDIA
32538,RUA UIRAPURU 1234 SETOR 2
1067453,RUA DAS VERBENAS 16 JORGE TEIXEIRA 1 ETAPA
898545,AVENIDA TORQUATO TAPAJOS 840 FLORES
298094,RUA RAFAEL VAZ E SILVA 2290 SAO CRISTOVAO
125262,AVENIDA GUANABARA 796 SAO FRANCISCO
554179,RUA ARI RODRIGUES 120 AEROPORTO VELHO
109996,RUA CASTELO BRANCO 3121 SETOR 06
620131,RUA SENADOR MARIO MAIA 197 JORGE LAVOCAT
554308,RUA ARMANDO GAMA 17 IVETE VARGAS
420731,RUA JARU 2087 SETOR 05
731428,RUA SAMUEL AMARAL 1106 SAMUEL AMARAL
702756,RUA NELSON NORONHA 229 COLONIA
108633,RUA AFONSO JOSE 1147 SETOR 07
838307,RUA MARIO DE ALMEIDA 741 NOVA MANACA
593429,RUA PARQUE DA MATERNIDADE 18 CENTRO
551132,RUA AIRTON SENA 341 BELO JADIM
927653,BECO SANTA RITA 21 LIRIO DO VALE
333567,VILA RIO PARDO 300 RIO PARDO
555505,RUA BANANEIRA 1634 ADALBERTO SENA
1028250,RUA CANADA 33 FLORES
296848,RUA PRUDENTE DE MORAIS 1434 AREAL
348303,AVENIDA SETE DE SETEMBRO 4691 BEIRA RIO
20583,RUA GREGORIO DE MATOS 3314 SETOR 06
113725,RUA MINAS GERAIS 1458 SETOR 04
1011527,RUA BELA VISTA 645 GILBERTO MESTRINHO
270391,RUA JOAO ALFREDO 429 CENTRO
496366,RUA ALFREDO TELES 2491 FORMOSO
446527,ESTRADA LINHA 60 703 LINHA 6O KM 2
239130,RUA CAMPO GRANDE 102 CENTRO
902307,AVENIDA DESEMBARGADOR JOAO MACHADO 195 ALVORADA
183573,RUA DO PRODUTOR 134 INCRA
386005,RUA DOM PEDRO SEGUNDO 5535 QUINTO BEC
566143,RUA DAS SAMAMBAIAS 163 TROPICAL
433430,AVENIDA CURIO 2194 SETOR 04
521713,RUA ADY COURI 200 CENTRO
1013608,RUA BEM TE VIS 696 CIDADE DE DEUS
965594,RUA 3 134 CIDADE NOVA
946447,RUA 06 128 CIDADE NOVA
263282,RUA GUARAPARI 4615 NOVA FLORESTA
150834,RUA PORTO ALEGRE 415 SAO FRANCISCO
846207,RODOVIA MANOEL URBANO 93 VILA DO UBIM
773779,RUA CAMILO 2 371 NOSSA SENHORA DO CARMO
356766,TRAVESSA PARECIS 5468 SAO CRISTOVAO
263435,RUA GUIANA 2889 PORTO VELHO
606322,RUA TIAO NATUREZA 186 BAHIA PALHERAL
641720,RUA RIO BRANCO 225 RODRIGUES ALVES
272215,RUA JOAQUIM ARAUJO LIMA 2898 LIBERDADE
451266,AVENIDA CARLOS GOMES 675 CENTRO
767294,RUA ARMANDO MENDES 264 SAO FRANCISCOII
384585,RUA SETECENTOS E VINTE OU MODESTO BATISTA 2607 MARCOS FREIRE
388660,AVENIDA JUSCELINO KUBITSCHECK 691 CENTRO
965995,RUA 30 64 CIDADE NOVA
224334,RUA ALFREDO JORGE 3636 CIDADE NOVA
21859,RUA JACUTINGA 445 JORGE TEIXEIRA
287113,RUA NICARAGUA 1186 NOVA PORTO VELHO
1117100,RUA ILHAS MARQUESA 113 BAIRRO DA PAZ
350256,AVENIDA POETA AUGUSTO DOS ANJOS 5329 BOA ESPERANCA
140993,RUA FRANCISCO PEREIRA DOS SANTOS 2339 NOSSA SENHORA DE FATIMA
612551,RUA DOM GIOCONDO 422 SOBRAL
709322,RUA CORONEL JOAQUIM RAIMUNDO PEREIRA 396 BAIRRO SANTA LUZIA
516052,RUA BRASIL 48 ESPERANCA
69139,RUA ARACAJU 2173 CENTRO
298430,RUA RAIMUNDO BATISTA 26 CENTRO
221055,RUA ABNATAL BENTES LIMA 1006 AGENOR M DE CARVALHO
846648,RUA MARIO QUEIROZ 471 VILA DO JACARE
1012968,RUA BELO HORIZONTE 340 COMPENSA
240826,RUA CARMELIAS 6641 ELDORADO
46083,AVENIDA SETE DE SETEMBRO 2881 CENTRO
1035719,RUA CENTO E QUARENTA E DOIS 15 C NOVA
832716,RUA ANDRE VIDAL 119 APARECIDA
1071488,RUA DEZESSEIS 48 SAO JOSE OPERARIO
1076519,RUA DO COMERCIO 475 COMUNIDADE DE SAO PEDRO
59464,RUA RIO GRANDE 1222 LIBERDADE
495706,ESTRADA VELHA DO AEROPORTO 499 AEROPORTO VELHO
1104096,RUA GALDENCIO RAMOS 339 SAO FRANCISCO
809584,COMUNIDADE NOSSA SENHORA CONCEICAO 660 COSTA DA CONCEICAO
572975,RUA FELICIDADE 11 VITORIA
855818,AVENIDA AUTAZ MIRIM 7204 TANCREDO NEVES
486634,RUA DOALVIDOR 211 CENTRO
994420,RUA ANTONIO BITTENCOURT 85 GLORIA
86501,RUA BAHIA 2877 CENTRO
494652,AVENIDA DESEMBARGADOR TAVORA 230 CENTRO
996175,RUA ARACAUA 92 CIDADE DE DEUS
1042430,RUA CINCO DE SETEMBRO 442 SAO RAIMUNDO
725837,AVENIDA BOTINELLY 185 CANUTAMA
1142368,RUA LAURA VINCUNA 50 C0ROADO
220695,RUA ABACATEIRO 5732 SUL
358857,AVENIDA B1 26 BAIRRO DA SAUDE
298581,RUA RAIMUNDO CANTUARIA 4799 AGENOR M DE CARVALHO
891523,AVENIDA RIO BRANCO 36 SAO RAIMUNDO
125289,AVENIDA GUANABARA 1114 SAO FRANCISCO
985881,RUA ALEXANDRE AMORIM 558 NOSSA SENHORA APARECIDA
729735,RUA ANTONIO PAIXAO 257 SAMUEL AMARAL
747532,RUA JORGE MORAES 753 TAUA MIRIM
549645,RUA A 433 JOAO EDUARDO I
550388,RUA ADERBAL BRASIL 29 MANOEL JULIAO
1108585,RUA GUANABARA 198 GILBERTO MESTRINHO
1057272,RUA DA ILUSAO 35 COLONIA TERRA NOVA
306920,RUA SEVERINO OZIAS 5413 FLODOALDO PONTES PINTO
840893,RUA VALCILEIA MACIEL 856 NOVA MANACA
986293,RUA ALFREDO MONTEIRO 18 733 PQ DEZ DE NOVEMBRO
265446,RUA IDALVA FRAGA MOREIRA 2892 PORTO VELHO
1113959,RUA HUMBERTO DE CAMPOS 215 SAO JORGE
443560,LINHA 05 80 None
808881,TRAVESSA DA CACAIA 3387 PICARREIRA
389006,AVENIDA CORONEL JORGE TEIXEIRA 217 BAIRRO PLANALTO
426756,RUA FLORIANO PEIXOTO 1421 PALHEIRAL
74872,AVENIDA TROMBETAS 4763 CRUZEIRO
384138,RUA SETECENTOS E TRINTA E SEIS 2197 BODANESE
1070019,RUA DEZ 10 3 SANTO AGOSTINHO
167871,AVENIDA JOA BATISTA FIGUEREDO 3690 BAIRRO UNIAO
162318,RUA SAO MANOEL 495 JARDIM PRESIDENCIAL
652473,RODOVIA BR 364 320 CRISTO LIBERTADOR
447148,LINHA 81 360 LH 81 KM 68 SENTIDO A LH 84
1071016,RUA DEZENOVE 324 SAO JOSE OPERARIO
18050,RUA DO SABIA 1912 SETOR 2
610986,RUA WILDY VIANA DAS NEVES FILHO 131 BOSQUE
335720,AVENIDA TIRADENTES 760 CENTRO
548497,RUA 2 DE DEZEMBRO 192 SOBRAL
964592,RUA 27 190 NOVO ALEIXO
974481,RUA 73 85 AMAZONINO MENDES
760085,AVENIDA PREFEITO CAVALCANTE 209 NOSSA SENHORA DE FATIMA
500186,RUA DO PURUS 791 SABOEIRO
199819,RUA LINDOLFO JOAQUIM CUSTODIO 695 SERINGAL
47009,AVENIDA SAO PAULO 2870 CENTRO
655356,RUA NEWTON PRADO 746 CAFEZAL
340236,AVENIDA AFONSO GAGO 1629 CENTRO
797468,RUA ALVARO FRANCA 1450 BAIRRO COLONIA
253659,RUA EMILIO FEITOSA 3649 BAIRRO CIDADE DO LOBO
904730,AVENIDA PRESIDENTE CASTELO BRANCO 1378 CACHOEIRINHA
874798,AVENIDA FRANCISCO QUEIROZ 874 CIDADE NOVA
357531,LINHA 168 SUL 11 LINHA 168 SUL
1018222,RUA BOM JESUS 18 JORGE TEIXEIRA
912557,BECO BOA ESPERANCA 10 SAO JORGE
273382,RUA JOSE AMADOR DOS REIS 765 CASCALHEIRA
17718,RUA DO LIRIO 2080 SETOR 4
1078890,RUA DOIS 4 COROADO
131611,RUA BELEM 2743 ALTO ALEGRE
794471,AVENIDA MANAUS 1812 IRACY
378879,RUA JOSEPH MANIC 976 JARDIM AMERICA
1012018,RUA BELEM 346 NOSSA SENHORA DAS GRACAS
526016,RUA MANOEL BATISTA 305 MANUEL URBANO
312562,RUA TUCUNARE 33 LAGOA
539949,AVENIDA OESTE 624 TUCUMA
1012256,RUA BELFORD ROXO 1271 JORGE TEIXEIRA
1006082,RUA BACABA 136 SANTA ETELVINA
397405,AVENIDA MARECHAL RONDON 1197 CENTRO
1092262,RUA ENOS 175 SANTA ETELVINA
927497,BECO SANTA LUCIA 8 SAO LAZARO
621734,TRAVESSA BAIXA VERDE 145 ALTO ALEGRE
345831,AVENIDA NATAL 4269 BAIRRO OLIMPICO
486052,RODOVIA BR 317 15 KM 15
398972,RUA SEBASTIAO NOGUEIRA VAZ 5253 CENTRO
1024883,RUA C NOVE 1779 JAPIIM
690441,RUA JULIO LOBO 1211 ENGENHO
56045,RUA LUIZ CARLOS UBEDA 3705 VILLAGE DO SOL II
1070826,RUA DEZENOVE 49 LIRIO DO VALE
82190,AVENIDA LIMOEIRO 1186 SETOR 0009
196991,AVENIDA PRESIDENTE MEDICI 173 ALVORADA
117591,RUA SAULO DA CUNHA 3730 TARILANDIA
685661,RODOVIA TRANSAMAZONICA 3 BR
150967,RUA PORTO ALEGRE 1681 VALPARAISO
358897,AVENIDA B2 81 BAIRRO DA SAUDE
600629,RUA RUBENS CARNEIRO 164 ABRAAO ALAB
1046101,RUA COARI 64 TANCREDO NEVES NOVA CONQUISTA
613956,RUA MARECHAL DEODORO 1010 BOSQUE
176995,RUA DAS PALMEIRAS 4755 SETOR 15
429865,SITIO 4 IRMAOS 2 SITIO 4 IRMAOS
1109719,RUA GURUPI 17 BAIRRO DA PAZ
1025275,RUA CABI 67 JORGE TEIXEIRA JOAO PAULO 2
216801,BECO DO MACIEL 937 BAIXA UNIAO
645795,RUA A 2539 AMOTI
687040,RUA ANTONIO DE SOUZA BRAGA 908 CENTRO
466761,TRAVESSAO C 02 10 6 THEOBROMA
185191,RUA JOANA DARC 249 NOVA OURO PRETO
372363,RODOVIA 174 2717 PARQUE IND NOVO TEMPO
584977,RUA LUIZ MORAES 240 TANCREDO NEVES
713649,RUA GAIVOTA 251 PRAIA DO GADO
349521,AVENIDA VINTE E CINCO DE AGOSTO 7540 BAIRRO CIDADE ALTA
45753,AVENIDA RIO DE JANEIRO 498 NOVO CACOAL
396414,AVENIDA GETULHO VARGAS 4458 CENTRO
869310,AVENIDA DJALMA BATISTA 15 CHAPADA
1046981,RUA CONDE DE ANADIA 196 PARQUE 10 DE NOVEMBRO
60617,RUA TOMAS ANTONIO DE CARVALHO 264 SAUDE
153374,RUA SAULO ALCANTARA 2349 NOVA LONDRINA
1138407,RUA JUCA 103 JORGE TEIXEIRA JOAO PAULO 2
477330,RAMAL DO CUMARU 28 CUMARU
307784,RUA TABAJARA 1111 OLARIA
1082114,RUA DOM BOSCO 23 CIDADE DE DEUS
517636,RUA SERGIO BARROSO CORDEIRO 1 GENI NUNES
311941,RUA TREZE DE MAIO 199 MOCAMBO
1114308,RUA HUMBERTO GOMES 10 PETROPOLIS
73677,AVENIDA AMAZONAS 5005 JORGE TEIXEIRA
1145723,RUA LINHARES 265 GRANDE VITORIA
529542,RUA FRANCISCO M. DOS SANTOS 355 TAUMARTUGO
1047042,RUA CONDE DE SERGUIMIRIM 14 CIDADE NOVA
316312,RUA VILLAS RIOS 6048 CUNIA
1068782,RUA DEZ 2 LIRIO DO VALE
1133833,RUA JONATHAS PEDROSA 1026 PRACA 14 DE JANEIRO
1055122,RUA D 223 COMPENSA
791528,TRAVESSA TAMBAQUI 300 CENTRO
218281,ESTRADA DE FERRO MADEIRA MAMORE 2530 TRIANGULO
105267,TRAVESSA MUTIRAO 02 98 GUAJARA MIRIM
656304,RUA SANTOS DUMONT 9 CSU
459281,LINHA 02 5 PORTO MURTINHO
1100654,RUA FORTALEZA 154 COLONIA SANTO ANTONIO JOSE BONIFACIO
183385,RUA DA CASTANHA 52 JARDIM AEROPORTO
444320,AVENIDA DOS MIGRANTES 1375 CENTRO
628654,TRAVESSA MADUREIRA 710 MAURI SERGIO
10310,AVENIDA TABAPOA 3113 SETOR 3
817690,RUA CHICO HERMINO 59 JURUA
875403,AVENIDA GETULIO VARGAS 275 CENTRO
889812,AVENIDA PRECIOSA 80 MONTE DAS OLIVEIRAS
619130,RUA SAO PEREGRINO 298 BELA VISTA
798984,RUA BENEDITO MELO 1720 SANTO ANTONIO
1004603,RUA B 1779 CAMPOS SALES
77879,RUA ROGERIO WEBER 5524 ODILON NOIA
1006705,RUA BALEIA 8 JORGE TEIXEIRA
739856,COMUNIDADE NOVA ALIANCA 20 PARANA DE AUTAZ MIRIM
900673,AVENIDA BRIGADEIRO HILARIO GURJAO 6 JORGE TEIXEIRA 1 ETAPA
261097,RUA GETULLIO VARGAS 2533 SAO CRISTOVAO
157108,RUA VILAGRAN CABRITA 1558 CASA PRETA
457559,RUA DAS COMUNICACOES 3865 CIDADE BAIXA
1008126,RUA BARREIRINHA 792 GILBERTO MESTRINHO
526110,RUA MENDES DE ARAUJO 513 MANUEL URBANO
438516,ALDEIA DA LINHA 5 PIN DO AUTO JAMARI 2 ALDEIA INDIGENA
205134,AVENIDA CALAMA 2472 LIBERDADE
652814,RUA ANTONIO NICACIO TEIXEIRA 421 PISTA
954469,RUA 159 16 NOVA CIDADE
42354,AVENIDA DOIS DE JUNHO 3363 JARDIM CLODOALDO
378648,RUA JOSE DE ALENCAR 841 SAO JOSE
212193,AVENIDA RAIMUNDO CANTUARIA 7563 TIRADENTES
162313,RUA SAO MANOEL 474 JARDIM DOS MIGRANTES
31722,RUA TOPAZIO 1055 PARQUE DAS GEMAS
933186,BECO DOUTORA JULIA MAFRA 137 ZUMBI DOS PALMARES
396583,AVENIDA INDEPENDENCIA 5073 CENTRO
1106804,RUA GOIANIA 12 REDENCAO
245971,RUA DA FEDERACAO 5 INDUSTRIAL
353278,RUA JAGUARIBE 4679 CENTRO
134362,RUA CASTRO ALVES 281 JARDIM DOS MIGRANTES
128229,LINHA ITAPIREMA 50 LINHA ITAPIREMA
27437,RUA PARIZ 5321 RES ALVORADA
937069,BECO SAO JORGE 92 ALVORADA
125396,AVENIDA GUANABARA 2117 VALPARAISO
1139816,RUA K 20 ARMANDO MENDES
517513,RUA SEIS DE AGOSTO 531 SEGUNGO DISTRITO
1094937,RUA ESTRELA DE DAVI 29 NOVO ISRAEL
32183,RUA TUCUMA 1552 SETOR 01
56148,RUA LUIZ FERNANDES ALEXANDRE 3792 VILLAGE DO SOL II
511963,RUA FONTINELE DE CASTRO 374 FONTINELE
318996,RUA CORONEL LIMA 9072 ZONA LESTE
1062265,RUA DANILO CORREA 442 JAPIIM
346258,AVENIDA NORTE SUL 4036 BEIRA RIO
1082103,RUA DOM BOSCO 7 TANCREDO NEVES
284644,RUA MIGUEL CALMON 2879 ZONA SUL
744482,RUA DA GARAGEM 35 DUQUE DE CAXIAS
867357,AVENIDA COSME FERREIRA 5882 ZUMBI DOS PALMARES
798915,RUA BELO HORIZONTE 2519 SAO CRISTOVAO
530945,RUA MOACIR MENDONCA 1640 JOAO MOREIRA MAIA
408827,AVENIDA PORTO VELHO 1130 CENTRO
396149,AVENIDA CASTELO BRANCO 4064 CIDADE ALTA
940777,ESTRADA ACESSO A COLONIA JAPONESA 43 PARQUE DEZ DE NOVEMBRO
457979,RUA RIO MADEIRA 3547 CIDADE BAIXA
760105,AVENIDA PREFEITO CAVALCANTE 303 BAIRRO N S DE FATIMA
783390,COMUNIDADE SAO RAIMUNDO 23 RIO LIBERDADE
136362,RUA CRUZEIRO DO SUL 2114 SAO PEDRO
1047306,RUA CONTINENTAL 8 ARMANDO MENDES
862714,AVENIDA CENTRAL 5 LIRIO DO VALE
69967,RUA CURITIBA 491 CENTRO
679516,IGARAPE FOZ DA FLORESTA 3 FOZ DA FLORESTA
324221,RUA SENADOR ALVARO MAIA 797 OLARIA
724112,TRAVESSA OTACIAS BATISTA 29 CANUMA
442853,RUA SAO LUIS 6025 CENTRO
1026540,RUA CAJUI 85 SANTA ETELVINA
348628,AVENIDA TEREZINA 5435 PLANALTO
383250,RUA SEISCENTOS E VINTE E SEIS 6828 NOVA VILHENA
919051,BECO DOS ESCOTEIROS 14 COMPENSA
638189,RAMAL SERRINHA 90 QUIXADA
115935,RUA RAIMUNDO BARRETO 1577 SETOR 07
550307,RUA ADEMAR DE BARROS 157 NOVO HORIZONTE
77101,RUA MINAS GERAIS 4761 MATO GROSSO
216091,AVENIDA PRESIDENTE DUTRA 4100 OLARIA
100103,AVENIDA OITO DE DEZEMBRO 3255 GUAJARA MIRIM
843157,RUA TENENTE EDILSON 1891 SAO JOSE
1057127,RUA DA IGREJA 9 SANTA LUZIA
35486,LINHA C 60 30 RO 257
188525,RUA SANTOS DUMONT 1158 NOVA OURO PRETO
975169,RUA 81 1 CIDADE NOVA
692538,ESTRADA ROSARINHO 13 BOCA DO LIMAO
587494,RUA MARIA DE LURDES 106 TRIANGULO
1097046,RUA F 185 PARQUE 10 DE NOVEMBRO
1011366,RUA BELA VISTA 448 ALVORADA
274394,RUA JOSE CAUBY 249 CENTRO
739535,ALDEIA CESSAIMA 12 CABICEIRA DO CESSAIMA
945963,RUA 04 30 CIDADE NOVA
41987,AVENIDA DAS MANGUEIRAS 1671 JARDIM VISTA ALEGRE
957551,RUA 193 9 MONTE DAS OLIVEIRAS
797555,RUA ALVARO FRANCA 1870 BAIRRO COLONIA
82189,AVENIDA LIMOEIRO 1177 SETOR 0009
726962,RUA TEOFILO MESQUITA 111 CANUTAMA
1061609,RUA DALVA DE OLIVEIRA 74 JORGE TEIXEIRA
884960,AVENIDA MAX TEIXEIRA 2314 CIDADE NOVA
654279,RUA JOSE PESSOA NOGUEIRA 80 BAIRRO VITORIA
453784,RUA JONAS ANTONIO DE SOUZA 3879 CENTRO
822747,RUA BEIRA MAR 202 BAIRRO CENTRO
386044,RUA DUQUE DE CAXIAS 539 CENTRO
956668,RUA 186 498 CIDADE NOVA
199428,RUA JOAQUIM NABUCO 428 SERINGAL
260599,RUA GERALDO SIQUEIRA 4627 CALADINHO
97589,AVENIDA FIRMO DE MATOS 1533 GUAJARA MIRIM
19866,RUA GARROTE 2210 SETOR 12
695758,ESTRADA DA PRODUCAO 756 SAO FRANCISCO
303143,RUA SALVADOR 180 PORTO VELHO
698752,RUA MANOEL JOSE DE ANDRADE 142 CENTRO
423805,LINHA C 10 122 CAMPO NOVO
408336,AVENIDA AYRTON SENNA 1636 SETOR 03
94020,AVENIDA ALUISIO FERREIRA 1020 CAETANO
780152,RIO DOS MARMELOS 417 ALDEIA TENHARIM
805388,RUA RAIMUNDO GARCIA GAMA 1019 SAO JORGE
1089955,RUA EDGAR NEVES 30 BETANIA
749499,RUA RODAO MARTINS 220 UNIAO
616074,RUA SANTA INES 413 SANTA INES
654672,RUA MANOEL VAZ DE ARAUJO 10 BOM SUCESSO
532850,RAMAL EPITACIO 28 COMUNIDADE SAO VICENTE
73077,RUA SERGIPE 1309 CENTRO
691849,ALDEIA TRINCHEIRA 3 TRINCHEIRA
398264,RUA CURITIBA 2283 CENTRO
1054491,RUA D 30 PQ DEZ DE NOVEMBRO
115773,RUA PRIMEIRO DE MAIO 3615 ST 06
78956,LINHA SEGUNDA EIXO 12 SEGUNDA EIXO
510858,AVENIDA SANTOS DUMONT 160 CENTRO
1085872,RUA DOZE 31 LIRIO DO VALE
416978,LINHA SD TRAVESSAO 13 PA SAO JOSE DOS BURITIS
1123867,RUA J 3 CIDADE NOVA
375948,RUA CAMPINA DA LAGOA 10566 SETOR 13
1033774,RUA CASTRO ALVES 58 ARMANDO MENDES
358270,LINHA 200 SUL 11 ROLIM DE MOURA
188913,RUA TANCREDO NEVES 3551 RONDOMINAS
934874,BECO SANTO ANTONIO 36 COROADO
538568,AVENIDA FRANCISCO PINHEIRO 360 BAIRRO BELO JARDIM 2 RESIDENCIAL SANTO
561433,RUA CLARA 462 VITORIA
503842,RUA RIO GRANDE DO SUL 2022 BATE
539480,AVENIDA NACOES UNIDAS 1455 BOSQUE
705484,RUA ANTONIO CAMPOS 152 BAIRRO SAO PEDRO
612364,RUA CORONEL SEBASTIAO DANTAS 54 ESTACAO EXPERIMENTAL
143292,RUA IPE 3826 VALPARAISO
862599,AVENIDA CARVALHO LEAL 1496 CACHOEIRINHA
265018,RUA HUMBERTO FLORENCIO 5732 CIDADE NOVA
348141,AVENIDA SALVADOR 5678 PLANALTO
155059,RUA TERESA DE JESUS 604 JARDIM AURELIO BERNARDI
275609,RUA JOSE RODRIGUES 121 CENTRO
537017,AVENIDA CARACAS 790 JORGE LAVOCART
1057600,RUA DA LIBERTACAO 115 COLONIA TERRA NOVA
666787,RUA ROSAS DOS AMAUACAS LIMA 1650 CORCOVADO
977832,RUA A 26 326 ALVORADA
708946,RUA GRACILIANO FARIAS 774 BAIRRO SAO SEBASTIAO
90497,RUA SERGIPE 1921 BAIRRO CAIXA D AGUA
525979,RUA LINDOARTE 386 MANUEL URBANO
626808,TRAVESSA HAVAI 213 SOBRAL
674368,RUA FUNTAC 111 VILA DO INCRA
1130992,RUA JOAO ALFREDO 234 SAO GERALDO
422852,RUA MATRIZ 2314 SETOR 03
558256,RUA BOTAFOGO 319 GERALDO FLEMING
80785,RODOVIA 370 2 ZONA RURAL
1116344,RUA IGARAPE DO 40 822 DISTRITO INDUSTRIAL
360187,RUA CORONEL JORGE TEIXEIRA DE OLIVEIRA 3024 CENTRO
49857,RUA BEIRA RIO 1246 SANTO ANTONIO
437501,AVENIDA CACAULANDIA 1740 DISTRITO
855193,AVENIDA ATLANTICA 71 RAIZ
378608,RUA JOSE DE ALENCAR 106 CENTRO
928849,BECO SAO JOSE 46 EDUCANDOS
525637,RUA FRANCISCO FERREIRA MENDES 1931 MANUEL URBANO
21477,RUA INGAZEIRA 1535 SETOR 01
743959,RUA CESARIO CAMPELO 395 CENTRO
155597,RUA TOLEDO 610 BAIRRO JARDIM DOS MIGRANTES
1003641,RUA B 38 JORGE TEIXEIRA SANTA INES
465083,AVENIDA TREZE DE FEVEREIRO 1784 CENTRO
1082440,RUA DOMICIO SANTOS 32 CIDADE DE DEUS
384827,RUA UM MIL OITOCENTOS E DEZOITO 5252 BELA VISTA
655884,RUA RAIMUNDO COSTA 215 CIDADE NOVA
647887,RUA RIO DE JANEIRO 613 SAO FRANCISCO
537378,AVENIDA CEARA 2994 BOSQUE
118023,RUA TAPAJOS 1367 SETOR 07
942390,ESTRADA DO TARUMA 10736 TARUMA
932044,BECO UNIAO 12 PETROPOLIS
254163,RUA EQUADOR 1035 NOVA PORTO VELHO
215989,AVENIDA PRESIDENTE DUTRA 2128 BAIXA UNIAO
737654,RAMAL PROJETO ASSENTAMENTO PANELAO 4200 PROJETO DE ASSENTAMENTO PANELAO
570578,RUA E 100 SAO FRANCISCO
1023163,RUA C 26 COROADO
854423,AVENIDA ALVARO BOTELHO MAIA 484 PRESIDENTE VARGAS
687141,RUA COSTA E SILVA 227 CENTRO
621076,TRAVESSA ALEGRIA 46 SANTA QUITERIA
774088,RUA CIRCULAR MUNICIPAL 707 NOVO CENTENARIO
254694,RUA ESPIRITO SANTO 4166 NOVA FLORESTA
433992,AVENIDA ROUXINOL 2121 SETOR 02
12086,RUA ALVARES DE AZEVEDO 3552 SETOR COLONIAL
360905,LINHA P 18 NOVA 4 P 18 NOVA
85858,RUA ACRE 2678 VISTA ALEGRE
455939,RUA 00 DOIS 4206 FAZENDA
483415,RUA JOSE MARIA DE SOUZA 311 FRANCISCO JOSE MOREIRA
1103368,RUA G 770 CIDADE NOVA
277542,RUA LEAO 2 11933 ULISSES GUIMARAES
626456,TRAVESSA GUANABARA 19 JOAO EDUARDO I
4881,RUA SEM DENOMINACA0 2 70 FILADELFIA
213233,AVENIDA RIO DE JANEIRO 7364 LAGOINHA
750546,RUA CAPITAO SILVA 423 CENTRO
788650,RUA JACAREUBA 248 BAIRRO BARRO ALTO
588794,RUA MEIRE ALVES DA SILVA 305 TANCREDO NEVES
276293,RUA JULIA 6805 IGARAPE
158583,RUA CAPITAO SILVIO 660 CASA PRETA
781740,AVENIDA VARCY HERCULANO 390 IPIXUNA
1031174,RUA CARLOS DIAS 68 CRESPO
868065,AVENIDA CRISTO REI 167 COROADO III
322317,RUA PADRE CHIQUINHO 935 PEDRINHAS
651357,RODOVIA BR 364 128926 SENADOR GUIOMARD
141939,RUA GRECIA 2028 JARDIM DAS SERINGUEIRA
141779,RUA GONCALVES DIAS 366 JD DOS MIGRANTES
1070575,RUA DEZENOVE 3 SAO JOSE OPERARIO
1111096,RUA H 64 CIDADE NOVA
851591,ALAMEDA ESCOCIA 56 PONTA NEGRA RESIDENCIAL EUROPA 01
742611,RUA AIRTON SENNA 193 GRANDE VITORIA
319599,RUA DOM PEDRO II 2702 NOSSA SENHORA DAS GRACAS
661070,ESTRADA DO IPEPACUNHA 2570 PEPACUNHA
150829,RUA PORTO ALEGRE 377 SAO FRANCISCO
1032893,RUA CASTANHO 92 TANCREDO NEVES COMUNIDADE NOVA CONQUIST
284176,RUA MEXICO 2332 NOVA PORTO VELHO
8814,AVENIDA JAMARI 4012 AREA ESPECIAL 02
535966,ALAMEDA PORTUGAL 770 CONJUNTO ESPERANCA
191209,LINHA 62 4 LINHA
463528,RUA LUIZ BORGES 1179 CENTRO
160398,RUA PADRE SILVIO MICHELLUZI 1439 NOVA BRASILIA
73326,LINHA B DA 4 PARA 5 EIXO 8 CEREJEIRAS
1069075,RUA DEZ 23 SAO JOSE OPERARIO
383716,RUA SESSENTA E TRES 13 JARDIM ELDORADO
110113,RUA CEARA 1308 SETOR 03
411651,RUA IBIARA 81 SETOR 03
577743,RUA INDEPENDENCIA 40 DEFESA CIVIL
289927,RUA PADRE OSORIO 189 CENTRO
249113,RUA DO MANELITO 411 CENTRO
255758,RUA EURICO CARUSO 5968 APONIA
62497,RUA MARECHAL FLORIANO PEIXOTO 2483 JARDIM CLODOALDO
175701,LINHA TB 16 168 MACHADIHO
608853,RUA VENUS 1285 MORADA DO SOL
43210,AVENIDA GUAPORE 3746 JARDIM CLODOALDO
539756,AVENIDA NORDESTE 523 TUCUMA
645276,AVENIDA CASTELO BRANCO 1609 CENTRO
370434,AVENIDA BARAO DO RIO BRANCO 1726 BAIRRO SAO JOSE
937083,BECO SAO JORGE 161 SAO RAIMUNDO
911931,BECO BEIRA MAR 77 SAO RAIMUNDO
45961,AVENIDA SETE DE SETEMBRO 2366 PRINCESA ISABEL
975048,RUA 8 435 ALVORADA
939068,BECO SAO PAULO 280 SANTO ANTONIO
781132,VICINAL ALTO CRATO 1 ALTO CRATO
702479,RUA JOAO BERTOLDO 116 COIMBRA
412614,RUA NOVA UNIAO 2132 CENTRO
973539,RUA 7 81 COROADO
428542,RUA PRINCESA ISABEL 582 UNIAO
812314,RIO URUBU 63 RIO URUBU
212827,AVENIDA RIO DE JANEIRO 2874 MATO GROSSO
817363,RIO JAPURA 87 SAO JOSE DO APAPORES
374163,RUA 634 6564 SETOR SEIS
858775,AVENIDA BORBA 310 CACHOEIRINHA
982977,RUA AGATA 121 TANCREDO NEVES COMUNIDADE NOVA FLORESTA
140029,RUA ECOPORANGA 1112 JOTAO
389723,RUA CASTANHEIRA 2510 CENTRO
398308,RUA ECA DE QUEIROZ 4658 CENTRO
526009,RUA MANOEL BATISTA 179 MANUEL URBANO
607576,RUA TUTOIA DO MARANHAO 94 MANOEL JULIAO
405547,RUA PATRICIA MARINHO 3485 ALTO PARAISO
897215,AVENIDA TEFE 598 BAIRRO RAIZ
19893,RUA GAVIAO REAL 4060 JARDIM DAS PALMEIRAS
628174,TRAVESSA JOSE CARLOS 11 SANTA INES
696992,RUA LAURA VICUNA 310 SAO SEBASTIAO
622441,TRAVESSA BRASIL 61 MONTANHES
301584,RUA ROSALINA GOMES 9691 MARIANA
617782,RUA SAO JERONIMO 200 BAIXADA DA CADEIA VELHA
319476,RUA DOM PEDRO II 1951 SAO CRISTOVAO
1022669,RUA C 2 JORGE TEIXEIRA
263582,RUA GUIANA 3021 PORTO VELHO
75663,RUA BARTOLOMEU BUENO 4781 SANTA LUZIA
764218,RIO EIRU 16 SANTA LUCIA
495357,ESTRADA DO REMANSO 369 REMANSO
1138171,RUA JUAREZ PRADO 53 NOVA CIDADE
753265,COMUNIDADE SAO SALVADOR 3 RIO COPEA
603511,RUA SEM DENOMINACAO 24 PLACAS
319416,RUA DOM PEDRO II 1484 QUILMETRO UM
813727,RUA MARCILIO DANTAS 5 NOVO REMANSO
912290,BECO BELEM 60 COMPENSA
95929,AVENIDA CASTELO BRANCO 2223 GUAJARA MIRIM
671565,RAMAL ASSOCIACAO 94 INVASAO DO BETAO
212624,AVENIDA RIO DE JANEIRO 1367 AREAL
69899,RUA COSTA E SILVA 2130 CENTRO
1097136,RUA F 6 150 CIDADE NOVA
670525,RUA ALFREDO GAMA 141 PORTO ACRE
924847,BECO ONZE 350 NOVA CIDADE
278609,RUA LUCIANE PINHEIRO 4922 FLODOALDO PONTES PINTO
1114886,RUA I 74 COROADO
849369,RIO CAJUAL 43 CAJUAL
342682,AVENIDA CUIABA 6851 BAIRRO PLANALTO
320335,RUA FREI CANECA 8676 ZONA LESTE
1122259,RUA ITALIA 300 FLORES
94436,AVENIDA ANTONIO CORREIA DA COSTA 4359 GUAJARA MIRIM
540487,AVENIDA UM 690 BAIRRO SAO FRANCISCO
1019654,RUA BOTAFOGO 116 CIDADE DE DEUS
696912,RUA JOAO R CARIOCA 199 SAO FRANCISCO
999947,RUA ARTUR VIRGILIO 165 SAO JORGE
306506,RUA SERRA DA CUTIA 3305 ELETRONORTE
13390,RUA BANDARRA 1870 SETOR 12
1046188,RUA COARI 395 TERRA NOVA
636897,RAMAL DOIS IRMAOS 63 TRANSACRIANA
695781,ESTRADA DO MARARA 22 MARARA
657909,RUA SANTA LUZIA 546 ROSA GONCALVES
1083186,RUA DOS BANDEIRANTES 9 LIRIO DO VALE
855375,AVENIDA AUTAS MIRIM 20 TANCREDO NEVES
931908,BECO UIRAPURU 4 20 COROADO
764606,AVENIDA JOAQUIM BORBA 140 RODOVIARIO
700753,TRAVESSA BENJAMIM 85 PONTA ALEGRE
374166,RUA 634 6582 SETOR SEIS
4697,RUA RECIFE 3851 PRINCESA ISABEL
107550,AVENIDA DOM PEDRO I 4051 ST 06
637166,RAMAL ITUCUMA 390 RUA PAXIUBA
279716,RUA MADAGASCAR 3391 ZONA SUL
836701,RUA JOAO DE DEUS 2089 LIBERDADE
375054,RUA AMAPA 2290 PARQUE IND NOVO TEMPO
126432,AVENIDA TRANSCONTINENTAL 990 PRIMAVERA
1319,AVENIDA CUIABA 4944 CIDADE ALTA
989558,RUA AMAZONAS 203 EDUCANDOS
205075,AVENIDA CALAMA 2112 SAO JOAO BOSCO
805618,RUA RIO HONDIRA 408 MAMOUD AMED
177668,RUA MEM DE SA 2450 SETOR 14
650304,RAMAL MULUNGU 37 None
733682,RUA BELO HORIZONTE 340 SEBASTIAO BORGES
236380,RUA BOM FUTURO 313 CENTRO
322842,RUA PRESIDENTE GETULIO VARGAS 173 CENTRO
723423,RIO SANTA CATARINA 5 None
1040995,RUA CINCO 496 JORGE TEIXEIRA
254394,RUA ERECHIM 4272 ZONA LESTE
545620,RAMAL BOM JESUS 266 VILA ACRE
170517,RUA CAFE FILHO 2732 CENTRO
321125,RUA MARECHAL DEODORO 894 AREAL
1067632,RUA DAVI 160 BETANIA
436694,LINHA B 94 1190 LINHA B94
1904,AVENIDA MATO GROSSO 3484 CENTRO
1115246,RUA I1 32 CIDADE NOVA
636591,RAMAL DA GALILEIA 11 BECO SEM NOME II
1073466,RUA DEZOITO DE OUTUBRO 12 COMPENSA
1016047,RUA BOA ESPERANCA 26 REDENCAO
308773,RUA TANCREDO NEVES 4161 CALADINHO
185791,RUA JOAO XXIII 1042 DA LIBERDADE
100176,AVENIDA OITO DE DEZEMBRO 4648 GUAJARA MIRIM
355412,RUA TANCREDO DE ALMEIDA NEVES 735 BAIRRO CIDADE ALTA
317030,RUA VITORIA REGIA 6546 ELDORADO
740170,COMUNIDADE SANTO FRANCISCO DE ASSIS 1 PASSARELA SEM DENOMINACAO
883233,AVENIDA MANAUS DOIS MIL 82 DISTRITO INDUSTRIAL
634065,TRAVESSA SAO FRANCISCO DAS CHAGAS 152 VILA ACRE
337333,RUA JK 2543 CUNHA E SILVA
803844,RUA MOREIRA CESAR 60 BAIRRO COLONIA
931897,BECO UIRAPURU 3 75 COROADO
517265,RUA OSMAR SANTOS 220 ESPERANCA
124279,AVENIDA DAS SERINGUEIRAS 715 CAFEZINHO
20022,RUA GIRASSOL 1076 BAIRRO JORGE TEIXEIRA
201458,RUA SANTOS DUMONT 133 PIONEIROS
109336,RUA BEIRA RIO 1871 SETOR 03
1053840,RUA D 6 ALEIXO
213729,AVENIDA RIO MADEIRA 2452 FLODOALDO PONTES PINTO
960697,RUA 215 52 NOVA CIDADE
633515,TRAVESSA SANTA CLARA 55 GERALDO FLEMING
695233,AVENIDA MARIUA 513 NOSSA SENHORA DE APARECIDA
246473,RUA DA PAZ 4 CENTRO
66429,LINHA 14 33 LINHA 14
954056,RUA 152 10 NOVA CIDADE
361866,AVENIDA AMAZONAS 5132 QUINTO BEC
921086,BECO INGA 76 SANTA ETELVINA
64363,TRAVESSA TRINTA E UM DE MARCO 727 BAIRRO PRINCESA ISABEL
397931,AVENIDA SOLDADO MARIO NOGUEIRA 4556 CENTRO
1023494,RUA C 53 COMPENSA
943034,ESTRADA PONTA NEGRA 1759 PONTA NEGRA
571860,RUA EPAMINONDAS JACOME 2375 CADEIA VELHA
1078315,RUA DO ROSARIO 408 SAO RAIMUNDO
1145691,RUA LINHARES 39 GRANDE VITORIA
755900,RUA 1. DE MAIO 503 CODAJAS
1131392,RUA JOAO BOSCO BONIER 125 ZUMBI DOS PALMARES
7398,ALAMEDA PIQUIA 1890 SETOR 01
817912,RUA FRANCISCO DE PAULA 1 101 JURUA
868585,AVENIDA D 14 ALVORADA
127225,AVENIDA DOM BOSCO 890 DOM BOSCO
1028775,RUA CANARIO 93 CIDADE DE DEUS
566489,RUA DEZ DE JULHO 122 PLACAS
468138,RUA MARACATIARA 4546 SANTISSIMA TRINDADE
477154,RAMAL DA JANETE 20 PORTO LUIZ
668266,RUA JOAO CANDIDO GONDIM 215 LARANJAL
35935,LINHA SEM DENOMINACAO 3 POVOADO D 4 CACHOEIRA
933249,BECO FREI TITO 8 ZUMBI DOS PALMARES
127810,AVENIDA MARECHAL RONDON 2592 DOIS DE ABRIL
458096,RUA RONDONIA 3477 CIDADE BAIXA
833407,RUA BEATRIZ XAVIER 980 CORRENTEZA
531887,RUA DOUTOR PAULO R. DOS SANTOS 260 MULTIRAO III
952837,RUA 15 9 PARQUE 10
675031,RUA TEFE 136 VILA DO INCRA
223386,RUA ALEXANDRE GUIMARAES 4130 NOVA PORTO VELHO
837650,RUA LOUVEGILDO MACIEL 2440 MORADA DO SOL
185585,RUA JOAO PAULO I 1611 UNIAO
1045576,RUA CISJORDANIA 25 NOVA CIDADE
815704,RUA PADRE PEREIRA 20 TERRA NOVA
157792,RUA WASHINGTON LUIZ 1820 SAO PEDRO
711261,AVENIDA GILBERTO MESTRINHO 10570 PLATO DO PIQUIA
20031,RUA GIRASSOL 1128 BAIRRO JORGE TEIXEIRA
895040,AVENIDA SAO VICENTE 182 SAO LAZARO
571234,RUA EDSON FERREIRA 92 SAO FRANCISCO
119713,TRAVESSA PRIMEIRO DE MAIO 2160 TARILANDIA
963984,RUA 26 88 VALE DO SINAI
453928,AVENIDA P0RTO VELHO 3027 QUERENCIA DO NORTE
402775,AVENIDA JUCELINO KUBISTCHK 2580 BELA VISTA
1013245,RUA BELO HORIZONTE 1375 ADRIANOPOLIS
1100972,RUA FOZ DO IGUACU 345 TARUMA COMUNIDADE RIO SOLIMOES
169508,AVENIDA MARECHAL DUTRA 3069 CENTRO
923296,BECO MARANHAO 45 JORGE TEIXEIRA
408746,AVENIDA PORTO VELHO 657 SETOR 01
294279,RUA PIO XII 2174 SAO JOAO BOSCO
1147186,RUA LOPES CORDOVIL 425 ALVORADA
285909,RUA MONTE AZUL 1911 ZONA SUL
498556,RUA DE SERGIPE 460 25 DE AGOSTO
631710,TRAVESSA SANTOS DUMOND 14 AEROPORTO VELHO
60987,RUA VENCESLAU BRAZ 1570 SOCIEDADE BELA VISTA
601385,RUA SALIM FAHAT 502 BAIRRO 15
280217,RUA MAGNO GUIMARAES 4476 CALADINHO
307432,RUA SUCUPIRA 2914 NOVA FLORESTA
69627,RUA CEARA 815 CENTRO
132890,RUA CAMACARI 3211 JORGE TEIXEIRA
37936,AVENIDA TUPINIQUINS 4541 CENTRO
989460,RUA AMAZONAS 158 EDUCANDOS
83501,AVENIDA DEPUTADO CARLOS MAGALHAES 8742 SETOR 0009
801349,RUA FILETO PIRES 1300 BAIRRO COLONIA
270683,RUA JOAO ELIAS DE SOUZA 4402 BAIRRO CIDADE DO LOBO
1090507,RUA EDUARDO RIBEIRO 20 CHAPADA
310370,RUA TEREZA AMELIA 8503 PORTO VELHO
606383,RUA TIAO NATUREZA 347 VITORIA
1048355,RUA CORONEL GONZAGA 120 EDUCANDOS
63347,RUA PROFESSORA ALZIRA S BARBOSA 1142 SOCIEDADE BELA VISTA
27435,RUA PARIS 5486 RURAL JD ALVORADA
961181,RUA 219 99 NOVO ALEIXO
367807,AVENIDA ROSA DE SAROM 1173 JARDIM PRIMAVERA
1065715,RUA DAS ORQUIDEAS 379 CAMPOS SALES
32037,RUA TRIUNFO 4610 SETOR 09
1032615,RUA CASTANHEIRAS 95 MONTE DAS OLIVEIRAS
532787,RAMAL ENCOL LINHA 7 167 RAMAL DAS CHACARAS
735576,AVENIDA NUNES MELO 31256 PURUPURU
924790,BECO OLARIA 235 PRESIDENTE VARGAS
1122461,RUA ITAPEMERIM 307 REDENCAO
999697,RUA ARTUR REIS 283 SANTO ANTONIO
594940,RUA PLACIDO DE CASTRO 243 AEROPORTO VELHO
133427,RUA CARAMUA 39 URUPA
580375,RUA JOAO NOGUEIRA 66 JOAO NOGUEIRA
6909,TRAVESSA LINHA 152 18 ZONA RURAL
588427,RUA MARTE 1300 MORADA DO SOL
726912,RUA TEIXEIRA DE FREITAS 529 CANUTAMA
565927,RUA DAS PLACAS 1684 WANDERLEY DANTAS
24924,RUA MARTIN LUTHER KING 3018 SETOR 08
420097,RUA FERNANDO HENRIQUE 2885 None
425277,AVENIDA TANCREDO NEVES 70 SATELITE
379155,RUA LIRIO DO VALE 2014 PARQUE IND NOVO TEMPO
253586,RUA EMIL GORAYEB 3720 SAO JOAO BOSCO
513878,TRAVESSA BELA VISTA 1 290 BELA VISTA
784999,AVENIDA TAPAUA 6 CENTRO
54681,RUA JOSE BECHER 1180 TEIXEIRAO
538894,AVENIDA GETULIO VARGAS 2406 BOSQUE
804852,RUA PAULO MENEZES 19 SAO CRISTOVAO
646732,RUA GOVERNADOR WANDERLEY DANTAS 2480 JARDIM BOTANICO
1134337,RUA JORDAO 162 CIDADE DE DEUS
1007326,RUA BARCELOS 28 PRESIDENTE VARGAS
349541,AVENIDA VINTE E CINCO DE AGOSTO 7876 BAIRRO CIDADE ALTA
769485,RUA MARECHAL RONDON 338 CENTRO
585969,RUA MANGUEIRAL 1 31 CIDADE NOVA
534634,CAMINHO JOAO NUNES 750 VAZEA
212172,AVENIDA RAIMUNDO CANTUARIA 7083 TIRADENTES
98186,AVENIDA JOSE CARDOSO ALVES 2313 GUAJARA MIRIM
940368,ENTRADA DO TURISMO 95 TARUMA
648239,RUA TRIUNFO 840 CENTRO
237010,RUA BRASIL 6342 CASTANHEIRA
728668,RIO MUCUIM 1 FAZENDINHA DA QUEIMADA GRANDE
1070934,RUA DEZENOVE 98 LIRIO DO VALE
124048,AVENIDA BRASIL 2455 NOVA BRASILIA
519487,ESTRADA BR364 49 RAMAL
756046,RUA ALFREDO DE SA ANTUNES 601 CODAJAS
567545,RUA DO BOLA PRETA 1776 CASTELO BRANCO
132744,RUA CALAMA 387 DUQUE DE CAXIAS
168944,AVENIDA TANCREDO NEVES 4351 BAIRRO BOM FUTURO
226591,RUA ANANIAS FERREIRA DE ANDRADE 4613 IGARAPE
336414,AVENIDA MARECHAL RONDON 1974 CENTRO
630577,TRAVESSA PRAXEDES 445 SEIS DE AGOSTO
886014,AVENIDA NHAMUNDA 173 CENTRO
359235,AVENIDA RUI BARBOSA 2128 CENTRO
530962,RUA NAWAS 88 CAMPINAS
149063,RUA MOGNO 2905 VALPARAISO
646443,RUA E 936 NAIRE LEITE 2
755581,SITIO BANDEIRAO 35 PARANA DO MAMIA
162333,RUA SAO MANOEL 657 JARDIM DOS MIGRANTES
243550,RUA CLAUDIO SANTORO 5541 FLODOALDO PONTES PINTO
1058480,RUA DA PAZ 11 MAUAZINHO
780954,RODOVIA OUTROS BR 319 63 SAO JOAO
779430,RUA TENENTE PIMENTA 434 DIVINO PRANTO
96323,AVENIDA COSTA MARQUES 1118 TRIANGULO
990783,RUA AMBE 127 JORGE TEIXEIRA
17466,RUA DIAMANTES 1096 PARQUE DAS GEMAS
466650,RUA SAO LUIZ 2669 VILA PALMARES DO OESTE
358101,LINHA 196 NORTE 4 ROLIM DE MOURA
249030,RUA DIMARCY DE OLIVEIRA 1296 SAO JOAO BOSCO
733497,RUA ATURIA 143 BAIRRO NOVO
146436,RUA MANOEL FRANCO 1275 NOVA BRASILIA
360553,LINHA 192 SUL 4 RURAL
162339,RUA SAO MANOEL 789 JARDIM DOS MIGRANTES
258188,RUA FRANCISCO BARROS 7057 IGARAPE
415439,ESTRADA LC 34 3 PA RIO ALTO
1061135,RUA DA VITORIA 30 COLONIA TERRA NOVA
363716,AVENIDA DAS ORQUIDEAS 1428 JARDIM DAS OLIVEIRAS
677979,RUA NOSSA SENHORA DE NAZARE 242 ALDEIA MARAJAI
594001,RUA PEQUENA JESSICA 1440 WANDERLEY DANTAS
55560,RUA JOSE TOMAZ DE AQUINO 4194 JOSINO BRITO
531972,RUA MAJOR PEDRO RAMOS 195 RAPIRA
963054,RUA 247 46 CONJUNTO CIDADAO VII
273336,RUA JORGE SANTOS 4061 ZONA LESTE
505097,RUA CORONEL CARVALHO 150 69980000
575601,RUA GAIVOTA DOIS 252 PLACAS
167718,AVENIDA GETULIO VARGAS 4218 BAIRRO BOM FUTURO
319100,RUA DELEGADO MAURO DOS SANTOS 666 AGENOR M DE CARVALHO
193016,AVENIDA COSTA E SILVA 932 PIONEIROS
753021,COMUNIDADE SAO JOAO BATISTA DA VILA PINHEIRO 9 PARANA DO MAMIA
297139,RUA QUATRO ILHAS 6810 PORTO VELHO
302888,RUA SALGADO FILHO 3112 SAO JOAO BOSCO
1005269,RUA B QUATRO 14 NOVO ALEIXO
561623,RUA COLOMBIA A 657 BOSQUE
776537,RUA MANGABEIRAS 2185 SAO SEBASTIAO
750912,RUA CORONEL SIMOES 1177 DUQUE DE CAXIAS
745989,RUA FRANCISCO LEAL DE CARVALHO 32 UNIAO
577374,RUA HUGO CARNEIRO 122 BOSQUE
836774,RUA JOAO DE DEUS 2430 SAO JOSE
947460,RUA 1 5 CIDADE NOVA
764632,AVENIDA JOAQUIM BORBA 171 CENTRO
659396,RAMAL DO 25 33 CACIRIAN
1071937,RUA DEZESSEIS DE AGOSTO 31 JAPIIM
1028100,RUA CAMPOS SALLES 36 COMPENSA
103607,AVENIDA DOUTOR LEWERGER 4865 GUAJARA MIRIM
961993,RUA 230 26 CIDADE NOVA
855854,AVENIDA AUTAZ MIRIM 7404 TANCREDO NEVES
813860,RUA PARA 366 NOVO REMANSO
355355,RUA TABAJARA 5980 JARDIM TROPICAL
376256,RUA CEARA 2493 PARQUE IND NOVO TEMPO
656371,RUA SANTOS DUMONT 832 JORGE ALVES JUNIOR
553571,RUA ANTONIO P DA SILVA 417 JORGE LAVOCAT
960881,RUA 217 39 CIDADE NOVA
233664,RUA BARCELONA 3064 NOVO HORIZONTE
481625,RUA ANTONIO MANSUR 1220 FRANCISCO JOSE MOREIRA
247637,RUA DAS ARARAS 245 PLANALTO
1146204,RUA LO A CINCO 17 CIDADE NOVA
547120,RUA 02 36 OBRA DO PAC
749180,RUA RIBEIRO JUNIOR 173 ESPIRITO SANTO
441923,AVENIDA BAHIA 5432 CENTRO
760184,AVENIDA PREFEITO CAVALCANTE 1336 NOSSA SENHORA DE FATIMA
496295,RUA ALFREDO TELES 1145 JOAO ALVES
1078920,RUA DOIS 4 SAO JOSE OPERARIIO
60024,RUA RUI BARBOSA 3526 BAIRRO DO INCRA
1069834,RUA DEZ 356 PARQUE 10 DE NOVEMBRO
385490,RUA V QUATRO 13 COHAB
990738,RUA AMAZONINO MENDES 116 PARQUE 10
670848,RUA JOSEFINO LEAL 90 PORTO ACRE
273556,RUA JOSE AMADOR DOS REIS 3388 TANCREDO NEVES
425106,AVENIDA AIRTON SENNA 1061 UNIAO
396637,AVENIDA JORGE TEIXEIRA 4839 CENTRO
904770,AVENIDA PRESIDENTE CASTELO BRANCO 1594 CACHOEIRINHA
1005127,RUA B DOZE 1660 JAPIIM
1085753,RUA DOZE 19 LIRIO DO VALE
150046,RUA PARANAGUA 2479 JK
126944,AVENIDA TRIANGULO MINEIRO 2046 NOVA BRA ILIA
473466,ESTRADA LINHA 202 INICIO 196 LINHA 202 INICIO
284450,RUA MIGUEL ANGELO 7283 CUNIA
1029640,RUA CARAJAS 43 C NOVA
145790,RUA LINS 3149 JORGE TEIXEIRA
138513,RUA DO JASMIM 1873 BAIRRO SANTIAGO
276684,RUA JUPITER 3320 B ELETRONORTE
706375,RUA TANCREDO NEVES 386 SAO FRANCISCO
545119,ESTRADA RAIMUNDO IRINEU SERRA 4410 IRINEU SERRA
959619,RUA 208 10 NOVA CIDADE
893615,AVENIDA RIO NEGRO 86 COMPENSA
60189,RUA SANTOS DUMONT 2787 NOVO CACOAL
1060542,RUA DA PROSPERIDADE 552 COMPENSA
931276,BECO TEFE 35 ADRIANOPOLIS
736806,LAGO PARANA DO JANAUCA 65 JANAUCA
666867,TRAVESSA PAULINO FELICIANO 36 CORCOVADO
723536,RUA BEIRA MAR 275 VILA CANUMA
412175,RUA MARCOS FREIRE 700 SETOR 07
89107,RUA PARAIBA 1954 BAIRRO CAIXA D AGUA
1027380,RUA CAMPINAS 290 REDENCAO
819272,RIO RIO JURUA 18 BOTAFOGO
595734,RUA PRECIOSA 303 VITORIA
39506,AVENIDA AGLAIR NOGUEIRA 1955 RIOZINHO
802365,RUA JAPIM 1620 DA PAZ
424410,LINHA C2 90 LINHA C2
17191,RUA DAS ORQUIDEAS 2657 SETOR 4
394667,AVENIDA DOM PEDRO 2 6175 CIDADE NOVA
1133510,RUA JONAS BARRETO 103 SAO LAZARO
118963,RUA PADRE CHIQUINHO 1072 SETOR 07
698955,RUA MOURAO VIERA 156 CAMETA DO RAMOS
1151525,RUA MAGALHAES BARATA 84 CRESPO
249408,RUA DO CONTORNO 4878 FLODOALDO PONTES PINTO
1135145,RUA JOSE BRUNORO 22 SANTA ETELVINA
1148072,RUA LOURO ROSA 131 MONTE DAS OLIVEIRAS
654363,RUA JUAREZ LOPES 13 JORGE ALVES JUNIOR
533274,RODOVIA 364 16 RAMAL SAMAUMA
153588,RUA SEIS DE MAIO 645 URUPA
218099,ESTRADA DE FERRO MADEIRA MAMORE 1050 TRIANGULO
992282,RUA ANAPOLIS 38 GILBERTO MESTRINHO
1091696,RUA EMILIO MOREIRA 800 PRACA 14 DE JANEIRO
212209,AVENIDA RAIMUNDO CANTUARIA 7740 TANCREDO NEVES
1101530,RUA FRANCISCO COUTO VALE 73 BAIRRO PETROPOLIS
489801,RUA RAIMUNDO HENRIQUE DE ARAUJO 40 QUIXADAMORIM
817554,RUA PEDRO TEXEIRA 93 VILA BITTENCOURT
596469,RUA PRINCIPAL 541 PARQUE INDUSTRIAL
1052691,RUA CURIPACO 9 CIDADE NOVA
997849,RUA ARIAU 35 NOVO ALEIXO
725163,COMUNIDADE MARANHAO 6 RIO MANACAPURU
800552,RUA DAVID PEREIRA BRAGA 123 IRACY
671,AVENIDA BAHIA 3862 LIBERDADE
119277,RUA PRINCESA ISABEL 1253 SETOR 2
188416,RUA SADI BRUSTOLIN 55 ZONA DE CHACARA
1029963,RUA CARAUACU 26 JORGE TEIXEIRA
1135443,RUA JOSE CLEMENTE 15 NOSSA SENHORA APARECIDA
202118,RUA ALMIRANTE TAMANDARE 260 VILA NOVA
759486,LAGO MIUA 4 COMUNIDADE MONTE SINAIS
24914,RUA MARTIN LUTHER KING 2974 SETOR 08
2902,AVENIDA RIO GRANDE DO SUL 3726 CENTRO
118212,RUA TIAGO MOREIRA 1940 TARILANDIA
404041,AVENIDA JORGE TEIXEIRA 3977 ALTO PARAISO
279215,RUA LUIZ BRASIL 2640 PORTO VELHO
549019,RUA 25 DE FEVEREIRO 2980 SOBRAL
138189,RUA DIVINO TAQUARI 1758 NOVA BRASILIA
526313,RUA VALENTIN FERREIRA LIMA 539 MANUEL URBANO
714324,RUA PAUINI 38 PRAIA DO GADO
284208,RUA MEXICO 2492 PORTO VELHO
241060,RUA CARTOLA 3294 LAGOINHA
1088979,RUA E 56 CIDADE DE DEUS
173215,ESTRADA ORIENE NOVO 68 DISTRITO ORIENTE NOVO
549438,RUA 7 DE SETEMBRO 840 NOVA ESPERANCA
517765,RUA TUCUMA 1500 ZENAIDE PAIVA
748415,RUA NOVE 144 UNIAO
1089028,RUA E 64 ARMANDO MENDES
294592,RUA PIRATININGA 1937 LAGOA
158891,RUA DOM AUGUSTO 1060 CENTRO
1117934,RUA INDEPENDENCIA 14 RAIZ
113465,RUA MARIANO MEDEIROS 1780 TARILANDIA
429597,RUA FORTALEZA 40 SANTA LETICIA
111803,RUA JOAO BATISTA 1030 SETOR 07
589995,RUA MONTE NEGRO 46 SAO FRANCISCO
1149190,RUA LUIZ MONTE NEGRO 50 JORGE TEIXEIRA 4 ETP
929958,BECO SD 6 26 CIDADE NOVA
712634,RUA BEIRA RIO 1843 PRAIA DO GADO
487353,RUA PROJETADA 23 3610 BAIXADA
960700,RUA 216 1 NOVA CIDADE
689314,RUA BENJAMIN CONSTANT 47 BAIRRO DE OLINDA
62093,RUA GENERAL OSORIO 906 BAIRRO PRINCESA ISABL
765926,RUA VEREADOR CHAGAS MATTOS 387 NOVA ESPERANCA
1148139,RUA LOURO TACHI 245 MONTE DAS OLIVEIRAS
517941,RUA DOUTOR JOSE AUGUSTO 190 CENTRO
77953,RUA SERINGUEIRA 2633 MINAS GERAIS
1098637,RUA FILADELFIA 161 GILBERTO MESTRINHO
600940,RUA S SEIS 119 TUCUMA
563445,RUA DA CASTANHEIRA 108 ADALBERTO SENA
137112,RUA DA FORTUNA 2009 HABITAR BRASIL
173585,LINHA LH MA 35 21 MACHADINHO DO OETE
910099,BECO AMAZONAS 21 ALVORADA
378333,RUA JAMARI 1143 SAO JOSE
102159,AVENIDA TOUFIC MELHEM BOUCHABKI 2893 GUAJARA MIRIM
98193,AVENIDA JOSE CARDOSO ALVES 2640 GUAJARA MIRIM
582996,RUA LAGOINHA 170 BAHIA
402254,AVENIDA PRESIDENTE MEDICI 3527 CENTRO
226557,RUA ANANIAS FERREIRA DE ANDRADE 4125 IGARAPE
1003323,RUA B 21 PARQUE 10 DE NOVEMBRO
205350,AVENIDA CALAMA 4715 FLODOALDO PONTES PINTO
370839,AVENIDA BRIGADEIRO EDUARDO GOMES 911 JARDIM ELDORADO
917026,BECO DA PAZ 8 MAUAZINHO
20698,RUA GREGORIO DE MATOS 4013 SETOR 06
124997,AVENIDA EDSON LIMA DO NASCIMENTO 2044 PARQUE DOS PIONEIROS
780738,RODOVIA BR 319 93 REALIDADE
189601,RUA PRESIDENTE MEDICE 400 JARDIM BANDEIRANTE
314536,RUA VENEZUELA 629 NOVA PORTO VELHO
1029025,RUA CANELA 17 JORGE TEIXEIRA JOAO PAULO
1005279,RUA B QUATRO 19 NOVO ALEIXO
477042,RAMAL BIGODE 94 PROJETO PAD PEDRO PEIXOTO
696812,RUA FRANCISCO QUEIROZ 17 SAO FRANCISCO
626040,TRAVESSA FEIJO 135 BAIRRO 6 DE AGOSTO
954798,RUA 16 324 VALE DO SINAI
747090,RUA INDEPENDENCIA 357 CENTRO
412244,RUA MINAS GERAIS 1224 SETOR 07
713351,RUA CURIO 197 PRAIA DO GADO
491872,AVENIDA 25 DE AGOSTO 4571 AEROPORTO VELHO
839502,RUA PROJETADA II 78 TERRA PRETA
755390,RIO URUCU 6 IGARAPE DA MARTA
443037,ESTRADA LINHA 04 CHICAO 49 SETOR 13
866483,AVENIDA CONSTANTINO NERY 3451 CHAPADA
112962,RUA MANOEL RIBEIRO MENDES 2258 SETOR 07
765767,RUA VEREADOR AGNELO FERREIRA 75 VARZEA
631661,TRAVESSA SANTOS 19 DEFESA CIVIL
1091735,RUA EMILIO MOREIRA 892 PRACA 14 DE JANEIRO
1120786,RUA IRMA DULCE 407 COLONIATERRA NOVA
582362,RUA JULIO MARIANO 602 TAQUARI
682183,RUA SAO PEDRO 131 ANORI
225501,RUA AMARELO MANGA 8069 TIRADENTES
128635,RUA 7 DE SETEMBRO 2055 CASA PRETA
1138970,RUA JULIO VERNE 61 ALEIXO
650924,RAMAL TREIS MARIA 3662 None
110586,RUA DANIEL DA ROCHA 2950 SETOR 04
10273,AVENIDA TABAPOA 2767 SETOR 3
555942,RUA BEBETO ALVES 110 BAIRRO SAO FRANCISCO
36518,RUA ECA DE QUEIROZ 4660 BOM JESUS
111615,RUA GOIAS 2566 SETOR 03
419185,LINHA 144 NORTE 19 NOVO HORIZONTE
271694,RUA JOAO PEDRO DA ROCHA 2665 PORTO VEIHO
1108307,RUA GUANABARA 11 PETROPOLIS
775972,RUA GAUCHA 1326 SAO FRANCISCO
526250,RUA SAO JOAO 136 MANUEL URBANO
377728,RUA GETULIO VARGAS 3776 CENTRO
409322,RUA ALAGOAS 1237 SETOR 05
124966,AVENIDA EDSON LIMA DO NASCIMENTO 2009 PARQUE DOS PIONEIROS
973519,RUA 7 67 CIDADE NOVA
959950,RUA 21 187 NOVO ALEIXO
654824,RUA MARANHAO 472 CAFEZAL
743650,RUA CAPIM SANTO 146 CHAGAS AGUIAR
110523,RUA DANIEL DA ROCHA 2402 SETOR 07
741662,BECO SANTA LUZIA 122 TAUA MIRIM
140076,RUA EDUARDO BARROSO DA SILVA 1973 UNIAO 2
1110210,RUA GURUPI 2073 REDENCAO
558490,RUA BOULEVARD AUGUSTO MONTEIRO 91 BAIRRO 15
910191,BECO AMAZONAS 59 SAO FRANCISCO
338292,RUA RICARDO SOMENSARI 2896 CENTRO
345834,AVENIDA NATAL 4308 BAIRRO OLIMPICO
750894,RUA CORONEL SIMOES 110 DUQUE DE CAXIAS
818416,RUA RAIMUNDO RUFINO DA SILVA 40 JURUA
1148714,RUA LUIZ ANTONY 653 NOSSA SENHORA APARECIDA
154218,RUA SENA MADUREIRA 3165 JORGE TEIXEIRA
821114,RUA SAO FRANCISCO 170 CENTRO
207689,AVENIDA GETULIO VARGAS 1830 NOSSA SENHORA DAS GRACAS
424189,LINHA C 22 15 None
609474,RUA VINTE DE SETEMBRO 433 BOA UNIAO
605640,RUA TAMBUATA 752 TAQUARI
990449,RUA AMAZONINO MENDES 10 PARQUE 10
346849,AVENIDA PARANA 6204 SAO CRISTOVAO
675254,AVENIDA 7 DE SETEMBRO 265 CENTRO
297896,RUA RAFAEL VAZ E SILVA 904 ROQUE
613420,RUA MAESTRO SANDOVAL 61 CHICO MENDES
851024,ALAMEDA BONS AMIGOS 158 ALEIXO
408452,AVENIDA AYRTON SENNA 2766 SETOR 06
500961,RUA FELIX GASPAR 1131 JOAO ALVES
671180,AVENIDA JOSE FERNANDES 35 VILA DO V
134741,RUA CAUCHEIRO 2113 NOVA BRASILIA
566289,RUA DELFONSO DE ALMEIDA 232 WANDERLEY DANTAS
764617,AVENIDA JOAQUIM BORBA 150 CENTRO
964385,RUA 27 2 AMAZONINO MENDES I
1014465,RUA BENJAMIN FERNANDES 135 CIDADE NOVA
939386,BECO SAO RAIMUNDO 60 CRESPO
549689,RUA A 850 JOAO EDUARDO I
301668,RUA ROSAS 5479 SUL
626559,TRAVESSA GUANABARA 243 ESTACAO EXPERIMENTAL
930911,BECO SOLIMOES 10 ALEIXO
964065,RUA 26 1052 PQ 10
1031660,RUA CARLOS SANTOS 140 JORGE TEIXEIRA
500051,RUA DO PARA 2063 CRUZEIRAO
308745,RUA TANCREDO NEVES 3997 CALADINHO
972508,RUA 6 DE OUTUBRO 120 GILBERTO MESTRINHO
77534,RUA POTIGUARA 3180 CRUZEIRO
692083,COMUNIDADE PIRAPITINGA 11 COMUNIDADE PIRAPITINGA
879693,AVENIDA JAPURA 110 CENTRO
444071,RUA H 01 6190 CENTRO
1044307,RUA CINQUENTA E SETE 18 CIDADE NOVA
907912,AVENIDA SAO JORGE 730 SAO JORGE
234940,RUA BENEDITO INOCENCIO 7522 PORTO VELHO
180500,AVENIDA GONCALVES DIAS 2077 ZONA DE CHACARA
57006,RUA MARIO QUINTANA 130 NOVA ESPERANCA
701940,RUA ALVARO MAIA 63 CENTRO
487283,RUA PROJETADA 11 180 CENTRO
959309,RUA 205 14 CIDADE NOVA
459429,LINHA 03 4 None
296725,RUA PRUDENTE DE MORAES 1198 TUPI
404597,RUA ANDREIA KUNZLER 388 ALTO PARAISO
799182,RUA BENJAMIN CONSTANT 2993 ARAUJO COSTA
611006,RUA WILSON RIBEIRO 15 BAIRRO CIDADE NOVA
585657,RUA MAMAO 115 MOCINHA MAGALHAES
1143645,RUA LEONARDO MALCHER 1515 CENTRO
992785,RUA ANDIRA 214 GILBERTO MESTRINHO
980007,RUA ABRAAO CARDOSO 24 COMPENSA
201075,RUA RICARDO FRANCO 375 PIONEIROS
178978,LINHA 118 8 LINHA 21
281672,RUA MANOEL LAURENTINO DE SOUZA 2919 PORTO VELHO
470303,AVENIDA TIRADENTES 5057 CENTRO
965237,RUA 3 17 CIDADE NOVA
920289,BECO GEMA 51 SAO JOSE OPERARIO
723462,RUA ANGELO IANINI 11000 AXINIM
1040232,RUA CINCO 89 PURAQUEQUARA
515577,RUA 1. DE JANEIRO 450 SEGUNDO DISTRITO
781892,ESTRADA DA VARZEA 70 IPIXUNA
462163,RUA JOSE SOARES 564 CRISTO REI
497513,RUA CHANDLESS 973 COHAB
856719,AVENIDA B 34 COMPENSA
501404,RUA FLORIANO PEIXOTO 1985 REMANSO
1076377,RUA DO COMERCIO 172 CIDADE DE DEUS
241461,RUA CASTRO ALVES 5696 SAO SEBASTIAO
140468,RUA FEIJO 2521 SAO PEDRO
966971,RUA 36 44 CIDADE NOVA
761999,RUA JULIETA ALBUQUERQUE 509 SANTO ANTONIO
771875,AVENIDA CINCO DE SETEMBRO 604 CENTRO
402151,AVENIDA MARECHAL RONDON 3882 CENTRO
522432,RUA JOSE DE ABREU 117 BAIRRO SAO FRANCISCO
972601,RUA 61 96 AMAZONINO MENDES
471052,LINHA C 70 49 VALE DO ANARI
365263,AVENIDA JOSE DO PATROCINIO 4381 CENTRO
542313,BECO SEM DENOMINACAO 70 TUCUMA
162287,RUA SAO MANOEL 258 JARDIM DOS MIGRANTES
1055888,RUA DA AMIZADE 42 PETROPOLIS
211085,AVENIDA PINHEIRO MACHADO 5475 FLODOALDO PONTES PINTO
705915,RUA JARAQUI 122 BAIRRO SANTO ANTONIO
990297,RUA AMAZONENSE 15 SANTO ANTONIO
193541,AVENIDA DOS EXPEDICIONARIOS 158 PIMENTA BUENO
518478,TRAVESSA GETULIO VARGAS 605 CIDADE NOVA
306886,RUA SEVERINO OZIAS 5291 FLODOALDO PONTES PINTO
574178,RUA FORMOSA 550 NOVA ESTACAO
701368,BECO RENOVACAO 166 CENTRO
370818,AVENIDA BRIGADEIRO EDUARDO GOMES 803 JARDIM ELDORADO
1009777,RUA BEIJA FLOR 210 CIDADE DE DEUS
197531,RUA ALCINDA RIBEIRO DE SOUZA 794 ALVORADA
481158,BECO DA GRACA 41 CENTRO
299557,RUA RIBALTA 7600 NACIONAL
714559,RUA PRIMEIRO DE MAIO 2098 CENTRO
313989,RUA VANICE BARROSO 2371 TRES MARIAS
817706,RUA CHIQUINHA MEDEIROS 24 JURUA
453559,AVENIDA TANCREDO NEVES 4017 CENTRO
181317,AVENIDA DUQUE DE CAXIAS 1455 BAIRRO NOVA OURO PRETO
564645,RUA DA SANACRE 549 SANTA INES
92,AVENIDA ALTA FLORESTA 2686 PRINCESA ISABEL
133674,RUA CARLOS LUZ 636 RIACHUELO
1087313,RUA DUZENTOS E NOVE 14 CIDADE NOVA 5
547073,RUA 01 509 OBRA DO PAC
905834,AVENIDA PRESIDENTE DUTRA 172 SAO RAIMUNDO
1069668,RUA DEZ 240 ALVORADA
997997,RUA ARISTHOPHANO ANTONY 697 BAIRRO PETROPOLIS
527831,RIO BAJE 46 CAMPOS ELISIO
123052,AVENIDA ARACAJU 370 PRIMAVERA
530883,RUA MOACIR DE P. E SOUZA 180 MULTIRAO III
975040,RUA 8 432 ALVORADA
988145,RUA AMARILIS 10 JORGE TEIXEIRA 1 ETAPA
546875,RODOVIA AC90 1253 SOBRAL
828498,RAMAL REMANCINHO 106 NOVA LABREA
385850,RUA WILSON R ZONOECE 222 QUINTO BEC
29957,RUA RUBENS PAIVA 2807 SETOR 08 NOVO
864673,AVENIDA CONSTANTINO NERY 233 CENTRO
951820,RUA 14 19 NOVA CIDADE
779367,RUA SENADOR FABIO LUCENA 1882 SAO PEDRO
483966,RUA MARIA GORETH CASTRO 313 ALBERTO CASTRO
869492,AVENIDA DJALMA BATISTA 272 NOSSA SENHORA DAS GRACAS
916285,BECO DA AMIZADE 114 RAIZ
319090,RUA CORONEL TASSO 8984 ZONA LESTE
90756,RUA SURUI 2440 CENTRO
1069807,RUA DEZ 341 ALVORADA
844280,TRAVESSA ALMIRANTE TAMANDARE 1186 APARECIDA
712792,RUA BL 13 968 PLATO DO PIQUIA
236615,RUA BOM SOSSEGO 304 CENTRO
581372,RUA JOSE DE MELO 434 CENTRO
748410,RUA NOVA 123 PERA 2
776721,RUA MONTEIRO 2626 CENTRO
417065,LINHA SEM DENOMINACAO 7 67 PA BURITIS
298326,RUA RAIMUNDA LEITE 1605 SAO JOAO BOSCO
59920,RUA RUI BARBOSA 1260 CENTRO
527205,RUA FERNANDO GUAPINDAI 287 CENTRO
71439,RUA NOVA ZELANDIA 1392 CENTRO
839740,RUA RAIMUNDO AQUINO 436 NOVA MANACA
1052403,RUA CURIO 76 CIDADE NOVA 1
1096900,RUA F 61 ALVORADA
685864,VICINAL 3 ESTADOS 22 KM 45
960801,RUA 217 3 NOVA CIDADE
494098,AVENIDA SETE DE SETEMBRO 418 None
31730,RUA TOPAZIO 1205 PARQUE DAS GEMAS
253939,RUA ENRICO CARUSO 6361 PORTO VELHO
742455,RUA AGAMENON SILVA 380 URUCU
583456,RUA LEONORA DE MORAIS 382 BAIRRO BELO JARDIM 2 RESIDENCIAL SANTO
259691,RUA GASOMETRO 2082 SAO FRANCISCO
390353,RUA PINHEIRO MACHADO 146 CENTRO
576246,RUA GUAJARA 150 BAIRRO CIDADE NOVA
258110,RUA FRANCISCO BARROS 6641 IGARAPE
623090,TRAVESSA CARAMURU 167 BOSQUE
450827,LINHA 48 2210 RURAL
346779,AVENIDA PARANA 5347 BOA ESPERANCA
892954,AVENIDA RIO MAR 379 NOSSA SENHORA DAS GRACAS
710253,RUA NICOLAU VIANA 281 COMUNIDADE SAO BENEDITO
224629,RUA ALGODOEIRO 3920 ZONA SUL
882006,AVENIDA LEOPOLDO PERES 499 EDUCANDOS
385028,RUA UM MIL OITOCENTOS E TRES 1713 BELA VISTA
266054,RUA INACIO MENDES 7969 PORTO VELHO
10117,AVENIDA RIO BRANCO 5223 NOVE
1055480,RUA D CONDE DE ANADIA 100 PARQUE DEZ DE NOVEMBRO
59458,RUA RIO GRANDE 1170 LIBERDADE
998093,RUA ARISTOFANO ANTONY 439 PETROPOLIS
735912,IGARAPE TAPAGEM 185 TAPAGEM
395021,RUA TERSINA V DO NASCIMENTO 3980 SAO JOSE
880595,AVENIDA JOAQUIM NABUCO 442 CENTRO
950604,RUA 12 206 CIDADE NOVA
257707,RUA FORTALEZA 381 PORTO VELHO
684082,RUA DA MORENA 835 CENTRO
386016,RUA DUQUE DE CAXIAS 236 CENTRO
1032123,RUA CARREIRO 55 SAO JOSE OPERARIO 1
438515,ALDEIA DA LINHA 5 PIN DO AUTO JAMARI 1 ALDEIA INDIGENA
320661,RUA GOVERNADOR ARI MARCOS 2100 AGENOR M DE CARVALHO
1067299,RUA DAS TULIPAS 9 JORGE TEIXEIRA 1 ETAPA
455791,LINHA LH 45 5 LH 45
173422,LINHA ESTRADA DA MINERACAO 52 MACHADINHO DO OETE
243116,RUA CLARA NUNES 6337 PORTO VELHO
952524,RUA 146 8 CIDADE NOVA
349191,AVENIDA VINTE E CINCO DE AGOSTO 4862 CENTRO
899725,AVENIDA V 511 NOVA ESPERANCA
178500,RUA BARAO DO RIO BRANCO 3636 SETOR 13
1122261,RUA ITALIA 321 FLORES
489498,RUA ISAURA BENICIO DE AMORIM 532 QUIXADAMORIM
541047,BECO BREJAO 72 CENTRO
602732,RUA SATURNO 202 ADALBERTO ARAGAO
149385,RUA NITEROI 3970 JORGE TEIXEIRA
341974,AVENIDA BOA VISTA 5746 SAO CRISTOVAO
777514,RUA PURUZINHO 888 SAO DOMINGOS SAVIO
1061640,RUA DAMASCO 12 PLANALTO
941042,ESTRADA DA PONTA NEGRA 8 NOVA ESPERANCA
13455,RUA BASILIO DA GAMA 3368 COLONIAL
1067476,RUA DAS VERBENAS 31 JORGE TEIXEIRA
406416,RUA SAO PAULO 3369 CENTRO
110089,RUA CEARA 1043 SETOR 03
949932,RUA 11 455 ALVORADA
701462,BECO SEM DENOMINACAO 74 JAVARIZINHO
314452,RUA VELEIROS 7303 PORTO VELHO
358865,AVENIDA B1 35 BAIRRO DA SAUDE
823651,RUA FRANCISCO EDMUNDO 54 VILA FALCAO
1149965,RUA M 32 ARMANDO MENDES
481624,RUA ANTONIO MANSUR 1182 FRANCISCO JOSE MOREIRA
1124227,RUA J 46 JORGE TEIXEIRA
1148955,RUA LUIZ ANTONY 1131 NOSSA SENHORA APARECIDA
1021294,RUA BRASIL 650 REDENCAO
419936,RUA 144 OU NORTE SUL 3453 None
734556,RUA MIRACAUERA 5 CENTRO
82411,AVENIDA MASSUD JORGE 1558 SETOR 0008
628140,TRAVESSA JOSE BARBOSA 27 VILA DA AMIZADE
432127,RUA TRINTA E QUATRO 1587 CENTRO
120557,LINHA 619 20 ZONA RURAL
170029,RODOVIA 257 3389 CENTRO
286241,RUA MOSTARDEIRO 9668 MARIANA
622234,TRAVESSA BOA ESPERANCA 161 ESTACAO EXPERIMENTAL
1068234,RUA DELFIM DE SOUZA 842 PETROPOLIS
114904,RUA PARANA 1584 SETOR 04
745541,RUA EDUARDO RIBEIRO 348 CENTRO
141214,RUA GABRIEL VIEIRA DE MELO 2540 NOVO JIPARANA
1143528,RUA LEONARDO MALCHER 854 CENTRO
367952,AVENIDA ROSA DE SARON OU 1711 2227 JARDIM PRIMAVERA
4845,RUA SALVADOR 3679 PRINCESA ISABEL
1064985,RUA DAS JUREMAS 214 DOM PEDRO
340269,AVENIDA AFONSO GAGO 2272 CENTRO
386553,TRAVESSA 308 7318 PARQUE INDUSTRIAL TRANCREDO NEVES
286791,RUA NEUSA 7306 IGARAPE
880370,AVENIDA JERUZALEM 266 COLONIA TERRA NOVA
695787,ESTRADA DO MARARA 35 MARARA
1032000,RUA CARPINA 879 REDENCAO
797071,RUA ACACIO LEITE 4351 TIRADENTES
798104,RUA ANTONIO MENEZES 3557 SAO CRISTOVAO
1095896,RUA EZEQUIEL 18 NOVO ISRAEL
686903,ESTRADA PEDRO TEIXEIRA 410 CENTRO
168995,AVENIDA TANCREDO NEVES 4836 BAIRRO BOM FUTURO
240806,RUA CARMELIAS 6551 ELDORADO
252346,RUA EDUARDO LIMA E SILVA 2134 FLODOALDO PONTES PINTO
367543,AVENIDA QUINZE DE NOVEMBRO 3607 CENTRO
127557,AVENIDA MARECHAL RONDON 1203 CENTRO
351842,RUA CARLOS ALVES DE FREITAS 6294 BEIRA RIO
705805,RUA DOURADO 294 BAIRRO SANTO ANTONIO
301467,RUA ROSALINA GOMES 2000 MARIANA
915292,BECO CENTRAL 95 GLORIA
1041914,RUA CINCO DE JUNHO 516 COROADO
1145747,RUA LIRIO 5 TANCREDO NEVES
700304,RUA 1 DE DEZEMBRO 60 VILA CANDIDA
105454,LINHA 2 LINHA IATA 29 DISTRITO IATA
1067764,RUA DEL MARIO 31 ZUMBI DOS PALMARES
986973,RUA ALMIR PEDREIRA 680 BAIRRO PETROPOLIS
763715,RUA SAO MARCOS 168 NOSSA SENHORA DE FATIMA
498823,RUA DJALMA DUTRA 610 CENTROS
288120,RUA NOVA ESPERANCA 4730 CALADINHO
349252,AVENIDA VINTE E CINCO DE AGOSTO 5044 CENTRO
1062570,RUA DANILO MATOS AREOSA 154 COMPENSA
836502,RUA JAMIL SEFFAIR 667 NOVA MANACA
548127,RUA 13 DE MAIO 117 IVETE VARGAS
566535,RUA DEZ DE JULHO 428 PLACAS
1104873,RUA GANDI 8 COLONIA TERRA NOVA
713455,RUA DO LAGO NOVO 118 PRAIA DO GADO
899930,AVENIDA VIA LACTEA 317 ALEIXO
972646,RUA 62 8 CIDADE NOVA
880366,AVENIDA JERUZALEM 168 COLONIA TERRA NOVA
16554,RUA COSTA E SILVA 2810 SETOR 08 NOVO
252106,RUA EDUARDO LIMA E SILVA 861 AGENOR M DE CARVALHO
1070042,RUA DEZ 10 25 SANTO AGOSTINHO
1148791,RUA LUIZ ANTONY 809 NOSSA SENHORA APARECIDA
695523,AVENIDA DOM BOSCO 163 SAO SEBASTIAO
194476,AVENIDA JOAO PESSOA 1333 NOVA PIMENTA
674870,RUA PINHEIROS 180 VILA DO INCRA
523880,ESTRADA DO BARAO 76 BARAO
766061,RIO ACURAUA 5 MACAPA
385091,RUA UM MIL QUINHENTOS E CINCO 2194 CRISTO REI
242053,RUA CERES 2344 ZONA SUL
151429,RUA RAIMUNDO GOMES ALVARENGA 2618 NOVO JIPARANA
78456,RUA SANTA CATARINA 5002 MATO GROSSO
280704,RUA MANBA 3414 CIDADE NOVA
627334,TRAVESSA JACO 29 JOAO EDUARDO II
1058406,RUA DA PAZ 7 GILBERTO MESTRINHO GRANDE VITORIA
1127764,RUA JARAQUI 8 JORGE TEIXEIRA
184167,RUA EMILIO CONDE 293 JARDIM AEROPORTO
732150,RUA SENADOR JOAO BOSCO 300 FATIMA
1075084,RUA DO AREAL 142 MAUAZINHO
878163,AVENIDA IRAQUE 417 GILBERTO MESTRINHO
947682,RUA 1 35 ARMANDO MENDES
74539,AVENIDA SOLIMOES 4041 CENTRO
836820,RUA JOAO XXIII 1361 CENTRO
1079701,RUA DOIS 28 FLORES
659295,RAMAL DE DEUS 26 EDIAS CARNEIRO
606590,RUA TIRADENTES 503 BAIRRO 15
1111706,RUA HEBRON 130 CIDADE DE DEUS
1152017,RUA MALVARISCO 8 JORGE TEIXEIRA
929330,BECO SAO PAULO 37 PETROPLIS
1059606,RUA DA PAZ 242 COMPENSA
1099093,RUA FLAVIO COSTA 7 COROADO
817849,RUA FRANCISCO DE PAULA 29 JURUA
322457,RUA PADRE CICERO 2793 LAGOINHA
63636,RUA SANTO ANTONIO 1536 BAIRRO SANTO ANTONIO
548255,RUA 15 DE NOVEMBRO 610 NOVA ESPERANCA
439873,AVENIDA COSTA E SILVA 2266 CENTRO
64238,TRAVESSA MARTINHO LUTERO 1233 LIBERDADE
316107,RUA VILA MARIANA 9657 MARIANA
217508,CONDOMINIO VILA BELA 6053 TRES MARIAS
858049,AVENIDA BEM TE VI 217 TANCREDO NEVES
779917,ESTRADA OUTROS BR 230 TRANSAMAZONICA 1661 COM SANTA MARIA AUXILIADORA
770154,AVENIDA JUVENAL DE PAULA E CASTRO 93 GUAJARA
703603,TRAVESSA UMARIZAL 27 UMARIZAL
297625,RUA QUINTINO BOCAIUVA 2899 SAO CRISTOVAO
939643,BECO SAO VICENTE 6 COMPENSA
156875,RUA VENCESLAU BRAS 1115 SAO PEDRO
454256,LINHA LINHA 41 34 LINHA 41 KM 4 PRIMAVERA DE RONDONIA
729136,RIO PURUS 16 BACADARUR
609057,RUA VETERANO R PINTO 285 MANOEL JULIAO
195875,AVENIDA VITORIA 710 NOVA PIMENTA
289184,RUA OSIRIS 150 NOVA FLORESTA
481484,RUA ALEXANDRE MOREIRA 866 FRANCISCO JOSE MOREIRA
919557,BECO ESPERANCA 39 COLONIA OLIVEIRA MACHADO
156735,RUA VALMAR MEIRA 2028 NOVO JIPARANA
114244,RUA NILTON OLIVEIRA ARAUJO 2137 SETOR 04
513857,TRAVESSA BEIRA RIO 238 BEIRA RIO
128748,RUA ABILIO FREIRE DOS SANTOS 226 DOIS DE ABRIL
994860,RUA ANTONIO MATIAS 21 SAO JOSE OPERARIO
19211,RUA FLORIANO PEIXOTO 656 SAO GERALDO
507243,AVENIDA RIO JURUA 1959 MIRITZAL
89451,RUA PETRONIO CAMARGO 2084 SAO JOSE
930509,BECO SERINGAL 106 SANTO AGOSTINHO
516464,RUA FRANCISCO AMBROSIO TAVEIRA 451 NAIR ARAUJO
1074431,RUA DJALMA DUTRA 27 NOSSA SENHORA DAS GRACAS
105135,RUA DUQUE DE CAXIAS 1415 GUAJARA MIRIM
810204,ESTRADA AM 010 4 COMUIDADE NOVA CANA
115260,RUA PERNAMBUCO 1875 SETOR 4
1090712,RUA EFESIOS 66 NOSSA SRA DE FATIMA
455089,RUA PRESIDENTE J K 657 CENTRO
922261,BECO JOSE DO PATROCINIO 3 ALEIXO
494573,AVENIDA CORONEL MANCIO LIMA 3542 AEROPORTO VELHO
375345,RUA ARMANDO FAJARDO 602 JARDIM AMERICA
1142888,RUA LAURO BITTENCOURT 1145 SANTO ANTONIO
222563,RUA ALBERTO LOEMBLI 263 CENTRO
557881,RUA BOLIVIA 491 BAIXA DA CADEIA VELHA
1105743,RUA GILBERTO MESTRINHO 6 PETROPOLIS
229857,RUA ANTONIO VIOLAO 3362 TANCREDO NEVES
995581,RUA APUI 10 FLORES
524626,RAMAL PENTENCOSTES 192 ALTO PENTENCOSTES
155810,RUA TREZE DE SETEMBRO 560 JARDIM DOS MIGRANTES
1077750,RUA DO PLATINA 111 TANCREDO NEVES COMUNIDADE NOVA FLORESTA
998524,RUA ARMANDO MENDES 45 DOM PEDRO I
384322,RUA SETECENTOS E TRINTA E SETE OU ANTONIO GONCALVES 1833 CRISTO REI
401131,RUA OLIVIO CARDOSO BORGES 4450 ZONA RURAL
656476,RUA SEM DENOMINACAO 5 20 ELGENIO ALGUSTO AREAL
1056206,RUA DA CACHOEIRA 134 SAO RAIMUNDA
152134,RUA RIO JARU 1347 DOM BOSCO
905547,AVENIDA PRESIDENTE COSTA E SILVA 1149 RAIZ
565615,RUA DAS OLIVEIRAS 470 TROPICAL
1045119,RUA CIRCULAR 2 70 NOVO ALEIXO
962792,RUA 242 10 CIDADE NOVA
384979,RUA UM MIL OITOCENTOS E SEIS 4879 BELA VISTA
1040712,RUA CINCO 221 PARQUE 10
362571,AVENIDA BENNO LUIS GRAEBIM 7 JARDIM ELDORADO
690710,RUA MATHIAS FERREIRA LIMA 450 WALDOMIRO SAMPAIO
546585,RODOVIA AC 40 1529 BAIRRO SANTA HELENA
689515,RUA ERNESTO CASCAIS 90 BAIRRO SAO JOSE
384988,RUA UM MIL OITOCENTOS E SEIS 4931 BELA VISTA
1022889,RUA C 12 CIDADE NOVA
910327,BECO AMIZADE 334 SAO JOSE OPERARIO
801812,RUA HILARIO ANTUNES 1782 SANTO ANTONIO
924828,BECO OLAVO BILAC 171 PRESIDENTE VARGAS
876451,AVENIDA GRANDE OTELO 669 PARQUE 10
780844,RODOVIA TRANSAMAZONICA 19 TRANSAMAZONICA
953943,RUA 150 6 NOVA CIDADE
666483,RODOVIA BR 364 672 SAO JOAO
969672,RUA 46 5 CIDADE NOVA
513309,RUA VENEZUELA 46 SATEL
971034,RUA 50 75 CIDADE NOVA
597244,RUA PROJETADA 714 92 AIRTON SENA
252398,RUA EDUARDO LIMA E SILVA 5052 CIDADE NOVA
872524,AVENIDA EFIGENIO SALES 2222 ALEIXO
168822,AVENIDA TANCREDO NEVES 3136 CENTRO
937972,BECO SAO JOSE 607 COMPENSA
744125,RUA CINCO DE SETEMBRO 421 CENTRO
584698,RUA LUIS Z DA SILVA 248 MANOEL JULIAO
34484,TRAVESSA CODORNA 3791 SETOR 2
232429,RUA ATABAQUE 1539 CASTANHEIRA
124431,AVENIDA DAS SERINGUEIRAS 2057 NOVA BRASILIA
908009,AVENIDA SAO MARCOS 53 NOVO ISRAEL
596335,RUA PRIMEIRO DE MAIO 320 06 DE AGOSTO
968844,RUA 43 7 CONJUNTO AMAZONINO MENDES 1
1084359,RUA DOS MINERAIS 37 JORGE TEIXEIRA
186396,RUA JUSCELINO KUBITSCHESK 1157 BAIRRO DA LIBERDADE
1092676,RUA ERICO VERISSIMO ANTIGA RUA A QUATRO 55 NOVA REPUBLICA
162859,RUA SAO PAULO 2708 NOSSA SENHORA DE FATIMA
183542,RUA DO CACAU 331 JARDIM AEROPORTO
243480,RUA CLAUDIO SANTORO 5180 FLODOALDO PONTES PINTO
547665,RUA 07 175 OBRA DO PAC
988840,RUA AMAZONAS 30 GILBERTO MESTRINHO
1122994,RUA ITAUBA 85 MONTE DAS OLIVEIRAS
247893,RUA DAS FLORES 114 B FLORESTA
222774,RUA ALEGRETE 3672 CASTANHEIRA
19585,RUA FORTALEZA 2645 SETOR 3
215640,AVENIDA URUGUAI 3108 PORTO VELHO
960435,RUA 212 32 NOVA CIDADE
866982,AVENIDA CORACAO DE JESUS 390 COLONIA TERRA NOVA
628670,TRAVESSA MANAUS 63 ELDORADO
237733,RUA BUENOS AIRES 2164 PORTO VELHO
147850,RUA MARINGA 2935 NOSSA SENHORA DE FATIMA
1008744,RUA BARRETOS 439 GILBERTO MESTRINHO
622074,TRAVESSA BENJAMIM CONSTANT 202 CERAMICA
162093,RUA SAO LUIZ 1569 NOVA BRASILIA
804681,RUA PARAISO 3321 JARDIM AMANDA
219705,RUA 1 6 NOVO HORIZONTE
738631,RUA CONTORNO 100 VILA DO ARACA
307143,RUA SILAS SHOCKNESS 2736 FLODOALDO PONTES PINTO
751414,RUA PADRE VICTOR 343 CENTRO
157735,RUA WASHINGTON LUIZ 1095 SAO PEDRO
909532,BECO ADEMAR 110 MAUAZINHO
521405,AVENIDA JAPIIM 8231 CENTO
1019970,RUA BRANCO E SILVA 20 MORRO DA LIBERDADE
799478,RUA BORBA 2720 IRACY
306604,RUA SETE 3874 ZONA SUL
157602,RUA VITORIA REGIA 464 BAIRRO SAO BERNARDO
342098,AVENIDA BRASILIA 4242 BEIRA RIO
921850,BECO JESUS SALVADOR 1 COROADO
1149367,RUA LUIZA 44 TANCREDO NEVES COMUNIDADE NOVO REINO
31972,RUA TRIUNFO 4241 SETOR 09
238247,RUA CACHOEIRA D ITAPEMIRIM 2464 MARCOS FREIRE
770110,AVENIDA JUVENAL DE PAULA E CASTRO 65 GUAJARA
152289,RUA RIO MADEIRA 2001 BELA VISTA
657027,RUA WALTER ILTON MAIA 95 CRISTO LIBERTADOR
335668,AVENIDA SETE DE SETEMBRO 1995 CENTRO
643099,RAMAL ESQUERDO 12 ESQUERDO
990534,RUA AMAZONINO MENDES 21 BAIRRO DA PAZ
802675,RUA JOAO VALERIO 1050 SANTA LUZIA
603981,RUA SEM DENOMINACAO 698 JARDIM EUROPA
1003882,RUA B 81 CIDADE NOVA
316866,RUA VITORIA DO PALMAR 7014 AEROCLUBE
959921,RUA 21 166 NOVO ALEIXO
821144,RUA SAO FRANCISCO 499 CENTRO
716751,IGARAPE ANTIMARI 32 IGARAPE ANTIMARI
852814,AVENIDA ADALBERTO DO VALE 6 BETANIA
345413,AVENIDA MANAUS 6279 CENTRO
383571,RUA SERGIO A CARNIEL OU 31 5958 ALTO ALEGRE
595711,RUA PRECIOSA 146 VITORIA
326471,LINHA 11 DO PNEU 51 BR 425
312788,RUA TURMALINA 9723 ZONA LESTE
1080962,RUA DOIS 180 CIDADE NOVA
101602,AVENIDA ROCHA LEAL 2469 GUAJARA MIRIM
1100618,RUA FORTALEZA 125 TANCREDO NEVES GILBERTO MESTRINHO
303164,RUA SALVADOR 340 PORTO VELHO
2738,AVENIDA RIO DE JANEIRO 3913 CENTRO
915523,BECO CINCO DE SETEMBRO 95 SAO RAIMUNDO
1078885,RUA DOIS 4 CIDADE NOVA
540522,AVENIDA VITORIA REGIA 343 TROPICAL
419457,LINHA 152 NORTE 8 NOVO HORIZONTE
3960,RUA ARTUR BERNADES 4530 BAIRRO REDONDO
360385,LINHA 180 LADO DIREITO 123 ZONA RURAL
760504,BECO MONSENHOR COUINHO OU ABACABAL 1 126 SAO JOSE
19684,RUA FRANCISCO ALVES MENDES FILHO 427 VILA DO SOSSEGO
651627,AVENIDA AVELINO CHAVES 1740 JOSE N SOBRINHO
60031,RUA RURAL 1074 TEIXEIRAO
240178,RUA CARDEAL 3619 CALADINHO
13418,RUA BARRETOS 2977 JARDIM PAULISTA
1047144,RUA CONSTITUICAO 166 NOVA ESPERANCA
131151,RUA B 2923 JORGE TEIXEIRA
573124,RUA FERNANDO SABINO 140 VILA ACRE
1079585,RUA DOIS 23 COROADO
245261,RUA CUPUACUZEIRO 6826 CASTANHEIRA
260236,RUA GERALDO SIQUEIRA 2220 NOVA FLORESTA
286636,RUA NETUNO 3570 NOVA FLORESTA
94037,AVENIDA ALUISIO FERREIRA 1707 GUAJARA MIRIM
270329,RUA JOACABA 6365 ZONA SUL
88256,RUA JERUSALEM 2026 BAIRRO SAO JOSE
665253,TRAVESSA HILTON LESSA CATAO 1610 COPACABANA
1133011,RUA JOAQUIM C MOTA 18 PLANALTO
1118936,RUA IPANEMA 5 LIRIO DO VALE
452830,RUA MATO GROSSO 409 CENTRO
185667,RUA JOAO PAULO PRIMEIRO 1791 JARDIM BANDEIRANTE
929852,BECO SARAIVA 86 ALEIXO
627948,TRAVESSA JOAO QUEIROZ 80 WANDERLEY DANTAS
1018613,RUA BOM JESUS 167 JORGE TEIXEIRA CIDADE DE DEUS
922110,BECO JOAQUIM RIBEIRO 2 SAO FRANCISCO
557343,RUA BLUMENAL 212 BAHIA PALHERAL
370053,AVENIDA UM MIL QUINHENTOS E UM 2320 CRISTO REI
857659,AVENIDA BEIRA MAR 48 COROADO
741104,AVENIDA JUANICO 442 URUCU
616417,RUA SANTA LUZIA 527 ELDORADO
610989,RUA WILLIANS 94 CADEIA VELHA
841033,RUA VALDEMAR VENTURA 2486 SAO JOSE
423463,LINHA 02 17 None
138585,RUA DO JASMIM 2353 BAIRRO SANTIAGO
1028449,RUA CANAMARI 27 CIDADE NOVA
309688,RUA TENREIRO ARANHA 2472 CENTRO
833601,RUA BEIRA RIO 1180 TERRA PRETA
614949,RUA PADRE GILSON BARROS 318 NOVO CALAFATE
486700,RUA EXPEDITO PEREIRA DE SOUZA 426 CENTRO
1014919,RUA BERIMBAL BAIANO 23 ZUMBI DOS PALMARES
690464,RUA JUVENAL DOS SANTOS 182 SAO JOSE
770976,RUA NAZARE FERREIRA 8 GUAJARA
832180,RUA 02 21 MORADA DO SOL
419812,RODOVIA 010 3 NOVO HORIZONTE
865140,AVENIDA CONSTANTINO NERY 1510 SAO GERALDO
865268,AVENIDA CONSTANTINO NERY 2229 CAHAPADA
1087300,RUA DUZENTOS E DOIS 22 CIDADE NOVA N16
236446,RUA BOM JESUS 5454 CASTANHEIRA
876414,AVENIDA GRANDE CIRCULAR ANTIGA AUTAZ MIRIN 5563 SAO JOSE OPERARIO 1
899284,AVENIDA UIRAPURU 32 COROADO
937507,BECO SAO JOSE 42 SAO JORGE
605508,RUA TAMBORIM 120 SAO FRANCISCO
776787,RUA MONTEIRO 3294 DIVINO PRANTO
308330,RUA TAMAREIRA 4668 CALADINHO
1105535,RUA GERSONEY SANTOS 38 PARQUE 10 DE NOVEMBRO
135469,RUA CHICO MENDES 359 PARQUE SAO PEDRO
386700,TRAVESSA B 4981 BELA VISTA
112560,RUA JOSE LUIS JACOB 3566 SETOR 08
771836,AVENIDA CINCO DE SETEMBRO 491 CENTRO
17472,RUA DIAMANTES 1197 PARQUE DAS GEMAS
1063218,RUA DAS BOBINAS 10 JORGE TEIXEIRA
25489,RUA MOCOCA 5245 NOVE
124732,AVENIDA DOIS DE ABRIL 2076 DOIS DE ABRIL
532008,TRAVESSA RAIMUNDO DO T. DE CARVALHO 40 CAGEACRE
363759,AVENIDA DAS ORQUIDEAS 1775 JARDIM PRIMAVERA
325950,ESTRADA RODOVIA 425 10 BR 425
400439,LINHA LINHA 13 57 ZONA RURAL
509064,RODOVIA 364 50 SANTA LUZIA
314781,RUA VENEZUELA 1713 NOVA PORTO VELHO
305125,RUA SEM DENOMINACAO 20 AEROCLUBE
38023,RUA BOROROS 2919 CENTRO
555140,RUA BAGUARY 84 TAQUARI
769535,RUA PRESIDENTE MEDICI 233 ACACU
1023945,RUA C 289 CAMPOS SALES
70338,RUA FORTALEZA 633 CENTRO
1069352,RUA DEZ 66 JORGE TEIXEIRA 4 ETAPA
198106,RUA CARLOS CHAGAS 383 CTG
142624,RUA IDELFONSO DA SILVA 2018 NOVA BRASILIA
280571,RUA MALTA 5035 FLODOALDO PONTES PINTO
1102652,RUA G 8 LIRIO DO VALE
472708,RUA SEM DENOMINACAO 4208 SETOR 4
963061,RUA 247 53 CONJUNTO CIDADAO VII
376456,RUA CORBELIA 750 JARDIM AMERICA
1013370,RUA BELO HORIZONTE 1830 ADRIANOPOLIS
989357,RUA AMAZONAS 117 NOVO ALEIXO
633019,TRAVESSA VERONEZE 259 SAO FRANCISCO
1061572,RUA DALVA DE OLIVEIRA 45 TANCREDO NEVES
634628,VIA CHICO MENDES 770 BAIRRO 15
308941,RUA TANGARA 1918 CASTANHEIRA
921018,BECO INDEPENDENCIA 17 DISTRITO I II
860032,AVENIDA BRASIL 2395 COMPENSA
795113,AVENIDA SETE DE SETEMBRO 159 BAIRRO CENTRO
622974,TRAVESSA CANOA 32 SANTA MARIA
351613,RUA CAPIBARIBE 4704 PLANALTO
17737,RUA DO LIRIO 2211 SETOR 4
23436,RUA LAJES 5099 NOVE
1132589,RUA JOAO QUEIROS 700 BAIRRO DA PAZ
946211,RUA 05 118 TARUMA
743626,RUA CANDIDO HONORIO 36 CENTRO
235826,RUA BIDU SAIAO 6439 APONIA
525532,RUA FRANCISCO FERREIRA MENDES 71 MANUEL URBANO
922209,BECO JORGE TEIXEIRA 17 ALEIXO
215794,AVENIDA GOVERNADOR JORGE TEIXEIRA 2489 LIBERDADE
720299,RUA SEM DENOMINACAO 77 BELA VISTA
857154,AVENIDA BARCELOS 2420 CACHOEIRINHA
537702,AVENIDA EDMUNDO PINTO 3 SAO FRANCISCO
556002,RUA BEIJA FLOR 44 TANCREDO NEVES
793542,AVENIDA AQUILINO BARROS 995 SANTA LUZIA
886905,AVENIDA OITIS 37 ARMANDO MENDES
68267,AVENIDA DOS ESTADOS 1375 CENTRO
225649,RUA AMERICA 6641 TRES MARIAS
1062363,RUA DANILO CORREA 1712 BAIRRO RAIZ
976931,RUA A 34 C NOVA
985801,RUA ALEXANDRE AMORIM 300 NOSSA SENHORA APARECIDA
111778,RUA JOAO BATISTA 835 SETOR 07
1068855,RUA DEZ 7 JAPIIM
639753,RUA INDEPENDENCIA 2 54 CONJUNTO NOVO
988088,RUA AMARAL MONTE NEGRO 71 COROADO
272396,RUA JOAQUIM BRITO 8447 TEIXEIRAO
378787,RUA JOSE GOMES FILHO OU 731 2123 CRISTO REI
802728,RUA JOAO VALERIO 1342 ARAUJO COSTA
311779,RUA TRES E MEIO 2242 NOVA FLORESTA
283684,RUA MAURICIO FREIRE 3736 TANCREDO NEVES
170131,RUA AIRTON SENNA DA SILVA 3778 UNIAO
251173,RUA DOS COQUEIROS 856 NOVA FLORESTA
236026,RUA BLUMENAU 11531 PORTO VELHO
134505,RUA CASTRO ALVES 1726 JARDIM PRESIDENCIAL 3
977342,RUA A 171 CIDADE NOVA
168019,AVENIDA MARIO COVAS 3121 CENTRO
1001781,RUA AUSTRIA 430 FLORES
766683,BECO SAO FRANCISCO 327 CENTRO
863559,AVENIDA CODAJAS 271 CACHOEIRINHA
1111669,RUA HEBRON 18 CIDADE DE DEUS
485362,TRAVESSA JULIETA ESTEVAO KAIRALA 51 CENTRO
666574,RODOVIA BR 364 2465 CORCOVADO
731207,RUA RAIMUNDO PORFILIO DO NASCIMENTO 18 FATIMA
915579,BECO CINCO DE SETEMBRO 2 386 JAPIIM
879064,AVENIDA ITAUBA 1192 JORGE TEIXEIRA 2 ETAPA
407230,ESTRADA LCH 75 58 ZONA RURAL
727462,TRAVESSA MONSENHOR INACIO 107 CANUTAMA
120327,LINHA 612 50 JARU
1054504,RUA D 31 SAO JOSE OPERARIO 3
105487,LINHA 5 LAJE VELHO 10 GUAJARA MIRIM
437661,AVENIDA GOVERNADOR JORGE TEIXEIRA 287 DISTRITO
50845,RUA DA COMEMORACAO 5966 RIOZINHO
70295,RUA FLORIANOPOLIS 1787 CENTRO
391382,LINHA 86 2 ZONA RURAL
561250,RUA CICERO LEAO DE PAIVA 188 RESIDENCIAL IOLANDA
990535,RUA AMAZONINO MENDES 21 PARQUE 10
321368,RUA MARECHAL DEODORO 2808 OLARIA
1151791,RUA MAGUARIBE 92 NOVO ALEIXO
705251,AVENIDA VICENTE GOMES 213 RIBERINHO
25454,RUA MIRANTE DA SERRA 2177 RURAL
749501,RUA RODAO MARTINS 222 UNIAO
705317,BECO DO JUNHO 60 RIBERINHO
644464,RUA DOS MILITAR 18 CIDADE NOVA
182473,RUA ARI PINHEIRO 66 JARDIM AEROPORTO
379397,RUA MARANHAO 2197 PARQUE IND NOVO TEMPO
505945,TRAVESSA DA ALEGRIA 141 BAIRRO VINTE E CINCO DE AGOSTO
45846,AVENIDA RIO DE JANEIRO 890 NOVO CACOAL
1130448,RUA JESUS DA LIBERTACAO 66 PARQUE SAO PEDRO
340330,RUA 13 DE FEVEREIRO 1616 CENTRO
447154,LINHA 81 440 LNHA 81 KM 60
125076,AVENIDA EDSON LIMA DO NASCIMENTO 2140 PARQUE DOS PIONEIROS
120497,LINHA 619 2 ZONA RURAL
1145447,RUA LIBERTADOR 734 NOSSA SENHORA DAS GRACAS
558080,RUA BOM JESUS 196 PLACAS/XAVIER MAIA
904865,AVENIDA PRESIDENTE CASTELO BRANCO 1850 CACHOEIRINHA
238625,RUA CAETANO DONIZETE 6324 APONIA
553231,RUA ANTONIO BOTO 59 AEROPORTO VELHO
957002,RUA 19 9 CIDADE NOVA
352980,RUA GUAPORE 5307 CENTRO
1070225,RUA DEZ DE JULHO 481 CENTRO
958630,RUA 2 DE AGOSTO 70 BAIRRO DA UNIAO
22383,RUA JI PARANA 2059 SETOR BNH
14230,RUA BRUSQUE 4984 NOVE
156629,RUA VALDIR BATISTA DE MEDEIROS 1690 NOVO JIPARANA
625233,TRAVESSA DO CARLOS 506 SANTA MARIA
512468,RUA MADRE PAULINA 749 AR EROPORTO
1130204,RUA JERUSALEM 51 JAPIIM
464849,AVENIDA JOSE MOREIRA DE MIRANDA 163 CENTRO
1070675,RUA DEZENOVE 15 CIDADE DE DEUS
392850,AVENIDA BUENOS AIRES 1770 NOVA DIMENSAO
34903,TRAVESSA VIOLETA 3851 SETOR 4
589575,RUA MINAS GERAIS 948 IVETE VARGAS
1012443,RUA BELIAN 21 FLORES
387733,LINHA 155 72 155 CASCALHEIRA
856017,AVENIDA AUTAZ MIRIM ANTIGA GRANDE CIRCULAR 5556 SAO JOSE OPERARIO
682659,AVENIDA GETULIO VARGAS 806 CENTRO
682037,RUA RAIMUNDO PINTO BRANDAO 89 ANORI
255646,RUA EUDOXIA DE BARROS 6209 PORTO VELHO
1027230,RUA CAMPINA GRANDE 200 SANTO AGOSTINHO
710219,RUA GARCA BRANCA 296 PERIMETRO URBANO
837974,RUA MANOEL GONCALVES BASTOS 366 TERRA PRETA
452150,LINHA KAPA 24 45 SETOR RURAL
444554,RUA AMAPA 1895 CENTRO
440613,RUA JOAO SANTANA DA SILVA 1603 CENTRO
895286,AVENIDA SETE DE SETEMBRO 1251 CENTRO
1116939,RUA ILHA DA MADEIRA 90 NOVA CIDADE
1049295,RUA CRAVO 23 ALEIXO
846195,RODOVIA MANOEL URBANO 76 VILA DO UBIM
811580,RAMAL DO DESVIO 16 VILA DE LINDOIA
70651,RUA JOAQUIM CARDOSO DOS SANTOS 2845 CENTRO
367552,AVENIDA QUINZE DE NOVEMBRO 3700 CENTRO
312654,RUA TUNIS 57 ELETRONORTE
1107887,RUA GREGORIO DIAS 59 SAO LAZARO
760253,BECO 05 1684 NOSSA SENHORA DE FATIMA
242847,RUA CINCO DE OUTUBRO 1665 PORTO VELHO
417998,RUA PRESIDENTE TANCREDO NEVES 380 SETOR 8
1038116,RUA CHICO MENDES 196 COLONIA TERRA NOVA
1003967,RUA B 109 COROADO
877910,AVENIDA IGARAPE DE MANAUS 34 CACHOERINHA
411674,RUA JANAIR DE PAULA NETO 549 SETOR 07
1092038,RUA ENCARNACAO 163 CIDADE DE DEUS
533743,RODOVIA AC 40 KM 49 49 AREIA BRANCA
532514,RAMAL DO BAIANO 64 INVASAO DO HELENO
793877,AVENIDA CHIBLY ABRAHIM 1486 TIRADENTES
322046,RUA PADRE CHIQHINHO 2494 LIBERDADE
886805,AVENIDA O 68 ALVORADA
66769,LINHA 4 11 CACOAL
275826,RUA JOSE SARNEY 142 CENTRO
627658,TRAVESSA JERUSALEM 144 AIRTON SENA
458277,RUA TIRADENTES 2489 CIDADE BAIXA
86253,RUA AMAZONAS 3125 BAIRRO LIBERDADE
1148376,RUA LUIS SOARES 9 AMAZONINO MENDES II
99948,AVENIDA NOVO SERTAO 2968 GUAJARA MIRIM
963147,RUA 248 37 CONJUNTO CIDADAO VII
958759,RUA 2 SEM DENOMINACAO DA PORTELINHA 145 SAO JOSE 2
909140,AVENIDA VISCONDE DE PORTO SEGURO 730 PARQUE 10 DE NOVEMBRO
1016780,RUA BOA VIDA 303 COROADO
1122658,RUA ITAPIRANGA 89 TANCREDO NEVES COMUNIDADE SAO LUCAS
955804,RUA 176 43 NOVO ALEIXO
215746,AVENIDA VENEZUELA 2870 EMBRATEL
777246,RUA OURO PRETO 1137 NOVA HUMAITA
1014139,RUA BENJAMIN CONSTANT 5 PETROPOLIS
1016291,RUA BOA ESPERANCA 280 DISTRITO 1 E 2
1052978,RUA CURITIBA 242 GILBERTO MESTRINHO
531584,RUA TUPINIQUINS 574 CAMPINAS
454518,RUA LINHA FA 01 49 None
610032,RUA VITAL BRASIL 172 ESTACAO EXPERIMENTAL
660331,AVENIDA AVELINO LEAL 1 COPACABANA
1144443,RUA LEOPOLDO NEVES 209 SANTA LUZIA
9718,AVENIDA PERIMETRAL LESTE 1051 SETOR DEZ
746243,RUA G 36 UNIAO
841474,RUA WALDEMAR VENTURA 767 SAO JOSE
858343,AVENIDA BILLIE HOLIDAY 31 PQ DEZ DE NOVEMBRO
956183,RUA 18 322 ALVORADA
189002,RUA TIRADENTES 1010 DA LIBERDADE
1022998,RUA C 16 SAO JOSE OPERARIO
687829,TRAVESSA AUGUSTO LUZEIRO 36 CENTRO
233065,RUA B UM 5567 CASTANHEIRA
365145,AVENIDA JOSE DO PATROCINIO 3237 CENTRO
590134,RUA MONTEVIDEU 254 JOAO EDUARDO I
577031,RUA HENRIQUE ALFANE 150 BOSQUE
454072,LINHA 34 15 LINHA 34
55287,RUA JOSE LINS DO REGO 1030 VISTA ALEGRE
832547,RUA AFONSO PENA 2040 CORRENTEZA
1108528,RUA GUANABARA 86 GILBERTO MESTRINHO
235355,RUA BENJAMIN CONSTANT 2667 SAO CRISTOVAO
955411,RUA 17 79 CIDADE NOVA
461390,AVENIDA J K 126 BAIRRO BELA VISTA
1061215,RUA DALCIDIO JURANDIR 33 NOVO ALEIXO
766858,ESTRADA DO AEROPORTO 41 ESTRADA DO AEROPORTO
758744,COMUNIDADE FLORA 15 PARANA BADAJOS
1011021,RUA BELA VISTA 117 CIDADE DE DEUS
470189,AVENIDA TANCREDO NEVES 3812 CENTRO
1032183,RUA CARTAGENA 68 NOVA CIDADE
738954,RUA TABATINGA 70 VILA DO TILHEIRO
813084,RUA BOA VISTA 393 VILA DO ENGENHO
99959,AVENIDA NOVO SERTAO 3077 GUAJARA MIRIM
921010,BECO INDEPENDENCIA 9 RAIZ
1140389,RUA KOBE 126 PARQUE 10 DE NOVEMBRO
277531,RUA LEAO 2 11878 ULISSES GUIMARAES
271891,RUA JOAO PESSOA 320 PORTO VELHO
747929,RUA MANOEL MARQUES 162 CHAGAS AGUIAR
474550,AVENIDA BRASIL 826 ACRELANDIA
907945,AVENIDA SAO MARCOS 15 NOVO ISRAEL
651939,AVENIDA GUANABARA 1105 CSU
862567,AVENIDA CARVALHO LEAL 1336 CACHOEIRINHA
135300,RUA CEDRO 3770 JK
511986,RUA FRANCISCO B. SOUZA 105 SATEL
37342,TRAVESSAO SODAP 12 ARIQUEMES
795354,AVENIDA CONSELHEIRO RUI BARBOSA 124 BAIRRO CENTRO
269119,RUA JANGADEIRO 4812 FLODOALDO PONTES PINTO
52583,RUA FLORIANOPOLIS 1894 LIBERDADE
847036,RUA 06 535 BAIRRO NOVO
441817,SITIO DO ASSIS 6 SITIO DO ASSIS
528136,AVENIDA DIAMANTINO AUGUSTO DE MACEDO 520 CENTRO
866345,AVENIDA CONSTANTINO NERY 3451 CHAPADA
141398,RUA GIRASSOL 130 DOIS DE ABRIL
682645,AVENIDA GETULIO VARGAS 326 CENTRO
191341,LINHA 80 DA 17 5 LINHA 80 DA 17 SENTIDO JARU
768775,RUA MANOEL VARGAS 390 CENTRO
276277,RUA JULIA 6680 IGARAPE
573605,RUA FLORESTA 229 NOVA ESTACAO
1074384,RUA DIVINOPOLIS 627 COL TERRA NOVA
826278,RUA DOUTOR JORDEVAL 2107 CENTRO
265154,RUA IBOTIRAMA 2237 MARCOS FREIRE
268537,RUA JACY PARANA 4026 AGENOR M DE CARVALHO
952910,RUA 15 20 PARQUE 10
1019153,RUA BOM PASTOR 358 COLONIA TERRA NOVA
553824,RUA AQUARELA 37 CONQUISTA
702870,RUA PRACA DA BANDEIRA 49 CENTRO
342703,AVENIDA CURITIBA 3181 CENTENARIO
844317,TRAVESSA CORONEL MADEIRA 175 CENTRO
323448,RUA SANTA EFIGENIA 4829 INDUSTRIAL
972600,RUA 61 95 AMAZONINO MENDES
116215,RUA RAIMUNDO CATANHEDE 2566 SETOR 05
379302,RUA MANAUS 635 QUINTO BEC
241422,RUA CASTRO ALVES 3161 NOVO HORIZONTE
810472,ESTRADA RONDON 2 32 COMUNIDADE
26631,RUA OSWALDO DE ANDRADE 3475 SETOR 06
570639,RUA EDEM 93 06 DE AGOSTO
92653,LINHA 05 3538 ESPIGAO DO OESTE
797623,RUA ALVARO MAIA 2959 IRACY
164510,LINHA 3 LINHA GL G 3390 2 LINHA GL G
735190,RUA TAQUARINHA 85 CENTRO
362639,AVENIDA BENNO LUIS GRAEBIM 3155 JARDIM PRIMAVERA
295543,RUA PLATANO 2132 MARCOS FREIRE
735599,COMUNIDADE CAPOEIRINHA 5 TAQUARINHA
1018434,RUA BOM JESUS 52 PETROPOLIS
1136318,RUA JOSE FRANCISCO 13 TANCREDO NEVES
342587,AVENIDA CUIABA 5068 BAIRRO PLANALTO
8187,AVENIDA CAPITAO SILVIO 1481 APOIO RODOVIARIO
907250,AVENIDA PROFESSOR NILTON LINS 3776 FLORES
2240,AVENIDA NILO PECANHA 2705 REDONDO
82882,AVENIDA SANTA CRUZ 2357 SETOR 0003
49503,RUA ANTONIO SERGIO GOMES BARBOSA 3599 VILAGE DO SOL
1096419,RUA F 13 CIDADE NOVA
174747,LINHA MC 07 10 MACHADINHO
621639,TRAVESSA BAGUARI 32 TAQUARI
157476,RUA VISTA ALEGRE 1248 JARDIM PRESIDENCIAL
227905,RUA ANGICO 2720 ELETRONORTE
454435,RUA FLAVIO SARAIVA MATOS 3979 QUERENCIA DO NORTE
559769,RUA CAMPO GRANDE 93 RUA CAMPO GRANDE
283279,RUA MARIO TAVARES 5490 FLODOALDO PONTES PINTO
251233,RUA DOS COQUEIROS 1137 NOVA FLORESTA
768499,RUA GENIPAPO 129 MAE CREUZA
864591,AVENIDA CONSTANTINO NERY 138 CENTRO
611805,RUA CORONEL ALEXANDRINO 107 BOSQUE
993916,RUA ANTARCTICA 12 NOVO ISRAEL
614713,RUA PADRE CICERO 543 CONQUISTA
437575,AVENIDA PEDRA BRANCA 2446 CENTRO
478527,RAMAL PORTO DIAS 60 PORTO DIAS
747743,RUA LEONILHA DOS SANTOS 542 LIBERDADE
743531,RUA C 110 UNIAO
357633,LINHA 176 LADO SUL 14 ROLIM DE MOURA
973686,RUA 7 327 ALVORADA
1021381,RUA BRASILEIA 37 COMPENSA
268450,RUA JACY PARANA 3725 NOVA PORTO VELHO
926912,BECO RUI BARBOSA 56 COMPENSA
952730,RUA 148 22 NOVA CIDADE
1121158,RUA ISRAEL 20 COLONHA TERRA NOVA
59690,RUA ROSINEIA DE SOUZA 3452 VILAGE DO SOL
470876,RUA RIO BRANCO 2310 CENTRO
432046,RUA OSVALDO CRUZ 3690 CENTRO
788160,RUA DOS COQUEIROS 130 INTEGRACAO
1052341,RUA CURIO 39 SAO JOSE OPERARIO
566572,RUA DEZ DE JULHO 698 PLACAS
1099121,RUA FLAVIO COSTA 51 COROADO
18251,RUA ECOARA 3359 JORGE TEIXEIRA
492750,AVENIDA GETULIO VARGAS 380 CENTROS
1132548,RUA JOAO QUEIROS 140 BAIRRO DA PAZ
1110099,RUA GURUPI 1819 REDENCAO
1149819,RUA M 21 CIDADE NOVA
869911,AVENIDA DJALMA BATISTA 3000 PQ DEZ DE NOVEMBRO
159094,RUA DOUTOR FIEL 40 VILA JOTAO
711485,AVENIDA NIZIO LIMA 385 PLATO DO PIQUIA
573114,RUA FERNANDO LIRA 280 ESTACAO EXPERIMENTAL
655344,RUA NEWTON PRADO 705 CAFEZAL
42072,AVENIDA DAS MANGUEIRAS 2194 JARDIM VISTA ALEGRE
263164,RUA GUAPORE 4864 IGARAPE
1131879,RUA JOAO DOURADO 22 NOVO ALEIXO
130695,RUA ARSENO RODRIGUES 296 URUPA
651173,RODOVIA BR 317 6 RODOVIA BR 317
341844,AVENIDA BOA VISTA 4139 CENTRO
812874,RUA AMATARI 201 NOVO REMANSO
842299,RUA CORONEL MADEIRA 1281 LIBERDADE
952447,RUA 144A 24 NOVA CIDADE
505510,RUA PADRE ALFREDO LEITE 290 AEROPORTO VELHO
1022647,RUA C 1 PLANALTO
841720,RUA ALMIRANTE TAMANDARE 658 LIBERDADE
432907,AVENIDA CANARIO 2504 SETOR 07
973345,RUA 7 21 AMAZONINO MENDES
99068,AVENIDA MADEIRA MAMORE 4665 NOSSA SENHORA APARECIDA
969562,RUA 45 12 NOVO ALEIXO
251801,RUA ECA DE QUEIROZ 8568 PORTO VELHO
942840,ESTRADA PONTA NEGRA 14 PONTA NEGRA
231743,RUA AROEIRA 5526 ZONA SUL
550117,RUA ADALBERTO SENA 259 SOBRAL
988921,RUA AMAZONAS 36 GILBERTO MESTRINHO
385841,RUA WASHINGTON PISSINI OU 15 DE NOVEMBRO 1833 BAIRRO SAO JOSE
669625,RUA DOUTOR BATISTA DE MORAIS 6 CENTRO
662423,RUA ISAURA BORGES 431 BAIRRO TRIANGULO
693269,RAMAL DO MUTUCA 50 MONTE SINAI
492852,AVENIDA GETULIO VARGAS 1832 REMANSO
602670,RUA SAPOLANDIA 320 CONQUISTA
339929,RODOVIA BR364 1040 BANDEIRA BRANCA
9560,AVENIDA PERIMENTAL LESTE 4075 SETOR 11
453453,AVENIDA GETULIO VARGAS 4152 CENTRO
902247,AVENIDA DESEMBARGADOR JOAO MACHADO 136 ALVORADA
882641,AVENIDA LIBERDADE 635 MONTE DAS OLIVEIRAS
144965,RUA JOSE EDUARDO VIEIRA 2857 SAO FRANCISCO
908024,AVENIDA SAO MARCOS 62 NOVO ISRAEL
770527,RUA EDSON HERCULANO 339 GUAJARA
25515,RUA MOCOCA 5345 NOVE
780912,RODOVIA OUTROS BR 319 43 SAO JOAO
239448,RUA CANIDE 12366 PORTO VELHO
538823,AVENIDA GETULIO VARGAS 1811 BOSQUE
1081501,RUA DOIS 699 FLORES
728706,RIO MUCUIM 3 LAGO DO ACANIA
1132227,RUA JOAO PAULO 6 197 MONTE DAS OLIVEIRAS
754295,PARADOURO COPEA 18 NOVA JERUSALEM
116665,RUA RIO DE JANEIRO 1387 SETOR 07
534558,RUA DOM LUIS HERBERTES 1001 BAIRRO MALOCA
643435,RAMAL PARANA DOS MOURAS 54 FOZ DO PARANA
1088097,RUA E 6 LAGO AZUL
240021,RUA CARAMELO 3126 COSTA E SILVA
619664,RUA SAO SEBASTIAO 612 NOVA ESTACAO
667895,RUA EVARISTO S. DA SILVA 144 MULTIRAO
522694,RUA LUIZ MAIA DIAS 320 GUARANI
453065,RUA SANTA CATARINA 1455 CENTRO
437432,TRAVESSAO DO RIO PRETO A B 94 111 ZONA RURAL
496224,RUA ALFREDO TELES 227 None
157147,RUA VILAGRAN CABRITA 2072 CASA PRETA
680926,COMUNIDADE NOSSA SENHORA PEPERTUO SOCORRO 10 MARGEM DO RIO SOLIMES
962248,RUA 236 26 CIDADE NOVA
746112,RUA FRANCISCO ROCHA DE CARVALHO 221 TAUA MIRIM
415219,ENTRADA ENTRADA LC 34 1 PA RIO ALTO
1128460,RUA JASMIM 38 TANCREDO NEVES
568095,RUA DO FLAMENGO 18 MONTANHEIS
63032,RUA PRESIDENTE KENNEDY 823 NOVA ESPERANCA
830296,AVENIDA JOAO XXIII 1303 CENTRO
143689,RUA JI PARANA 1220 BAIRRO SAO BERNARDO
43706,AVENIDA JUSCELINO KUBITSCHEK 412 NOVO HORIZONTE
306130,RUA SEM NOME 378 PORTO VELHO
611785,RUA CORONEL ALEXANDRINO 41 BOSQUE
872894,AVENIDA ESTRADA DO ALEIXO 10067 SAO JOSE OPERARIO 4
141599,RUA GOIANIA 1891 NOVA BRASILIA
655813,RUA QUINTINO BOCAIUVA 1140 CENTRO
472795,RUA TREZE DE FEVEREIRO 2011 SETOR 4
307854,RUA TABAJARA 2222 SAO JOAO BOSCO
874952,AVENIDA G 30 CIDADE NOVA
521024,AVENIDA JAPIIM 336 GUARANI
658074,RUA SARGENTO SOUZA 725 VILA MILITAR
975722,RUA 9 197 AMAZONINO MENDES
220232,RUA 3 45 NOVO HORIZONTE
1133704,RUA JONATHAS PEDROSA 364 CENTRO
229818,RUA ANTONIO VIOLAO 2948 JUSCELINO KUBITSCHEK
788074,RUA DO IGARAPE 62 MUTIRAO CACAU
1092086,RUA ENCONTRO DAS AGUAS 34 MAUAZINHO
68219,AVENIDA DAS NACOES 3647 CENTRO
1051639,RUA CUNHA MELO 1886 BAIRRO PETROPOLIS
531033,RUA NELSON DE SOUZA NERY 690 OLARIA
530314,RUA JOSE PEREIRA NOLASCO 220 CENTRO
1052872,RUA CURITIBA 38 NOSSA SENHORA DAS GRACAS
274819,RUA JOSE DE ALENCAR 3720 OLARIA
235799,RUA BIDU SAIAO 6298 APONIA
487019,RUA JOSE MOURA 9 CENTRO
796400,RUA 12 DE JUNHO 2693 EDUARDO BRAGA I
228064,RUA ANGICO 3490 ZONA SUL
556161,RUA BEIRA RIO 246 BAIRRO CIDADE NOVA
942714,ESTRADA JOSE ROMAO 81 SAO JOSE OPERARIO
654320,RUA JOSE SOARES DA SILVA 84 BAIRRO VITORIA
121213,LINHA 632 2610 TARILANDIA
156212,RUA TRINTA E UM DE MARCO 1472 BAIRRO SANTIAGO
528998,RUA CARIJOS 1 CAMPINAS
87575,RUA ESPERANCA 1906 BAIRRO CIDADE ALTA
491670,RODOVIA BR 317 48 ORTIGRANJEIRA
635363,ESTRADA AC 10 555 ESTRADA DE PORTO ACRE
580757,RUA JOAQUIM MACEDO 215 SAO FRANCISCO
784947,AVENIDA SOLIMOES 444 BAIRRO ALTO
866765,AVENIDA CONTORNO NORTE 17 ARMANDO MENDES
1135980,RUA JOSE FAUSTINO 227 COLONIA SANTO ANTONIO
887769,AVENIDA PEDRO TEIXEIRA 1013 DOM PEDRO I
1043819,RUA CINQUENTA E NOVE A 8 NOVA CIDADE
266460,RUA INTERNACIONAL 3460 LAGOINHA
904782,AVENIDA PRESIDENTE CASTELO BRANCO 1666 CACHOEIRINHA
68743,AVENIDA SAO PAULO 2454 CENTRO
554634,RUA AZALEIA 121 JARDIM PRIMAVERA
459807,LINHA 06 89 SETOR RURAL
65390,LINHA 08 35 LINHA 08
630616,TRAVESSA PRIMAVERA 71 BOA UNIAO
152664,RUA RIO SOLIMOES 500 DOM BOSCO
1012689,RUA BELO HORIZONTE 34 TANCREDO NEVES
143214,RUA IPE 2741 VALPARAISO
505342,RUA MAJOR ASSIS DE VASCONCELO 1165 25 DE AGOSTO
1522,AVENIDA ISAURA KWIRANT 2605 PRINCESA ISABEL
628884,TRAVESSA MARIA AMELIA 59 JOAO EDUARDO II
361905,AVENIDA AMAZONAS 5598 QUINTO BEC
1139390,RUA JURUNAS 490 CIDADE NOVA
265412,RUA IDALVA FRAGA MOREIRA 2666 PORTO VELHO
1007666,RUA BARREIRINHA 12 SAO JOSE 1
690102,RUA JOAQUIM AUGUSTO DE QUEIROZ 94 BAIRRO DE OLINDA
83292,AVENIDA AV GRAZIELLI ARIESTTES WENCILL 8348 SETOR 0009
43151,AVENIDA GUAPORE 3317 JARDIM CLODOALDO
4519,RUA NEREU RAMOS 4465 BAIRRO REDONDO
807065,RUA CORONEL SERUDO MARTINS 1119 IRACY
736410,LAGO MAMORI 239 LAGO DO MAMORI MARGEM DIREITA
1030050,RUA CARAUARI 15 MONTE DAS OLIVEIRAS
982878,RUA AGATA 20 TANCREDO NEVES
48827,RUA ANTONIO DE PAULA NUNES 1480 CENTRO
287530,RUA NOEL ROSA 7 SAO SEBASTIAO
511688,RUA BELA VISTA 210 VILA VITORIA
1081685,RUA DOIS A 5 PARQUE 10 DE NOVEMBRO
195024,AVENIDA QUILOMBO DOS PALMARES 290 JARDIM DAS OLIVEIRAS
535981,ALAMEDA PORTUGAL 1457 JARDIM EUROPA
195671,AVENIDA SALVADOR 1713 NOVA PIMENTA
385445,RUA V CINCO 10 COHAB
666737,RODOVIA BR 364 146981 LIBERDADE
926975,BECO SABA 105 DISTRITO 1 E 2
333273,TRAVESSA RIO JACI PARANA 7 MARGEM DIREITA RIO JACI
1073608,RUA DEZOITO DE SETEMBRO 222 SAO JORGE
974098,RUA 7 DE SETEMBRO 150 GILBERTO MESTRINHO
892180,AVENIDA RIO JAMARY 300 NOSSA SENHORA DAS GRACAS
1054983,RUA D 105 COROADO
1042460,RUA CINCO DE SETEMBRO 504 SAO RAIMUNDO
162653,RUA SAO PAULO 1411 NOVA BRASILIA
239315,RUA CANDIDO PORTINARI 8684 ESCOLA DE POLICIA
713216,RUA CANAA 291 PRAIA DO GADO
1148986,RUA LUIZ ANTONY 1177 NOSSA SENHORA APARECIDA
990683,RUA AMAZONINO MENDES 68 PETROPOLIS
552304,RUA ALVORADA 263 VITORIA
793915,AVENIDA FRANCISCO FIUZA LIMA 3235 JARDIM AMANDA
835493,RUA ELADIO ALBUQUERQUE 951 NOVA MANACA
45041,AVENIDA PORTO VELHO 2328 CENTRO
287984,RUA NOVA ESPERANCA 3721 CALADINHO
980955,RUA ACAUA 118 FLORES
372428,RUA 1. DE MAIO 1595 BAIRRO SAO JOSE
207729,AVENIDA GETULIO VARGAS 3116 SAO JOAO BOSCO
150556,RUA PEDRO TEIXEIRA 1440 CENTRO
114704,RUA PARA 1850 SETOR4
44826,AVENIDA PORTO ALEGRE 619 NOVO CACOAL
289166,RUA OSCARITO 8850 ZONA LESTE
17960,RUA DO SABIA 1343 SETOR 2
499500,RUA DO EMBIRA 1318 SABOEIRO
1060621,RUA DA PROSPERIDADE 1432 COMPENSA
354878,RUA RIO VERDE 4376 CENTRO
990773,RUA AMBE 90 JORGE TEIXEIRA COMUNIDADE VAL PARAISO
499771,RUA DO MURU 661 JOAO ALVES
920199,BECO FORTIM 51 PRESIDENTE VARGAS
382713,RUA RUA NOVE 578 BAIRRO JARDIM ELDORADO
1065258,RUA DAS MAGNOLIAS 66 JORGE TEIXEIRA
426034,RUA CASTELO BRANCO 653 BAIRRO UNIAO
967444,RUA 39 26 CIDADE NOVA
499528,RUA DO EMBIRA 1470 SABOEIRO
748113,RUA MARIA ALMEIDA 75 PERA 2
364103,AVENIDA DEZESSETE 1778 BELA VISTA
274922,RUA JOSE DE ALENCAR 4691 PEDRINHAS
440460,RUA GOIANIA 1615 CENTRO
204288,AVENIDA AVENIDA PINHEIRO MACHADO 2686 SAO CRISTOVAO
767365,RUA BARNABE GOMES 55 SAO FRANCISCO II
987472,RUA ALVARAES 122 GILBERTO MESTRIHO
611750,RUA CAPITAO CIRILO 225 AVIARIO
318874,RUA CAPITAO NATANAEL AGUILAR 1631 AGENOR M DE CARVALHO
147744,RUA MARINGA 2204 NOVA BRASILIA
568464,RUA DO MAMOEIRO 84 ADALBERTO SENA
543113,ESTRADA ALBERTO TORRES 160 GERALDO FLEMING
245501,RUA CURITIBA 4013 CALADINHO
270590,RUA JOAO DE SOUZA LIMA 5629 FLODOALDO PONTES PINTO
474031,LINHA 2OO KM48 68 KM 48
997077,RUA ARAUJO FILHO 22 PETROPOLIS
930081,BECO SEM DENOMINACAO 12 SAO FRANCISCO
190681,LINHA 166 33 LINHA 200
153356,RUA SAULO ALCANTARA 2177 NOVA LONDRINA
47921,RUA AMILTON BOLSSO 4040 VILAGE DO SOL
905525,AVENIDA PRESIDENTE COSTA E SILVA 1149 RAIZ
486514,RUA CELSO GARCIA 101 CENTRO
33385,RUA WASHINGTON 903 SETOR DEZ
971849,RUA 58 28 CIDADE NOVA
246787,RUA DA PISTA 111 CENTRO
813538,RUA GUARANI 197 NOVO REMANSO
398124,RUA CARLOS GOMES 4905 CENTRO
558621,RUA BOULEVARD AUGUSTO MONTEIRO 838 QUINZE
373630,RUA 34 OU AV CARMELITA FIRMINA 6889 SETOR IMBRATEL
279398,RUA LUIZ GAMA 8022 PORTO VELHO
827100,ALDEIA JAPIIM 16 RIO PACIA
542996,ESTRADA AC90 290 SOBRAL
58149,RUA PEDRO SPAGNOL 3985 TEIXEIRAO
58882,RUA RAIMUNDO FAUSTINO FILHO 3896 VILAGE DO SOL
841661,RUA ZORAIDA ALEXANDRE 890 NOVA MANACA
670609,RUA ASSUNCAO DAVID MORAES 349 PORTO ACRE
499203,RUA DO AMAZONAS 2201 BATE
547635,RUA 06 DE MAIO 223 SOBRAL
140624,RUA FIGUEIRA 64 BAIRRO SAO BERNARDO
559521,RUA CAMBURIU 65 BOSQUE
735034,RUA RAIMUNDO CAVALCANTE 86 SEBASTIAO BORGES
675081,RUA PASTOR BERNARDES 131 VILA DO INCRA
1148280,RUA LUIS MONTENEGRO 373 JORGE TEIXEIRA
734467,RUA MARIO JORGE GUEDES DA SILVA 6 BAIRR NOVO
236204,RUA BOLIVIA 363 SANTA BARBARA
680246,RUA RAIMUNDO TAVARES DA S. 313 ANAMA
1122594,RUA ITAPIRANGA 37 TANCREDO NEVES COMUNIDADE SAO LUCAS 1 E
901350,AVENIDA DESEMBARGADOR GASPAR GUIMARAES 8 BAIRRO DA UNIAO
985850,RUA ALEXANDRE AMORIM 500 NOSSA SENHORA APARECIDA
978528,RUA A DOIS 4131 NOVA REPUBLICA
845445,RAMAL PALESTINA 110 COMUNIDADE DA PALESTINA
923361,BECO MARFIM 34 CIDADE DE DEUS
907743,AVENIDA SAO JORGE 207 SAO GERALDO
605430,RUA TAMANDARE 236 BOSQUE
925086,BECO PANTANAL 5 TANCREDO NEVES
173938,LINHA LJ 4 51 MACHADINHO
232084,RUA ARUBA 7564 TANCREDO NEVES
672117,RAMAL DO MEIO 10001 PROJETO TOCANTINS
1134454,RUA JORGE ANTONIO 83 COMPENSA
980282,RUA ABRAAO CARDOSO 604 COMPENSA
523167,RUA SEM DENOMINACAO 14 GUARANI
362382,AVENIDA BEIRA RIO 3534 CENTRO
244030,RUA CONSTELACAO 8742 PORTO VELHO
1017321,RUA BOA VISTA 329 SAO RAIMUNDO
317511,RUA YPE 383 ELDORADO
612222,RUA CORONEL JOAO CANCIO 436 MANOEL JULIAO
779936,ESTRADA OUTROS BR 230 TRANSAMAZONICA 2064 COM SANTA MARIA AUXILIADORA
1092180,RUA ENEIDA MORAES 245 AMAZONINO MENDES 2
791540,TRAVESSA TRES 161 MUTIRAO
981084,RUA ACRA 71 NOVA CIDADE
1097629,RUA FE EM DEUS 52 COMPENSA 2
163561,ESTRADA LINHA 207 2165 GLEBA 32 E 33
463739,RUA DUQUE DE CAXIAS 2464 CENTRO
1112435,RUA HERCULANO DE SOUZA 235 AMAZONINO MENDES II
890943,AVENIDA RAMOS FERREIRA 1189 CENTRO
815188,RUA ANTONIO GRACIANO DE FARIAS 642 SAO TOME
706333,RUA TAMBAQUI 33 BAIRRO SANTO ANTONIO
1005475,RUA B UM 16 CIDADE DE DEUS
180567,AVENIDA GONCALVES DIAS 2645 JARDIM AEROPORTO
191009,LINHA 204 LADO DIREITO 91 LADO DIREITO
142541,RUA I 44 MARIO ANDREAZZA
849769,RIO SOLIMOES 19780 COSTA DO ARUANA
598401,RUA RAIMUNDO FERREIRA 171 UNIVERSIARIO
875567,AVENIDA GETULIO VARGAS 730 CENTRO
835158,RUA DANIEL SIMOES 3453 APARECIDA
332687,SITIO ALTO ALEGRE 8 TRAVESSA EUCLIDES DA CUNHA
533175,RAMAL OLHO D AGUA 363 COLOC OLHO D AGUA
619284,RUA SAO RAIMUNDO 239 CADEIA VELHA
492072,AVENIDA BOULEVARD THAUMATURGO 597 CENTRO
861735,AVENIDA C 16 CIDADE NOVA
950947,RUA 13 14 NOVA CIDADE
10509,AVENIDA TANCREDO NEVES 2047 SETOR 3
225714,RUA AMERICA CENTRAL 2604 TRES MARIAS
1049109,RUA CRATO 18 CIDADE NOVA
45357,AVENIDA PORTO VELHO 4360 JARDIM CLODOALDO
1036177,RUA CENTO E SETENTA E CINCO 48 NOVO ALEIXO
337937,RUA NOVA BRASILIA 2879 CENTRO
77489,RUA POTIGUARA 2646 CRUZEIRO
113101,RUA MARANHAO 879 SETOR 4
623508,TRAVESSA CERAMICA 56 ALTO ALEGRE
477691,RAMAL DO MACARIO ORIOM 52 PROJETO ORIOM
1106376,RUA GIRASSOL 20 COROADO
804938,RUA PEDRO FERNANDES 3485 SANTO ANTONIO
1109951,RUA GURUPI 1320 REDENCAO
539878,AVENIDA NORTE 1028 TUCUMA
591271,RUA NETUNO 278 MORADADO SOL
644095,RIO VIUVA PARANA 30 FORTALEZA
1151958,RUA MAJOR GABRIEL 1184 CENTRO
655178,RUA NASER N JOSE 190 CRISTO LIBERTADOR
92813,LINHA 40 175 PACARANA
626681,TRAVESSA GUARANI 417 AVIARIO
856265,AVENIDA AYRAO 820 CENTRO
1145604,RUA LIMA BACURI 369 CENTRO
60594,RUA SOLTON 1423 LIBERDADE
238325,RUA CACHOEIRO DO ITAPEMIRIM 2160 MARCOS FREIRE
144235,RUA JOAQUIM FRANCISCO DE OLIVEIRA 1236 NOVA BRASILIA
334932,AVENIDA MACAPA 1178 CUNHA E SILVA
137818,RUA DAS PEDRAS 724 JARDIM DOS MIGRANTES
83332,AVENIDA COSTA MARQUES 8519 SAO DOMINGOS
274134,RUA JOSE CAMACHO 1362 SAO JOAO BOSCO
259315,RUA FRUTAL 4974 FLORESTA
218501,ESTRADA DO BELMONT 2358 NACIONAL
373316,RUA 2504 3910 JARDIM UNIVERSITARIO
317961,RUA ALMIRANTE BARROSO 2455 NOSSA SENHORA DAS GRACAS
576812,RUA HABITAR BRASIL 180 JOAO EDUARDO II
998425,RUA ARMANDO CUNHA 14 COMPENSA
740425,ESTRADA BR 319 KM 13 65 SAO FRANCISCO DE ASSIS
593730,RUA PEDRO ALVARES CABRAL 150 ESTACAO EXPRIMENTAL
753926,ILHA DE BACURI 7 SAO JOAO EVANGELISTA
37997,RUA AIMORES 3487 CENTRO
715380,RUA TIAO LEITE 410 PRAIA DO GADO
906686,AVENIDA PROFESSOR NILTON LINS 877 FLORES
772072,AVENIDA GUSMAO 1825 CENTRO
436951,LINHA C 105 34 C 105
166191,AVENIDA 15 DE NOVEMBRO 3181 CENTRO
29423,RUA RIO NEGRO 2110 JORGE TEIXEIRA
88251,RUA JERUSALEM 2006 BAIRRO SAO JOSE
743857,RUA CASTRO ALVES 380 SANTA EFIGENIA
719614,RUA DANILO AREOSA 531 RECREIO
148625,RUA MENEZES FILHO 3296 BAIRRO CASA PRETA
430935,LINHA ESTRADA DO POLAQUINHO 2 ZONA RURAL
101159,AVENIDA PRIMEIRO DE MAIO 6674 JARDIM DAS ESMERALDAS
282101,RUA MARIA DE LOURDES 6017 IGARAPE
43582,AVENIDA JACOB MOREIRA LIMA 500 SAUDE
31489,RUA TAPEJARA 5049 NOVE
376203,RUA CASTELO BRANCO 3390 CENTRO
314203,RUA VATICANO 4506 IGARAPE
739341,RUA JOSE VASCONCELO DE FARIAS 35 CENTRO
851972,ALAMEDA RIO NEGRO 10 PQDEZ DE NOVEMBRO
397860,AVENIDA SAO PAULO 4824 CENTRO
849712,RIO SOLIMOES 15239 COSTA DO ARUANA
772272,AVENIDA TRANSAMAZONICA 963 SAO DOMINGOS SAVIO
489666,RUA MARIA FERNANDES DE AMORIM 465 QUIXADAMORIM
246522,RUA DA PAZ 77 CENTRO
468652,RUA SELMA REGINA 1968 NOVO HORIZONTE
816550,AVENIDA SENADOR LEOPOLDO PERES 35 BAIRRO CHICO VIEIRA
930202,BECO SEM DENOMINACAO 73 MAUAZINHO
321879,RUA PADRE ANGELO CERY 2366 LIBERDADE
980375,RUA ACACIA DOURADA 77 COLONIA TERRA NOVA
377468,RUA GENIVAL NUNES DA COSTA 5134 JARDIM ELDORADO
256692,RUA FERNANDO DE NORONHA 3206 B ELETRONORTE
773233,RUA ACAR 1249 SAO CRISTOVAO
637471,RAMAL PALHEILA 262 1 KM
469246,LINHA 58 92 None
423343,AVENIDA RIO BRANCO 138 AV RIO BRANCO
552739,RUA AMOTY PASCOAL 402 WANDERLEY DANTAS
994301,RUA ANTONIA ALVES 343 COLONIA SANTO ANTONIO
289240,RUA OSTRA 2242 CASTANHEIRA
229979,RUA ANTONIO VIOLAO 5235 ESCOLA DE POLICIA
246933,RUA DA PROSPERIDADE 7466 NACIONAL
837232,RUA JOSE FERNANDES 968 BIRIBIRI
1124673,RUA J G DE ABREU 382 PETROPOLIS
966711,RUA 34 35 CIDADE NOVA
161328,RUA SANTA ISABEL 836 JARDIM PRESIDENCIAL
1113487,RUA HUMAITA 382 MONTE DAS OLIVEIRAS
749826,RUA SANTOS DUMONT 367 DUQUE DE CAXIAS
573440,RUA FLOR DE LIRIO P. LUSTOSA 275 CONJUNTO PROCOM
817252,RIO JAPURA 1 SAO JOSE DO APAPORES
1068652,RUA DEUS TE ABENCOE 81 JORGE TEIXEIRA
397452,AVENIDA MARECHAL RONDON 4220 CIDADE ALTA
829283,RUA RIO UMARI 3 RIO UMARI
228300,RUA ANGICO 5690 ZONA SUL
620586,RUA VETERANO TELMO JULIAO 368 ABRAAO ALAB
1093324,RUA ESPERANCA 2 JAPIIM
1094348,RUA ESTANAVE 1280 MANAUS
1035668,RUA CENTO E ONZE 47 NOVA CIDADE
110008,RUA CASTRO ALVES 3537 ST 06
633908,TRAVESSA SAO CAETANO 288 VITORIA
390130,RUA MARACATIARA 2465 BAIRRO CRISTO REI
638068,RAMAL SAO JOSE 120 BELO JARDIN
462309,RUA PRINCESA ISABEL 319 BAIRRO BELA VISTA
491192,RAMAL JARINA 5430 ALCOBRAS
924327,BECO NORTE ELETRICA 5 JAPIIM
237323,RUA BUENOS AIRES 660 NOVA PORTO VELHO
950240,RUA 112 36 NOVA CIDADE
15708,RUA CECILIA MEIRELES 3625 SETOR 6
8687,AVENIDA JAMARI 2397 SETOR 01
844372,TRAVESSA PADRE RAFAEL 64 CENTRO
543854,ESTRADA DA USINA 888 MORADA DO SOL
823117,RUA CHIQUITO PAIVA 990 PANTANAL
26877,RUA PALMAS 5451 RURAL SAO LUIZ
613698,RUA MAJOR LADISLAU FERREIRA 1124 ABRAAO ALAB
486868,RUA GERALDO MESQUITA GURGEL 1093 CENTRO
990691,RUA AMAZONINO MENDES 73 TANCREDO NEVES
71989,RUA PERNAMBUCO 1156 CENTRO
327763,MARGEM BR 364 831 BR 364 MARGEM
44678,AVENIDA PEDRO STECCA 963 SOCIEDADE BELA VISTA
236495,RUA BOM JESUS 5895 CASTANHEIRA
697229,RUA MENDONCA FURTADO 548 SAO FRANCISCO
720178,RUA RIO MADEIRA 109 BELA VISTA
963362,RUA 25 34 SAO JOSE OPERARIO
556520,RUA BELEM 754 NOVA ESTACAO
904565,AVENIDA PRESIDENTE CASTELO BRANCO 684 CACHOEIRINHA
701303,BECO DAS FLORES 73 CENTRO
673307,RODOVIA AC 10 30623 PROJETO HUMAITA
1089014,RUA E 61 CIDADE NOVA
556024,RUA BEIJA FLOR 85 VITORIA
1099186,RUA FLAVIO COSTA 94 COROADO
625699,TRAVESSA EDEM 250 SEIS DE AGOSTO
436031,RUA SABIA 2750 SETOR 07
1054803,RUA D 53 NOVA CIDADE
300102,RUA RIO DE JANEIRO 9290 PORTO VELHO
716132,TRAVESSA GAIVOTA 136 PRAIA DO GADO
150452,RUA PEDRO LIRA PESSOA 2692 NOVO JI PARANA
82416,AVENIDA MASSUD JORGE 1658 SETOR 0008
1143327,RUA LEONARDO MALCHER 134 NOSSA SENHORA APARECIDA
358452,LINHA LINHA 180 SUL 4653 None
542034,BECO PROJETADA 41 TAQUARI
1130423,RUA JESSE ANTIGA RUA DA REPUBLICA 13 TANCREDO NEVES
1015701,RUA BETINHO 204 NOVA CIDADE
58669,RUA RAFAEL SCARDINI 5494 RIOZINHO
7612,AVENIDA CANAA 1958 SETOR 01
504884,RUA TAVARES DE LIRA 335 JOAO ALVES
125995,AVENIDA JOSE ANTONIO DA SILVA 1001 NOVA COLINA
999367,RUA ARTU NETO 20 ARMANDO MENDES
401783,AVENIDA JUSCELINO KUBISTCHEK 3407 CENTRO
109184,RUA ANITA GARIBALDI 3497 SETOR 06
149601,RUA ONDA VERDE 3786 BAIRRO JORGE TEIXERA
142556,RUA IAPU 1785 NOVO JIPARANA
560403,RUA CARNEIRO LEAO 84 IVETE VARGAS
80067,SEM DENOMINACAO 360 CENTRO
572014,RUA EPITACIO PESSOA 155 BOSQUE
156345,RUA TUBIARY 86 URUPA
294610,RUA PIRATININGA 1937 LAGOA
738557,RUA 8 259 VILA DO ARACA
1145595,RUA LIMA BACURI 342 CENTRO
1055683,RUA D QUATRO 242 NOVO ALEIXO
1060056,RUA DA PAZ 1158 GILBERTO MESTRINHO
1027117,RUA CAMPA 31 MONTE DAS OLIVEIRAS
729089,RIO PURUS 10 SERINGAL DO CARMO
1076175,RUA DO COMERCIO 28 CIDADE DE DEUS
467815,RUA CEREJEIRA 3781 CENTRO
186442,RUA JUSCELINO KUBITSHEK 60 JARDIM TROPICAL
440934,RUA MATIAS ARCANJO RIBEIRO 1479 CENTRO
298444,RUA RAIMUNDO BATISTA 46 CENTRO
993707,RUA ANGOLA 39 FLORES
426558,RUA DUARTE DA COSTA 1411 UNIAO
1136043,RUA JOSE FERRO 42 PARQUE 10 DE NOVEMBRO
1053552,RUA CURURU 41 JORGE TEIXEIRA
885237,AVENIDA MIRRA 835 JORGE TEIXEIRA JOAO PAULO 2
373686,RUA 347 491 VILA OPERARIA
875534,AVENIDA GETULIO VARGAS 669 CENTRO
282189,RUA MARIA DE LOURDES 7294 IGARAPE
268932,RUA JANAINA 6834 IGARAPE
501761,RUA HERNANDES AGRICOLA 307 TELEGRAFO
855351,AVENIDA ATROARIS 119 CIDADE NOVA
1082330,RUA DOMICIANO 21 COLONIA TERRA NOVA
494992,BECO SEM DENOMINACAO 448 REMANSO
5861,LINHA 156 15 ZONA RURAU
550168,RUA ADALBERTO SILVA 2 28 BOSQUE
701563,ESTRADA BC T002 60 BOM JARDIM
448617,RUA FRANCISCO PRESTES 2667 MONTE NEGRO
739029,RUA VALMIC NUNES 140 PURUPURU
404020,AVENIDA JORGE TEIXEIRA 3906 ALTO PARAISO
649149,TRAVESSA JOSE ALVES 711 EDILO RODRIGUES
153401,RUA SAULO ALCANTARA 2701 NOVA LONDRINA
1146794,RUA LONDRES 971 GILBERTO MESTRINHO
386797,TRAVESSA F 13568 BELA VISTA
509837,RUA BR364 91 VILA LAGOINHA
1007292,RUA BARCELOS 5 TANCREDO NEVES COMUNIDADE NOVA CONQUIST
417765,RUA RORAIMA 313 SETOR 8
381918,RUA PORTO VELHO 454 QUINTO BEC
347395,AVENIDA PORTO VELHO 6410 SAO CRISTOVAO
73177,RUA DEPUTADO JO SATO 2960 CENTRO
714668,RUA RENATO SOUZA PINTO 2845 MACAXEIRAL
97875,AVENIDA GUAPORE 907 SURPRESA
769991,AVENIDA JUVENAL DE PAULA CASTRO 49 GUAJARA
173631,LINHA LH MP 101 20 MACHADINHO DO OETE
289632,RUA OURO PRETO 6162 PORTO VELHO
315603,RUA VICENTE RONDON 4805 RIO MADEIRA
868558,AVENIDA D 4 PARQUE 10 DE NOVEMBRO
806246,RUA TOCANTINS 26 SAO FRANCISCO
527902,RIO JURUA 23 JURUA
398094,RUA CARLOS CHAGAS 5181 CIDADE ALTA
1140584,RUA L 5 ARMANDO MENDES
357263,AVENIDA JUSCELINO KUBITSCHEK 3364 ROLIM DE MOURA
1148944,RUA LUIZ ANTONY 1131 NOSSA SENHORA APARECIDA
837693,RUA LOUVEGILDO MACIEL 2684 MORADA DO SOL
1140013,RUA K 66 ARMANDO MENDES
399750,LINHA 48 2 ZONA RURAL
877661,AVENIDA IGARAPE DE MANAUS 7 CACHOEIRINHA
1075356,RUA DO ATERRO 27 BETANIA
1008456,RUA BARREIRINHA ANTIGA RUA J 245 SAO JOSE OPERARIO
124508,AVENIDA DAS SERINGUEIRAS 2706 NOVA BRASILIA
637484,RAMAL PALHEIRA 2662 BENFICA
774969,RUA DAS MANGABEIRAS 1789 SAO PEDRO
57102,RUA MARTINS FREDERICO 626 RESIDENCIAL PARQUE BRIZON
553065,RUA ANGELICA COUTO VASCONCELOS 383 BAIRRO BELO JARDIM 2 RESIDENCIAL SANTO
125838,AVENIDA JK 1877 BAIRRO CASA PRETA
191028,LINHA 204 LADO DIREITO 139 LADO DIREITO
329469,RUA 32 D0 01 A0 11 P2 33 DO 22 12 12 NOVA MUTUN
707805,RUA MATIAS 33 MATIAS
617957,RUA SAO JOAO 303 FLORESTA SUL E SOBRAL
673840,RUA DA PORTELINHA 151 VILA DO V PORTELINHA
576223,RUA GUAJARA 38 BAIRRO CIDADE NOVA
903988,AVENIDA NOSSA SENHORA DA CONCEICAO 837 CIDADE DE DEUS
461990,AVENIDA MARECHAL RONDON 125 CENTRO
486887,RUA JAMBO 112 BAIXADA
1002526,RUA AYRES DE ALMEIDA 154 BAIRRO RAIZ
709687,TRAVESSA ANTONIO PAULINO 88 MENINO DEUS DO RIO CURUCA
1011292,RUA BELA VISTA 400 GILBERTO MESTRINHO
726098,RUA ALUISIO SANTOS 1129 CANUTAMA
483895,RUA MARIA ESTER DE OLIVEIRA 23 BAIRRO ELDORADO
122210,RUA MARCILIO DIAS 3898 BAIRRO JARDIM DO ESTADOS
18495,RUA ESPIRITO SANTO 3484 SETOR 5
982349,RUA ADRIANO JORGE 125 MORRO DA LIBERDADE
367085,AVENIDA PORTO ALEGRE 67 JARDIM DAS OLIVEIRAS
409897,RUA BURITIS 1716 SETOR 03
573298,RUA FLAMENGO 208 LAELIA ALCANTARA
115161,RUA PATRICK CANUTO PINTO 1368 SETOR 07
403005,ESTRADA LH P 32 11 LH P 32
515708,RUA ALFREDO BARROSO CORDEIRO 100 ESPERANCA
319180,RUA DELEGADO MAURO DOS SANTOS 1151 AGENOR M DE CARVALHO
726710,RUA JOAO PONTES 904 CANUTAMA
233583,RUA BARAO DO AMAZONAS 9614 MARIANA
889439,AVENIDA PLACIDO 441 PARQUE SAO PEDRO
5342,AVENIDA CURITIBA 5137 CIDADE ALTA
318520,RUA CABO LIRA 3855 CIDADE DO LOBO
752366,COMUNIDADE NOVA ESTRELA 14 RIO SOLIMOES
175554,LINHA TB 10 869 MACHADIHO
454824,RUA FRANCISCO RUIZ 1050 CENTRO
247894,RUA DAS FLORES 115 FLORESTA
659051,ESTRADA PRAIA REDONDA 25 PRAIA REDONDA
960112,RUA 21 DE ABRIL 75 LAGO AZUL
1016861,RUA BOA VIDA ANTIGA RUA AMAZONAS 60 COROADO
553818,RUA APURINA 193 BELO JARDIM 1
490681,RAMAL CHICO MENDES 69 CHICO MENDES
464298,LINHA 32 20 ZONA RURAL
21001,RUA GUATEMALA 1058 SETOR DEZ
218526,ESTRADA DO BELMONT 2609 NACIONAL
781345,AVENIDA JURUA 25 IPIXUNA
920955,BECO HUMBERTO DE CAMPOS 134 SAO JORGE
458300,RUA TIRADENTES 3037 CIDADE BAIXA
728199,PROJETO SAO FRANCISC0 LINHA 2 75 SITIO J E M
122042,RUA DEZENOVE DE NOVEMBRO 4037 BAIRRO JARDIM DO ESTADOS
142783,RUA IMBURANA 668 JORGE TEIXEIRA
400803,LINHA SETIMA OU TN 25 57 ZONA RURAL
1080304,RUA DOIS 62 ALVORADA I
1035726,RUA CENTO E QUARENTA E DOIS 22 C NOVA
1036990,RUA CENTO E VINTE E SETE 10 CIDADE NOVA
843142,RUA TENENTE EDILSON 1828 SAO JOSE
661299,RUA ALIPIO ALVES 111 AVELINO LEAL
8324,AVENIDA ESPIGA 5120 RURAL
223028,RUA ALEXANDRE GUIMARAES 1341 AREAL
606418,RUA TIAO NATUREZA 454 CHICO MENDES
455354,LINHA 45 1 LINHA 45
988281,RUA AMAZOLANDIA 7 TANCREDO NEVES
783248,COMUNIDADE SANTA LUZIA 3 SANTA LUZIA
280150,RUA MAGNO ARSOLINO 5141 CIDADE NOVA
807060,RUA CORONEL SERUDO MARTINS 1099 IRACY
568578,RUA DO PASSEIO 275 TAQUARI
62114,RUA GENERAL OSORIO 1032 CENTRO
872493,AVENIDA EFIGENIO SALES 2222 ALEIXO
496193,RUA ALFREDO TELES 136 JOAO ALVES
324522,RUA SENADOR ALVARO MAIA 2927 LIBERDADE
620884,TRAVESSA ACRE 55 AEROPORTO VELHO
597372,RUA Q 283 WILSSON RIBEIRO
968509,RUA 41 192 COMUNIDADE PORTELINHA SAO JOSE 2
52614,RUA FRANCISCO MENEGUEL 1764 RIOZINHO
836300,RUA ITACOATIARA 2158 UNIAO
796338,RUA 1. DE JANEIRO 2537 EDUARDO BRAGA I
123102,AVENIDA ARACAJU 900 RIACHUELO
627045,TRAVESSA IPE 35 SANTA INES
1147612,RUA LOURO ABACATE 1045 COLONIA TERRA NOVA
926144,BECO RAIO DE LUZ 32 COROADO
523938,ESTRADA DO BARAO 8290 BARAO
1023260,RUA C 30 ARMANDO MENDES
110250,RUA CEARA 3423 SETOR 5
867365,AVENIDA COSME FERREIRA 5939 SAO JOSE OPERARIO
564427,RUA DA PAZ 252 RAIMUNDO MELO
59914,RUA RUI BARBOSA 1212 CENTRO
421105,BECO LINHA C 25 31 BECO C 25
493037,AVENIDA JOAQUIM TAVORA 840 CRUZEIRINHO
1004031,RUA B 129 CAMPOS SALES
178640,RUA MARECHAL DEODORO DA FONSECA 3356 SETOR 14
411516,RUA HELENITE FERREIRA DE SOUZA 1649 SETOR 07
576914,RUA HELIO MELO 49 XAVIER MAIA
987270,RUA ALUISIO BRASIL 66 BAIRRO PETROPOLIS
1113496,RUA HUMAITA 409 MONTE DAS OLIVEIRAS
649071,TRAVESSA DA PAZ 2 2500 DEMOCRACIA
1095476,RUA EURIPEDES 123 MONTE DAS OLIVEIRAS
229654,RUA ANTONIO OLIMPIO 777 CENTRO
955193,RUA 166 24 NOVA CIDADE
663236,RUA LETICIA RODRIGUES 19 AVELINO LEAL
176588,AVENIDA TREZE DE MAIO 2899 SETOR 13
975152,RUA 8 DE NOVEMBRO 4279 GILBERTO MESTRINHO
863767,AVENIDA COMPENSA 37 VILA DA PRATA
560128,RUA CAMPO NOVO 666 SOBRAL
377051,RUA E 2410 COHAB
9161,AVENIDA JARU 3297 SETOR 05
385293,RUA UM MIL QUINHENTOS E QUATRO 2134 CRISTO REI
668310,RUA JOSE RIBEIRO 213 SIBERIA
753106,COMUNIDADE SAO JOSE DA FORTALEZA 9 RIO COPEA
399459,LINHA 15 172 ZONA RURAL
188087,RUA RAIMUNDO TEIXEIRA 89 BELA FLORESTA
826908,TRAVESSA PADRE MONTEIRO 693 BAIRRO SAO JOSE
205064,AVENIDA CALAMA 2097 SAO JOAO BOSCO
349703,AVENIDA VITORIA 4921 BEIRA RIO
195564,AVENIDA ROTARY CLUBE 1182 PIONEIROS
758567,COMUNIDADE ARPAUBA 2 PARANA BADAJOS
750826,RUA CORONEL MONTORIL 372 DUQUE DE CAXIAS
583307,RUA LEBLON 267 CONJUNTO CASTELO BRANCO
473473,ESTRADA LINHA 202 INICIO 197 LINHA 202 INICIO
278602,RUA LUCIANE PINHEIRO 4842 FLODOALDO PONTES PINTO
928337,BECO SAO FRANCISCO 1339 GILBERTO MESTRINHO
752492,COMUNIDADE SALBINHA 6 SALBINHA
634965,VIA VERDE 1877 VIA VERDE
695085,AVENIDA MANOEL GUIMARAES 213 SAO FRANCISCO
971732,RUA 57 155 AMAZONINO MENDES
1069275,RUA DEZ 51 SAO JOSE OPERARIO
529210,RUA DOMINGOS GALDINO 613 OLARIA
191500,LINHA LINHA 20 1070 LINHA 20 SENTIDO JARU
535415,SERINGAL HUMAITA 58 SEGUNDO DISTRITO
288894,RUA ORION 2633 PORTO VELHO
78654,LINHA 176 COLORADO 12 SETOR INDUSTRIAL
807962,RUA PROFESSOR FERNANDO LEITE 1277 JAUARI II
975729,RUA 9 207 AMAZONINO MENDES
290938,RUA PASQUALE DI PAOLO 398 PEDRINHAS
1063273,RUA DAS BROMELIAS 36 JORGE TEIXEIRA
997525,RUA AREIAL 108 PARQUE MAUA MAUAZINHO
448128,RUA BOA ESPERANCA 40 SETOR 04
203346,ACESSO JORGE TEIXEIRA 1851 NOVA PORTO VELHO
987662,RUA ALVARO MAIA 106 DOM PEDRO I
313921,RUA VALERIA 6431 IGARAPE
831243,BECO ANTONIO AFONSO 1649 TERRA PRETA
457787,RUA MARIA JULIA MATHIAS NHAM 4104 CIDADE BAIXA
1080333,RUA DOIS 63 CIDADE NOVA
352728,RUA GERALDO DIAS FUIZA 682 BAIRRO CIDADE ALTA
314860,RUA VENEZUELA 2155 PORTO VELHO
632130,TRAVESSA SERRANA 34 AREAL
704088,COMUNIDADE BOM PASTOR 2 24 SURURUA
867759,AVENIDA CRAVINAS DOS POETAS ANTIGA CENTRAL 667 ALVORADA
1022903,RUA C 12 CIDADE NOVA
195455,AVENIDA RODRIGUES ALVES 318 ALVORADA
174544,LINHA MA 32 21 MACHADINHO
1143359,RUA LEONARDO MALCHER 201 NOSSA SENHORA APARECIDA
590145,RUA MONTEVIDEU 486 JOAO EDUARDO I
415810,ESTRADA TRAVESSAO 36 MENEZES FILHO
1021507,RUA BRASILIA 134 COROADO
615796,RUA SANTA FE 90 VITORIA
43119,AVENIDA GUAPORE 3053 JARDIM CLODOALDO
365256,AVENIDA JOSE DO PATROCINIO 4307 CENTRO
673780,RUA DA MACA 271 VILA DO V
565857,RUA DAS PLACAS 1124 PLACAS
926136,BECO RAIMUNDO MONTEIRO 31 MAUAZINHO
695182,AVENIDA MARIUA 187 SAO SEBASTIAO
149028,RUA MOGNO 2197 NOVA BRASILIA
1026875,RUA CAMBIXE 381 SAO JOSE OPERARIO
643588,RAMAL PINHEIROS 41 R0DRIGUES ALVES
643536,RAMAL PARANA DOS MOURAS 124 FOZ DO PARANA
67892,AVENIDA BRASIL 3096 CENTRO
206893,AVENIDA DOS IMIGRANTES 747 SAO SEBASTIAO
260612,RUA GERALDO SIQUEIRA 4657 CALADINHO
786347,RUA 5 9 NOVA VENEZA
53373,RUA GUIMARAES ROSA 1127 JARDIM VISTA ALEGRE
1061227,RUA DALCIDIO JURANDIR 74 NOVO ALEIXO
575563,RUA GAIVOTA 69 PLACAS
558656,RUA BOULEVARD AUGUSTO MONTEIRO 1019 TRIANGULO VELHO
1132362,RUA JOAO PESSOA 170 SAO LAZARO
165922,TRAVESSA SEGUNDA LINHA ESQUERDA 4440 ZONA RURAL
681876,RUA MANOEL CARLOS 256 ANORI
100885,AVENIDA PRIMEIRO DE MAIO 2045 GUAJARA MIRIM
107269,AVENIDA TIRADENTES 1083 SETOR 2
1029349,RUA CAPANEMA 4 DOM PEDRO I
569419,RUA DOIS DE ABRIL 578 PLACAS
209932,AVENIDA LAURO SODRE 1799 PEDRINHAS
1051000,RUA CRUZEIRO DO SUL 32 CIDADE NOVA
579608,RUA JERUSALEM 230 CONJUNTO ESPERANCA
1132175,RUA JOAO PAULO 125 COLONIA TERRA NOVA
299764,RUA RIO AIMORE 4110 NOVA ESPERANCA
372957,RUA 2013 OU BOA VISTA 7456 SETOR 26 OU SETOR ZICO
664029,RUA RAIMUNDO RAMOS DE ARAUJO 1200 COPACABANA
6110,LINHA 45 5 ZONA RURAL
801432,RUA FILETO PIRES 1828 BAIRRO COLONIA
505105,RUA CORONEL CARVALHO 230 69980000
870686,AVENIDA DOS CURIOS 4 CIDADE DE DEUS
985606,RUA ALENKER 118 GILBERTO MESTRINHO
364716,AVENIDA JASMIM 1713 JARDIM PRIMAVERA
239355,RUA CANDIRU 5233 LAGOA
646331,RUA COSTA E SILVA 1270 CENTRO
416989,LINHA SEM DENOMINACAO 112 PA RIO ALTO
767586,RUA BELARMINO LINS 47 CENTRO
615741,RUA SANTA EDWIRGES 55 RUI LINO II
386853,TRAVESSA NOVECENTOS E SEIS 13 NOVA ESPERANCA
962462,RUA 239 18 CIDADE NOVA
1017502,RUA BOGOTA 9 PLANALTO
408136,RODOVIA LC 80 289 ZONA RURAL
1152022,RUA MALVARISCO 14 JORGE TEIXEIRA
726867,RUA RAIMUNDO GOMES 710 CANUTAMA
75768,RUA BURITI 3809 JO SATO
959556,RUA 207 27 NOVA CIDADE
60125,RUA SANTOS DUMONT 2366 NOVO HORIZONTE
590729,RUA N SETE 241 TUCUMA
536486,AVENIDA ANTONIO DA ROCHA VIANA 3252 VILA IVONETE
564293,RUA DA PAZ 72 BELO JARDIM
513236,RUA TRAVESSA VASCO 271 AEROPORTO
542404,BECO SEM DENOMINACAO 242 SOBRAL
195348,AVENIDA RIACHUELO 1147 BNH
68828,RUA ALAGOAS 1225 CENTRO
412045,RUA JOSE CUNHA SILVA JR 2535 SETOR 6
354043,RUA MONTEIRO LOBATO 319 CIDADE ALTA
286678,RUA NEUSA 5977 IGARAPE
725278,COMUNIDADE SAO MIGUEL 7 RIO MANACAPURU
1018866,RUA BOM JESUS 2 36 JORGE TEIXEIRA 4 ETAPA
161483,RUA SANTA LUZIA 1312 JARDIM PRESIDENCIAL
1083322,RUA DOS BARES 134 CENTRO
843400,TRAVESSA ALVARAES 330 APARECIDA
112547,RUA JOSE LUIS JACOB 3007 SETOR 08
735776,ESTRADA AM 254 1630 AUTAZES
382957,RUA SEISCENTOS E DEZESSETE 765 NOVA VILHENA
449558,RUA SAO JOSE 271 SETOR 04
1517,AVENIDA ISAURA KWIRANT 2555 PRINCESA ISABEL
397393,AVENIDA MARECHAL RONDON 1106 CENTRO
1086414,RUA DOZE 356 ALVORADA
713224,RUA CANAA 320 PRAIA DO GADO
311677,RUA TRES E MEIO 1461 FLORESTA
966963,RUA 36 38 CIDADE NOVA
968660,RUA 42 71 NOVO ALEIXO
623703,TRAVESSA COELHO 495 MAURI SERGIO
910931,BECO ARUANA 16 COMPENSA
946133,RUA 05 9 CIDADE NOVA
288635,RUA OITO 312 TRES MARIAS
459712,LINHA 05 C 58 ASSENTAMENTO GOGO DA ONCA
687614,RUA TRINTA E UM DE MARCO 685 CENTRO
829597,AVENIDA EDUARDO RIBEIRO 56 CENTRO
35357,LINHA C 55 12 ARIQUEMES
319694,RUA DOUTOR ADLINO 4041 CIDADE NOVA
198072,RUA CAMPOS SALES 555 VILA NOVA
622379,TRAVESSA BOM FUTURO 77 VILA ACRE
194818,AVENIDA PIMENTA BUENO 328 JARDIM DAS OLIVEIRAS
698437,RUA AUGUSTO MONTE NEGRO 2 CAMETA DO RAMOS
765518,RUA PASTO RODOLFO 222 CONCORDIA
527213,RUA FERNANDO GUAPINDAI 521 CENTO
609651,RUA VINTE E SEIS DE JUNHO 565 BOA UNIAO
573448,RUA FLOR DE LIRIO P. LUSTOSA 334 CONJUNTO PROCON
282248,RUA MARIA DE LOURDES 7707 TEIXEIRAO
1068041,RUA DELFIM DE SOUZA 78 BAIRRO PETROPOLIS
550990,RUA AIRTON SENA 9 PLACAS/XAVIER MAIA
323318,RUA REVERENDO ELIAS FONTES 1782 AGENOR M DE CARVALHO
581366,RUA JOSE DE MELO 388 CENTRO
781908,ESTRADA DA VARZEA 83 IPIXUNA
970470,RUA 5 32 CIDADE NOVA
1001590,RUA AURORA REGO 423 SANTA ITELVINA
1071882,RUA DEZESSEIS DE AGOSTO 8 JAPIIM
865458,AVENIDA CONSTANTINO NERY 2229 CHAPADA
758463,RUA PADRE DOMINGOS 865 CODAJAS
960324,RUA 211 28 CIDADE NOVA 3
662251,RUA FLORIANO PEIXOTO 717 CENTRO
601665,RUA SANHASSU 56 PLACAS
874698,AVENIDA FRANCISCO QUEIROZ 76 COLONIA SANTO ANTONIO
314671,RUA VENEZUELA 1310 NOVA PORTO VELHO
656334,RUA SANTOS DUMONT 407 BOSQUE
486336,RAMAL 2 21731 CENTRO
433887,AVENIDA MARACANA 2471 SETOR 07
1092621,RUA ERICO VERISSIMO ANTIGA A4 150 NOVA REPUBLICA
180644,AVENIDA GONCALVES DIAS 3081 JARDIM AEROPORTO
950572,RUA 12 174 CIDADE NOVA
330417,RUA 56A 10 NOVA MUTUM
264691,RUA HOLMES ALMEIDA 3723 TANCREDO NEVES
1087339,RUA DUZENTOS E NOVE 36 CIDADE NOVA 5
507492,AVENIDA MADRE ADELGUNDES 468 MIRITIZAL
264389,RUA HERBERT DE AZEVEDO 1823 SAO CRISTOVAO
1054452,RUA D 29 FLORES
64687,LINHA 02 1 CACOAL
1044131,RUA CINQUENTA E SEIS 21 C NOVA
753788,IGARAPE JACITARA 19 JACITARA
483620,RUA LINDOLFO CAMPOS 338 LEONARDO BARBOSA
212759,AVENIDA RIO DE JANEIRO 2218 AREAL
970624,RUA 5 84 CIDADE NOVA
1057594,RUA DA LIBERTACAO 38 COLONIA TERRA NOVA
302294,RUA SACRAMENTO 1323 ZONA SUL
575229,RUA FUTURO 147 AVIARIO
612309,RUA CORONEL JOSE GALDINO 340 BOSQUE
1141608,RUA LABREA 76 ALEIXO
31257,RUA SIRIUS 4907 RURAL
1058787,RUA DA PAZ 32 COLONIA ANTONIO ALEIXO
872452,AVENIDA EFIGENIO SALES 2222 ALEIXO
368447,AVENIDA SEISCENTOS E SETE 6742 SETOR SEIS
124868,AVENIDA EDSON LIMA DO NASCIMENTO 207 PARQUE DOS PIONEIROS
286061,RUA MONTEIRO LOBATO 5713 ELDORADO
1083331,RUA DOS BARES 134 CENTRO
918633,BECO DO FRANCO 7 COMPENSA
479646,RUA FRANCISCO DAS CHAGAS 820 CASCATA
280830,RUA MANE GARRINCHA 8850 ZONA LESTE
1147895,RUA LOURO GAMELA 123 MONTE DAS OLIVEIRAS
1124845,RUA JABAU 150 SANTA ETELVINA
524758,RAMAL ZE VIEIRA 81 RAMAL ZE VIEIRA
484422,RUA PEDRO ALEXANDRINO NETO 625 BAIRRO SAMAUMA
938464,BECO SAO LUIS 102 COROADO
624347,TRAVESSA DA FELICIDADE 02 60 TAQUARI
322221,RUA PADRE CHIQUINHO 74 SAO CARLOS
675994,RUA FRANCISCO VASCONCELOS LAVOR 542 SANTA LUZIA
419732,LINHA 160 SUL 4 NOVO HORIZONTE
800155,RUA CIGANA 107 DA PAZ
308165,RUA TAMAREIRA 3467 ZONA SUL
1122075,RUA ITAGUATINS(ANTIGA RUA1) 53 SAO JOSE OPERARIO 3
301676,RUA ROSAS 5549 SUL
657331,RUA GOVERNADOR ORLEIR CAMELI 1 ANA ALVES VIEIRA
1065591,RUA DAS OLIVEIRAS 122 CIDADE NOVA
367991,AVENIDA ROSALINDA A. MARANGONI 2985 JARDIM AMERICA
26730,RUA PAINEIRA 1737 SETOR 01
522898,RUA OSVALDO CORREIA SANTANA 84 BAIRRO SAO FRANCISCO
1090268,RUA EDUARDO BRAGA 48 COLONIA TERRA NOVA
699465,RUA SAO BENEDITO 46 PEDRAS
666593,RODOVIA BR 364 6966 ACURAUA
276469,RUA JULIO DE CASTILHO 808 OLARIA
554100,RUA ARGEMIRO CAVALCANTE DA SILVA 142 VILA ACRE
233287,RUA BANDOLIM 1939 CASTANHEIRA
627464,TRAVESSA JAGUARI 70 ESTACAO EXPERIMENTAL
441294,RUA SALVADOR 1224 CENTRO
324411,RUA SENADOR ALVARO MAIA 2395 SAO JOAO BOSCO
642161,COMUNIDADE DO PROFETA 41 RODRIGUES ALVES
490571,RAMAL CAJAZEIRO 4689 ZAQUEU MACHADO
586194,RUA MANOEL CESARIO 327 CAPOEIRA
503506,RUA REGOS BARROS 1092 MORRO DA GLORIA
120745,LINHA 627 941 None
483502,RUA JOSE MEIRELES 458 CENTRO
314012,RUA VANICE BARROSO 2571 TRES MARIAS
928934,BECO SAO JOSE 307 NOSSA SENHORA DAS GRACAS
1132021,RUA JOAO MEIRELES 8 COROADO
980052,RUA ABRAAO CARDOSO 75 COMPENSA
513803,RUA SAO SEBASTIAO 740 JOSE HASSEM
547463,RUA 06 187 OBRA DO PAC
467052,AVENIDA JORGE TEIXEIRA 4366 ALTO ALEGRE
640475,SERINGAL SAO PEDRO 34 RAMAL UNIAO
847610,RUA ESTELIANO SANTOS 27 CENTRO
1044906,RUA CIPO TUIRA 540 JORGE TEIXEIRA JOAO PAULO 3
88413,RUA MARANHAO 2039 SAO JOSE
188796,RUA SIDNEY GIRAO 345 DA LIBERDADE
1006203,RUA BAGDA 21 TARUMA
31922,RUA TRES MARIAS 4930 RURAL
434583,RUA BEIJA FLOR 3373 SETOR 03
886783,AVENIDA O 57 ALVORADA
134802,RUA CAUCHEIRO 2848 VALPARAISO
944862,RODOVIA AM 010 22 LAGO AZUL
895880,AVENIDA SUMARE 1433 JORGE TEIXEIRA COMUNIDADE VAL PARAISO
33563,RUA ZELIA GATAI 3362 COLONIAL
880688,AVENIDA JOAQUIM NABUCO 854 CENTRO
537154,AVENIDA CEARA 506 HABITASA
809201,AVENIDA AFONSO PACHECO 1068 NOVO REMANSO
60737,RUA TRISTAO DE ATAIDE 1292 JARDIM VISTA ALEGRE
437538,AVENIDA PEDRA BRANCA 50 CENTRO
133594,RUA CARLOS DRUMOND DE ANDRADE 836 PARQUE SAO PEDRO
241356,RUA CASTILHO 8475 TEIXEIRAO
1053438,RUA CURUREPA 5 MONTE DAS OLIVEIRAS
55411,RUA JOSE MARQUES DE OLIVEIRA 6432 RIOZINHO
371020,AVENIDA CAPITAO CASTRO 3396 CENTRO
257109,RUA FILIPINAS 805 NACIONAL
309214,RUA TARTARUGA 2096 RONALDO ARAGAO
893878,AVENIDA RIO NEGRO 194 NOSSA SENHORA DAS GRACAS
986419,RUA ALFREDO NASCIMENTO 57 NOVA ESPERANCA
1133276,RUA JOAQUIM RIBEIRO 196 SAO FRANCISCO
956848,RUA 188 805 NOVA CIDADE
189797,RUA SANTO ANDRE 72 JARDIM AEROPORTO
650108,RAMAL GLEBA F 4600 SENADOR GUIOMARD
870334,AVENIDA DO SOL NASCENTE 626 TARUMA ACU
287391,RUA NICARAGUA 2630 PORTO VELHO
130411,RUA ANTONIO SERPA DO AMARAL 2373 NOVA BRASILIA
1007739,RUA BARREIRINHA 28 PARQUE 10
165417,LINHA SANTA RITA 3490 PROJETO RIACHUELO
107049,AVENIDA RIO BRANCO 2556 SETOR 05
288063,RUA NOVA ESPERANCA 4220 CALADINHO
269755,RUA JATUARANA 744 LAGOA
741165,AVENIDA PRESIDENTE FIGUEREIDO 204 URUCU
205226,AVENIDA CALAMA 3351 PORTO VELHO
513059,RUA SENA MADUREIRA 230 LIBERDADE
383705,RUA SESSENTA E CINCO 1016 JARDIM ELDORADO
886817,AVENIDA O 223 ALVORADA
262883,RUA GUANABARA 2284 SAO CRISTOVAO
1031428,RUA CARLOS GOMES 145 COMPENSA
791013,RUA DEPUTADO JOSE MELO 9 MORADA DO SOL
90513,RUA SERGIPE 2046 MORADA DO SOL
533486,RODOVIA 475 23 RAMAL DO 16
141934,RUA GRECIA 1056 JARDIM SAO CRISTOVAO
190629,LINHA 166 3 LINHA 200
322112,RUA PADRE CHIQHINHO 2693 LIBERDADE
51137,RUA DEOMIRO JOAO DA SILVA 2607 NOVO CACOAL
56465,RUA MACHADO DE ASSIS 2591 NOVO HORIZONTE
108138,AVENIDA PADRE ADOLPHO ROHL 2210 SETOR 01
978556,RUA A FILHO 14 TANCREDO NEVES
1079481,RUA DOIS 19 PARQUE 10
741077,AVENIDA JUANICO 214 URUCU
154692,RUA TANCREDO NEVES 1047 NOVA COLINA
502070,RUA JOSE PEDRO CRUZ 101 AEROPORTO VELHO
216900,BECO GRAVATAL 616 SAO SEBASTIAO
1075134,RUA DO AREAL 235 SANTO ANTONIO
1035421,RUA CENTO E NOVENTA E OITO 4 NOVA CIDADE
308140,RUA TAMAREIRA 3167 ELETRONORTE
200724,RUA PEDRO SIMPLICIO DA MOTA 353 PIONEIROS
1107559,RUA GRANDES UVAS 37 MONTE DAS OLIVEIRAS
1010507,RUA BELA VISTA 3 ARMANDO MENDES
931659,BECO TREZE 13 JORGE TEIXEIRA MONTE SIAO
537361,AVENIDA CEARA 2657 ABRAAO ALAB
328597,RIO MADEIRA 25 RESSACA
1060682,RUA DA SAUDADE 10 SANTA ETELVINA
153175,RUA RUA DOS ESTUDANTES 638 BELA VISTA
826348,RUA DOUTOR JORDEVAL 2882 PANTANAL
815935,IGARAPE MADRUBA 14 NOSSA SENHORA DO ROSARIO
704180,COMUNIDADE NOVA ALIANCA 45 RUA PRINCIPAL
631298,TRAVESSA RIO BRANCO 737 CERAMICA
853950,AVENIDA ALASKA 4 PONTA NEGRA
519222,TRAVESSA WALDEMAR S DE LIMA 351 BELA VISTA
268387,RUA JACY PARANA 3151 NOVA PORTO VELHO
1076951,RUA DO CRUZEIRO 50 PRACA 14 DE JANEIRO
784630,AVENIDA PURUS 72 SAO FRANCISCO
754429,RIO BANANAL 4 RIO SOLIMOES
608577,RUA VASCO 4 DEFESA CIVIL
486735,RUA EXPEDITO PEREIRA DE SOUZA 1391 CENTRO
844754,COMUNIDADE SANTO ANTONIO 24 COMUNUDADE NOVA JERUZALEM
1010685,RUA BELA VISTA 29 NOVO ISRAEL
492172,AVENIDA CINCO DE NOVEMBRO 61 CRUZEIRINHO
439687,TRAVESSAO 636 16 ZONA RURAL
944996,RUA 0 32 CIDADE NOVA
1108759,RUA GUAPE 173 JORGE TEXEIRA 4 ETAPA
1038798,RUA CINCO 3 SAO JOSE OPERARIO 3
1000320,RUA ASA BRANCA 4 MAUAZINHO
194701,AVENIDA MACEIO 2145 NOVA PIMENTA
59979,RUA RUI BARBOSA 3115 BAIRRO FLORESTA
573021,RUA FELICIDADE 90 JARDIM PRIMAVERA
1095593,RUA EVALDO BRAGA 52 TANCREDO NEVES
894722,AVENIDA SAMAUMA 1293 MONTE DAS OLIVEIRAS
104349,AVENIDA PRINCESA ISABEL 2373 GUAJARA MIRIM
649155,TRAVESSA JOSE ALVES 751 EDILO RODRIGUES
830756,AVENIDA BARAO DO RIO BRANCO 249 CENTRO
312552,RUA TUCUNARE 24 LAGOA
157260,RUA VINTE E DOIS DE NOVEMBRO 41 CENTRO
320433,RUA GENERAL OZORIO 102 CENTRO
288592,RUA ODESSA 21 ELETRONORTE
515133,AVENIDA MARECHAL DEODORO 978 CENTRO
790028,RUA RIO TROMBETA 629 BAIRRO BARRO ALTO
710092,LARGO VILA MANAUS 670 COMUNIDADE VILA MANAUS
152803,RUA RIO TAPAJOS 1188 DOM BOSCO
458135,RUA RONDONIA 4045 CIDADE BAIXA
332841,SITIO DO JOSIAS 13 TRAVESSA EUCLIDES DA CUNHA
144278,RUA JOAQUIM FRANCISCO DE OLIVEIRA 1603 NOVA BRASILIA
964319,RUA 266 7 NOVO ALEIXO
260546,RUA GERALDO SIQUEIRA 4355 CALADINHO
115312,RUA PERNAMBUCO 2514 SETOR 4
411991,RUA JOSE CARLOS DA MATA 1960 SETOR 07
524077,RAMAL ALTO PENTENCOSTE 214 PARANA
1018267,RUA BOM JESUS 23 ZUMBI III
1060081,RUA DA PAZ 2647 COMUNIDADE SAO PEDRO
490714,RAMAL CIMENTEIRA 2 1020 LOTE 18
22121,RUA JANDAIAS 1960 SETOR 02
134384,RUA CASTRO ALVES 534 JARDIM DOS MIGRANTES
634668,VIA CHICO MENDES 1106 BAIRRO 15
678210,RUA BENEDITO ARAUJO 201 AMATURA
244016,RUA CONSTELACAO 8570 PORTO VELHO
495089,BOULEVARD THAUMATURGO 357 CENTRO
370013,AVENIDA UM MIL QUINHENTOS E UM 2000 CRISTO REI
111860,RUA JOAO BATISTA 2077 SETOR 4
985684,RUA ALENQUER 1015 GILBERTO MESTRINHO
847372,RUA CAETANO FARIA 65 CONJUNTO NOVO
771940,AVENIDA CINCO DE SETEMBRO 1119 CENTRO
925421,BECO PENETRACAO IV 132 NOVO ALEIXO
504672,RUA SEM DENOMINACAO 4175 AEROPORTO VELHO
665591,TRAVESSA VALDOMIRO AMORIM 110 CENTRO
1020440,RUA BRASIL 32 DISTRITO INDUSTRIAL
537902,AVENIDA EPAMINONDAS JACOME 548 CADEIA VELHA
195085,AVENIDA RAIMUNDO SOARES 1084 VILA NOVA
70588,RUA JOAQUIM CARDOSO DOS SANTOS 1963 CENTRO
398775,RUA MONTEIRO LOBATO 4616 CENTRO
1108400,RUA GUANABARA 25 LIRIO DO VALE
307115,RUA SILAS SHOCKNESS 571 TRIANGULO
484994,RUA MAJOR ANTONIO DE ALMEIDA 466 BAIRRO SAMAUMA
411579,RUA HELENITE FERREIRA DE SOUZA 2251 SETOR 07
156866,RUA VENCESLAU BRAS 1008 SAO PEDRO
246672,RUA DA PAZ 871 B FLORESTA
364391,AVENIDA FIORINDO SANTINI OU 1515 2419 CRISTO REI
538106,AVENIDA EPAMINONDAS JACOME 1538 CADEIA VELHA
785568,RUA 06 101 CACAU PIRERA
983706,RUA AIRES DE ALMEIDA 437 RAIZ
824512,RUA LUIZ FALCAO 1481 CENTRO
133335,RUA CAPIVARI 230 ALTO ALEGRE
306694,RUA SETE DE SETEMBRO 480 CENTRO
227685,RUA ANDREIA 5508 PORTO VELHO
186423,RUA JUSCELINO KUBITSCHESK 1561 BAIRRO JARDIM NOVO ESTADO
800728,RUA DOIS 1090 SAO JORGE
623073,TRAVESSA CAPIXABA 533 SANTA MARIA
982528,RUA AFONSO PENA 255 CENTRO
956610,RUA 186 17 CIDADE NOVA
36083,RODOVIA BR 364 22 POVOADO DA 364
217831,ESTRADA AREIA BRANCA 1500 AREIA BRANCA
615544,RUA PRINCESA ISABEL 403 ESTACAO EXPERIMENTAL
285348,RUA MINEIROS 9911 ZONA LESTE
740614,RIO APIPICA 2 ALDEIA JUTAI
355994,RUA X 742 BAIRRO CIDADE ALTA
39365,AVENIDA 5 DE ABRIL 1999 RIOZINHO
631277,TRAVESSA RIO BRANCO 572 CERAMICA
517544,RUA SEIS DE AGOSTO 731 SEGUNGO DISTRITO
301997,RUA RUGENDAS 8523 ESCOLA DE POLICIA
578342,RUA ISAURA PARENTE 1727 ESTACAO EXPERIMENTAL
784833,AVENIDA SOLIMOES 100 BAIRRO BARRO ALTO
959205,RUA 202 52 CIDADE NOVA
615433,RUA PRINCESA ISABEL 54 ESTACAO EXPERIMENTAL
78283,RUA TUPINAMBA 3463 JORGE TEIXEIRA
1042703,RUA CINCO DE SETEMBRO 2 144 SAO RAIMUNDO
146837,RUA MANOEL VIEIRA DOS SANTOS 1262 NOVA BRASILIA
813120,RUA BRASIL 61 NOVO REMANSO
370294,AVENIDA VITORIA REGIA OU 1705 1779 JARDIM PRIMAVERA
731194,RUA RAIMUNDO PORFILIO DO NASCIMENTO 5 FATIMA
1130469,RUA JESUS DA LIBERTACAO 332 TARUMA COMUNIDADE TARUMA
319001,RUA CORONEL LIMA 9106 ZONA LESTE
1133193,RUA JOAQUIM RIBEIRO 100 SAO FRANCISCO
169998,RODOVIA 257 2968 CENTRO
225855,RUA AMERICA DO SUL 2281 TRES MARIAS
273273,RUA JOAQUINA 6139 PORTO VELHO
644517,RUA PORFIRIO DE MOURA 6 CENTRO
905337,AVENIDA PRESIDENTE COSTA E SILVA 1140 RAIZ
611918,RUA CORONEL ALEXANDRINO 540 BOSQUE
81577,AVENIDA DEZ DE ABRIL 1744 SETOR 0001
310264,RUA TEOTONIO VILELA 7761 JUSCELINO KUBITSCHEK
220192,RUA 3 5 NOVO HORIZONTE
189163,RUA VITAL BRASIL 520 BAIRRO INDUSTRIAL
813782,RUA NATAL 166 VILA DE LINDOIA
1037233,RUA CENTRAL PARK 498 BAIRRO SAO FRANCISCO
1039047,RUA CINCO 10 COMPENSA
1139505,RUA JUSCELINO KUBITCHECK 401 NOVO ISRAEL
64008,TRAVESSA B 1612 INDUSTRIAL
402028,AVENIDA VANCESLAU BRAS 3394 CENTRO
1065325,RUA DAS MANGUEIRAS 4 SANTA ITELVINA
514722,RAMAL TUCUNDUBA 9 RML TUCUNDUBA EPITACIOLANDIA
1142113,RUA LAPAO 26 LIRIO DO VALE
632511,TRAVESSA TRES DE MAIO 81 SANTA INES
627690,TRAVESSA JK 62 WANDERLEI DANTAS
54481,RUA JORGE AMADO 2322 CONJUNTO HALLEY
232173,RUA ARUBA 8192 TANCREDO NEVES
1052581,RUA CURIO 216 JORGE TEIXEIRA
1107483,RUA GRANDE CIRCULAR 45 JORGE TEIXEIRA CIDADE DE DEUS
121923,RUA AYRTON SENNA 4042 BAIRRO JARDIM DO ESTADOS
731515,RUA SANTOS DUMONT 55 CENTRO
1113818,RUA HUMBERTO DE CAMPOS 89 SAO JORGE
661093,ESTRADA IPEPACONHA 1421 BAIRRO DO IPEPACONHA
218951,ESTRADA DOS PIRIQUITOS 1880 RONALDO ARAGAO
728589,RAMAL SAO SEBASTIAO 310 SITIO ISRAEL
1112594,RUA HERMINIO BARBOSA 47 SAO LAZARO
643729,RAMAL TIRIRICA 2280 R0DRIGUES ALVES
60887,RUA UIRAPURU 2999 TEIXEIRAO
918258,BECO DEZ DE JUNHO 72 JORGE TEIXEIRA
944319,RAMAL DO COELHO 1510 DISTRITO
578638,RUA ITAPOAN 311 CONQUISTA
746617,RUA GONCALVES LEDO 679 ESPIRITO SANTO
784262,AVENIDA AMAZONINO MENDES 171 MUTIRAO CACAU
624460,TRAVESSA DA MANGUEIRA 31 SANTA INES
903553,AVENIDA GOVERNADOR AMAZONINO MENDES 75 SANTA ETELVINA
758575,COMUNIDADE ARPAUBA 10 PARANA BADAJOS
1132399,RUA JOAO PESSOA 597 BETANIA
35460,LINHA C 60 22 RO 257
504119,RUA SANTA LUZIA 115 BAIRRO DO REMANSO
617291,RUA SANTO ANTONIO 60 BOSQUE
148183,RUA MATO GROSSO 1019 CENTRO
955066,RUA 160 17 MANAUS
1079242,RUA DOIS 11 ADRIANOPOLIS
565518,RUA DAS HORTALICAS 316 JARDIM PRIMAVERA
942963,ESTRADA PONTA NEGRA 1759 PONTA NEGRA
239763,RUA CAPELINHA 1464 ELETRONORTE
1139636,RUA JUTAI 600 DISTRITO INDUSTRIAL
1028261,RUA CANADA 77 FLORES
818879,ALDEIA PAU PIXUNA 14 PAU PIXUNA
286718,RUA NEUSA 6373 IGARAPE
851950,ALAMEDA RIO BRANCO 802 COL TERRA NOVA
614898,RUA PADRE EUSTAQUIO 198 ALTO ALEGRE
941439,ESTRADA DA PONTA NEGRA 4475 PONTA NEGRA
933746,BECO PRESIDENTE MEDICI 45 COMPENSA
150733,RUA PLACIDO DE CASTRO 289 PRIMAVERA
170348,RUA BAHIA 3788 CENTRO
309775,RUA TENREIRO ARANHA 2880 OLARIA
797357,RUA ALDINO REIS 49 SAO CRISTOVAO
36586,RUA FERNANDO PESSOA 4334 BOM JESUS
448339,RUA BURITIS 2652 MONTE NEGRO
599697,RUA RIO GRANDE DO SUL 378 IVETE VARGAS
1098146,RUA FERREIRA PENA 366 CENTRO
786693,RUA ABACAXI 2 710 BAIRRO BARRO ALTO
377201,RUA EMILIA TEREZINHA MENDES 3543 ORLEANS
742592,RUA AIRTON SENNA 75 GRANDE VITORIA
1021715,RUA BRITANIA 56 GRANDE VITORIA
924107,BECO NHAMUNDA 58 PRACA 14 DE JANEIRO
919631,BECO ESPERANCA 480 PLANALTO
181908,RUA ALBERT SABIN 193 BAIRRO NOVA OURO PRETO
161630,RUA SAO CRISTOVAO 431 JARDIM DOS MIGRANTES
1120030,RUA IRACY NEVES 43 DISTRITO INDUSTRIAL 1 E 2
1125514,RUA JACARE 23 JORGE TEIXEIRA
1099601,RUA FLORESTAL 15 PONTA NEGRA
717958,RUA COMANDANTE MODESTO 1037 RIO PURUS
747954,RUA MANOEL MARQUES 300 CHAGAS AGUIAR
49266,RUA ANTONIO DEODATO DURCE 3701 BAIRRO FLORESTA
613307,RUA GOVERNADOR ARTHUR REIS 69 CONJUNTO CASTELO BRANCO
981375,RUA ADAILSON LOPES 129 SANTA ETELVINA
1100827,RUA FORTALEZA 523 ADRIANOPOLIS
1107592,RUA GRANDES UVAS 208 MONTE DAS OLIVEIRAS
463226,AVENIDA AFONSO PENA 24391 CENTRO
590566,RUA N QUATRO 225 TUCUMA II
1032476,RUA CASSITERITA 119 TANCREDO NEVES
918031,BECO DAS FLORES 355 COLONIA ANTONIO ALEIXO
101706,AVENIDA SALOMAO JUSTINIANO MELGAR 3778 GUAJARA MIRIM
527062,RUA CRUZEIRO DO SUL 79 CENTRO
367083,AVENIDA PORTO ALEGRE 65 JARDIM DAS OLIVEIRAS
1061156,RUA DAKAR 3 PLANALTO
239955,RUA CARAMELO 2803 COSTA E SILVA
488403,RAMAL PONTE COBERTA 118228 BR 364 KM 58
688026,RIO ITACOAI 1 ESTIRAO DO CUMARU
246973,RUA DA PROSPERIDADE 7812 NACIONAL
609001,RUA VETERANO R PINTO 169 MANOEL JULIAO
367476,AVENIDA QUINZE DE NOVEMBRO 3031 CENTRO
932320,BECO VENTURA 42 SANTA LUZIA
521012,AVENIDA JAPIIM 270 BAIRRO GUARANI
594357,RUA PERU 161 BAIXA DA HABITASA
834725,RUA CODAJAS 16 UNIAO
953282,RUA 15 287 ALVORADA
552463,RUA AMAZONAS 118 CENTRO
921480,BECO IRENO 42 LIRIO DO VALE
541627,BECO DO GAUCHO 38 COMARA
675178,TRAVESSA BUJARI 210 VILA DO V
1023624,RUA C 78 COROADO
196782,AVENIDA PRESIDENTE HERMES 664 ALVORADA
816710,RUA ANTONIO AMANCIO 339 BAIRRO CHICO VIEIRA
180177,AVENIDA DANIEL COMBONI 1139 JARDIM TROPICAL
56544,RUA MANOEL BANDEIRA 410 NOVA ESPERANCA
557855,RUA BOLIVIA 366 BAIXA DA CADEIA VELHA
419496,LINHA 152 NORTE 20 NOVO HORIZONTE
657664,RUA PADRE EGIDIO 798 BAIRRO CENTRO
976208,RUA A 3 JORGE TEIXEIRA
1085006,RUA DOS SAMARITANOS 16 ZUMBI 03
678306,RUA DAS INDUSTRIAS 1083 AMATURA
845055,ESTRADA NOVO AIRAO 1518 NOVO AIRAO
722281,RIO CANUMA 10 ALDEIA SAO DOMINGOS
951656,RUA 13 DE OUTUBRO 47 JORGE TEIXEIRA 4 ETAPA
869579,AVENIDA DJALMA BATISTA 735 CHAPADA
20463,RUA GRACILIANO RAMOS 3633 SETOR 06
1045124,RUA CIRCULAR 2 76 AMAZONINO MENDES
1099221,RUA FLAVIO COSTA 122 COROADO
256454,RUA FELIPE CAMARAO 9727 MARIANA
394069,AVENIDA NOVO HORIZONTE 2000 NOVA DIMENSAO
181742,RUA A2 163 JARDIM NOVO HORIZONTE
823607,RUA EMILIO CANIZIO 1093 PANTANAL
33321,RUA VITORIA REGIA 2961 SETOR 4
1134856,RUA JOSE ALVARES MARCIEL 43 DOM PEDRO I
872263,AVENIDA EFIGENIO SALES 780 ALEIXO
909335,BECO 1188 1188 CENTRO
576393,RUA GUANABARA 211 ELDORADO
937773,BECO SAO JOSE 114 GLORIA
239780,RUA CAPITAO JOAO SILVIO CUSTODIO 4210 BAIRRO MILITAR
278940,RUA LUIS DE CAMOES 6449 PORTO VELHO
1092634,RUA ERICO VERISSIMO ANTIGA A4 322 NOVA REPUBLICA
659388,RAMAL DO 25 10 CACIRIAN
559977,RUA CAMPO GRANDE 769 JOAO EDUARDO II
1036219,RUA CENTO E SETENTA E NOVE 23 NOVO ALEIXO
356198,RUA BARAO DE MELGACO 4348 PLANALTO
424434,LINHA ELETRONICA 32 LINHA
827766,RAMAL DA TORRE 4 RAMAL DA TORRE
371928,AVENIDA PRESIDENTE NASSER 1011 JARDIM DAS OLIVEIRAS
624292,TRAVESSA DA ESCOLA 3 SAO FRANCISCO
768756,RUA MANOEL VARGAS 300 CENTRO
807419,RUA DOUTOR LUZARDO FERREIRA DE MELO 3552 JAUARI II
173214,ESTRADA ORIENE NOVO 65 DISTRITO ORIENTE NOVO
776294,RUA JOAO PAULO II 2134 NOVA ESPERANCA
594398,RUA PERU 282 HABITASA
845643,RIO MANACAPURU 10 LAGO DO CUMA
576961,RUA HELIO MELO 208 NOVA ESPERANCA
320214,RUA DUQUE DE CAXIAS 2682 CENTRO
767824,RUA BOM JESUS 181 ACACU
506379,TRAVESSA JOAQUIM ESTEVAO 22 SABOEIRO
383267,RUA SEISCENTOS E VINTE E SEIS 6998 NOVA VILHENA
505674,TRAVESSA BECO DO TRAPICHO 1 31 None
908497,AVENIDA SENADOR ALVARO BOTELHO MAIA 722 CENTRO
725094,COMUNIDADE BARARUA II 21 BARARUA II
462471,LINHA 04 12 ZONA RURAL
879517,AVENIDA J CARLOS ANTONY 796 CACHOEIRINHA
538989,AVENIDA GETULIO VARGAS 3951 RAIMUNDO MELO
604237,RUA SEM DENOMINACAO UM 16 CALADINHO
849465,RIO CASTANHO 32 VISTA ALEGRE
782111,RUA DOMINGOS BARROSO 64 IPIXUNA
1038203,RUA CHICO XAVIER 2 COLONIA TERRA NOVA
591047,RUA NASSAU 60 JORGE LAVOCAT
1071813,RUA DEZESSEIS 439 ALVORADA II
834589,RUA CLAUDIONOR VASCONCELOS 482 NOVO MANACA
232497,RUA ATAUFO ALVES 8673 PORTO VELHO
95110,AVENIDA BANDEIRANTES 1141 NOSSA SENHORA APARECIDA
307058,RUA SHEILA REGINA 5541 TEIXEIRAO
849623,RIO SOLIMOES 272 ENSEADA DO JANAUACA
902334,AVENIDA DESEMBARGADOR JOAO MACHADO 341 ALVORADA
893715,AVENIDA RIO NEGRO 117 COMPENSA
546337,RAMAL MOREIRA 444 SANTA MARIA
661304,RUA ALIPIO ALVES 170 AVELINO LEAL
398708,RUA MACHADO DE ASSIS 5361 CENTRO
653037,RUA AUGUSTO VASCONCELOS 391 CAFEZAL
992393,RUA ANAPOLIS 1165 REDENCAO
255135,RUA ESTHER SALES 1304 AGENOR M DE CARVALHO
518940,TRAVESSA RUI BARBOSA 21 CENTRO
477964,RAMAL GRANADA 82 GRANADA
566916,RUA DEZESSEIS DE OUTUBRO 536 BAIRRO 15
767577,RUA BELARMINO LINS 26 SAO FRANCISCO II
899397,AVENIDA URUCARA 137 CACHOEIRINHA
1095580,RUA EVALDO BRAGA 8 TANCREDO NEVES
934134,BECO SANTA ISABEL 1503 CACHOEIRINHA
695060,AVENIDA EFIGENIO SALES 524 CENTO
524534,RAMAL PENTECOSTE 50 PENTECOSTE
112382,RUA JORGE TEIXEIRA 1201 SETOR 04
520979,AVENIDA JAPIIM 143 CENTRO
420062,RUA DAS FLORES 3320 None
248933,RUA DEZENOVE DE OUTUBRO 2079 NACIONAL
346890,AVENIDA PORTO ALEGRE 3162 CENTENARIO
305354,RUA SEM DENOMINACAO 301 LAGOA
143530,RUA JACAREZINHO 2318 JK
148564,RUA MENEZES FILHO 2865 DOIS DE ABRIL
276517,RUA JULIO DE OLIVEIRA 4327 IGARAPE
927769,BECO SANTO ANTONIO 2 DOM PEDRO I
1031295,RUA CARLOS DRUMMOND DE ANDRADE 34 TANCREDO NEVES COMUNIDADE NOVO REINO
175290,LINHA SM 1 OU MP 2 26 MACHADINHO DOESTE
689487,RUA ERNERTO GEISEL 170 WALDOMIRO SAMPAIO
1074009,RUA DIAMANTINA 256 GRANDE VITORIA
1098587,RUA FILADELFIA 15 GILBERTO MESTRINHO
745822,RUA FABIO LACERDA 32 PERA 2
229157,RUA ANTONIO MARIA VALENCA 5447 FLODOALDO PONTES PINTO
715101,RUA TAMOATA 121 CENTRO
369664,AVENIDA UM MIL QUINHENTOS E TRES 1207 CRISTO REI
247015,RUA DA SAUDADE 4714 FLORESTA
208259,AVENIDA GUAPORE 6056 RIO MADEIRA
542657,BECO SEM NOME 190 AREAL
112793,RUA MANOEL LACERDA FERRAZ 2996 SETOR 06
818549,RUA TRAVESSA 7 JURUA
1099882,RUA FLUMINENSE 578 CIDADE DE DEUS
675487,AVENIDA SAO JOAQUIM 1090 CENTRO
622911,TRAVESSA CAMPO NOVO 221 AIRTON SENA
822335,CAMINHO RAMA BOA VISTA 1265 ALDEIA BOA VISTA
654278,RUA JOSE PESSOA NOGUEIRA 79 BAIRRO VITORIA
290454,RUA PARAGUAI 4117 PORTO VELHO
1057842,RUA DA PALMEIRA 775 MANAUS
203118,LINHA LINHA 108 60 LINHA 108
530415,RUA JOSE SIQUEIRA 1864 MULTIRAO II
907494,AVENIDA SANTA MONICA 185 MONTE DAS OLIVEIRAS
942442,ESTRADA DOS JAPONESES 729 PARQUE 10
1008165,RUA BARREIRINHA (RUA J) 2 SAO JOSE OPERARIO 3
322241,RUA PADRE CHIQUINHO 94 SAO CARLOS
520355,RUA CARLOS GONCALVES DE FARIAS 1540 CENTRO
572534,RUA F 21 ILSON RIBEIRO
568598,RUA DO PASSEIO 356 TAQUARI
207965,AVENIDA GUAPORE 2872 LAGOINHA
359145,AVENIDA NOVO ESTADO 2959 CENTRO
327074,LINHA DOIS 76 RIO PARDO
456847,RODOVIA BR 429 4538 CIDADE BAIXA
1149205,RUA LUIZ MONTE NEGRO 143 JORGE TEIXEIRA 4 ETP
893564,AVENIDA RIO NEGRO 78 JAPIIM
886776,AVENIDA O 55 ALVORADA
186673,RUA MADERSAN 524 BAIRRO INDUSTRIAL
607547,RUA TURIBA 192 AIRTON SENA
948308,RUA 1 DE JUNHO 23 MANAUS
905733,AVENIDA PRESIDENTE COSTA E SILVA 1522 RAIZ
774126,RUA CIRCULAR MUNICIPAL 1085 CENTRO
403644,AVENIDA AZALEIA 2299 BAIRO PRIMAVERA
152556,RUA RIO NEGRO 1076 JARDIM PRESIDENCIAL
999040,RUA ARSENAL DE MARINHA 514 COLONIA OLIVEIRA MACHADO
657772,RUA SANTA HELENA 66 CRISTO LIBERTADOR
646908,RUA JAMIL BESTENE 1539 NAIRE LEITE 2
175463,LINHA TB 12 110 MACHADIHO
505092,RUA CORONEL CARVALHO 120 69980000
557837,RUA BOLIVIA 327 BAIXA DA CADEIA VELHA
1053019,RUA CURITIBA 338 NOVA VITORIA
110187,RUA CEARA 2784 SETOR 01
1012505,RUA BELMIRO COSTA 25 SAO RAIMUNDO
88260,RUA JERUSALEM 2041 BAIRRO SAO JOSE
1121409,RUA ITABUNA 46 CIDADE NOVA
278644,RUA LUIS ANTONIO MIOTO 2426 CENTRO
856027,AVENIDA AUTAZ MIRIM ANTIGA GRANDE CIRCULAR 5632 SAO JOSE OPERARIO
122860,TRAVESSAO DA LINHA 632 16 TRAVESSAO DA LINHA 632
671254,AVENIDA RUI COELHO 150 VILA DO V
751726,RUA SAO PEDRO 238 ESPIRITO SANTO
190974,LINHA 204 3680 LADO DA 203
1079642,RUA DOIS 25 SAO JOSE OPERARIO 3
388951,AVENIDA CAPITAO SILVIO 1075 BAIRRO CRISTO REI
1119083,RUA IPANEMA ANTIGA RUA DEZ 43 ALVORADA I
599116,RUA RIACHUELO 341 BOSQUE
768230,RUA DOIS [2] 50 PAI SABA
169549,AVENIDA MARECHAL DUTRA 3378 CENTRO
1075757,RUA DO CAMPO 29 NOVO ALEIXO
417988,RUA PRESIDENTE PRUDENTE DE MORAES 2310 SETOR 8
316132,RUA VILA MARIANA 9747 MARIANA
1045929,RUA CLAUDE DEBUSSY 23 PARQUE 10
406654,ESTRADA LC 80 41 ZONA RURAL
599699,RUA RIO GRANDE DO SUL 400 PREVENTORIO
1144280,RUA LEOPOLDO CARPINTEIRO PERES 610 PETROPOLIS
930701,BECO SETE DE SETEMBRO 3117 JORGE TEIXEIRA
34451,TRAVESSA CAJARANA 3420 SETOR 01
364397,AVENIDA FLORIANOPOLIS 3526 JARDIM DAS OLIVEIRAS
1025968,RUA CAETE 21 COLONIA TERRA NOVA
310688,RUA THOMAS EDSON 3998 CIDADE NOVA
464830,AVENIDA DOS PIONEIROS 1935 CENTRO
684013,RUA DA LAGOA 905 CENTRO
846248,RODOVIA MANOEL URBANO 3935 RAMAL D0 PARU
261117,RUA GETULLIO VARGAS 2614 SAO CRISTOVAO
662111,RUA EPAMINONDAS JACOME 940 COAB
1029628,RUA CARAJAS 32 C NOVA
52461,RUA FLAVIO GUIMARAES 1374 JARDIM BANDEIRANTES
1111572,RUA HAVANA 211 NOVA CIDADE
432092,RUA SILVANA GONSALVES 1358 CENTRO
392485,AVENIDA ANTONIO LUIZ DE MACEDO 6766 PLANALTO
167934,AVENIDA JOAO BATISTA FIGUEIREDO 3348 BAIRRO UNIAO
226556,RUA ANANIAS FERREIRA DE ANDRADE 4125 IGARAPE
575241,RUA FUTURO 196 AVIARIO
1021712,RUA BRITANIA 42 GRANDE VITORIA
456748,AVENIDA SAO FRANCISCO 2801 CIDADE BAIXA
347622,AVENIDA RECIFE 6623 INDUSTRIAL
220479,RUA 6 1 NOVO HORIZONTE
542296,BECO SEM DENOMINACAO 51 BELO JARDIM
735827,IGARAPE DO TAPAGEM 3113 JANAUACA
245961,RUA DA ESMERALDA 3832 FLODOALDO PONTES PINTO
101970,AVENIDA TOUFIC MELHEM ABICHABIKI 3098 GUAJARA MIRIM
10072,AVENIDA RIO BRANCO 4532 JARDIM DAS PALMEIRAS
40087,AVENIDA BELO HORIZONTE 2414 CENTRO
984270,RUA ALA DAS PEDRAS 82 TARUMA ACU
1013971,RUA BENJAMIM 390 CIDADE DE DEUS
384625,RUA TEREZINA 345 QUINTO BEC
832981,RUA ANTONIO SOFIM 1697 LIBERDADE
966792,RUA 35 16 NOVO ALEIXO
166273,AVENIDA BRASIL 3343 CENTRO
848517,ESTRADA BR 319 55 TUPANA
396612,AVENIDA INDEPENDENCIA 5433 CENTRO
690334,RUA JOSE SIQUEIRA 1447 BAIRRO SANTA LUZIA
502345,RUA MATO GROSSO 1196 TELEGRAFO
910510,BECO ANTONIO PIZZONIA 420 DISTRITO INDUSTRIAL 1 E 2
53690,RUA ILARIO BERNADO DA COSTA 3403 VILAGE DO SOL
955562,RUA 17 358 CIDADE NOVA
1042146,RUA CINCO DE SETEMBRO 27 JAPIIM
321505,RUA MARECHAL TAUMATURGO 1439 TRES MARIAS
1114897,RUA I 79 ARMANDO MENDES
594363,RUA PERU 179 BAIXA DA HABITASA
154117,RUA SENA MADUREIRA 2254 CAFEZINHO
455836,LINHA MARCO OITO 38 MARCO OITO
325038,TRAVESSIA SAO FRANCISCO 7998 NACIONAL
988645,RUA AMAZONAS 16 BETANIA
1128985,RUA JCIRA REIS 1001 R JACIRA REIS
1016301,RUA BOA ESPERANCA 611 SAO JORGE
897192,AVENIDA TEFE 533 JAPIIM
266389,RUA INGLATERRA 4173 IGARAPE
69220,RUA BELO HORIZONTE 499 CENTRO
133474,RUA CARAMUA 274 URUPA
986203,RUA ALFAZEMA 544 JORGE TEIXEIRA JOAO PAULO 2
477484,RAMAL DO KM 105 OU DO GORDO 144 PORTO DIAS
314649,RUA VENEZUELA 1179 NOVA PORTO VELHO
95958,AVENIDA CASTELO BRANCO 2640 GUAJARA MIRIM
745224,RUA DOIS DE DEZEMBRO 787 TAUA MIRIM
183594,RUA DOS ARTISTAS 141 INCRA
1056319,RUA DA CONQUISTA 25 COLONIA OLIVEIRA MACHADO
420993,RUA TAPAJOS 1750 SETOR 2
453360,AVENIDA EFRAIM GOULART DE BARROS 194 CENTRO
4750,RUA RIO GRANDE DO NORTE 4321 LIBERDADE
1117699,RUA INACIO GUIMARAES 313 EDUCANDOS
403640,AVENIDA AZALEIA 2207 BAIRO PRIMAVERA
945030,RUA 01 7 NOVA CIDADE
544863,ESTRADA DO CALAFATE 5656 BAIRRO SAO MIGUEL
141400,RUA GIRASSOL 146 DOIS DE ABRIL
150915,RUA PORTO ALEGRE 1240 NOSSA SENHORA DE FATIMA
986508,RUA ALFREDO PAES BARRETO 299 SAO FRANCISCO
835561,RUA ESTRADA MANUEL URBANO 2749 TERRA PRETA
206928,AVENIDA DOS IMIGRANTES 960 PANAIR
354062,RUA OLAVO BILAC 44 CIDADE ALTA
556095,RUA BEIRA DO CANAL 41 IVETE VARGAS
381830,RUA PERNAMBUCO 2353 PARQUE IND NOVO TEMPO
694820,RUA DOUTOR JULIO TAUMATURGO LOBO 443 NOVO CEU
269671,RUA JATUARANA 26 LAGOA
619793,RUA SENADOR EDUARDO ASMAR 1195 BAIRRO 6 DE AGOSTO
728906,RIO PURUS 3 SANTO ANTONIO DO APITUAR
221250,RUA ABUNA 377 CENTRO
36175,RODOVIA RO 257 12 ARIQUEMES
871419,AVENIDA E 242 ALVORADA
917557,BECO DA REPUBLICA 3 CRESPO
842550,RUA DOM BOSCO 1106 SAO JOSE
101705,AVENIDA SALOMAO JUSTINIANO MELGAR 3777 GUAJARA MIRIM
654582,RUA MANOEL GONCALVES 95 JOSE N SOBRINHO
13989,RUA BOUGAINVILLEA 2713 SETOR 4
1131969,RUA JOAO LIBERAL 95 CIDADE NOVA
987929,RUA AMAPA 82 NOSSA SENHORA DAS GRACAS
620530,RUA VETERANO R PINTO 228 MANOEL JULIAO
725604,RUA COUTU VALE 1467 ARARAS
198823,RUA FAGUNDES VARELA 486 PIONEIROS
184862,RUA GUAPORE 972 JARDIM NOVO HORIZONTE
229197,RUA ANTONIO MARIA VALENCA 5764 APONIA
183728,RUA DOS PIONEIROS 3123 RONDOMINAS
218491,ESTRADA DO BELMONT 2086 NACIONAL
106440,AVENIDA FRANCISCO VIEIRA DE SOUZA 1700 CENTRO
151412,RUA RAIMUNDO GOMES ALVARENGA 2484 NOVO JIPARANA
168727,AVENIDA TANCREDO NEVES 2572 CENTRO
41027,AVENIDA CASTELO BRANCO 21101 INDUSTRIAL
815248,RUA CARLOS AMORIM 378 CIDADE ALTA
231342,RUA ARIPUANA 3273 ZONA LESTE
462506,LINHA 101 5 ZONA RURAL
767016,ESTRADA DO TUPE 303 ACACU
425646,RUA ALFREDO J NASCIMENTO 130 BAIRRO UNIAO
634940,VIA VERDE 1345 VIA VERDE
655995,RUA RAUL TAMBURINI 86 NITEROI
915253,BECO CENTRAL 16 COLONIA ANTONIO ALEIXO
180015,AVENIDA ADEMIR RIBEIRO 479 JARDIM AEROPORTO
1068268,RUA DELMAR BRAS 23 CIDADE NOVA
555597,RUA BANDEIRANTES 356 TANCREDO NEVES
856063,AVENIDA AUTAZ MIRIM ANTIGA GRANDE CIRCULAR 9800 JORGE TEIXEIRA COMUNIDADE BAIRRO NOVO
404735,RUA BOM FUTURO 3783 ALORADA
85580,AVENIDA SETE DE SETEMBRO 3854 BAIRRO LIBERDADE
1077940,RUA DO PROGRESSO 9 JAPIIM
800828,RUA EDUARDO RIBEIRO 2698 JAUARI
765569,RUA RENE LEVY 318 SAO FRANCISCO
264349,RUA HERBERT DE AZEVEDO 768 OLARIA
182045,RUA ALUISIO FERREIRA 881 NOVA OURO PRETO
798856,RUA BEIJA FLOR 3364 DA PAZ
1115718,RUA IBIA 128 CIDADE NOVA
134294,RUA CASTELO BRANCO 1480 NOVA BRASILIA
528362,AVENIDA EPITACIO PESSOA 974 CENTRO
1100200,RUA FORMOSA 221 FLORES
960188,RUA 21 DE MAIO 85 CIDADE NOVA
165264,LINHA QUARTA 2340 2 LINHA GL G
696092,RUA ALEXANDRE AMBROSIO 1061 SAO FRANCISCO
136475,RUA CRUZEIRO DO SUL 3842 JORGE TEIXEIRA
1086398,RUA DOZE 352 ALVORADA
807315,RUA DOUTOR LUZARDO FERREIRA DE MELO 2145 BAIRRO CENTRO
798678,RUA BARCELOS 196 SAO FRANCISCO
816872,TRAVESSA NOSSA SENHORA APARECIDA 286 CENTRO
134944,RUA CEDRO 1140 JORGE TEIXEIRA
969919,RUA 47 65 CIDADE NOVA
410110,RUA CACOAL 1272 ST 02
596681,RUA PROJETADA 70 VILA DA AMIZADE
770265,AVENIDA TANCREDO NEVES 172 GUAJARA
820112,RUA DARIO LASMAR 140 CENTRO
869392,AVENIDA DJALMA BATISTA 51 SAO GERALDO
197348,ESTRADA DO LATICINIO 490 BELA VISTA
1125161,RUA JACANA 100 TANCREDO NEVES
1085817,RUA DOZE 26 PARQUE 10 DE NOVEMBRO
187430,RUA OSVALDO CRUZ 491 BAIRRO DA LIBERDADE
112427,RUA JORGE TEIXEIRA 1641 SETOR 07
1013114,RUA BELO HORIZONTE 640 SANTA ETELVINA
765453,RUA LUPERCINO MARIANO DE FRANCA 251 SAO FRANCISCO
32337,RUA TURMALINAS 1471 PARQUE DAS GEMAS
804353,RUA OSCAR RAMOS 1737 SANTO ANTONIO
674059,RUA DAS ORQUIDIAS 122 VILA DO INCRA
52419,RUA FAGUNDES VARELA 1319 JARDIM VISTA ALEGRE
185335,RUA JOAO DE OLIVEIRA 855 JARDIM BANDEIRANTE
416504,LINHA C 50 130 PA RIO ALTO
505333,RUA MAJOR ASSIS DE VASCONCELO 1036 25 DE AGOSTO
902168,AVENIDA DESEMBARGADOR JOAO MACHADO 136 ALVORADA
1096673,RUA F 30 CAMPOS SALES
182821,RUA CARLOS GOMES 87 NOVA OURO PRETO
875750,AVENIDA GONZAGA PINHEIRO 60 CENTRO
926582,BECO RIO MAR 4 COLONIA ANTONIO ALEIXO
844212,TRAVESSA WALDEMAR PEDROSA 1039 SAO FRANCISCO
774502,RUA DA OLARIA 917 NOSSA SENHORA DO CARMO
290737,RUA PARANA 2255 NOVA PORTO VELHO
867920,AVENIDA CRISTO REI 49 COROADO III
52681,RUA FRANCISCO PATRICIO RODRIGUES 3756 VILLAGE DO SOL II
1006848,RUA BANDEIRA BRANCA 121 NOSSA SENHORA APARECIDA
778913,RUA PADRE LUIZ VENZON 1980 SAO PEDRO
668845,RUA PLACIDO DE CASTRO 787 BRAGA SOBRINHO
185840,RUA JOSE DOS REIS 28 JARDIM AEROPORTO
721635,IGARAPE CAUA 87 IGARAPE DO CAUA
230100,RUA ANTONIO VIVALDI 6248 APONIA
397805,AVENIDA PRINCESA ISABEL 5789 CENTRO
428180,RUA VINTE E UM DE ABRIL 1151 UNIAO
464984,AVENIDA MONTE SIAO 73 CENTRO
1016877,RUA BOA VIDA ANTIGA RUA AMAZONAS 69 COROADO
532165,RAMAL BIRROQUE 80 TRIUNFO
654179,RUA JOSE CEZAR DA SILVA 2 ELGENIO ALGUSTO AREAL
642204,COMUNIDADE DO PROFETA 92 RODRIGUES ALVES
631571,TRAVESSA SANTA INES 193 AVIARIO
78713,LINHA CINCO ESCONDIDO 2 None
87431,RUA DOIS DE JULHO 2116 BAIRRO SAO JOSE
942002,ESTRADA DO BRASILEIRINHO 10700 PURAQUEQUARA
1136232,RUA JOSE FLORENCIO 544 PETROPOLIS
1005286,RUA B QUATRO 24 NOVO ALEIXO
219998,RUA 18 DE JANEIRO 4837 ZONA SUL
926427,BECO REGO BARROS 255 SAO RAIMUNDO
354227,RUA OURO PRETO 5112 SAO CRISTOVAO
1123999,RUA J 14 JORGE TEIXEIRA BAIRRO NOVO
1138212,RUA JUAZEIRO DO NORTE 142 TERRA NOVA
472004,AVENIDA PARAISO 2783 SETOR 1
314531,RUA VENEZUELA 629 NOVA PORTO VELHO
1019524,RUA BORBA 225 TANCREDO NEVES COMUNIDADE NOVA CONQUIST
1126413,RUA JAMBU 68 JORGE TEIXEIRA JOAO PAULO 2
842536,RUA DOM BOSCO 1012 SAO JOSE
929544,BECO SAO PEDRO 1 84 JAPIIM
1043352,RUA CINQUENTA E CINCO 65 NOSSA SENHORA DE FATIMA
76252,RUA CORUMBIARA 4303 SANTA LUZIA
450567,RUA DOM PEDRO I 2066 CENTRO
1032743,RUA CASTANHO 28 SAO JOSE OPERARIO
148929,RUA MOGNO 1159 CAFEZINHO
523018,RUA RAIMUNDA FERREIRA DA SILVA 12 MANCIO LIMA
169007,AVENIDA TANCREDO NEVES 4947 BAIRRO BOM FUTURO
453707,RUA JARDIM DAS OLIVEIRAS 35 CENTRO
815429,RUA MANOEL CIPRIANO VITAL 463 CIDADE ALTA
306588,RUA SETE 219 TRES MARIAS
346392,AVENIDA NORTE SUL 4931 CENTRO
118503,RUA ALMIRANTE BARROSO 3039 SETOR 04
273732,RUA JOSE BONIFACIO 845 OLARIA
568022,RUA DO DIVISOR 682 ELDORADO
800152,RUA CIGANA 87 DA PAZ
511357,RUA ALEXANDRE ESTEVES FILHO 506 CENTRO
851564,ALAMEDA E 91 LAGO AZUL
94891,AVENIDA AYRTON SENNA 3771 JARDIM DAS ESMERALDAS
527935,RIO JURUA 73 FAZENDA DA CACHOEIRA
87386,RUA DILSON RODRIGUES BELO 3355 VISTA ALEGRE
395963,AVENIDA BANDEIRANTES 4585 CENTRO
1132109,RUA JOAO MENDONCA 453 BAIRRO PETROPOLIS
62909,RUA PRESIDENTE ARTUR DA COSTA E SILVA 2014 JARDIM CLODOALDO
594492,RUA PESSEGO 96 MORADA DO SOL
1031939,RUA CARPINA 3 REDENCAO
148505,RUA MENEZES FILHO 2142 JARDIM DOS MIGRANTES
964821,RUA 28 DE MARCO 68 PARQUE DEZ DE NOVEMBRO
760182,AVENIDA PREFEITO CAVALCANTE 1333 NOSSA SENHORA DE FATIMA
733192,RUA 31 DE MARCO 100 VISTA ALEGRE
962502,RUA 24 7 CIDADE NOVA
838862,RUA NOVA VITORIA 1960 APARECIDA
428666,ESTRADA BR 364 140 CANDEIAS DO JAMARI
341194,AVENIDA ARACAJU 6172 SAO CRISTOVAO
67145,LINHA 9 55 CACOAL
852345,AVENIDA 7 DE SETEMBRO 1786 CENTRO
86442,RUA BAHIA 2370 CENTRO
596385,RUA PRIMEIRO DE MAIO 1023 BAIRRO 6 DE AGOSTO
742654,RUA AJURIMAUA 97 URUCU
81685,AVENIDA DOIS DE NOVEMBRO 2483 SETOR 0004
1027403,RUA CAMPO DO ROMA 2 NOVO ALEIXO
751571,RUA REI DAVI 6 UNIAO
918536,BECO DO CRUZEIRO 20 BETANIA
704113,COMUNIDADE CUNIDADE TICUNA BOM INTENTO II 9 BOM INTENTO II
980590,RUA ACAI 101 NOVO ALEIXO
841527,RUA WALDEMAR VENTURA 2594 SAO JOSE
1035140,RUA CELTA 1 PLANALTO
828434,RAMAL REMANCINHO 21 NOVA LABREA
745232,RUA DOIS DE DEZEMBRO 809 TAUA MIRIM
555009,RUA BAGUARI 1976 TAQUARI
12372,RUA ANDORINHAS 1487 SETOR 02
796049,BECO TEODORICO NUNES 482 JAUARY I
494656,AVENIDA DESEMBARGADOR TAVORA 282 CENTRO
654967,RUA MARANHAO 1784 JORGE ALVES JUNIOR
382831,RUA SANTOS DUMONT 1758 BAIRRO SAO JOSE
962519,RUA 24 12 NOVA CIDADE
811641,RAMAL DO INCRA II 20 NOVA BRASILIA
1063976,RUA DAS FLORES 5 CIDADE DE DEUS
857967,AVENIDA BEM TE VI 20 CIDADE NOVA
503241,RUA PEDRO TELES 1136 CRUZEIRINHO
209471,AVENIDA JOSE VIEIRA CAULA 6282 E DA COMUNIDADE
236605,RUA BOM SOSSEGO 218 CENTRO
489086,BECO SEM DENOMINACAO 306 PARAISO
404931,RUA F 3797 ALORADA
701190,BECO 30 16 JAVARIZINHO
816244,AVENIDA JUSCELINO KUBITSCHEK 106 CENTRO
191563,LINHA LINHA 20 4040 LINHA 20 SENTIDO JARU
586247,RUA MANOEL DANTAS 62 UNIVERSITARIO
322790,RUA PASTOR LEONARDO 3622 CIDADE NOVA
1024473,RUA C 4 220 CIDADE NOVA
221771,RUA AFONSO PENA 668 QUILMETRO UM
914291,BECO C 50 ALVORADA
320217,RUA DUQUE DE CAXIAS 2760 SAO CRISTOVAO
497778,RUA DE ALAGOAS 500 ESCOLA TECNICA
132566,RUA CAETANO COSTA 238 URUPA
49384,RUA ANTONIO MOREIRA DE LIMA 1929 JARDIM BANDEIRANTES
789990,RUA RIO PARDO 2500 BAIRRO BARRO ALTO
1012109,RUA BELFORD ROXO 645 JORGE TEIXEIRA 4 ETP
1003950,RUA B 107 CIDADE NOVA
976766,RUA A 22 TARUMA CAMPO SALES
1052061,RUA CURIAU ANTIGA RUA RIO BRANCO 120 SAO JOSE OPERARIO
299054,RUA RECIFE 259 NOVA FLORESTA
157862,RUA XAPURI 668 PRIMAVERA
330277,RUA 54A 10 NOVA MUTUM
643960,RAMAL SAO GERONIMO 66 SAO GERONIMO
1152781,RUA MANACAPURU 418 COLONIA TERRA NOVA
558713,RUA BOULEVARD AUGUSTO MONTEIRO 1241 TRIANGULO VELHO
269173,RUA JAQUEIRA 6470 CASTANHEIRA
296655,RUA PRODUCAO 2836 FLODOALDO PONTES PINTO
950458,RUA 12 30 CIDADE NOVA
3114,AVENIDA RONDONIA 114 IZIDOLANDIA
564067,RUA DA MANGA 176 MOCINHA MAGALHAES
170342,RUA BAHIA 3717 CENTRO
236840,RUA BORGES DE MEDEIROS 9618 MARIANA
534447,RUA SEM DENOMINACAO 190 BAIRRO PORTELINHA
603219,RUA SEIS DE AGOSTO 951 BAIRRO 6 DE AGOSTO
314390,RUA VELEIROS 6962 PORTO VELHO
1131416,RUA JOAO BOSCO BONIER 142 ZUMBI DOS PALMARES
737668,RAMAL PURUPURU 352 PURUPURU
469646,LINHA T 10 4 None
438427,RUA SIBIPIRUNA 4000 CENTRO
279213,RUA LUIZ BRASIL 2558 PORTO VELHO
276111,RUA JUAZEIRO 6906 PORTO VELHO
92157,RUA SAO PAULO 2634 CENTRO
465223,AVENIDA PROFESSORA FLOSINA LOPES NOVAES 5 CENTRO
471315,LINHA MA 8 19 VALE DO ANARI
612610,RUA DOM PEDRO II 52 BOSQUE
548129,RUA 13 DE MAIO 201 SOBRAL
885181,AVENIDA MIRRA 100 JORGE TEIXEIRA
290981,RUA PASSIDONIO FONTES 4185 AGENOR M DE CARVALHO
484062,RUA NUBIA G.FARIAS 157 FRANCISCO JOSE MOREIRA
103971,AVENIDA MARECHAL DEODORO 5163 GUAJARA MIRIM
923905,BECO MOSSORO 100 SAO FRANCISCO
228478,RUA ANSELMO LACERDA 33 DERMACACAO
169760,AVENIDA PRESIDENTE MEDICI 3141 CENTRO
1031481,RUA CARLOS GOMES 667 COMPENSA
510090,RUA LINHA DO TIRO ALVES 13 SACADA DE SAO LUIS
60610,RUA TOMAS ANTONIO DE CARVALHO 218 SAUDE
897344,AVENIDA TEFE 834 RAIZ
296873,RUA PRUDENTE DE MORAIS 1592 AREAL
73226,LINHA 2 DA 5A EIXO 90 ZONA RURAL
531490,RUA RAIMUNDA PENA 361 CENTRO
714919,RUA RUA TIAO LEITE I 617 PRAIA DO GADO
388776,AVENIDA KENNEDY 1315 BAIRRO CRISTO REI
47007,AVENIDA SAO PAULO 2859 CENTRO
873767,AVENIDA F 102 ALVORADA
739437,RUA MIRA CAUERA 24 CENTRO
1121035,RUA ISAMEL PONTES 40 PARQUE 10 DE NOVEMBRO
829798,AVENIDA GETULIO VARGAS 296 CENTRO
578826,RUA J 418 BAIRRO ILSON RIBEIRO
244976,RUA CRISTINA 6355 IGARAPE
350115,AVENIDA DOUTOR MIGUEL VIEIRA 6192 BAIRRO CIDADE ALTA
785021,AVENIDA TAPAUA 129 CENTRO
13475,RUA BASILIO DA GAMA 3491 SETOR COLONIAL
1004293,RUA B 308 COMPENSA
433176,AVENIDA CUJUBIM 2091 SETOR 04
735400,RUA SANTO ANTONIO 351 SEBASTIAO BORGES
254675,RUA ESPIRITO SANTO 3816 NOVA FLORESTA
210209,AVENIDA MAMORE 4362 TIRADENTES
293457,RUA PETROLINA 10424 AYRTON SENNA
357031,TRAVESSA SAFIRA 6103 JARDIM TROPICAL
18686,RUA ESTRELA DO ORIENTE 4957 RURAL
247177,RUA DANIEL NERY 1170 NOVA FLORESTA
1065639,RUA DAS ORQUIDEAS 19 JORGE TEIXEIRA 1 ETAPA
200047,RUA MARANHAO 1706 NOVA PIMENTA
626341,TRAVESSA GALDINO 58 BAIRRO SANTA HELENA
781100,RUA SANTO ANTONIO 1790 COM REALIDADE KM 100
74522,AVENIDA SOLIMOES 3613 JO SATO
1114313,RUA HUMBERTO GOMES 10 PETROPOLIS
1112294,RUA HENRIQUE MARTINS 215 JORGE TEIXEIRA
873796,AVENIDA F 155 MANAUS
78912,LINHA QUATRO 11 LINHA QUATRO
537174,AVENIDA CEARA 532 HABITASA
89594,RUA PINHEIRO 2476 BAIRRO JORGE TEIXEIRA
324778,TRAVESSA BELISARIO PENA 251 TRIANGULO
509219,RODOVIA BR 364 10 BR 364
532829,RAMAL EPITACIO 4 RAMAL MARANHAO
235926,RUA BIDU SAIAO 7069 APONIA
630272,TRAVESSA PIAUI 27 MONTANHES
182037,RUA ALUISIO FERREIRA 822 NOVA OURO PRETO
761630,RUA F 49 SAO JOSE
253812,RUA ENREDO 3337 CUNIA
886282,AVENIDA NHAMUNDA 1458 PRACA 14 DE JANEIRO
962119,RUA 233 22 CIDADE NOVA
976894,RUA A 30 SANTO ANTONIO
313544,RUA UNIAO 3230 ZONA LESTE
1057638,RUA DA MINA 86 JORGE TEIXEIRA
1145,AVENIDA BRASILIA 3182 PRINCESA ISABEL
98926,AVENIDA MADEIRA MAMORE 595 TAMANDARE
424786,RODOVIA BR 421 50 KM 74
747555,RUA JOSE PREXEDES DE OLIVEIRA 67 LIBERDADE
683129,AVENIDA TREZE DE NOVEMBRO 855 CENTRO
400820,LINHA SETIMA OU TN 25 70 ZONA RURAL
990561,RUA AMAZONINO MENDES 24 SANTA ETELVINA
124136,AVENIDA BRASIL 3450 BAIRRO NOVA BRASILIA
709109,RUA SETE DE SETEMBRO 282 CENTRO
724226,VILA IZABEL 300 VILA IZABEL
391102,LINHA 13 3 ZONA RURAL
578731,RUA ITUXI 62 PORTAL DA AMAZONIA
776776,RUA MONTEIRO 3094 DIVINO PRANTO
882163,AVENIDA LEOPOLDO PERES 922 EDUCANDOS
258773,RUA FRANCISCO MANOEL DA SILVA 6286 APONIA
804266,RUA NOVO ARIPUANA 3459 SAO FRANCISCO
999856,RUA ARTUR REIS 587 SANTO ANTONIO
389568,RUA ANGELIM 2511 BAIRRO PLANALTO
664753,RUA CAPITAO HIPOLITO 27 BAIRRO TRIANGULO
801508,RUA FRANCISCO DO COUTO VALE 9 IRACY
888000,AVENIDA PENETRACAO 92 ALVORADA
697423,RUA TABOSA VERAS 374 SAO FRANCISCO
20856,RUA GUANUMBI 1509 SETOR 2
513916,TRAVESSA BRASIL BOLIVIA 111 LIRIOS DO VALE
1048280,RUA CORONEL CONRADO 138 PETROPOLIS
78784,LINHA NOVA 01 2 SETOR RURAL
253024,RUA ELIENE SIQUEIRA 172 ROQUE
726981,RUA TEOFILO MESQUITA 139 CANUTAMA
32281,RUA TURMALINA 2730 RURAL
289776,RUA PACAAS NOVAS 12508 RONALDO ARAGAO
910124,BECO AMAZONAS 28 COMPENSA
1073719,RUA DI GREGORIO 115 ARMANDO MENDES
1123352,RUA ITUIUTABA 837 ALVORADA
669727,RUA MAJOR SALINAS 59 CENTRO
768001,RUA BOULEVARD ALVARO MAIA 3 27 SAO FRANCISCO I
630173,TRAVESSA PEDRO 33 TRIANGULO
932334,BECO VENTURA 159 SANTA LUZIA
159758,RUA GOVERNADOR JORGE TEIXEIRA OU K5 1507 NOVA BRASILIA
336100,AVENIDA DOM BOSCO 2070 CENTRO
797901,RUA ANGELICA 1800 JARDIM ADRIANA
1103541,RUA GABRIEL GONCALVES 41 ALEIXO
1027778,RUA CAMPO GRANDE 615 REDENCAO
398440,RUA GUIMARAES ROSA 4721 CENTRO
803995,RUA NELSON NETO 5 SAO CRISTOVAO
379602,RUA MODESTO BATISTA 2842 JARDIM AMERICA
1129990,RUA JERUSALEM 18 COROADO
593838,RUA PEDRO GOMES 92 CONJUNTO BELA VISTA
264917,RUA HUGO FERREIRA 3756 BAIRRO CIDADE DO LOBO
1000836,RUA ATLETICO MINEIRO 619 CIDADE DE DEUS
1004884,RUA B CINCO 33 CIDADE NOVA
94542,AVENIDA ANTONIO LUIS DE MACEDO 3776 GUAJARA MIRIM
469332,LINHA A 4 23 None
698241,AVENIDA TANCREDO NEVES 73 CAMETA DO RAMOS
990051,RUA AMAZONAS 558 COROADO
416363,LINHA C 18A 9 PA SAO JOSE DOS BURITIS
955248,RUA 17 8 CIDADE NOVA
86122,RUA AMAPA 3375 VISTA ALEGRE
657678,RUA PADRE EGIDIO 843 JOSE NOGUEIRA SOBRINHO
862420,AVENIDA CARVALHO LEAL 713 CACHOEIRINHA
259646,RUA GASOMETRO 1483 PORTO VELHO
451923,RUA PROJETADA B 509 RUA
312942,RUA TV MAMORE 126 MOCAMBO
817859,RUA FRANCISCO DE PAULA 45 JURUA
69989,RUA CURITIBA 927 CENTRO
592225,RUA ONZE DE MARCO 436 PLACAS
772982,BECO NOVO CENTENARIO 124 NOVO CENTENARIO
556396,RUA BELEM 230 ESTACAO
782377,RUA JOAO HERCULANO NETO 218 IPIXUNA
448662,RUA JARU 40 BR 421
494414,AVENIDA VINTE OITO DE SETEMBRO 1112 25 DE AGOSTO
127568,AVENIDA MARECHAL RONDON 1219 CENTRO
920248,BECO FRANK 29 COROADO I
1004017,RUA B 124 COMPENSA
423044,RUA DUQUE DE CAXIAS 2403 SETOR 01
675145,TRAVESSA 13 DE MAIO 642 AGROVILA
976989,RUA A 40 COMPENSA
1050919,RUA CRUZEIRO DO SUL 1 ALVORADA
137198,RUA DA PROCLAMACAO 708 PRIMAVERA
580533,RUA JOAO RIBEIRO 124 TAQUARI
671020,RUA TANCREDO NEVES 1 1303 PORTO ACRE
32193,RUA TUCUMA 1601 SETOR 01
335231,AVENIDA NOVO ESTADO 2011 ERNANDES GONCALVES
19371,RUA FLORIANOPOLIS 2358 SETOR 03
404458,LINHA LC85 3396 RUA FORTALEZA
116873,RUA RIO GRANDE DO NORTE 515 SETOR 02
733492,RUA ATURIA 84 BAIRR NOVO
115031,RUA PARANA 2584 SETOR 01
225023,RUA ALTEMAR DUTRA 3114 JUSCELINO KUBITSCHEK
977790,RUA A 23 234 ALVORADA
384680,RUA TREZENTOS E DEZ 6151 TANCREDO NEVES
564137,RUA DA MANGUEIRA 218 SANTA INES
165889,TRAVESSA SEGUNDA LINHA ESQUERDA 4000 ZONA RURAL
936376,BECO SAO FRANCISCO 2 13 MAUAZINHO
91032,RUA VALE FORMOSO 1132 VISTA ALEGRE
838723,RUA NAZARE CAVALCANTE 2608 MORADA DO SOL
532942,RAMAL MENDES CARLOS I 177 COLONIA SAO PEDRO
670430,ESTRADA AC 10 OU AC 22 700 PORTO ACRE
259797,RUA GEMEOS 11869 PORTO VELHO
391745,RUA RUI RODRIGUES DE ALMEDA 2624 ZONA RURAL
972022,RUA 6 10 SAO JOSE OPERARIO
210922,AVENIDA PINHEIRO MACHADO 2803 SAO CRISTOVAO
722164,RIO CANUMA 3 PONTA DA ONCA
869341,AVENIDA DJALMA BATISTA 34 FLORES
884534,AVENIDA MAUES 608 CACHOEIRINHA
910687,BECO ARIPUANA 380 CENTRO
239879,RUA CARA 5572 LAGOA
732751,RIO JURUA 23 DEUS E PAI
759546,LAGO MIUA 9 COMUNIDADE SAPIA
356143,RUA BARAO DE MELGACO 3638 PLANALTO
232308,RUA ARUBA 9091 PORTO VELHO
856575,AVENIDA B 4 PARQUE 10
235057,RUA BENEDITO INOCENCIO 8585 ZONA LESTE
194455,AVENIDA JOAO PESSOA 1062 NOVA PIMENTA
528531,RAMAL DO OLIMPIO ANTIGO RAMAL DOS INOCENTE 16 RAMAL DO OLIMPIO
237726,RUA BUENOS AIRES 2140 PORTO VELHO
953156,RUA 15 179 NOVO ALEIXO
193395,AVENIDA CURITIBA 1316 VILA NOVA
490893,RAMAL DA LIMEIRA 51 COLOCACAO JARINAL
968348,RUA 40 C 10 AMAZONINO MENDES I
1048818,RUA COSTA E SILVA 30 LIRIO DO VALE
3422,AVENIDA MARECHAL RONDON 3381 PRINCESA ISABEL
149275,RUA NEREU RAMOS 975 RIACHUELO
716570,ESTRADA LINHA 2 PA MONTE 20 PA MONTE
242591,RUA CHIRLEANE 6673 IGARAPE
157422,RUA VISTA ALEGRE 863 JARDIM DOS MIGRANTES
212860,AVENIDA RIO DE JANEIRO 3074 ROQUE
963512,RUA 25 DE DEZEMBRO 442 NOVA VITORIA
461133,AVENIDA DOS PIONEIROS 1038 JARDIM DAS AMERICAS
100158,AVENIDA OITO DE DEZEMBRO 3903 GUAJARA MIRIM
714504,RUA PRIMEIRO DE MAIO 1825 CENTRO
315410,RUA VICENTE DE FONTOURA 8466 PORTO VELHO
508657,RAMAL MARIANA 74 VILA SANTA ROSA
1081440,RUA DOIS 595 CIDADE DE DEUS
857302,AVENIDA BARTOLOMEU BUENO DA SILVA 416 DOM PEDRO
1053711,RUA D 1 TARUMA ACU
9113,AVENIDA JARU 3083 BNH
324547,RUA SENADOR ALVARO MAIA 2976 LIBERDADE
259681,RUA GASOMETRO 1913 SAO FRANCISCO
101683,AVENIDA SALOMAO JUSTINIANO DE MELGAR 3105 NOSSA SENHORA APARECIDA
433820,AVENIDA MARACANA 1750 SETOR 2
491932,AVENIDA AFONSO PENA 640 JOAO ALVES
1088907,RUA E 48 CIDADE NOVA
129475,RUA AMAZONAS 931 PRIMAVERA
310723,RUA TIJUCA 8628 ZONA LESTE
960729,RUA 216 15 NOVA CIDADE
922548,BECO LADISLAU 18 REDENCAO
214613,AVENIDA SETE DE SETEMBRO 5098 AGENOR M DE CARVALHO
1051848,RUA CUPIUBA 285 JORGE TEIXEIRA
301095,RUA ROBALO 2499 AREIA BRANCA
394752,AVENIDA MARECHAL DEODORO 6139 CIDADE NOVA
444613,RUA ARQUIMEDES FERNANDES 3226 CENTRO
53263,RUA GUAIRA 1774 LIBERDADE
104166,AVENIDA PRESIDENTE DUTRA 1280 TRIANGULO
114030,RUA MINERVINO VIANA 2609 SETOR 4
986825,RUA ALMIR PEDREIRA 44 PETROPOLIS
41133,AVENIDA CINCO DE ABRIL 2020 RIOZINHO
551583,RUA ALFREDO ZAIRE 101 CONJUNTO BELA VISTA
340150,TRAVESSAO RELEVO 49 VILA CAMARGO
884890,AVENIDA MAX TEIXEIRA 29 CIDADE NOVA
967043,RUA 37 13 CIDADE NOVA
316304,RUA VILHENA 8980 NACIONAL
865287,AVENIDA CONSTANTINO NERY 2229 CAHAPADA
622260,TRAVESSA BOA SORTE 46 VITORIA
1110079,RUA GURUPI 1685 REDENCAO
953310,RUA 15 354 ALVORADA
927291,BECO SANHACU 52 CIDADE DE DEUS
290140,RUA PANAMA 2431 PORTO VELHO
773897,RUA CATUABA 1515 SAO CRISTOVAO
1017026,RUA BOA VISTA 3 VILA DA PRATA
1001429,RUA AURELIO PINHEIRO 327 AMAZONINO MENDES 2
286449,RUA MURIAE 11244 MARCOS FREIRE
280234,RUA MAGNO GUIMARAES 4646 CALADINHO
815860,IGARAPE CAIUAE GRANDE 9 CAIAUA GRANDE
7827,AVENIDA CANAA 3297 SETOR 3
349083,AVENIDA VINTE E CINCO DE AGOSTO 4283 CENTRO
903690,AVENIDA MADRE TEREZA 24 NOVA CIDADE
255398,RUA EUCLIDES DA CUNHA 1269 BAIXA UNIAO
288945,RUA ORION 2973 PORTO VELHO
1117357,RUA IMBU 411 TARUMA ACU
978579,RUA A NOVE 1141 JAPIIM
902744,AVENIDA DOM PEDRO I 729 CHAPADA
249465,RUA DO CRAVO 2608 ZONA SUL
342131,AVENIDA BRASILIA 5734 BOA ESPERANCA
780468,RIO MADEIRA 33 RIO MADEIRA
354903,RUA RIO VERDE 4721 CENTRO
441861,SITIO SKINAO 2 SITIO SKINA
646671,RUA FRANCISCO PEREIRA SOBRINHO 4238 DEMOCRACIA
1133938,RUA JONATHAS PEDROSA 1399 PRACA 14 DE JANEIRO
874126,AVENIDA FERREIRA PENA 1309 CENTRO
788583,RUA J 47 MUTIRAO CACAU
139335,RUA DOS CRAVOS 2222 BAIRRO SANTIAGO
753485,FAZENDA IGAPO GRANDE 6 RIO URUCU
404621,RUA ANDREIA KUNZLER 3824 ALTO PARAISO
672989,RAMAL NOVA ESPERANCA 58 PORTO ACRE
503590,RUA REGOS BARROS 4640 MORRO DA GLORIA
878935,AVENIDA ITAUBA 369 JORGE TEIXEIRA 3 ETAPA
781194,AVENIDA JOAO HERCULANO PRIMO 18 IPIXUNA
157959,RUA XAPURI 1970 SAO PEDRO
372030,AVENIDA PRESIDENTE TANCREDO NEVES 1455 MARCOS FREIRE
388120,RUA 8214 5069 BARAO MELGACO 2
68654,AVENIDA SAO PAULO 456 CENTRO
710585,AVENIDA ALEXANDRE DE OLIVEIRA LIMA 2382 MACAXEIRAL
641836,RUA SENA MADUREIRA 431 RODRIGUES AVES
435636,RUA PAPAGAIO 2228 SETOR 05
1130158,RUA JERUSALEM 41 COROADO
327093,LINHA DOIS 96 RIO PARDO
1029086,RUA CANELA 72 JORGE TEIXEIRA JOAO PAULO
613990,RUA MARECHAL RONDON 214 PREVENTORIO
1001978,RUA AVEIRO 121 NOVA CIDADE
488324,RAMAL LINHA NOVA UM 711623 SERINGAL MERCEDES
745189,RUA DOIS DE DEZEMBRO 645 TAUA MIRIM
1139557,RUA JUSCELINO KUBITSCHEK 105 NOVO ISRAEL
938976,BECO SAO PAULO 43 MONTE DAS OLIVEIRAS
725864,AVENIDA BOTINELLY 376 CANUTAMA
1138358,RUA JUCA 52 JORGE TEIXEIRA JOAO PAULO 2
1080719,RUA DOIS 112 MONTE DAS OLIVEIRAS
1093611,RUA ESPERANCA 88 GILBERTO MESTRINHO
56364,RUA MACHADO DE ASSIS 1557 INDUSTRIAL
749202,RUA RIBEIRO JUNIOR 409 ESPIRITO SANTO
233392,RUA BANGU 3400 LAGOINHA
207236,AVENIDA DOS IMIGRANTES 5989 APONIA
889138,AVENIDA PIRARUCU 41 JORGE TEIXEIRA III ETAPA
483687,RUA MANOEL PEDROSA MAIA 1093 MARCOS GALVAO
910,AVENIDA BRASIL 3616 CENTRO
730187,RUA DA OLARIA 101 CENTRO
345119,AVENIDA MACEIO 6226 SAO CRISTOVAO
999390,RUA ARTU NETO 45 ARMANDO MENDES
748463,RUA OLAVO BILAC 71 CHAGAS AGUIAR
24182,RUA MACHADO DE ASSIS 3354 SETOR 6
558280,RUA BOTAFOGO 428 GERALDO FLEMING
547685,RUA 07 DE SETEMBRO 47 TANCREDO NEVES
111983,RUA JOAO BATISTA 3062 SETOR 01
260778,RUA GERONIMO DE ORNELA 6075 APONIA
1060396,RUA DA PROSPERIDADE 15 COMPENSA
648874,RUA SENADOR EDUARDO ASMAR 763 COHAB
940250,CONJUNTO MUCURIPE I 13 PARQUE DEZ DE NOVEMBRO
945442,RUA 02 DE AGOSTO 1 FLORES
67151,LINHA 9 60 CACOAL
204209,AVENIDA AMAZONAS 9965 ZONA LESTE
1079859,RUA DOIS 34 SAO JOSE OPERARIO
812767,RUA AFONSO PACHECO 397 NOVO REMANSO
962,AVENIDA BRASIL 3896 CENTRO
392734,AVENIDA BELO HORIZONTE 4290 NOVA DIMENSAO
783346,COMUNIDADE SAO LUIZ 22 SAO LUIZ
395543,LINHA 6 LINHA RIBEIRAO 30 ARARAS
676912,LAGO TEFE 3 SAO FRANCISCO DO BAUANA
1049767,RUA CRICIUMA 648 CIDADE DE DEUS
152063,RUA RIO JARU 502 DOM BOSCO
156378,RUA TUCUNARE 401 URUPA
1149858,RUA M 25 NOVA CIDADE
702242,RUA CRUZEIRO DO SUL 113 COLONIA
1094980,RUA ESTRELA DE DAVI 53 COLONIA TERRA NOVA
554499,RUA AURELIANO LOPES 228 MANOEL JULIAO
436348,RUA TUCANO 2481 SETOR 05
108803,RUA AFONSO JOSE 3248 SETOR 01
352925,RUA GUAPORE 4786 CENTRO
826202,RUA DOUTOR JOAO FABIO 1929 BAIRRO CENTRO
952102,RUA 140 2 NOVA CIDADE
945409,RUA 02 86 CIDADE NOVA
517647,RUA SERGIO BARROSO CORDEIRO 108 GENI NUNES
484440,RUA PEDRO JOAO DE MESQUITA 5 CAGEAGRE
335334,AVENIDA PORTO VELHO 710 CUNHA E SILVA
389751,RUA CECILIA OLIVEIRA PEDRO PINHEIR 10 BAIRRO PLANALTO
343626,AVENIDA FORTALEZA 3497 CENTENARIO
1006731,RUA BALEIA 24 JORGE TEIXEIRA 3 ETAPA
670157,RUA RAMAL CENTRAL 19 SERINGAL
295539,RUA PLATANO 2112 MARCOS FREIRE
966572,RUA 33 19 NOVA CIDADE
1126092,RUA JAIME CRUZ 38 CIDADE NOVA
278877,RUA LUIS DE CAMOES 5913 RIO MADEIRA
466498,RUA AMAZONAS 225 VILA PALMARES DO OESTE
948284,RUA 1 DE JULHO 3064 NOVA VITORIA
441473,RUA TREZE DE MAIO 2069 CENTRO
77353,RUA PARA 5541 MATO GROSSO
268479,RUA JACY PARANA 3825 NOVA PORTO VELHO
1111508,RUA HAVAI 9 PLANALTO
794196,AVENIDA LIBERDADE 4831 MAMOUD AMED
637095,RAMAL INQUIRI 64 POLO BENFICA
508871,RAMAL SANTA LUZIA 262 SANTA LUZIA
139309,RUA DOS COQUEIROS 1871 UNIAO 2
235615,RUA BERIMBAU 1713 CASTANHEIRA
11930,RUA ALDEBARAN 4921 RURAL
1133557,RUA JONAS BARRETO 582 SAO LAZARO
115102,RUA PARANA 3365 SETOR 05
772073,AVENIDA GUSMAO 1826 SANTO ANTONIO
234031,RUA BATISTA NETO 5571 TEIXEIRAO
807521,RUA GENERAL CARNEIRO 399 BAIRRO COLONIA
420185,RUA PINHEIRO 2450 None
393238,AVENIDA EDUARDO CORREIA DE ARAUJO 4295 PLANALTO
50695,RUA CLODOALDO DE ALMEIDA 1928 JARDIM BANDEIRANTES
544444,ESTRADA DO CALAFATE 600 VILA BETEL
171167,RUA FERNANDO DE NORONHA 3594 BAIRRO UNIAO
780816,RODOVIA TRANSAMAZONICA 1 TRANSAMAZONICA
417554,RUA FLORIANO PEIXOTO 5605 SETOR 8
402125,AVENIDA MARECHAL RONDON 3449 CENTRO
1074299,RUA DIOGO MENDONCA FURTADO 150 DOM PEDRO I
1055368,RUA D CINCO 1966 JAPIIM
182551,RUA BAHIA 445 BAIRRO JARDIM NOVO ESTADO
140585,RUA FERNANDAO 1190 DOM BOSCO
787026,RUA ARIRANBA 167 VILA DO LIMAO
819812,RUA BOM PASTOR 600 CENTRO
172995,TRAVESSA TERRA 2832 BAIRRO BOM FUTURO
1146425,RUA LO A SEIS 100 CIDADE NOVA
517431,RUA SAO PEDRO 62 BELA VISTA
797518,RUA ALVARO FRANCA 1689 BAIRRO COLONIA
899824,AVENIDA VENEZUELA 408 TANCREDO NEVES GILBERTO MESTRINHO
1022074,RUA BURITI 16 COLONIA ANTONIO ALEIXO
393474,AVENIDA JOSAIR DE ARAUJO 750 NOVA DIMENSAO
233826,RUA BARTOLOMEU PEREIRA 2803 ELETRONORTE
232739,RUA ATLANTA 2092 TRES MARIAS
8040,AVENIDA CANDEIAS 2326 SETOR 03
444563,RUA AMAZONAS 1821 CENTRO
373240,RUA 2304 2698 SETOR 23
979795,RUA ABONARI 75 GILBERTO MESTRINHO
271781,RUA JOAO PEDRO DO ROCHA 991 NOVA PORTO VELHO
289734,RUA PACAAS NOVAS 12128 RONALDO ARAGAO
152258,RUA RIO MADEIRA 1425 BELA VISTA
661869,RUA ELCIAS CUNHA DE ALBUQUERQUE 65 AVELINO LEAL
988015,RUA AMARAL DOS SANTOS 400 SAO JORGE
846805,BECO LARANJEIRA 156 AJURICABA
1152494,RUA MANACA 12 JORGE TEIXEIRA IV ETAPA
1076039,RUA DO COMERCIO 2 SANTA ETELVINA
1079232,RUA DOIS 11 SANTO AGOSTINHO
176074,RUA AZALEIA 3102 BAIRRO PRIMAVERA
414140,RUA VALE DO PARAISO 2488 SETOR 3
179779,LINHA GAUCHA 1538 LINHA GAUCHA
487729,RAMAL ABIBICURE 3572 BURITI
783200,COMUNIDADE SANTA CATARINA 26 SANTA CATARINA
939141,BECO SAO PEDRO 7 ALVORADA
222182,RUA AGUA VERMELHA 1425 ELETRONORTE
594817,RUA PLACIDO DE CASTRO 77 LAELIA ALCANTARA
645945,RUA B 2678 AMOTI
515410,AVENIDA MARECHAL DEODORO 677 CENTRO
41366,AVENIDA CUIABA 1810 CENTRO
817247,RIO JAPURA 1 SERRINHA
1085412,RUA DOUTOR MARTINS SANTANA 278 MORRO DA LIBERDADE
1039827,RUA CINCO 45 CIDADE DE DEUS
1103615,RUA GABRIEL GONCALVES 202 ALEIXO
876134,AVENIDA GRANDE CIRCULAR 3741 SANTA ETELVINA
250913,RUA DOS ANDRADES 9173 SAO FRANCISCO
777936,RUA S3 933 SAO DOMINGOS SAVIO
55269,RUA JOSE KUSTER 3737 RESIDENCIAL PARQUE BRIZON
290700,RUA PARANA 1901 NOVA FLORESTA
921855,BECO JESUS SALVADOR 11 COROADO
82339,AVENIDA MAMORE 1828 SETOR 0005
440245,RUA ARACAJU 1722 CENTRO
496509,RUA ALITA 651 TELEGRAFO
947717,RUA 1 39 COROADO
822849,RUA BEIRA MAR 2040 CENTRO
9657,AVENIDA PERIMETRAL LESTE 548 BAIRRO RENASCER
1076564,RUA DO COMERCIO 1283 COMUNIDADE DE SAO PEDRO
1059540,RUA DA PAZ 204 BETANIA
157455,RUA VISTA ALEGRE 1093 JARDIM PRESIDENCIAL
388261,AVENIDA CACOAL 676 CENTRO
460261,LINHA 7 DIREITA 7 CONCEICAO
576201,RUA GREGORIO FILHO 191 VITORIA
514694,RAMAL RAMAL BAHIA 56 BAHIA
216030,AVENIDA PRESIDENTE DUTRA 3305 CAIARI
583846,RUA LONGUINHO DA SILVA 160 ESTACAO EXPERIMENTAL
813675,RUA MANOEL MONTEIRO 64 NOVO REMANSO
405378,RUA MASSANGANA 2807 ALTO PARAISO
1124711,RUA J G DE ABREU 1815 PETROPOLIS
223120,RUA ALEXANDRE GUIMARAES 1988 AREAL
171290,RUA GOIAS 3287 CENTRO
601417,RUA SALINAS 50 AIRTON SENA
1033292,RUA CASTELO BRANCO 86 COLONIA OLIVEIRA MACHADO
19177,RUA FLORES 2245 RURAL
549589,RUA A 225 PALHEIRAL
304290,RUA SAO MIGUEL 835 ELDORADO
304056,RUA SAO JOSE 444 BAIXA UNIAO
803117,RUA JOSE NOBRE 141 IRACY
1053363,RUA CURUANA 55 COMPENSA
1060276,RUA DA PRATA 21 COROADO
1010614,RUA BELA VISTA 19 VILA DA PRATA
393912,AVENIDA MANOEL FERNANDES DOS SANTOS 4459 PLANALTO
500395,RUA DO RIO DE JANEIRO 821 CRUZEIRAO
350682,AVENIDA SAO PAULO 5203 BOA ESPERANCA
540416,AVENIDA UIRAPURU 38 BAIRRO CIDADE NOVA
476185,RUA MINAS GERAIS 2 1486 ACRELANDIA
1031826,RUA CARNAUBA 11 MONTE DAS OLIVEIRAS
180005,AVENIDA ADEMIR RIBEIRO 429 JARDIM AEROPORTO
1034145,RUA CATORZE 17 LIRIO DO VALE
706688,RUA DOM PEDRO I 823 BAIRRO SAO FRANCISCO
1086049,RUA DOZE 74 CIDADE NOVA
334234,AVENIDA BRASIL 969 CUNHA E SILVA
1027906,RUA CAMPOS SALES 11 PETROPOLIS
478203,RAMAL LINHA 2 44 PROJETO ORION
114368,RUA ONOFRE DUARTE OLIVEIRA 3579 ST 06
1128982,RUA JCIRA REIS 54 DOM PEDRO
329459,RUA 32 D0 01 A0 11 P2 33 DO 22 12 2 NOVA MUTUN
265240,RUA IBOTIRAMA 3118 POR O VELHO
474353,AVENIDA ADENILSOM ROGERIO DE OLIVEIRA 826 ACRELANDIA
670712,RUA DA TRINCHEIRA 652 PORTO ACRE
477133,RAMAL DA FAZENDA NOBREZA 3 COLOCACAO PERDIDO
232449,RUA ATABAQUE 1640 CASTANHEIRA
717739,RIO PURUS 32 RIO PURUS
77753,RUA RIO DE JANEIRO 4891 MATO GROSSO
52666,RUA FRANCISCO PATRICIO RODRIGUES 3655 VILLAGE DO SOL II
455810,LINHA LH FA 12 LINHA F A
205807,AVENIDA CALAMA 7444 TEIXEIRAO
170403,RUA BEIJAFLOR 4373 BAIRRO BOM FUTURO
314070,RUA VANICE BARROSO 2931 TRES MARIAS
676603,RUA PADRE ARMINDO 180 SANTA LUZIA
111653,RUA GOIAS 3247 SETOR 2
304002,RUA SAO JORGE 4500 NOVO HORIZONTE
208227,AVENIDA GUAPORE 6056 RIO MADEIRA
904603,AVENIDA PRESIDENTE CASTELO BRANCO 794 CACHOEIRINHA
714801,RUA RENATO SOUZA PINTO 3355 MACAXEIRAL
352249,RUA CORUMBIARA 6170 BEIRA RIO
749530,RUA RODOLFO RODRIGUES 387 SANTA HELENA
396624,AVENIDA INDEPENDENCIA 5666 CENTRO
507925,ESTRADA DA BOCA DO MOA 36 RIO MOA
981871,RUA ADELSON VERAS 3000 PARQUE DEZ DE NOVEMBRO
129910,RUA ANGELIM 3013 VALPARAISO
789505,RUA PAUDERNEI AVELINO 137 MORADA DO SOL
27873,RUA PIQUIA 1949 SETOR 01
1053888,RUA D 7 SAO JOSE OPERARIO 3
461428,AVENIDA J K 853 BAIRRO BELA VISTA
286032,RUA MONTEIRO LOBATO 175 ELDORADO
964955,RUA 29 137 TARUMA ACU
886111,AVENIDA NHAMUNDA 435 CENTRO
275444,RUA JOSE R FILHO 1550 SAO JOAO BOSCO
376299,RUA CENTO E TRES 723 BAIRRO SAO JOSE
817227,RIO BUA BUA 11 ABACATAL
140130,RUA EL SALVADOR 3344 BOA ESPERANCA
166175,AVENIDA 15 DE NOVEMBRO 2956 CENTRO
838193,RUA MARIA BEZERRA DE SOUZA 521 TERRA PRETA
192608,AVENIDA BELEM 1269 NOVA PIMENTA
397156,AVENIDA SETE DE SETEMBRO 5386 CENTRO
331775,RUA LIRIO DO VALE 7857 PORTO VELHO
547290,RUA 03 274 OBRA DO PAC
861798,AVENIDA C 26 ALVORADA I
806599,RUA VITORIA 3493 JARDIM AMANDA
197033,AVENIDA PRESIDENTE VARGAS 299 ALVORADA
297060,RUA QUATRO 164 TRES MARIAS
248168,RUA DAS MANGUEIRAS 811 NOVA FLORESTA
513289,RUA VALTER FERNANDES FARIAS 170 JOSE HASSEM
634839,VIA CHICO MENDES 4160 AMAPA
408949,AVENIDA PORTO VELHO 1944 SETOR 2
585184,RUA MACA 15 MOCINHA MAGALHAES
301077,RUA RIVALDO PESSOA 396 SAO CARLOS
612324,RUA CORONEL JOSE GALDINO 440 BOSQUE
962581,RUA 24 42 CIDADE NOVA
988202,RUA AMATURA 174 GILBERTO MESTRINHO
245154,RUA CRUZEIRO 3249 LAGOINHA
1112082,RUA HENRIQUE ARCHER PINTO 36 SANTA LUZIA
744287,RUA COSTA E SILVA 219 DUQUE DE CAXIAS
565551,RUA DAS LANTERNEIRAS 153 BOSQUE
19323,RUA FLORIANOPOLIS 2067 SETOR 3
799641,RUA BORBA 3716 SANTO ANTONIO
700839,TRAVESSA PIMENTEL TAVARES 340 TERRA PRETA
125750,AVENIDA JK 612 CASA PRETA
593609,RUA PAULISTANA 157 ALTO ALEGRE
1118470,RUA INGLATERRA 8 GILBERTO MESTRINHO
77955,RUA SERINGUEIRA 2669 MINAS GERAIS
955542,RUA 17 337 ALVORADA
630918,TRAVESSA RAIMUNDO MELO 106 CONJUNTO ESPERANCA
1029211,RUA CANUMA 5 PETROPOLIS
838957,RUA OLAVO BILAC 1320 SAO FRANCISCO
110229,RUA CEARA 3251 SETOR 5
306273,RUA SEM NOMEACAO 2793 CENTRO
728888,RIO PURUS 3 MATUPIRIR
529359,RUA EPAMINONDAS JACOME 528 CENTRO
1074011,RUA DIAMANTINA 263 GILBERTO MESTRINHO
294411,RUA PIRAIBA 1095 LAGOA
465506,RUA TANCREDO NEVES 2380 CENTRO
124784,AVENIDA DOIS DE ABRIL 2575 JARDIM DOS MIGRANTES
841763,RUA ALMIRANTE TAMANDARE 1036 APARECIDA
532324,RAMAL DA MUCURA 10 MUCURA
1082076,RUA DOIS RIACHOS ANTIGA A11 9 ALVORADA
995878,RUA ARACA 350 SANTA ETELVINA
798570,RUA ARMINDO AUZIER 1233 SANTA LUZIA
687789,RUA SAO SEBASTIAO 2 CENTRO
7764,AVENIDA CANAA 2987 SETOR 3
170194,RUA AMAZONAS 3244 CENTRO
74721,AVENIDA TAPAJOS 4603 CENTRO
309386,RUA TENREIRO ARANHA 591 TUCUMANZAL
459297,LINHA 02 12 PORTO MURTINHO
992618,RUA ANDERSON DE MENEZES 23 PETROPOLIS
741223,BECO ANTONIO BENTO 185 UNIAO
835322,RUA DO MODULO 574 BIRIBIRI
1083175,RUA DOS BANDEIRANTES 3 LIRIO DO VALE
531234,RUA PANTANAL 568 RAPIRRA II
724663,RUA CASSIANO CLETO 125 CENTRO
396810,AVENIDA JUSCELINO KUBITSCHEK 5954 CENTRO
270919,RUA JOAO GOULART 1471 NOSSA SENHORA DAS GRACAS
704204,COMUNIDADE NOVO PROGRESSO 11 ILHA DO ARARIA
151487,RUA RANIERI MAZZILLI 762 RIACHUELO
295212,RUA PLACIDO DE CASTRO 7915 PORTO VELHO
125902,AVENIDA JORGE TEIXEIRA 2269 NOVA LONDRINA
744696,RUA DEOLINDO DANTAS 733 SANTA EFIGENIA
924042,BECO NATAL 67 SANTO AGOSTINHO
188473,RUA SANTOS DUMONT 645 NOVA OURO PRETO
656241,RUA ROSIMEIRE M TEXEIRA 249 ANA ALVES VIEIRA
653602,RUA DOM GIOCONDO MARIA GROTI 133 CRISTO LIBERTADOR
387099,TRAVESSA UM MIL OITOCENTOS E QUINZE 1610 BELA VISTA
1147226,RUA LOPES CORDOVIL 483 ALVORADA
866334,AVENIDA CONSTANTINO NERY 3451 CHAPADA
972526,RUA 6 DE OUTUBRO 275 GILBERTO MESTRINHO
358247,LINHA 200 SUL 5 ROLIM DE MOURA
420467,AVENIDA JOAO FALCAO 2535 SETOR 1
125252,AVENIDA GUANABARA 633 SAO FRANCISCO
894865,AVENIDA SANTA CRUZ MACHADO 69 JAPIIM
310493,RUA TEREZA AMELIA 9455 MARIANA
1095498,RUA EURIPEDES 229 MONTE DAS OLIVEIRAS
1060881,RUA DA SERRARIA 61 PRESIDENTE VARGAS
539727,AVENIDA NORDESTE 284 TUCUMA
311333,RUA TRACAJA 2047 RONALDO ARAGAO
588565,RUA MAUA 44 JOAO EDUARDO II
964152,RUA 260 43 CIDADE NOVA
726675,RUA HIGINO RIBEIRO 327 CANUTAMA
151539,RUA RICARDO CATANHEDE 252 URUPA
700841,TRAVESSA PIMENTEL TAVARES 341 TERRA PRETA
1135995,RUA JOSE FERNANDES 2 LIRIO DO VALE
797275,RUA AFONSO DE CARVALHO 1917 BAIRRO COLONIA
853202,AVENIDA ADOLFO DUCKE 540 COROADO
963222,RUA 248 89 NOVO ALEIXO
807680,RUA NOSSA SENHORA DO ROSARIO 2467 BAIRRO CENTRO
456165,AVENIDA BRASIL 3126 CIDADE BAIXA
679750,BEIRA MAR 777 ANAMA
798381,RUA AQUILINO BARROS 1215 SANTA LUZIA
887452,AVENIDA PASSARINHO 2530 MONTE DAS OLIVEIRAS
192606,AVENIDA BELEM 1252 NOVA PIMENTA
596550,RUA PROJETADA 26 ESTACAO EXPERIMENTAL
682888,AVENIDA PARANA 969 CENTRO
986416,RUA ALFREDO NASCIMENTO 45 DISTRITO INDUSTRIAL 1 E 2
1152563,RUA MANACA 600 JORGE TEIXEIRA IV ETAPA
508369,RAMAL DOS CAROBAS 6 RAMAL DOS CAROBAS
472803,RUA TREZE DE FEVEREIRO 2287 SETOR 1
320179,RUA DUQUE DE CAXIAS 1633 SAO CRISTOVAO
49097,RUA ANTONIO DEODATO DURCE 928 PRINCESA ISABEL
1128047,RUA JARDIM BOTANICO 401 SAO JORGE
659937,RIO IACO 20 CURIAN
801105,RUA ERNESTO THALHEIMER 1287 JAUARI II
212367,AVENIDA RAIMUNDO CANTUARIA 9988 ZONA LESTE
464348,LINHA 32 TN 02 220 ZONA RURAL
145665,RUA L 44 MARIO ANDREAZZA
1004230,RUA B 248 GILBERTO MESTRINHO
721814,LAGO DO PIAUI 32 BOA ESPERANCA
1051499,RUA CUNHA MELO 1 BAIRRO PETROPOLIS
891322,AVENIDA RIACHO FUNDO 10 TARUMA ACU
524136,RAMAL DO BANHO 33 IGARAPE DO BANHO
342999,AVENIDA DOS IPES 6905 BOM JARDIM
222996,RUA ALEXANDRE GUIMARAES 1143 AREAL
355916,RUA URUPA 6491 SAO CRISTOVAO
984165,RUA AJURICABA 440 SAO JORGE
386242,RUA PRESIDENTE MEDICE 550 CENTRO
334,AVENIDA AMAPA 4353 SANTA FELICIDADE
476304,RUA RIO DE JANEIRO 1593 ACRELANDIA
173465,LINHA GLEBA 04 OU R0 133 11 MACHADINHO
920139,BECO FLORES 15 ALVORADA
102532,AVENIDA VINTE E UM DE JUNHO 2270 GUAJARA MIRIM
556302,RUA BELEM 1 XAVIER MAIA
533538,RODOVIA AC 40 3 POLO 2
806386,RUA UATUMA 1606 ARAUJO COSTA
723937,RUA WILSON MAUES 458 CANUMA
14718,RUA CACOAL 2013 SETOR BNH
798002,RUA ANTONIO GESTA FILHO 461 MUTIRAO
348076,AVENIDA SALVADOR 4513 OLIMPICO
622840,TRAVESSA CAMPO DO JORDAO 160 BAIRRO SANTA HELENA
1086992,RUA DUARTE DA COSTA 78 DOM PEDRO I
436310,RUA TUCANO 1970 SETOR 05
100359,AVENIDA OSWALDO CRUZ 1153 GUAJARA MIRIM
146262,RUA MAMORE 577 JARDIM AURELIO BERNARDI
122798,RUA VISCONDE MAUA 4025 BAIRRO JARDIM DO ESTADOS
191439,LINHA LINHA 20 2 LINHA 20 SENTIDO JARU
333297,TRAVESSAO CENTRAL 2 MINAS NOVA
1152454,RUA MALVARISCO 743 JORGE TEIXEIRA
196240,AVENIDA MARECHAL RONDON 605 PIONEIROS
1112341,RUA HENRIQUE MARTINS 408 JORGE TEIXEIRA 4 ETAPA
1095671,RUA EVARISTO WANDERLEY 143 CONJUNTO JOAO PAULO II
882953,AVENIDA LORIS CORDOVIL 71 ALVORADA
941359,ESTRADA DA PONTA NEGRA 4475 PONTA NEGRA
1072066,RUA DEZESSEIS DE JULHO 32 COROADO
768836,RUA MENERUA 29 CENTRO
90972,RUA VALDA VIEIRA DOS SANTOS 2089 LIBERDADE
950644,RUA 12 284 CIDADE NOVA
1089572,RUA E CONJUNTO POUPEX 47 SAO JOSE 4
263241,RUA GUARANI 6245 TRES MARIAS
689930,RUA HORTENCIO SENA 518 SAO JOSE
405246,RUA LUIZ COUTO 1691 LUIZ COUTO
1139989,RUA K 60 ARMANDO MENDES
1093332,RUA ESPERANCA 4 JAPIIM
86664,RUA BOM JESUS 2842 MORADA DO SOL
608482,RUA VALERIO MAGALHAES 81 BOSQUE
481743,RUA ASTERIO DE PAULA MOREIRA 613 FRANCISCO JOSE MOREIRA
1129619,RUA JERICO 275 CIDADE DE DEUS
518596,TRAVESSA JOSE PLACIDO BARBOSA 300 BELA VISTA
451007,LINHA SEM DENOMINACAO 2 1051 ZONA RURAL
690802,RUA NESTOR CORDOVIL 67 BAIRRO SAO JOSE
1113729,RUA HUMBERTO DE CAMPOS 8 SAO JORGE
1074096,RUA DIANA 288 TANCREDO NEVES COMUNIDADE NOVO REINO
175511,LINHA TB 01 16 MACHADINHO
650364,RAMAL NABOR JUNIOR 45 NABOR JUNIOR
876422,AVENIDA GRANDE CIRCULAR II 6 CIDADE DE DEUS
210730,AVENIDA PINHEIRO MACHADO 776 CAIARI
509066,RODOVIA 364 55 SANTA LUZIA
241491,RUA CASTRO ALVES 6009 SAO SEBASTIAO
1017218,RUA BOA VISTA 105 CIDADE NOVA
453723,RUA JONAS ANTONIO DE SOUZA 89 CENTRO
224971,RUA ALMIRANTE MOURAO 1658 SAO JOAO BOSCO
739572,CABECEIRA CAMPINA 15 RIO MUTUCA
259779,RUA GEMEOS 11757 PORTO VELHO
587412,RUA MARIA DAS DORES 819 CONJUNTO ESPERANCA
756674,RUA JOAO PESSOA 218 CODAJAS
886285,AVENIDA NHAMUNDA 1584 PRACA 14 DE JANEIRO
983751,RUA AIRES DE ALMEIDA 820 RAIZ
419106,LINHA 144 NORTE 3 NOVO HORIZONTE
971664,RUA 57 35 NOVO ALEIXO
1038919,RUA CINCO 7 SAO JOSE OPERARIO
884105,AVENIDA MARGINAL DIREITA 333 NOVA CIDADE
811460,RAMAL DAS PEDRAS 27 SAO JOSE DAS PEDRAS
167652,AVENIDA GETULIO VARGAS 3701 CENTRO
97878,AVENIDA GUAPORE 935 SURPRESA
906350,AVENIDA PROFESSOR NILTON LINS 600 FLORES
588089,RUA MARIO MAIA 259 RUI LINO II
595875,RUA PRIMAVERA 88 JARDIM PRIMAVERA
211850,AVENIDA RAIMUNDO CANTUARIA 4151 AGENOR M DE CARVALHO
459967,LINHA 07 84 KM 34
855414,AVENIDA AUTAS MIRIM 7997 TANCREDO NEVES
1118652,RUA INGLATERRA 1211 FLORES
185117,RUA ITAMAURU GOES DE SIQUEIRA 292 JARDIM AEROPORTO
15672,RUA CECILIA MEIRELES 3172 SETOR 06
771971,AVENIDA CINCO DE SETEMBRO 1280 CENTRO
1004802,RUA B 36 916 ALVORADA
853119,AVENIDA ADALBERTO VALE 511 BETANIA
537560,AVENIDA CENTRAL 251 TUCUMA II
989521,RUA AMAZONAS 177 SANTO AGOSTINHO
524841,RIO AZUL 24 BELA VISTA
1068125,RUA DELFIM DE SOUZA 711 BAIRRO PETROPOLIS
393480,AVENIDA JOSAIR DE ARAUJO 1000 NOVA DIMENSAO
922421,BECO JUPIS 98 JAPIIM
202711,ALDEIA RO0SEVELT 10 ALDEIA ROSEVELT
978614,RUA A OITO 1193 JAPIIM
228908,RUA ANTONIO FRAGA MOREIRA 3941 ZONA LESTE
757430,RUA QUINZE DE NOVEMBRO 148 CODAJAS
880104,AVENIDA JAPURA 2278 CACHOEIRINHA
616617,RUA SANTA MARIA 595 JOAO EDUARDO
775401,RUA EDMUNDO MONTEIRO 1534 SAO PEDRO
734932,RUA PRAIA DA JUSTINA 108 BAIRRO NOVO
298207,RUA RAFAEL VAZ E SILVA 3045 LIBERDADE
191401,LINHA 80 DA 17 17 LINHA 80 DA 17 SENTIDO JARU
1094667,RUA ESTORIL 9 NOVA CIDADE
898792,AVENIDA TORQUATRO TAPAJOS 687 BAIRRO DA PAZ
594508,RUA PIAUI 32 UNIVERSITARIO
1037476,RUA CESAR EMIR DUARTE 44 DOM PEDRO I
1093590,RUA ESPERANCA 74 JAPIIM
16963,RUA CURITIBA 2929 SETOR 3
932346,BECO VIANA 391 REDENCAO
200889,RUA PRUDENTE DE MORAIS 133 PIONEIROS
1042581,RUA CINCO DE SETEMBRO 709 JAPIIM
327125,LINHA DOIS 199 RIO PARDO
200346,RUA NACOES UNIDAS 369 SERINGAL
731482,RUA SANDOVAL TEIXEIRA PINTO 284 NOSSA SENHORA DE FATIMA
354848,RUA RIO VERDE 3832 BAIRRO OLIMPICO
730615,RUA JOSE HENRIQUE 115 NOVA REPUBLICA
419836,RODOVIA 010 8 NOVO HORIZONTE
310173,RUA TEOFILO OTONI 2906 LAGOINHA
489266,RUA CLETO REINALDO RAMOS 1456 CENTRO
1021569,RUA BRASILIA 223 COROADO
572314,RUA EUCIDES TEIXEIRA 559 RESIDENCIAL SANTO AFONSO
111033,RUA EUCLIDES DA CUNHA 1415 SETOR 07
335459,AVENIDA RIO BRANCO 755 CUNHA E SILVA
25113,RUA MATO GROSSO 4051 SETOR 05
134031,RUA CASTANHEIRA 3208 JK
46040,AVENIDA SETE DE SETEMBRO 2659 CENTRO
1016141,RUA BOA ESPERANCA 55 REDENCAO
735366,RUA PROFESSOR VICENTE DE PAULA MACHADO 530 SEBASTIAO BORGES
906920,AVENIDA PROFESSOR NILTON LINS 1061 FLORES
670141,RUA RAMAL CENTRAL 3 SERINGAL
1141662,RUA LABREA 425 GILBERTO MESTRINHO
98621,AVENIDA LEOPOLDO DE MATOS 218 CENTRO
372832,RUA 1514 2126 CRISTO REI
216960,BECO MARANHENSE 2611 NOVA FLORESTA
937828,BECO SAO JOSE 155 GLORIA
107690,AVENIDA DOM PEDRO PRIMEIRO 2004 SETOR 4
496757,RUA ANTONIO COSTEIRA 2056 BAIRRO DO FORMOSO
234152,RUA BEIJA FLOR 7322 TRES MARIAS
451009,LINHA SEM DENOMINACAO 2 1081 ZONA RURAL
450381,RUA FLORA DE RONDONIA 2590 CENTRO
912035,BECO BEIRA RIO 10 COMPENSA
834081,RUA BENTO ARANHA 1108 LIBERDADE
334685,AVENIDA JI PARANA 2432 HERNANDES GONCALVES
570380,RUA DOUTOR JOSE L. DE AGUIAR 243 BELA VISTA
973259,RUA 7 4 PARQUE 10 CONJ SHANGRI LA 4
960141,RUA 21 DE ABRIL 217 LAGO AZUL
355441,RUA TANCREDO DE ALMEIDA NEVES 972 BAIRRO CIDADE ALTA
994050,RUA ANTENOR CAVALCANTE 99 ZUMBI DOS PALMARES
615761,RUA SANTA EDWIRGES 111 RUI LINO II
370404,AVENIDA BARAO DO RIO BRANCO 530 CENTRO
881068,AVENIDA JOGE BIVAGUA CONHECIDA COMO POLI VALENTE 1027 JAPIIM
146124,RUA M 259 MARIO ANDREAZZA
234198,RUA BEIRA RIO 29 SAO CARLOS
507971,ESTRADA RODOVIA ACRE 405 560 BR 405
21370,RUA IARA 2849 JARDIM JORGE TEIXEIRA
687136,RUA COSTA E SILVA 221 CENTRO
489971,RUA SANTO ANTONIO 1340 CONQUISTA
377917,RUA GUAPORE 635 PARQUE IND SAO PAULO
378846,RUA JOSE PERERA DE LIMA 5127 BAIRRO JARDIM ELDORADO
127088,AVENIDA UNIVERSITARIA 1240 JARDIM AURELIO BERNARDI
168269,AVENIDA PARANA 3178 CENTRO
365554,AVENIDA LEOPOLDO PERES 2454 SAO JOSE
5903,LINHA 156 32 VILA MARCAO
352974,RUA GUAPORE 5218 CENTRO
875170,AVENIDA GENERAL RODRIGO OTAVII 75 JAPIIM
1093574,RUA ESPERANCA 59 CIDADE NOVA
667157,RUA ADALCIDES S.DE SOUZA 125 RAIMUNDO HERMINIO DE MELO
1014995,RUA BERNADO CABRAL 23 COROADO
716271,TRAVESSA RUI BARBOSA 137 CENTRO
674079,RUA DAS PALMEIRAS 181 VILA DO INCRA
768264,RUA DOIS [2] 134 PAI SABA
694752,RUA UM 90 MONTE SINAI
847173,RUA 31 DE MAIO 6 CONJUNTO NOVO
678338,RUA DAS INDUSTRIAS 1536 AMATURA
800869,RUA EDUARDO RIBEIRO 2892 JAUARI I
315208,RUA VESPASIANO RAMOS 3018 NOVA PORTO VELHO
126482,AVENIDA TRANSCONTINENTAL 1427 VILA JOTAO
74442,AVENIDA RIO NEGRO 4671 JORGE TEIXEIRA
564486,RUA DA PAZ 363 FLORESTA
922272,BECO JOSE DO PATROCINIO 30 ALEIXO
551751,RUA ALTAMIRA 203 NOVA ESTACA0
335506,AVENIDA RIO BRANCO 1300 CUNHA E SILVA
246574,RUA DA PAZ 371 B FLORESTA
532223,RAMAL CEU ABERTO 5 COLONIA 3 IRMAOS
227762,RUA ANDREIA 6644 PORTO VELHO
360215,RUA DOM PEDRO I 2857 CENTRO
539965,AVENIDA OESTE 792 TUCUMA
826136,RUA DOUTOR BARROSO 15 VILA FALCAO
107916,AVENIDA MARECHAL RONDON 3552 SETOR 2
95490,AVENIDA BOUCINHAS DE MENEZES 781 CENTRO
955819,RUA 177 37 NOVO ALEIXO
895588,AVENIDA SOLIMOES 100 MAUAZINHO
688607,AVENIDA 20 DE DEZEMBRO 250 BAIRRO ENGENHO
921629,BECO ITAPURANGA 50 SAO JORGE
988948,RUA AMAZONAS 39 JORGE TEIXEIRA 4ETAPA
911191,BECO AYRTON SENNA 104 MAUAZINHO
938958,BECO SAO PAULO 30 COMPENSA
893250,AVENIDA RIO NEGRO 19 MAUAZINHO
1022416,RUA BURITIZAL 8 MONTE DAS OLIVEIRAS
497634,RUA DA PARAIBA 400 MORR DA GLORIA
1442,AVENIDA CURITIBA 5021 CIDADE ALTA
989194,RUA AMAZONAS 69 GILBERTO MESTRINHO
976983,RUA A 39 COMPENSA
885619,AVENIDA N 416 ALVORADA
688823,AVENIDA VINTE DE DEZEMBRO 1074 BAIRRO ENGENHO
608946,RUA VETERANO R PINTO 99 MANOEL JULIAO
802634,RUA JOAO VALERIO 692 JAUARI I
304680,RUA SEBASTIAO GOMES 401 CENTRO
796929,RUA ACACIO LEITE 2751 IRACY
706882,AVENIDA NOSSA SENHORA NAZARE 3 ARUMA
1142072,RUA LAMEQUE 380 SANTA ETELVINA
1111255,RUA H 393 GILBERTO MESTRINHO
294143,RUA PIO XII 246 PANAIR
276430,RUA JULIO DE CASTILHO 580 CENTRO
1098158,RUA FERREIRA PENA 366 CENTRO
910924,BECO ARTUR VIRGILIO 94 VILA DA PRATA
904685,AVENIDA PRESIDENTE CASTELO BRANCO 1178 CACHOERINHA
344424,AVENIDA JOAO PESSOA 5483 CENTRO
883092,AVENIDA LUIZ DE CAMOES 1462 SANTO ANTONIO
957611,RUA 195 5 NOVA CIDADE
305361,RUA SEM DENOMINACAO 320 CASTANHEIRA
60010,RUA RUI BARBOSA 3243 BAIRRO FLORESTA
750781,RUA CORONEL MAURICIO 309 TAUA MIRIM
302729,RUA SALGADO FILHO 2317 MATO GROSSO
126351,AVENIDA TRANSCONTINENTAL 560 CASA PRETA
460649,LINHA O6 58 ASSENTAMENTO CAUTARINO
721104,TRAVESSA MANOEL DE ASSUNCAO 573 RECREIO
642517,RAMAL AGROVILA 4 AGROVILA
545673,RAMAL BOM JESUS 2 932 VILA ACRE
596842,RUA PROJETADA 1057 100 PLACAS
934010,BECO SANTA HELENA 36 ALEIXO
490781,RAMAL DA ELZA 23 ZAQUEU MACHADO
122560,RUA TANGUA 3353 BAIRRO JARDIM DO ESTADOS
466384,LINHA ESPANCAO 23 ASSENTAMENTO SANTA CATARINA
936146,BECO SAO FRANCISCO 74 GILBERTO MESTRINHO GRANDE VITORIA
982835,RUA AGANA 237 NOVA CIDADE
790456,RUA SILVINO SANTOS 145 CIDADE NOVA
381699,RUA PAULO ROGERIO FORNARI 329 CENTRO
333737,AVENIDA 30 DE JUNHO 1333 CENTRO
829856,AVENIDA GETULIO VARGAS 694 BIRIBIRI
966578,RUA 33 20 NOVA CIDADE
465199,AVENIDA PROFESSOR HENRIQUE ALBERTO DE CARVALHO 1363 CENTRO
963252,RUA 249 15 CIDADE NOVA
789503,RUA PAUDERNEI AVELINO 20 MORADA DO SOL
1032661,RUA CASTANHO 6 SAO JOSE OPERARIO
307899,RUA TABAJARA 2654 LIBERDADE
920864,BECO HORTA 10 COLONIA SANTO ANTONIO
147291,RUA MARACATIARA 2956 JK
978515,RUA A DOIS 4131 NOVA REPUBLICA
202033,RUA ALMIRANTE BARROSO 382 JARDIM DAS OLIVEIRAS
2317,AVENIDA PARA 3905 LIBERDADE
164288,LINHA 206 25 GLEBA 31 E 32
708318,AVENIDA MANAUS 1402 NOSSA SENHORA DE FATIMA
310293,RUA TEOTONIO VILELA 7983 JUSCELINO KUBITSCHEK
800474,RUA DAMASO SOUZA BARRIGA 27 IRACY
680720,COMUNIDADE MENINO JESUS 25 COSTA DO GABRIEL
1105368,RUA GERALDO COSTA 11 SAO FRANCISCO
290202,RUA PANDEIRO 1725 CASTANHEIRA
140110,RUA EGITO 164 JARDIM DAS SERINGUEIRAS
428830,LINHA 03 TRES 3 SITIO TRES PODERES
1006328,RUA BAGE 433 REDENCAO
333470,VILA RIO PARDO 145 RIO PARDO
1062099,RUA DANILO CORREA 84 BAIRRO PETROPOLIS
584518,RUA LUIS Z DA SILVA 76 MANOEL JULIAO
345683,AVENIDA MARINGA 6867 BOA ESPERANCA
336605,AVENIDA SAO LUIZ 2088 ERNANDES GONCALVES
146176,RUA MACHADO DE ASSIS 313 PARQUE SAO PEDRO
268172,RUA JACY PARANA 1590 AREAL
290331,RUA PANTEON 7205 TEIXEIRAO
187021,RUA MATO GROSSO 265 BAIRRO JARDIM NOVO ESTADO
621855,TRAVESSA BEIJA FLOR 106 TANCREDO NEVES
802129,RUA ISAAC PERES 3152 SANTA LUZIA
893270,AVENIDA RIO NEGRO 24 MAUAZINHO
966143,RUA 31 22 NOVO ALEIXO
1139391,RUA JURUNAS 500 CIDADE NOVA
76102,RUA CASTANHEIRA 3487 JO SATO
360446,LINHA 184 11 ZONA RURAL
1090152,RUA EDSON VIEIRALVES 18 NOVO ALEIXO
969084,RUA 44 43 CIDADE NOVA
441856,SITIO S NOME 4 11 SITIO S NOME 4
894528,AVENIDA RUY ADRIANO DE ARAUJO JORGE 1280 CONJUNTO JOAO PAULO II
721448,COMUNIDADE MONTE HOREBE 1 1349 COMUNIDADE MONTE HOREBE 1
682986,AVENIDA RIO GRANDE DO SUL 872 CENTRO
237845,RUA BUENOS AIRES 2792 PORTO VELHO
254550,RUA ESPANHA 2408 PEDRINHAS
71835,RUA PARAIBA 2025 CENTRO
282502,RUA MARINEIDE 6368 CUNIA
695794,ESTRADA DO MARARA 48 MARARA
708632,AVENIDA SAO SEBASTIAO 1850 NOSSA SENHORA DE FATIMA
114374,RUA ORLANDO LEITE CARVALHO 1030 SETOR 2
203591,AVENIDA AMAZONAS 598 SANTA BARBARA
1080232,RUA DOIS 56 CIDADE NOVA
1061347,RUA DALIA 8 TANCREDO NEVES
966935,RUA 36 23 CIDADE NOVA
1037381,RUA CEREJEIRA 311 MONTE DAS OLIVEIRAS
113323,RUA MARANHAO 3666 ST 06
249630,RUA DO ESTANHO 4385 FLODOALDO PONTES PINTO
541918,BECO MARACUJA 69 MOCINHA MAGALHAES
130246,RUA ANTONIO MERONHO 483 BAIRRO SAO BERNARDO
211663,AVENIDA RAIMUNDO CANTUARIA 3141 NOVA PORTO VELHO
779119,RUA SANTO ANTONIO 184 SANTO ANTONIO
1036410,RUA CENTO E SETENTA E TRES 3 NOVO ALEIXO
733510,RUA AUTAZ MIRIM 44 CENTRO
979735,RUA ABILIO NERY 1000 PETROPOLIS
1086862,RUA DOZE DE DEZEMBRO 33 COMPENSA
107007,AVENIDA RIO BRANCO 2225 SETOR 01
214436,AVENIDA SETE DE SETEMBRO 2481 NOSSA SENHORA DAS GRACAS
227598,RUA ANCHIETA 2270 MARIANA
680904,COMUNIDADE NOSSA SENHORA NAZARE 35 NS SENHORA DE NASARE
512326,RUA JOSE FEITOSA 31 VILA VITORIA
902382,AVENIDA DESEMBARGADOR JOAO MACHADO 488 ALVORADA
348119,AVENIDA SALVADOR 5474 PLANALTO
446067,RUA CORONEL JORGE TEIXEIRA 2758 CENTRO
968358,RUA 40 C 18 AMAZONINO MENDES I
620905,TRAVESSA ACRE 195 AEROPORTO VELHO
655211,RUA NASER N JOSE 490 CRISTO LIBERTADOR
884088,AVENIDA MARGINAL DIREITA 43 NOVA CIDADE
435143,RUA GRALHA-AZUL 1743 SETOR 1
839836,RUA RAIMUNDO DIAS 1982 LIBERDADE
742759,RUA ALFREDO SEVERINO 63 URUCU
117432,RUA RITA VENTURA 460 TARILANDIA
995772,RUA APURINA 87 CENTRO
470746,RUA BOA VISTA 2602 CENTRO
524527,RAMAL PENTECOSTE 38 PENTECOSTE
880580,AVENIDA JOAQUIM NABUCO 406 CENTRO
741229,BECO ANTONIO BENTO 193 UNIAO
854732,AVENIDA ANDRE ARAUJO 75 ALEIXO
1043066,RUA CINQUENTA 81 AMAZONINO MENDES
617456,RUA SAO CRISTOVAO 143 DAL PASQUALE
934894,BECO SANTO ANTONIO 55 BETANIA
734102,RUA ITALIANO 62 CENTRO
439211,LINHA 646 82 COLINA VERDE
734466,RUA MARIO JORGE GUEDES DA SILVA 6 BAIRR NOVO
963615,RUA 251 48 NOVO ALEIXO
933941,BECO SANTA ETELVINA 82 MANAUS
661740,RUA CONSTANTINO MOSLE 110 BAIRRO SENADOR POMPEU
134585,RUA CAUCHEIRO 227 CAFEZINHO
879958,AVENIDA JAPURA 1064 CENTRO
6804,RAMAL PARA 121 2 ZONA RURAU
1102899,RUA G 25 PARQUE 10 DE NOVEMBRO
1083505,RUA DOS BEM TE VIS 451 CIDADE DE DEUS
897072,AVENIDA TEFE 250 JAPIIM
559789,RUA CAMPO GRANDE 131 RUA CAMPO GRANDE
986343,RUA ALFREDO MOREIRA 44 SANTO ANTONIO
1128275,RUA JARDIM PRIMAVERA 384 TARUMA
402883,AVENIDA GENERAL OSORIO 27 VISTA ALEGRE
129817,RUA ANGELIM 2130 NOVA BRASILIA
516323,RUA EDINALDO GOMES FERREIRA 1051 GENI NUNES
549169,RUA 7 DE JULHO 100 CALAFATE
970588,RUA 5 69 COROADO
834569,RUA CLAUDIONOR VASCONCELOS 380 NOVO MANACA
1125039,RUA JACAMIM 210 TARUMA COMUNIDADE TARUMA
428426,RUA PRESIDENTE MEDICI 117 PALHEIRAL
748703,RUA PEDRO MELO 919 ESPIRITO SANTO
466833,TRAVESSAO NOVA OLINDA 7 SITIO
463287,LINHA 16 DO 31 1170 ZONA RURAL
10311,AVENIDA TABAPOA 3147 SETOR 3
122133,RUA JEAN CARLOS 3788 BAIRRO JARDIM DO ESTADOS
609774,RUA VINTE E SETE DE SETEMBRO 221 BOA UNIAO
623847,TRAVESSA CONQUISTA 435 MANOEL JULIAO
351046,RUA A1 263 CIDADE ALTA
1067387,RUA DAS TULIPAS 48 JORGE TEIXEIRA 1 ETAPA
847380,RUA CAETANO FARIA 89 BAIRRO NOVO
391058,LINHA 106 NORTE 12 ZONA RURAL
363973,AVENIDA DAS VIOLETAS 1896 JARDIM PRIMAVERA
620353,RUA VETERANO R PINTO 46 MANOEL JULIAO
988998,RUA AMAZONAS 43 EDUCANDOS
282348,RUA MARIANA 2875 B ELETRONORTE
895362,AVENIDA SETE DE SETEMBRO 1251 CENTRO
1033264,RUA CASTELO BRANCO 70 COROADO
779298,RUA SAO GABRIEL 1453 SAO DOMINGOS SAVIO
713081,RUA CAJAZEIRA 316 PRAIA DO GADO
217595,CONDOMINIO VILA BELA 6053 TRES MARIAS
589549,RUA MINAS GERAIS 755 IVETE VARGAS
150954,RUA PORTO ALEGRE 1551 VALPARAISO
629374,TRAVESSA MORADA DO SOL 449 TAQUARI
552853,RUA ANA NERY 337 JOAO EDUARDO I
247701,RUA DAS CARMELIAS 644 ELDORADO
52626,RUA FRANCISCO PATRICIO RODRIGUES 3377 VILAGE DO SOL
473159,ESTRADA LH SD 1 2 MATA BURRO NA ENTRADA
454272,LINHA QUARENTA E CINCO 14 KM 19
543682,ESTRADA DA SOBRAL 3100 SOBRAL
335596,AVENIDA RUI BARBOSA 1259 CENTRO
465219,AVENIDA PROFESSOR HENRIQUE ALBERTO DE CARVALHO 2128 CENTRO
889697,AVENIDA PRAIA DA PONTA NEGRA 1026 PARQUE RIO SOLIMOES
68585,AVENIDA INTEGRACAO NACIONAL 1965 CENTRO
470449,AVENIDA PRINCESA ISABEL 4750 CENTRO
139231,RUA DOS COLEGIAIS 680 PARQUE SAO PEDRO
52218,RUA ERNESTO DE LAZARI 3875 TEIXEIRAO
206538,AVENIDA CAMPOS SALES 4886 B ELETRONORTE
347015,AVENIDA PORTO ALEGRE 4914 CENTRO
796259,ESTRADA STONE 777 JAUARY I
428458,RUA PRESIDENTE MEDICI 291 SATELITE
761424,RUA D 78 SAO JOSE
164269,LINHA 206 19 GLEBA 31 E 32
935256,BECO SAO CRISTOVAO 430 COMPENSA
960951,RUA 218 17 CONJUNTO CIDADAO VII
1134874,RUA JOSE ALVARES MARCIEL 67 DOM PEDRO I
507810,ESTRADA ASSIS BRASIL 1550 DERACRE
409073,AVENIDA PORTO VELHO 2690 SETOR 05
1045684,RUA CLARA SILVA 222 CIDADE NOVA
794726,AVENIDA MARIO ANDREAZZA 2668 SAO CRISTOVAO
175104,LINHA MP169 244 MACHADINHO
743655,RUA CAPIM SANTO 217 GRANDE VITORIA
60727,RUA TRISTAO DE ATAIDE 1254 JARDIM VISTA ALEGRE
140055,RUA EDSON LIMA DO NASCIMENTO 3068 PARQUE PIONEIROS
1044283,RUA CINQUENTA E SETE 9 CIDADE DE DEUS
781722,AVENIDA VARCY HERCULANO 114 IPIXUNA
100432,AVENIDA PEDRO ELEOTHERIO 1328 TAMANDARE
316017,RUA VILA MARIANA 8884 PORTO VELHO
225979,RUA AMERICA DO SUL 2865 TRES MARIAS
408886,AVENIDA PORTO VELHO 1579 ST 3
467324,AVENIDA OITO DE MARCO 5465 SANTISSIMA TRINDADE
968559,RUA 42 9 PARQUE 10
549098,RUA 3 DE AGOSTO 280 SOBRAL
1107125,RUA GOIANIA 2891 TARUMA
154460,RUA SUICA 228 JARDIM DAS SERINGUEIRA
1103341,RUA G 620 BOM JARDIM
373766,RUA 349 315 VILA OPERARIA
15564,RUA CASTRO ALVES 3633 SETOR 06
512262,RUA JOAO VIEIRA DA SILVA 241 JOSE HASSEM
294039,RUA PINHEIRO 2186 NOVA FLORESTA
364596,AVENIDA GOIAS OU 2009 7646 SETOR ZICO OU 26
300054,RUA RIO DE JANEIRO 4170 NOVA PORTO VELHO
200842,RUA PRIMEIRO DE MAIO 302 PIMENTA BUENO
1063501,RUA DAS CAMELIAS 170 JORGE TEIXEIRA
783689,IGARAPE RIOZINHO 46 ALDEIA INDIGENA PIAU
531304,RUA PROJETADA 03 170 SAO CRISTOVAO
48396,RUA ANISIO SERRAO 2992 BAIRRO FLORESTA
613705,RUA MAJOR LADISLAU FERREIRA 1124 ABRAAO ALAB
138610,RUA DO JASMIM 2500 BAIRRO SANTIAGO
512617,RUA MARIA RAIMUNDA CHAVES 241 LIBERDADE
74325,AVENIDA RIO MADEIRA 5096 CRUZEIRO
105119,RUA V4 3223 CAETANO
25465,RUA MOARA 934 JORGE TEIXEIRA
147474,RUA MARINGA 182 NOVA BRASILIA
886795,AVENIDA O 64 ALVORADA
375100,RUA AMAPA 2612 PARQUE IND NOVO TEMPO
623058,TRAVESSA CAPIXABA 265 PALHEIRAL
72166,RUA PORTO ALEGRE 1716 CENTRO
809099,TRAVESSA PICARREIRA 1886 SANTO ANTONIO
1000144,RUA ARUANA 35 GILBERTO MESTRINHO
793484,AVENIDA AQUILINO BARROS 455 JAUARI I
296274,RUA PORTUGUESA 6402 TRES MARIAS
972942,RUA 67 19 NOVO ALEIXO
900876,AVENIDA BRIGADEIRO HILARIO GURJAO 223 JORGE TEIXEIRA
1083687,RUA DOS CRAVOS 222 JORGE TEIXEIRA 1 ETAPA
797312,RUA ALDINO REIS 4 SAO CRISTOVAO
702101,RUA AUGUSTO JEAN 139 JAVARIZINHO
770317,ESTRADA DA FLORESTA 60 GUAJARA
350752,AVENIDA SAO PAULO 5777 BOA ESPERANCA
199965,RUA MACHADO DE ASSIS 494 VILA NOVA
92494,ESTRADA PACARANA 2 ESPIGAO DO OESTE
904901,AVENIDA PRESIDENTE CASTELO BRANCO 2070 CACHOEIRINHA
801998,RUA ISAAC PERES 2141 BAIRRO CENTRO
865429,AVENIDA CONSTANTINO NERY 2229 CAHAPADA
1080252,RUA DOIS 58 CIDADE DE DEUS
991882,RUA ANACORA ANTIGA RUA TARUMA 99 SAO JOSE
954103,RUA 153 3 NOVA CIDADE
263024,RUA GUAPORE 5 TRES MARIAS
991851,RUA ANA NOGUEIRA 173 EDUCANDOS
832469,RUA ADOLFO CAVALCANTE 1059 APARECIDA
979107,RUA A1 10 CIDADE NOVA
599872,RUA RIO GRANDE DO SUL 2013 PREVENTORIO
1091964,RUA EMLIO MOREIRA 1655 PRACA 14 DE JANEIRO
318568,RUA CACIQUE TIBIRICA 2065 CASTANHEIRA
381491,RUA PALMAS 32 JARDIM DAS OLIVEIRAS
132334,RUA BRASILEIA 3590 JORGE TEIXEIRA
842073,RUA CORONEL MADEIRA 668 LIBERDADE
436543,LINHA B 90 23 LINHA B 90
547321,RUA 03 491 OBRA DO PAC
511909,RUA F 164 POR DO SOL
1117406,RUA IMPERATRIZ 21 CIDADE NOVA
739790,COMUNIDADE MONTE SINAI 2 3 RIO MUTUCA
1088372,RUA E 15 JORGE TEIXEIRA SANTA INES
1063366,RUA DAS CACIMBAS 79 SAO RAIMUNDO
47225,RUA 0LINTO FOLI 3567 VILAGE DO SOL
48800,RUA ANTONIO DE PAULA NUNES 1317 CENTRO
377615,RUA GERALDO MAGELA BARBOSA 132 CENTRO
361323,AVENIDA 1515 2067 BAIRRO CRISTO REI
712640,RUA BEIRA RIO 1877 PRAIA DO GADO
670136,RUA POTE SECO 1 SERINGAL
514834,AVENIDA ASSIS DE VASCONCELO 138 ESPERANCA
291223,RUA PAU FERRO 1401 CASTANHEIRA
372542,RUA 107 879 BAIRRO SAO JOSE
944617,RAMAL IPIRANGA 250 DISTRITO INDUSTRAL 2
426771,RUA FRANCISCO FURTADO 229 NOVO HORIZONTE
551687,RUA ALMIRO DANIEL 54 IVETE VARGAS
178289,RUA TOME DE SOUZA 4310 SETOR 14
19862,RUA GARROTE 1987 SETOR 12
677062,LAGO TEFE 19 SANTA LUZIA DO CATUIRI
457439,RUA CHICO MENDES 4689 CIDADE ALTA
570910,RUA EDMUNDO PINTO 161 RAIMUNDO MELO
440467,RUA GOIANIA 1808 CENTRO
1072190,RUA DEZESSETE 5 PLANALTO
736521,LAGO MAMORI 12547 LAGO DO MAMORI MARGEM DIREITA
285274,RUA MILTON COSTA 7819 TEIXEIRAO
823268,RUA DO LAGO PRETO 3679 VILA FALCAO
416419,LINHA C 22 83 BURITIS
352487,RUA DOIS 6525 B0A ESPERANCA
210377,AVENIDA MAMORE 6290 PORTO VELHO
617022,RUA SANTA TEREZINHA 96 CONQUISTA
322321,RUA PADRE CHIQUINHO 1221 PEDRINHAS
406360,RUA SANTA CATARINA 3353 ALTO PARAISO
282362,RUA MARIANA 2985 B ELETRONORTE
531983,RUA MAJOR PEDRO RAMOS 325 CENTRO
79826,RUA JUSCELINO KUBTCHEK 2270 CENTRO
274773,RUA JOSE DE ALENCAR 3412 OLARIA
386106,RUA GENERAL OSORIO 664 BAIRRO SAO JOSE
445647,RUA RIO DE JANEIRO 3198 CENTRO
29204,RUA RIO GRANDE DO NORTE 3703 SETOR 05
1098359,RUA FERREIRA PENA 1079 CENTRO
492791,AVENIDA GETULIO VARGAS 1163 VARZEA
799769,RUA CANARIO 141 DA PAZ
808290,RUA SAO JOSE 51 MAMOUD AMED
1073616,RUA DEZOITO DE SETEMBRO 223 SAO JORGE
31496,RUA TAPEJARA 5098 NOVE
629634,TRAVESSA NETO 98 SANTA INES
884713,AVENIDA MAUES 1312 CACHOEIRINHA
959599,RUA 207 72 CIDADE NOVA 3
1029618,RUA CARAJAS 20 CIDADE NOVA
875054,AVENIDA G 1105 CIDADE NOVA
826251,RUA DOUTOR JORDEVAL 1455 CENTRO
792127,LAGO DO IRANDUBA 9 COM SAO JOAO
549459,RUA 8 DE MARCO 96 TANCREDO NEVES
430386,ESTRADA BR 135 1 ZONA RURAL
646965,RUA JOAO PAULO II 2425 COHAB
293603,RUA PETRONIO FERREIRA 2746 ZONA 04
409557,RUA ARIQUEMES 1174 SETOR 2
1099325,RUA FLAVIO COSTA 200 COROADO
805975,RUA RORAIMA 220 SAO FRANCISCO
285912,RUA MONTE AZUL 1930 ZONA SUL
1031052,RUA CARLOS DIAS 14 CRESPO
1096863,RUA F 53 JORGE TEIXEIRA
747363,RUA JOAO AMORIM 146 PERA 3
112369,RUA JORGE TEIXEIRA 977 SETOR 07
117628,RUA SEBASTIAO CABRAL DE SOUZA 860 SETOR 03
901616,AVENIDA DESEMBARGADOR JOAO MACHADO 3 PLANALTO
162437,RUA SAO MANOEL 1517 JARDIM PRESIDENCIAL 3
113850,RUA MINAS GERAIS 3347 SETOR 05
508099,PRAIA GRANDE 2 RIO JURUA
259477,RUA GAMELEIRA 1455 ZONA SUL
156881,RUA VENCESLAU BRAS 1483 SAO PEDRO
943895,PRACA DO CONGRESSO 1029 CENTRO
536682,AVENIDA BEIRA RIO 169 BAIRRO CIDADE NOVA
143538,RUA JACAREZINHO 2361 JK
93491,AVENIDA 12 DE OUTUBRO 2741 CAETANO
11682,RUA ALAGOAS 4061 SETOR 05
214614,AVENIDA SETE DE SETEMBRO 5118 AGENOR M DE CARVALHO
1059657,RUA DA PAZ 277 CIDADE NOVA
975452,RUA 9 6 AMAZONINO MENDES
1012614,RUA BELO HORIZONTE 15 COMPENSA 1
930939,BECO SOLIMOES 34 ZUMBI DOS PALMARES
1011312,RUA BELA VISTA 414 CIDADE DE DEUS
231894,RUA ARRUDA FONTES CABRAL 800 AGENOR M DE CARVALHO
611132,RUA X 845 NOVO CALAFATE
982025,RUA ADEMAR DE BARROS 609 VILA DA PRATA
925405,BECO PENAROL 623 BAIRRO RAIZ
961835,RUA 23 DE JUNHO 52 SANTA ETELVINA
1036691,RUA CENTO E TRINTA E QUATRO 6 C NOVA
829373,AVENIDA CORRENTEZA 1543 CORRENTEZA
36944,RUA RO 257 3 BR 257
541599,BECO DO BURACO 199 VITORIA
181844,RUA AGUIMAR DE SOUZA GOMES PIAU 761 JARDIM NOVO HORIZONTE
687168,RUA DO QUIXITO 654 CENTRO
261309,RUA GIRUA 5552 SAO SEBASTIAO
754010,LAGO DE COARI 2 SAO FRANCISCO DO BATELAO
1033303,RUA CASTELO BRANCO 92 C0ROADO
204168,AVENIDA AMAZONAS 8695 ESCOLA DE POLICIA
156349,RUA TUBIARY 134 URUPA
485785,RAMAL DO TREZE 45 ASSOCIACAO DO T
668869,RUA PLACIDO DE CASTRO 943 BRAGA SOBRINHO
341878,AVENIDA BOA VISTA 4518 CENTRO
959873,RUA 21 25 PARQUE 10 DE NOVEMBRO
88686,RUA MATO GROSSO 2139 BAIRRO LIBERDADE
733488,RUA ATURIA 31 BAIRR NOVO
57595,RUA NOVO ESTADO 1057 BAIRRO DO INCRA
750556,RUA CAPITAO SILVA 513 TAUA MIRIM
992186,RUA ANADOR 601 JORGE TEIXEIRA JOAO PAULO 2
570851,RUA EDMUNDO PINTO 108 RAIMUNDO MELO
193937,AVENIDA FLORIANOPOLIS 675 NOVA PIMENTA
531431,RUA PROJETADA 9 292 RAPIRRA II
769292,RUA CORONEL JOAO SIQUEIRA CAVALCANTE 392 CENTRO
599068,RUA RENASCIMENTO 1017 VILA ACRE
429282,RODOVIA BR 364 150 SALSALITO
460726,RODOVIA 377 41 LINHA 03A
587407,RUA MARIA DAS DORES 818 CONJUNTO ESPERANCA
255462,RUA EUCLIDES DA CUNHA 2182 CENTRO
661064,ESTRADA DO IPEPACUNHA 2506 PEPACUNHA
754534,RIO COMUNIDADE LARANJAL 35 RIO SOLIMOES
364162,AVENIDA DIOES BISPO DE SOUZA OU 622 6968 PARQUE IND SAO PAULO
190621,LINHA 166 1 LINHA 200
39884,AVENIDA ANTONIO JOAO 507 NOVO CACOAL
510428,TRAVESSA SANTA RITA 27 SAO JOAO
433594,AVENIDA DO UIRAPURU 2209 SETOR 02
199101,RUA GUARUJA 81 MUTIRAO
80744,LINHA LINHA 3 EIXO ENTRE 04 E 05 29 COMUNIDADE SAO CRISTOVAO
174348,LINHA MA 16 1 MACHADINHO
776875,RUA MUNICIPAL II 1669 SAO CRISTOVAO
783392,COMUNIDADE SAO RAIMUNDO 25 RIO LIBERDADE
976403,RUA A 9 FLORES
831195,BECO 1 129 UNIAO
1106467,RUA GIRASSOL 45 LIRIO DO VALE
1129603,RUA JERICO 205 COLONHA TERRA NOVA
428425,RUA PRESIDENTE MEDICI 113 SATELITE
679006,RUA FREI PIO 174 AMATURA
270687,RUA JOAO ELIAS DE SOUZA 4423 BAIRRO CIDADE DO LOBO
1064998,RUA DAS JUREMAS 504 CHAAPADA
705315,BECO DO JUNHO 56 RIBERINHO
805797,RUA RIO SOLIMOES 4087 MAMOUD AMED
800885,RUA EDUARDO RIBEIRO 3004 JAUARI I
670738,RUA DO ANTIGO CHALE 240 PORTO ACRE
791123,RUA DEPUTADO PEREIRA DA SILVA 486 CIDADE NOVA
673981,RUA DAS CASTANHEIRAS 176 VILA DO INCRA
970850,RUA 5 485 ALVORADA
330960,RUA BR 364 46 PORTO VELHO
947974,RUA 1 120 ALVORADA
324985,TRAVESSA TARAUACA 237 ROQUE
994135,RUA ANTENOR CAVALCANTE 160 ZUMBI DOS PALMARES
229867,RUA ANTONIO VIOLAO 3452 TANCREDO NEVES
29796,RUA RIO PRETO 3309 BNH
562317,RUA CRUZEIRO DO SUL 136 PLACAS
740791,AVENIDA CASTELO BRANCO 4 CIGANOPOLIS
46084,AVENIDA SETE DE SETEMBRO 2906 PRINCESA ISABEL
718998,AVENIDA SANTO ANTONIO 6700 CENTRO
731691,RUA WALTER SMITH PEREIRA 85 FATIMA
62303,RUA MARECHAL DEODORO DA FONSECA 2021 CENTRO
372658,RUA 1504 OU DAS VINOLIAS 2776 JARDIM PRIMAVERA
515185,AVENIDA MARECHAL DEODORO 2210 BAIRRO DA ELETROACRE
93600,AVENIDA 13 DE SETEMBRO 576 TAMANDARE
576622,RUA GUIOMARD SANTOS 94 BOSQUE
538641,AVENIDA GETULIO VARGAS 300 CENTRO
454328,RUA CAPA 24 61 LH 37
1000272,RUA ARUANA ANTIGA MARGINAL 20 SAO JOSE
377183,RUA EMILIA GRIPA 307 JARDIM AMERICA
467846,RUA ELI BATISTA DA SILVA 5847 SANTISSIMA TRINDADE
90952,RUA UM DE MAIO 2464 JORGE TEIXEIRA
160807,RUA PRESIDENTE GEISEL 136 BAIRRO SANTIAGO
127786,AVENIDA MARECHAL RONDON 2435 DOIS DE ABRIL
915287,BECO CENTRAL 72 GLORIA
786420,RUA 5 703 NOVA VENEZA
834816,RUA CONCEICAO BASTOS 1682 LIBERDADE
307804,RUA TABAJARA 1979 SAO JOAO BOSCO
726724,RUA JOAO PONTES 1039 CANUTAMA
143379,RUA ITAJAI 292 JARDIM PRESIDENCIAL
562267,RUA CRUZEIRO DO SUL 57 MAURO BITTA
723283,RIO MARIMARI 35 ALDEIA MUCAJA
899604,AVENIDA URUCARA 1416 CACHOEIRINHA
431129,TRAVESSAO SONIA BALAL 11 RURAL
1081474,RUA DOIS 699 FLORES
734354,RUA MARGARIDA 201 NOVO HORIZONTE
487286,RUA PROJETADA 11 884 CENTRO
230887,RUA ARACAJU 81 PORTO VELHO
1019182,RUA BOM PASTOR 509 COLONIA TERRA NOVA
1069518,RUA DEZ 134 ALEIXO
362977,AVENIDA BRASIL 6326 JARDIM ELDORADO
175734,LINHA TB 17 5 MACHADINHO
493652,AVENIDA QUINZE DE NOVEMBRO 798 BAIXA
1068648,RUA DEUS TE ABENCOE 14 JORGE TEIXEIRA
821395,LAGO MAARAUA 30 MARAUA
550096,RUA ADALBERTO SENA 124 SOBRAL
1061267,RUA DALCIDIO JURANDIR 217 AMAZONINO MENDES II
1136525,RUA JOSE FRUTUOSO 4 NOVA ESPERANCA
96820,AVENIDA DOS PIONEIROS 2298 GUAJARA MIRIM
456459,AVENIDA TANCREDO DE ALMEIDA NEVES 1165 CIDADE BAIXA
786517,RUA 7 28 NOVA VENEZA
1071816,RUA DEZESSEIS 439 ALVORADA II
1057229,RUA DA ILUSAO 14 COLONIA TERRA NOVA
620162,RUA TIO ALDORICO 69 SANTA INES
256832,RUA FERNANDO DE NORONHA 4277 NOVA FLORESTA
157416,RUA VISTA ALEGRE 831 JARDIM DOS MIGRANTES
284799,RUA MIGUEL CALMON 4219 CASTANHEIRA
148295,RUA MATO GROSSO 2688 DOM BOSCO
650604,RAMAL OCO DO MUNDO 100 OCO DO MUNDO
258432,RUA FRANCISCO COSTA 4345 CASTANHEIRA
1105817,RUA GILBERTO MESTRINHO 18 COMPENSA
930848,BECO SILVA 2 MAUAZINHO
832315,RUA 2 2220 TERRA PRETA
651071,RAMAL SAO JOSE 3732 BR 364 KM39
1074253,RUA DINAMARCA 43 FLORES
174166,LINHA LU 2 7 MACHADINHO DO OETE
1016173,RUA BOA ESPERANCA 70 TANCREDO NEVES
1126529,RUA JAMBU 812 JORGE TEIXEIRA
52710,RUA FRANCISCO PATRICIO RODRIGUES 4016 VILLAGE DO SOL II
1007788,RUA BARREIRINHA 64 PARQUE 10
1010275,RUA BEIRA RIO 40 PARQUE 10
563016,RUA DA ABELHA 490 SANTA QUITERIA
690962,RUA PEDRO NOBRE 80 SAO JOSE
227580,RUA ANCHIETA 2129 SAO FRANCISCO
248008,RUA DAS FLORES 494 B FLORESTA
734256,RUA LIMAO 260 CENTRO
1020233,RUA BRASIL 9 NOVO ISRAEL
24302,RUA MACUCO 4738 JARDIM DAS PALMEIRAS
545764,RAMAL DA CAIXA ECONOMICA 299 FLORESTA SUL
525239,RUA ARARATE 218 MANUEL URBANO
1116749,RUA II 113 REDENCAO
940688,ESCADA SEM DENOMINACAO 66 COLONIA OLIVEIRA MACHADO
256230,RUA FABIANA 6940 CUNIA
137946,RUA DAS PEDRAS 1804 JARDIM PRESIDENCIAL 3
886213,AVENIDA NHAMUNDA 1242 PRACA 14 DE JANEIRO
865869,AVENIDA CONSTANTINO NERY 2525 CHAPADA
304519,RUA SARANDI 2171 AEROCLUBE
170329,RUA AURORA 4373 BAIRRO BOM FUTURO
770752,RUA JOAO BOSCO 4 GUAJARA
1026608,RUA CALCUTA 10 NOVA CIDADE
999737,RUA ARTUR REIS 332 SANTO ANTONIO
215589,AVENIDA URUGUAI 2929 PORTO VELHO
240095,RUA CARAPIA 2699 ZONA SUL
1019761,RUA BOTAFOGO 550 CIADADE DE DEUS
4657,RUA PIAUI 3787 PRINCESA ISABEL
583106,RUA LARANJEIRA 34 ADALBERTO SENA
574590,RUA FRANCISCO DE MATTEO 210 CONJUNTO BELA VISTA
1115514,RUA IANOMAMI 60 COLONIA TERRA NOVA
584151,RUA LOURIVAL RIBEIRO 387 TAQUARI
565825,RUA DAS PLACAS 112 PLACAS
133554,RUA CARLOS DRUMOND DE ANDRADE 377 PARQUE SAO PEDRO
267417,RUA IVAN CURI 3468 ZONA LESTE
960809,RUA 217 6 NOVA CIDADE
168742,AVENIDA TANCREDO NEVES 2635 CENTRO
368083,AVENIDA SABINO B. DE QUEIROZ 3060 JARDIM AMERICA
805311,RUA QUINTINO BOCAIUVA 2295 BAIRRO CENTRO
1112453,RUA HERCULANO DE SOUZA 286 AMAZONINO MENDES 2
579789,RUA JOAO AMANCIO 786 SOBRAL
927512,BECO SANTA LUCIA 10 SAO LAZARO
708409,AVENIDA CORONEL RAIMUNDO PEREIRA 1261 NOSSA SENHORA DE FATIMA
974389,RUA 72 10 NOVA CIDADE
399089,RUA VINICIUS DE MORAES 3943 CENTRO
403765,AVENIDA BRASIL 3901 ALTO PARAISO
335754,AVENIDA TIRADENTES 1064 LINO ALVES TEIXEIRA
518723,TRAVESSA NAIR RAMOS DE OLIVEIRA 561 BELA VISTA
499215,RUA DO AMAZONAS 2628 REMANSO
68913,RUA AMAPA 1911 CENTRO
711287,AVENIDA GILBERTO MESTRINHO 106571 PLATO DO PIQUIA
443702,LINHA 110 35 None
657913,RUA SANTA LUZIA 578 ROSA GONCALVES
667361,RUA CHICO MENDES 218 CENTRO
1028711,RUA CANARIO 45 PETROPOLIS
1081274,RUA DOIS 387 GILBERTO MESTRINHO
95435,AVENIDA BOUCINHAS DE MENEZES 219 CRISTO REY
22822,RUA JOSE MAURO DE VASCONCELOS 3097 SETOR 06
1013736,RUA BEM TI VI 628 CIDADE DE DEUS
253976,RUA ENRICO CARUSO 6600 PORTO VELHO
1133828,RUA JONATHAS PEDROSA 1018 PRACA 14 DE JANEIRO
122358,RUA OLAVO PIRES 3489 BAIRRO JARDIM DO ESTADOS
931643,BECO TRES IRMAOS 1527 COROADO
643992,RIO PARANA DO MOURAS 1 FOZ DO PARANA
728627,RIO MARI 4 ESTIRAO
883524,AVENIDA MANICORE 943 BAIRRO RAIZ
1081145,RUA DOIS 307 CIIDADE DE DEUS
800850,RUA EDUARDO RIBEIRO 2845 JAUARI I
56527,RUA MANGUEIRAS 1541 LIBERDADE
99448,AVENIDA MASCARENHAS DE MORAIS 863 CAETANO
205025,AVENIDA CALAMA 1817 SAO JOAO BOSCO
771383,RIO GAMA 41 GUAJARA
255296,RUA EUCLIDES DA CUNHA 7 CENTRO
668378,RUA LUIZ RAMOS DE ALBUQUERQUE 82 PANTANAL
370086,AVENIDA UM MIL QUINHETOS E CINCO 1349 CRISTO REI
338820,RUA PRESIDENTE MEDICI 2679 ERNANDES GONCALVES
749554,RUA RUI BARBOSA 2 CENTRO
919241,BECO EDUARDO RIBEIRO 45 CHAPADA
1100625,RUA FORTALEZA 126 COMPENSA
1148729,RUA LUIZ ANTONY 661 NOSSA SENHORA APARECIDA
125527,AVENIDA JI PARANA 21 URUPA
221130,RUA ABOBORA 5481 ZONA SUL
816996,IGARAPE CASTANHO 11 COMUNIDADE SAO JOSE MORMIS
301522,RUA ROSALINA GOMES 9191 SAO FRANCISCO
899786,AVENIDA VENEZUELA 200 TANCREDO NEVES GILBERTO MESTRINHO
258431,RUA FRANCISCO COSTA 4335 CASTANHEIRA
98753,AVENIDA LEOPOLDO DE MATOS 1722 TAMANDARE
393789,AVENIDA MANOEL DIAS DE ABREU 6416 PLANALTO
729301,BECO DA RUA SIGISMUNDO VIANA 942 NOVA REPUBLICA
176680,AVENIDA PRESIDENTE TANCREDO NEVES 2631 SETOR 13
424982,TRAVESSAO RIBEIRINHO 11 TRAVESSAO RIBEIRINHO
665090,RUA DUQUE DE CAXIAS 140 BAIRRO SENADOR POMPEU
202319,RUA MAJOR AMARANTE 718 JARDIM DAS OLIVEIRAS
264843,RUA HORUS 440 NOVA FLORESTA
988593,RUA AMAZONAS 11 MORRO DA LIBERDADE
732893,AVENIDA ADAIL DE SA 2 CENTRO
401780,AVENIDA JUSCELINO KUBISTCHEK 3393 CENTRO
893312,AVENIDA RIO NEGRO 31 SANTO AGOSTINHO
150297,RUA PAVAO 2897 BOA ESPERANCA
579717,RUA JOAO AMANCIO 110 SOBRAL
717076,RIO ACRE 15 SERINGAL SANTO ANTONIO
1033279,RUA CASTELO BRANCO 79 COROADO
790646,RUA TUCANO 199 VILA DO LIMAO
847622,RUA ESTELIANO SANTOS 131 CENTRO
590558,RUA N QUATRO 172 TUCUMA II
853913,AVENIDA ALAGOAS 237 COL TERRA NOVA
846494,RUA DOS INGAS 705 VILA DO JACARE
743590,RUA CAMPOS OLIVEIRA 445 ITAMARATI
841797,RUA CORONEL JULIO ROBERTO 2224 SAO JOSE
418154,TRAVESSAO C 18B 25 BUITIS
1018173,RUA BOM JESUS 13 NOVO ISRAEL
1572,AVENIDA ISAURA KWIRANT 4386 SANTA FELICIDADE
301739,RUA RUA DA AMETISTA 4360 FLODOALDO PONTES PINTO
48598,RUA ANITA GARIBALDI 2970 TEIXEIRAO
638454,RODOVIA AC 10 OU AC22 78 KM 07
481335,RUA 13 DE MAIO 47 LEONARDO BARBOSA
1146998,RUA LONDRINA 641 GILBERTO MESTRINHO
96385,AVENIDA DARIO GOMES DO NASCIMENTO 3919 JARDIM DAS ESMERALDAS
350315,AVENIDA SAO LUIZ 4082 CENTRO
693010,LAGO MURATUBA 8 ALDEIA MURATUBA
273027,RUA JOAQUIM NABUCO 1660 SANTA BARBARA
932543,BECO VINTE 45 JORGE TEIXEIRA
356051,RUA Z 665 BAIRRO CIDADE ALTA
980823,RUA ACARI BODO 14 JORGE TEIXEIRA
703814,ALDEIA SAO LUIZ 8 ALDEIA INDIGENA SAO LUIZ
522159,RUA JOAO B. RODRIGUES 33 CENTRO
77157,RUA MOGNOPOLIS 2677 MINAS GERAIS
1080891,RUA DOIS 152 FLORES
646053,RUA BRASILIANO CANCIO 3240 TRIUNFO
509911,RUA CITURAO VERDE 16 CITURA
191384,LINHA 80 DA 17 14 LINHA 80 DA 17 SENTIDO JARU
856908,AVENIDA BARCELOS 1068 PRACA 14 DE JANEIRO
465475,RUA MONTE SINAI 2018 CENTRO
548901,RUA 25 DE DEZEMBRO 1 42 TANCREDO NEVES
20755,RUA GUANAMBI 987 SETOR 02
508704,RAMAL MOURA PIRANGA 21 BR
253023,RUA ELIENE SIQUEIRA 163 ROQUE
1010577,RUA BELA VISTA 14 NOVO ISRAEL
323317,RUA REVERENDO ELIAS FONTES 1772 AGENOR M DE CARVALHO
846545,RUA EDILBERTO MENEZES 391 VILA DO JACARE
556646,RUA BELO HORIZONTE 4 JORGE LAVOCAT
343713,AVENIDA FORTALEZA 4815 CENTRO
488004,RAMAL DO POLO 1500 POLO AGROFLORESTAL
174991,LINHA MP 35 211 DISTRITO 5 BEC
106112,AVENIDA BRASIL 1649 SETOR 01
1044291,RUA CINQUENTA E SETE 12 CIDADE NOVA
514029,TRAVESSA SANTOS DUMONT 405 LIBERDADE
897654,AVENIDA THOMAS EDSON 5 NOVA ESPERANCA
201286,RUA ROLIM DE MOURA 148 CENTRO
672888,RAMAL LINHA4 252 CAQUETA
412016,RUA JOSE CARLOS DA MATA 2130 SETOR 07
767864,RUA BOULEVARD ALVARO MAIA 210 SAO FRANCISCO II
601795,RUA SANTOS DUMONT 221 AEROPORTO VELHO
1067714,RUA DE ACESSO I 9 COROADO
1019807,RUA BOTO ROSA 50 JORGE TEIXEIRA
991233,RUA AMERICO ALVARES 10 JAPIIM
1121639,RUA ITACOATIARA 96 CACHOEIRINHA
399259,LINHA 112 OU 27 24 None
929423,BECO SAO PEDRO 19 EDUCANDOS
42885,AVENIDA GERALDO CARDOSO CAMPOS 3727 JOSINO BRITO
281118,RUA MANOEL FERREIRA 257 CENTRO
890492,AVENIDA RAMOS D 190 NOVO ALEIXO
629464,TRAVESSA MUNICIPALIDADE 369 VILA IVONETE
129188,RUA AMAPA 1910 VALPARAISO
221403,RUA ACAI 6121 ELDORADO
1085979,RUA DOZE 49 ALVORADA I
6617,LINHA P 44 10 ZONA RURAL
793180,RUA JOSE MARIA MUNIZ 326 SAO SEBASTIAO
197313,ESTRADA DO AEROPORTO 384 BELA VISTA
917648,BECO DA SERRARIA 69 EDUCANDOS
168436,AVENIDA RIVELINO CAMPOS AMOEDO 3655 CENTRO
1135222,RUA JOSE CASEMIRO 112 CENTRO
1005597,RUA B VINTE CINCO 756 ALVORADA
485251,TRAVESSA BELEM 43 CENTRO
270274,RUA JK 4674 CALADINHO
802786,RUA JOAO VALERIO 1842 ARAUJO COSTA
309468,RUA TENREIRO ARANHA 1114 AREAL
393802,AVENIDA MANOEL DIAS DE ABREU 6647 PLANALTO
165266,LINHA QUARTA 2395 2 LINHA GL G
348008,AVENIDA ROLIM DE MOURA 6479 SAO CRISTOVAO
817565,RUA PEDRO TEXEIRA 107 VILA BITTENCOURT
374305,RUA 7607 3964 ALPHAILLE
387490,ESTRADA PEROBAL 5 PEROBAL
847011,RUA 06 336 BAIRRO NOVO
16076,RUA CHICO MENDES 3712 SETOR 11
345806,AVENIDA NATAL 3856 CENTENARIO
416551,LINHA DOIZINHA 38 RURAL
176593,AVENIDA TREZE DE MAIO 3140 SETOR 13
827478,IGARAPE PRETO 6 ALDEIA INDIGENA SAO FRANCISCO
147124,RUA MARACATIARA 783 MARIO ANDREAZZA
268332,RUA JACY PARANA 2617 NOSSA SENHORA DAS GRACAS
178120,RUA RIACHUELO 2799 SETOR 13
344818,AVENIDA MACAPA 6214 SAO CRISTOVAO
626583,TRAVESSA GUAPORE 58 AVIARIO
48092,RUA ANAPOLINA 1481 LIBERDADE
855708,AVENIDA AUTAZ MIRIM 5405 SAO JOSE OPERARIO
587775,RUA MARIA JOSE DOMINGOS 74 CALAFATE
648120,RUA TRES DE MAIO 3720 CENTRO
876138,AVENIDA GRANDE CIRCULAR 3906 CIDADE DE DEUS
334118,AVENIDA AMAZONAS 1466 CENTRO
385342,RUA UM MIL QUINHENTOS E SEIS 2064 CRISTO REI
117266,RUA RIO GRANDE DO SUL 1506 SETOR 03
897551,AVENIDA TEFE 1327 PRACA 14 DE JANEIRO
972618,RUA 61 110 AMAZONINO MENDES
603011,RUA SEIS DE AGOSTO 45 XAVIER MAIA
393286,AVENIDA EDUARDO CORRREIA DE ARAUJO 3678 CENTRO
1011455,RUA BELA VISTA 545 GILBERTO MESTRINHO
36720,RUA HERMES DA FONSSECA 2560 UNIAO 3
557050,RUA BENJAMIN 258 VITORIA
599434,RUA RIO DE JANEIRO 692 ABRAAO ALAB
197872,RUA BARBARA L FUZARI 141 BNH
907366,AVENIDA SANTA ISABEL 1008 CACHOEIRINHA
514093,AVENIDA BR 317 22 BR 317
66450,LINHA 14 43 FIGUEIRA
387088,TRAVESSA UM MIL OITOCENTOS E QUINZE 1537 BELA VISTA
753205,COMUNIDADE SAO LAZARO DO IPIRANGA 21 RIO PIORININ
1143943,RUA LEOPOLDINA 443 GILBERTO MESTRINHO
1126720,RUA JANAUACA 15 SAO JOSE
366281,AVENIDA MELVIM JONES 441 BODANESE
121808,RUA ALBERTO SANTOS DUMONT 3033 JARDIM NOVO ESTADO
479508,RUA ENEIDE MARIA BATISTA 920 CASCATA
750711,RUA CORONEL GAUDENCIO 788 TAUA MIRIM
819919,RUA CICERO TUCHAUA 350 CENTRO
452379,LINHA P 06 6 None
393136,AVENIDA DEZIDERIO DOMINGOS LOPES 3639 CENTRO
135645,RUA CINTA LARGA 83 URUPA
14455,RUA CACAPAVA 4622 SETOR 09
44770,AVENIDA PORTO ALEGRE 111 NOVO CACOAL
102289,AVENIDA TOUFIC MELHEN ABICHABIK 5961 JARDIM DAS ESMERALDAS
425733,RUA ALVORADA DO OESTE 750 DISTRITO DE TRIUNFO
717613,RIO PURUS 18 RIO PURUS
1102977,RUA G 35 ARMANDO MENDES
114650,RUA PARA 1113 SETOR 03
52591,RUA FLORIANOPOLIS 1920 LIBERDADE
736214,LAGO LAGO DO JANAUACA 5 JANAUACA
1051441,RUA CUMARU 1 BAIRRO DA PAZ
196277,AVENIDA MARECHAL RONDON 1021 CENTRO
117586,RUA SAULO DA CUNHA 3600 TARILANDIA
66402,LINHA 14 20 LINHA 14
413023,RUA PIMENTEIRAS 1264 SETOR 01
1061411,RUA DALLAS 6 FLORES
718454,AVENIDA GETULIO VARGAS 153 RECREIO
939926,BECO SAO VINCENTE 119 ALEIXO
187748,RUA PORTO SEGURO 68 JARDIM AEROPORTO
23219,RUA LAJES 3480 JARDIM DAS FLORES
349258,AVENIDA VINTE E CINCO DE AGOSTO 5069 CENTRO
887224,AVENIDA P 452 ALVORADA
4682,RUA RECIFE 3499 PRINCESA ISABEL
747970,RUA MANOEL MARQUES 476 CHAGAS AGUIAR
718345,AVENIDA AMAZONAS 46800 IPIRANGA
364279,AVENIDA ERIVALDO V DA SILVA 15879 BODANESE
673197,RAMAL SANTA BARBARA 522 PORTO ACRE
723035,RIO MAPIAZINHO 10 TERRA PRETA
632561,TRAVESSA TRES PRIMAVERAS 240 BAHIA VELHA
604030,RUA SEM DENOMINACAO 1304 BAHIA NOVA
901123,AVENIDA BRIGADEIRO HILARIO GURJAO 2611 JORGE TEIXEIRA 4 ETAPA
825512,RUA VINTE E DOIS DE OUTUBRO 4208 VILA FALCAO
10435,AVENIDA TANCREDO NEVES 1501 SETOR 01
283768,RUA MAURICIO RODRIGUES 2531 CENTRO
144586,RUA JOSE BEZERRA BARROS 2197 NOVA BRASILIA
586910,RUA MARFIM 81 PLACAS/XAVIER MAIA
75432,RUA ACACIA 3236 MINAS GERAIS
562044,RUA COXIM 10 TANCREDO NEVES
1116920,RUA ILHA BELA 23 GILBERTO MESTRINHO
3763,RUA 03 85 IZIDOLANDIA
92822,LINHA 42 115 PACARANA
23998,RUA MACAUBAS 5596 NOVE
16025,RUA CEU AZUL 5083 NOVE
382271,RUA QUINTINO CUNHA 150 CENTRO
460340,LINHA 8B 31 LINHA
1136080,RUA JOSE FLORENCIO 25 PETROPOLIS
1066836,RUA DAS PETUNIAS 34 JORGE TEIXEIRA
96557,AVENIDA DOMINGOS CORREA DE ARAUJO 3080 GUAJARA MIRIM
541826,BECO JOSE DE JESUS 31 SAO FRANCISCO
990688,RUA AMAZONINO MENDES 72 PARQUE 10
608467,RUA VALERIO MAGALHAES 42 BOSQUE
605869,RUA TARAUACA 49 BASE
701987,RUA AMERICO C OLIVEIRA 9 BOM JARDIM
438771,LINHA 621 5450 ZONA RURAL
126411,AVENIDA TRANSCONTINENTAL 938 CASA PRETA
982452,RUA AFONSO DE SOUZA 199 BAIRRO RAIZ
164482,LINHA 3 LINHA GL G 16 2 LINHA GL G
25861,RUA MONTEIRO LOBATO 3670 SETOR 6
470314,AVENIDA TRANQUEDO NEVES 4044 CENTRO
8478,AVENIDA GUAPORE 3640 SETOR 11
1011442,RUA BELA VISTA 530 GILBERTO MESTRINHO
1028368,RUA CANADA 337 GILBERTO MESTRINHO
947843,RUA 1 68 CIDADE NOVA
1048774,RUA COSTA E SILVA 1 LIRIO DO VALE
69131,RUA ARACAJU 2015 CENTRO
959387,RUA 205 73 CIDADE NOVA
998028,RUA ARISTOFANO ANTONY 10 PETROPOLIS
738061,RODOVIA AM 354 ESTRADA DO MANAQUIRI 3 RODOVIA
442778,RUA PADRE EZEQUIEL 3322 CENTRO
314156,RUA VASCO DA GAMA 1727 TRES MARIAS
532720,RAMAL ENCO 46 APOS A PRIMEIRA PONTE
238598,RUA CAETANO DONIZETE 6163 APONIA
920980,BECO IGARAPE 27 COMPENSA
489587,RUA JOAO SOMBRA 1630 CENTRO
692164,ESTRADA AM 254 39 AM 254
701895,RUA ALCINO CASTELO BRANCO 77 BOM JARDIM
120513,LINHA 619 6 ZONA RURAL
112201,RUA JOAO DE ALBUQUERQUE 2523 SETOR 05
417629,RUA JK 2120 SETOR 8
1143418,RUA LEONARDO MALCHER 318 NOSSA SENHORA APARECIDA
102822,AVENIDA DIACONO CASARA 1452 GUAJARA MIRIM
457558,RUA DAS COMUNICACOES 3862 CIDADE BAIXA
634549,TRAVESSA SARGENTO TRILHA 87 COMARA
476388,RUA SAO PAULO 171 ACRELANDIA
112804,RUA MANOEL LACERDA FERRAZ 3129 SETOR 06
338199,RUA PARANA 3081 CENTRO
232342,RUA ASSIS BRASIL 919 TELEACRE
776992,RUA NICOLAU GERMANO DRECHE 1599 SAO PEDRO
1051592,RUA CUNHA MELO 431 BAIRRO PETROPOLIS
866212,AVENIDA CONSTANTINO NERY 2533 SAO GERALDO
1050595,RUA CRISTO REI 207 COMPENSA
1018553,RUA BOM JESUS 82 NOVO ISRAEL
694680,RUA QUATRO 66 MONTE SINAI
753234,COMUNIDADE SAO RAIMUNDO 9 RIO SOLIMOES
838756,RUA NINFAIDE CASTRO 1020 LIBERDADE
695378,AVENIDA MARIUA 1809 NOSSA SENHORA DE NAZARE
1096340,RUA F 10 CAMPOS SALES
1028675,RUA CANARIO 35 CIDADE NOVA
21855,RUA JACUTINGA 352 JORGE TEIXEIRA
132675,RUA CAFE FILHO 878 SAO PEDRO
1122131,RUA ITAITUBA 697 REDENCAO
980555,RUA ACAI 77 COLONHA TERRA NOVA
123200,AVENIDA ARACAJU 1682 SAO PEDRO
660167,RODOVIA BR 364 30 SENA MADUREIRA
216387,BECO DA BRASILLIA 1750 TUCUMANZAL
75266,AVENIDA MARECHAL RONDON 3683 CENTRO
365827,AVENIDA LIBERDADE 2716 CENTRO
1059605,RUA DA PAZ 242 CIDADE DE DEUS
348998,AVENIDA VINTE E CINCO DE AGOSTO 3371 JARDIM TROPICAL
392959,AVENIDA CECILIA MEIRELES 6885 PLANALTO
206900,AVENIDA DOS IMIGRANTES 823 SAO SEBASTIAO
656761,RUA SIQUEIRA CAMPOS 416 CAFEZAL
299666,RUA RIBEIRAO PRETO 6852 CUNIA
563517,RUA DA ESPERANCA 6 JORGE LAVOCAT
292554,RUA PEDRO CABRAL 2430 MARIANA
400413,LINHA LINHA 13 24 ZONA RURAL
377341,RUA FRANCISCO MENDES 1216 JARDIM DAS OLIVEIRAS
33912,RUA PRINCESA ISABEL 896 SAO GERALDO
375748,RUA BEGONIA 2880 BAIRRO CRISTO REI
226941,RUA ANARI 558 B FLORESTA
155916,RUA TREZE DE SETEMBRO 1538 JARDIM PRESIDENCIAL
906030,AVENIDA PRESIDENTE KENNEDY 398 EDUCANDOS
280768,RUA MANE GARRINCHA 3423 PORTO VELHO
906706,AVENIDA PROFESSOR NILTON LINS 877 FLORES
1126180,RUA JAIME REBELO 88 JAPIIM
785452,RUA 02 132 CACAU PIRERA
1040382,RUA CINCO 111 ALVORADA
433532,AVENIDA DO CONDOR 2658 SETOR 02
240976,RUA CARPA 2511 AREIA BRANCA
433800,AVENIDA MARACANA 1196 SETOR 3
705075,AVENIDA CASTELO BRANCO 98 CENTRO
543504,ESTRADA DA SOBRAL 1537 AEROPORTO VELHO
794632,AVENIDA MARIO ANDREAZA 3226 SAO FRANCISCO
518790,TRAVESSA PADRE GUILHERME 51 COHABE
846823,BECO TRAVESSA DAS LARANJEIRAS 25 LARANJEIRA
531978,RUA MAJOR PEDRO RAMOS 275 CENTRO
1141722,RUA LABREA 745 GILBERTO MESTRINHO
794173,AVENIDA LIBERDADE 4502 MAMOUD AMED
970965,RUA 5 DE JUNHO 1080 GILBERTO MESTRINHO
559621,RUA CAMPINAS 169 GERALDO FLEMING
772602,BECO CONCORDIA 86 NOSSA SENHORA DO CARMO
17300,RUA DAS SAFIRAS 1062 PARQUE DAS GEMAS
945130,RUA 01 229 NOVO ALEIXO
1135601,RUA JOSE DE LIMA 2 JAPIIM
555822,RUA BARRA DO SOL 318 BAIRRO CIDADE NOVA
397271,AVENIDA MARECHAL DEODORO 4379 CENTRO
888968,AVENIDA PERIMETRAL II 900 PARQUE DEZ DE NOVEMBRO
569555,RUA DOMINGOS OLIMPIO 2 85 CONJUNTO ESPERANCA
1123079,RUA ITORORO 6 ALVORADA II
586074,RUA MANOEL CASSIANO 406 BOSQUE
1152688,RUA MANACAPURU 120 TANCREDO NEVES NOVA CONQUISTA
531979,RUA MAJOR PEDRO RAMOS 287 CENTRO
822728,RUA BEIRA MAR 2 BAIRRO CENTRO
1137493,RUA JOSE ROMAO 24 SAO JOSE DOS CAMPOS
236423,RUA BOM JARDIM 4791 IGARAPE
555562,RUA BANDEIRANTES 107 TANCREDO NEVES
1084433,RUA DOS MOTAS 70 REDENCAO
452108,LINHA KAPA 0 11 ESQUERDO
78206,RUA TUPI 3687 CENTRO
780077,LAGO CARAPANATUBA 30 CARAPANATUBA
58854,RUA RAIMUNDO FAUSTINO FILHO 3745 VILLAGE DO SOL II
602575,RUA SAO PEDRO 102 LAELIA ALCANTARA
1150356,RUA MACAJA ANTIGA RUA DOZE A 63 SAO JOSE
927387,BECO SANTA CRUZ 102 SAO LAZARO
860162,AVENIDA BRASIL 3779 VILA DA PRATA
471983,AVENIDA PARAISO 2379 SETOR 1
317921,RUA ALMIRANTE BARROSO 2075 NOSSA SENHORA DAS GRACAS
1126745,RUA JANAUACA 24 SAO JOSE OPERARIO 1
1107653,RUA GRAPIAPUNHA 183 MONTE DAS OLIVEIRAS
562984,RUA DA ABELHA 398 SANTA QUITERIA
207572,AVENIDA FARQUAR 3276 PEDRINHAS
410933,RUA CUJUBIM 1430 SETOR 03
507044,AVENIDA JOSE APOLINARIO DE SOUZA 280 VILA SANTA ROSA
630771,TRAVESSA RADIO FAROL 66 GLORIA
247070,RUA DA VITORIA 4403 FLORESTA
614797,RUA PADRE CICERO 910 CONQUISTA
734569,RUA MIRACAUERA 127 CENTRO
214960,AVENIDA SETE SETEMBRO 694 CENTRO
25379,RUA MINAS GERAIS 3845 SETOR 05
961314,RUA 22 23 CIDADE NOVA
119043,RUA PADRE CHIQUINHO 1736 SETOR 04
397089,AVENIDA SETE DE SETEMBRO 4457 CENTRO
962950,RUA 246 17 CONJUNTO CIDADAO VII
595886,RUA PRIMAVERA 95 JARDIM PRIMAVERA
1110770,RUA H 17 ALVORADA
220499,RUA 7 1 NOVO HORIZONTE
797322,RUA ALDINO REIS 14 SAO CRISTOVAO
934616,BECO SANTA RITA 1007 COROADO
459533,LINHA 04 B 7 PORTO MURTINHO
1028438,RUA CANAMARI 14 CIDADE NOVA
545470,RAMAL BEIRA DA JUDIA 1843 AREAL
172275,RUA RIO BRANCO 3629 UNIAO
346960,AVENIDA PORTO ALEGRE 3969 CENTRO
342388,AVENIDA CECILIA MEIRELES 5637 BAIRRO CIDADE ALTA
537834,AVENIDA EDMUNDO PINTO 607 SAO FRANCISCO
109120,RUA AMAZONAS 3789 SETOR 5
855802,AVENIDA AUTAZ MIRIM 7072 TANCREDO NEVES
777368,RUA PEDRO DE ALCANTARA BARCELAR 2500 SAO PEDRO
857923,AVENIDA BEM TE VI 2 CIDADE NOVA
396485,AVENIDA GETULIO VARGAS 5407 CENTRO
457054,RUA AMAPA 2373 CIDADE BAIXA
63185,RUA PRESIDENTE VENCESLAU 2541 INDUSTRIAL
1069134,RUA DEZ 29 ALEIXO
889206,AVENIDA PISTA DA RAQUETE 43 JORGE TEIXEIRA
8843,AVENIDA JAMARI 4530 AREAS ESPECIAIS
478560,RAMAL PROGRESSO LINHA 7 17 SANTO ANTONIO DO PEIXOTO
644705,RUA CORONEL JOSE FERREIRA 4 CIDADE NOVA
790584,RUA TRES 113 MUTIRAO DO CACAU
246553,RUA DA PAZ 350 B FLORESTA
61904,RUA DUQUE DE CAXIAS 2513 CENTRO
1040197,RUA CINCO 86 ALVORADA I
405015,RUA FREI GALVAO 3245 CENTRO
245517,RUA CURITIBA 4103 CALADINHO
234360,RUA BEIRA SUL 7585 TRES MARIAS
531279,RUA PEDRO LOPES DA SILVA 1301 OLARIA
822192,BECO GETULIO VARGAS 350 CENTRO
225579,RUA AMELIA FARIAS 3684 TANCREDO NEVES
455142,RUA PRINCESA IZABEL 770 NOVA ESPERANCA
116823,RUA RIO DE JANEIRO 3463 SETOR 2
652430,RODOVIA BR 364 13 CRISTO LIBERTADOR
481011,AVENIDA PREFEITO ROLANDO MOREIRA 147 CENTRO
311090,RUA TOCANTINOPOLIS 4200 ZONA LESTE
970329,RUA 5 12 COLONIA SANTO ANTONIO
1084790,RUA DOS PINHEIROS 108 JORGE TEIXEIRA 2 ETAPA
64997,LINHA 06 40 CACOAL
125521,AVENIDA J.K. 1650 CASA PRETA
298197,RUA RAFAEL VAZ E SILVA 2991 LIBERDADE
288935,RUA ORION 2868 ULISSES GUIMARAES
998148,RUA ARISTOPHANO ANTONY 427 BAIRRO PETROPOLIS
1150873,RUA MACUNAIMA 16 FLORES
158258,RUA BARAO DO RIO BRANCO 890 CAFEZINHO
1147316,RUA LORIS CORDOVIL 25 ALVORADA
886974,AVENIDA OSCAR BOREL 131 COMPENSA
1112261,RUA HENRIQUE MARTINS 138 JORGE TEIXEIRA 4 ETAPA
736727,LAGO PACATUBA 42 PACATUBA
738771,RUA JOSIAS DE MELO 80 PURUPURU
662456,RUA JOAO DE PAIVA 9 BAIRRO SENADOR POMPEU
235560,RUA BENTO GONCALVES 3089 COSTA E SILVA
236354,RUA BOM FUTURO 155 CENTRO
950994,RUA 13 23 CIDADE NOVA
962649,RUA 24 DE AGOSTO 827 MORRO DA LIBERDADE
705828,RUA FELIPE CAMARAO 351 BAIRRO SAO FRANCISCO
349117,AVENIDA VINTE E CINCO DE AGOSTO 4443 CENTRO
9434,AVENIDA MACHADINHO 3530 SETOR INSTITUCIONAL
752881,COMUNIDADE SAO FRANCISCO DA ILHA DA BOTIJA 11 RIO SOLIMOES
1150324,RUA MACACAUBA 65 MONTE DAS OLIVEIRAS
228479,RUA ANSELMO LACERDA 42 DERMACACAO
552791,RUA ANA NERY 50 JOAO EDUARDO I
36918,RUA PROJETADA 4214 BOM JESUS
609461,RUA VINTE DE NOVEMBRO 712 BOA UNIAO
1030515,RUA CARDINAIS 20 COLONIA TERRA NOVA
187200,RUA OLAVIO BILAC 1678 JARDIM NOVO HORIZONTE
728678,RIO MUCUIM 1 PUREQUE
1011268,RUA BELA VISTA 379 GILBERTO MESTRINHO
398796,RUA MONTEIRO LOBATO 5094 CENTRO
588918,RUA MELANCIA 582 MOCINHA MAGALHAES
875709,AVENIDA GETULIO VARGAS 1817 CENTRO
1106995,RUA GOIANIA 766 REDENCAO
304874,RUA SEM NOME 127 NAZARE
819821,RUA BOM PASTOR 620 CENTRO
1046610,RUA COLHELHEIRAS 304 CIDADE DE DEUS
940346,ENTRADA DA PONTA NEGRA 7126 SAO JORGE
309812,RUA TENREIRO ARANHA 3231 OLARIA
624589,TRAVESSA DA PISTA 306 AREAL
662592,RUA JOAO DE PAIVA 490 BAIRRO SENADOR POMPEU
800135,RUA CHIBLY ABRAHIM 1254 JAUARI II
519337,TRAVESSA PRESIDENTE COSTA E SILVA 252 2 DISTRITO
1150245,RUA M N 1 ARMANDO MENDES
218808,ESTRADA DO CANIL 7494 NACIONAL
379077,RUA LAURO WENTZ 5523 QUINTO BEC
856606,AVENIDA B 8 COMPENSA
877556,AVENIDA IGARAPE DE MANAUS 4 CENTRO
834833,RUA CONCEICAO BASTOS 1820 LIBERDADE
367372,AVENIDA PRIMEIRO DE MAIO 5043 QUINTO BEC
463542,RUA LUIZ BORGES 2320 CENTRO
564069,RUA DA MANGA 177 MOCINHA MAGALHAES
598553,RUA RAIMUNDO MATOS DE MELO 448 MANOEL JULIAO
614035,RUA NOSSA SENHORA DA CONCEICAO 154 BAIRRO 15
401419,AVENIDA AFONSO PENA 4176 JARDIM AMERICA
415675,ESTRADA LINHA QUARENTINHA 11 PA RIO ALTO
518024,RUA SAGRADO CORACAO DE JESUS 211 BAIRRO DO HOSPITAL
838431,RUA MAURICIO DA CUNHA FREIRE 1432 SAO JOSE
907151,AVENIDA PROFESSOR NILTON LINS 2274 FLORES
1114713,RUA I 31 JORGE TEIXEIRA SANTA INES
966313,RUA 32 4 NOVA CIDADE
45156,AVENIDA PORTO VELHO 2811 CENTRO
1066065,RUA DAS PALMEIRAS 61 SAO JOSE OPERARIIO
111286,RUA FLORIANOPOLIS 2204 SETOR 03
209831,AVENIDA JOSE VIEIRA CAULA 8110 ZONA LESTE
984308,RUA ALA DOS RIOS 11 TARUMA ACU
22896,RUA JOSE MAURO DE VASCONCELOS 3677 SETOR 06
290166,RUA PANAMA 2517 PORTO VELHO
527459,RUA RAIMUNDO BEZERRA 234 CENTRO
299240,RUA RENASCER 4762 CALADINHO
1073672,RUA DEZOITO DE SETEMBRO 509 SAO JORGE
1002132,RUA AXIMIM 140 COLONIA TERRA NOVA
720256,RUA RIO MAPIA 104 BELA VISTA
103307,AVENIDA DOUTOR LEWERGER 1248 CENTRO
1011681,RUA BELEM 7 CIDADE DE DEUS
175567,LINHA TB 10 1040 MACHADIHO
180705,AVENIDA GONCALVES DIAS 3539 BELA FLORESTA
11873,RUA ALBINO HENRIQUE 1158 MARECHAL RONDON
476816,LINHA 02 RAMAL FLORESTA 23 SAO JOAO BALANCEIO
123977,AVENIDA BRASIL 2033 NOVA BRASILIA
747322,RUA JOAO AMORIM 78 PERA 1
883284,AVENIDA MANAUS DOIS MIL 2154 DISTRITO INDUSTRIAL 1
657325,RUA DUQUE DE CAXIAS 1325 CSU
56831,RUA MANUEL NUNES DE ALMEIDA 3912 VILLAGE DO SOL II
943164,IGARAPE DO MINDU 3 TANCREDO NEVES
721811,LAGO DO PIAUI 27 BOA ESPERANCA
870496,AVENIDA DOM PEDRO 1 26 SANTO ANTONIO
801691,RUA GASPAR MAIA 770 JAUARY I
1144997,RUA LETICIA 4 PLANALTO
661351,RUA ANTONIO PINTO 245 SENADOR POMPEU
916711,BECO DA INDUSTRIA 96 NOSSA SENHORA APARECIDA
313944,RUA VANDERLEI PONTES 3476 NACIONAL
716707,IGARAPE ANTIMARI 11 IGARAPE ANTIMARI
7699,AVENIDA CANAA 2528 SETOR 01
785033,AVENIDA TAPAUA 409 CENTRO
1039649,RUA CINCO 34 JORGE TEIXEIRA
158044,RUA Z 59 MARIO ANDREAZZA
203935,AVENIDA AMAZONAS 3748 AGENOR M DE CARVALHO
39865,AVENIDA ANTONIO JOAO 347 NOVO CACOAL
1121258,RUA ISRAEL 75 NOSSA SENHORA DE FATIMA I
1995,AVENIDA MATO GROSSO 4427 CENTRO
1151842,RUA MAGUARIBE 302 NOVO ALEIXO
64040,TRAVESSA BELEM 1951 LIBERDADE
166265,AVENIDA BRASIL 3282 CENTRO
1019736,RUA BOTAFOGO 444 CIADADE DE DEUS
300160,RUA RIO GRANDE DO SUL 3341 ZONA SUL
915117,BECO CCE 91 ARMANDO MENDES
429333,RODOVIA BR 364 1510 SALSALITO
61199,RUA ALMIRANTE BARROSO 2625 NOVO HORIZONTE
334719,AVENIDA JOAO PESSOA 1212 CUNHA E SILVA
142192,RUA HEITOR GUILHERME 933 PARQUE SAO PEDRO
729242,AVENIDA FLORIANO PEIXOTO 87 CENTRO
289697,RUA PABLO PICASSO 5488 IGARAPE
295925,RUA POPULAR 9497 MARIANA
544160,ESTRADA DIAS MARTINS 5160 UNIVERSITARIO
125636,AVENIDA JI PARANA 988 URUPA
159738,RUA GOVERNADOR JORGE TEIXEIRA OU K5 1352 NOVA BRASILIA
201317,RUA ROLIM DE MOURA 699 ALVORADA
855324,AVENIDA ATROARIS 93 CIDADE NOVA
1130278,RUA JERUSALEM 77 NOSSA SENHORA DE FATIMA
1019094,RUA BOM PASTOR 84 FLORES
765827,RUA VEREADOR AGNELO FERREIRA 218 VARZEA
1102695,RUA G 10 GILBERTO MESTRINHO
597198,RUA PROJETADA 710 143 AIRTON SENA
132326,RUA BRASILEIA 3507 JORGE TEIXEIRA
188874,RUA SOBRAL PINTO 67 BELA FLORESTA
39035,LINHA 9 6 RUMO ESCONDIDO
705360,RUA AIRTON SENA 240 BAIRRO SAO PEDRO
687049,RUA ANTONIO DE SOUZA BRAGA 922 CENTRO
861569,AVENIDA BURITI 1200 DISTRITO INDUSTRIAL
606979,RUA TREZE DE MAIO 23 BOA UNIAO
1135321,RUA JOSE CHEVALIER 133 MORRO DA LIBERDADE
73566,AVENIDA A 3037 ODILON NOIA
447380,RODOVIA RO 470 90 TRAVESSAO FORMIGUINHA
989690,RUA AMAZONAS 270 COROADO
694791,RUA DOUTOR JULIO TAUMATURGO LOBO 40 NOVO CEU
131724,RUA BEM TE VI 1976 UNIAO 2
874762,AVENIDA FRANCISCO QUEIROZ 459 COLONIA SANTO ANTONIO
1013489,RUA BEM TE VI 68 CIDADE NOVA 1
641644,RUA HUGO CARNEIRO 675 RODRIGUES AVES
57392,RUA MONTEIRO LOBATO 3301 BAIRRO FLORESTA
674695,RUA LIRIUS 86 VILA DO INCRA
104414,AVENIDA PRINCESA ISABEL 3706 GUAJARA MIRIM
167524,AVENIDA GETULIO VARGAS 2826 CENTRO
510394,TRAVESSA RIO JURUA 3 1181 MIRITIZAL
722079,RIO AUTAZ ACU 476 LIMAO
762556,RUA OTAVIANO MELO 101 NOSSA SENHORA DE FATIMA
1056424,RUA DA ESPERANCA 34 CRESPO
262867,RUA GUANABARA 2119 SAO CRISTOVAO
458,AVENIDA AMAZONAS 3571 CENTRO
1152652,RUA MANACAPURU 63 TANCREDO NEVES NOVA CONQUISTA
1037691,RUA CEZARMIR DUARTE 35 DOM PEDRO I
1111564,RUA HAVANA 185 NOVA CIDADE
928404,BECO SAO GERALDO 28 SAO GERALDO
783478,COMUNIDADE SAO VICENTE 45 RIO LIBERDADE
540476,AVENIDA UM 580 BAIRRO SAO FRANCISCO
499844,RUA DO MURU 1051 JOAO ALVES
67814,AVENIDA BRASIL 1574 CENTRO
144815,RUA JOSE EDUARDO VIEIRA 809 SAO FRANCISCO
1093804,RUA ESPIRITO SANTO 13 PONTA NEGRA
945369,RUA 02 60 TARUMA
364812,AVENIDA JASMIM OU 1703 2357 JARDIM PRIMAVERA
1131281,RUA JOAO BOSCO 77 DOM PEDRO
615859,RUA SANTA HELENA 62 BOSQUE
1135869,RUA JOSE DUTRA 332 CIDADE DE DEUS
812640,RUA 3 330 VILA DE LINDOIA
1115409,RUA IANOMAMI 18 COLONIA SANTO ANTONIO
1050996,RUA CRUZEIRO DO SUL 32 ALVORADA
831219,BECO ANTONIO AFONSO 1526 TERRA PRETA
1098556,RUA FIGUEREDO 18 ZUMBI DOS PALMARES
621167,TRAVESSA ALTO VERDE 54 ELDORADO
963382,RUA 25 664 PQ 10
18915,RUA FALCAO 399 JARDIM DAS PALMEIRAS
299718,RUA RICARDINA FEITOSA 3538 LAGOINHA
1013922,RUA BENEDITO LIRA 82 GILBERTO MESTRINHO
1062117,RUA DANILO CORREA 93 JAPIIM
511284,RUA ALEXANDRE ESTEVES FILHO 13 CENTRO
394838,AVENIDA PRINCESA ISABEL 7218 JOAO FRANCISCO CLIMACO
375682,RUA BAHIA 681 PARQUE IND SAO PAULO
882652,AVENIDA LIBERDADE 679 SANTO AGOSTINHO
784386,AVENIDA CASTELO BRANCO 327 CIDADE NOVA
250220,RUA DO SOL 342 FLORESTA
18168,RUA E 1802 SETOR 12
895020,AVENIDA SAO VICENTE 90 SAO LAZARO
196881,AVENIDA PRESIDENTE KENNEDY 552 CENTRO
24778,RUA MARCAL CORDEIRO DE ALMEIDA 1482 MARECHAL RONDON
304674,RUA SEBASTIAO GOMES 401 CENTRO
61862,RUA DUQUE DE CAXIAS 2068 CENTRO
634953,VIA VERDE 1585 VIA VERDE
808162,RUA SANTA ETELVINA 3596 MAMOUD AMED
253207,RUA ELIZIO BRANDAO 4887 IGARAPE
728296,PROJETO SAO FRANCISCO LINHA 3 50 SITIO SANTA CRUZ
1141111,RUA L 66 NOVA CIDADE
754971,RIO SOLIMOES 11 SAO LAZARO DO SACAI
824848,RUA PAULO SERGIO 25 BAIRRO DE FATIMA
949795,RUA 11 229 AMAZONINO MENDES
105947,RIO PACAAS NOVOS 5 GUAJARA MIRIM
294100,RUA PINHEIRO MACHADO 3034 NOVA PORTO VELHO
401851,AVENIDA MINAS GERAIS 3865 DAS PALMEIRAS
156972,RUA VICENTE SABORA CAVALCANTE 1260 DUQUE DE CAXIAS
466198,LINHA 605 25 RURAL
780453,RIO MADEIRA 30 MALVINA
135873,RUA COLORADO DO OESTE 2725 CAFEZINHO
388360,AVENIDA CACOAL 3001 BAIRRO CRISTO REI
346507,AVENIDA NORTE SUL 6024 CENTRO
79475,AVENIDA ITALIA CAUTIERO FRANCO 1308 CENTRO
218908,ESTRADA DOS PERIQUITOS 1873 RONALDO ARAGAO
13221,RUA ATENAS 5271 RURAL JD ALVORADA
845369,RAMAL DO JANDIRA 30036 LIMAO
910452,BECO ANTONIO FARIAS 24 SAO LAZARO
696016,RUA ALEXANDRE AMBROSIO 204 NOSSA SENHORA DE NAZARE
146164,RUA MACHADO DE ASSIS 191 PARQUE SAO PEDRO
1021393,RUA BRASILEIA 204 COMPENSA
835072,RUA DANIEL SIMOES 3195 APARECIDA
701208,BECO 30 101 JAVARIZINHO
158344,RUA BARAO DO RIO BRANCO 1991 NOVA BRASILIA
63046,RUA PRESIDENTE MEDICI 1671 JARDIM CLODOALDO
902155,AVENIDA DESEMBARGADOR JOAO MACHADO 136 ALVORADA
270518,RUA JOAO CANDIDO 2076 JUSCELINO KUBITSCHEK
383517,RUA SERAFIM R CRUZ 507 SETOR ZICO
447258,RAMAL DA ALDEIA 21 RAMAL DA ALDEIA
375180,RUA ANTONIO P. DOS SANTOS OU 513 308 JARDIM AMERICA
622629,TRAVESSA BURITI 277 BAIRRO VILA ACRE
459202,RUA SENADOR RONALDO ARAGAO 4021 CIDADE BAIXA
751859,BEIRA BOM JARDIM 22 ILHA DO BARBADO DO CATUA
745442,RUA E 31 PERA 2
210086,AVENIDA MAMORE 2698 PORTO VELHO
758395,RUA NOSSA SENHORA DAS GRACAS 740 CODAJAS
414923,RUA SAO GABRIEL 3610 SETOR 06
865801,AVENIDA CONSTANTINO NERY 2525 CHAPADA
1088781,RUA E 38 PQ DEZ DE NOVEMBRO
691568,RUA DUQUE DE CAXIAS 58 BAIRRO MUTIRAO
310093,RUA TEOFILO MARINHO 3739 SAO JOAO BOSCO
128486,RODOVIA BR TREZENTOS E SESSENTA E QUAT 1422 PRIMAVERA
869737,AVENIDA DJALMA BATISTA 2465 CHAPADA
1094863,RUA ESTRELA DALVA 100 JORGE TEIXEIRA
588571,RUA MAUA 62 JOAO EDUARDO II
995169,RUA ANTURIOS 5 JORGE TEIXEIRA
545360,ESTRADA SAO FRANCISCO 2395 ELDORADO
304282,RUA SAO JOSE 10202 SAO FRANCISCO
682988,AVENIDA RIO GRANDE DO SUL 877 CENTRO
885947,AVENIDA NEPAL 290 NOVA CIDADE
1061661,RUA DAMASCO 23 PLANALTO
229860,RUA ANTONIO VIOLAO 3373 TANCREDO NEVES
695929,ESTRADA SANTO ANTONIO 17 SANTO ANTONIO
977486,RUA A 339 JORGE TEIXEIRA
135457,RUA CHICO MENDES 252 PARQUE SAO PEDRO
991898,RUA ANADOR 21 JORGE TEIXEIRA
954321,RUA 157 4 CIDADE NOVA
635907,ESTRADA TRANSACREANA 15436 TRANSACREANA
876264,AVENIDA GRANDE CIRCULAR 10754 JORGE TEIXEIRA
269493,RUA JARDEL FILHO 5691 SAO SEBASTIAO
457691,RUA MACAPA 2940 CIDADE BAIXA
55056,RUA JOSE DO PATROCINIO 1448 PRINCESA ISABEL
1091521,RUA EMILIO MOREIRA 247 CENTRO
77221,RUA NU ARUAGUES 2508 CRUZEIRO
89510,RUA PETRONIO CAMARGO 2896 VISTA ALEGRE
133881,RUA CASTANHEIRA 1331 NOVA BRASILIA
469334,LINHA A 4 24 None
1103900,RUA GAIVOTA 174 CIDADE DE DEUS
966533,RUA 33 13 NOVA CIDADE
848769,IGARAPE IAUARA 7 IAUARA
802193,RUA ISAAC PERES 3602 SAO JORGE
863286,AVENIDA CHICO MENDES 212 COLONIA TERRA NOVA
394434,AVENIDA SEBASTIAO JOAO CLIMACO 6343 SAO JOSE
687742,RUA SAO JOAO BATISTA 593 CENTRO
496138,RUA ALAGOAS 761 CRUZEIRAO
521533,RUA 07 DE SETEMBRO 140 BAIRRO SAO FRANCISCO
675585,ESTRADA ALVARAES NOGUEIRA 567 CENTRO
344966,AVENIDA MACEIO 4665 CENTRO
625532,TRAVESSA DOM PEDRO 111 BAHIA
809824,COMUNIDADE SANTO ANONIO 1 RAMAL DO SANGAUA
1151709,RUA MAGNETRON 122 ARMANDO MENDES
22462,RUA JOAO PESSOA 2339 SETOR 3
133729,RUA CASCAVEL 1977 VALPARAISO
1060361,RUA DA PROSPERIDADE 3 COMPENSA
1094610,RUA ESTELA NOBRE 53 PARQUE 10 DE NOVEMBRO
593220,RUA PARA 115 CENTRO
1083244,RUA DOS BARES 7 COLONIA TERRA NOVA
121565,RAMAL DOS ADVENTISTA 85 DISTRITO DE TARILANDIA
515727,RUA ALFREDO BARROSO CORDEIRO 336 ESPERANCA
487318,RUA PROJETADA 20 110 CENTRO
492352,AVENIDA COPACABANA 280 25 DE AGOSTO
814189,SITIO 2 IRMAOS 32 RAMAL DO INCRA I
175691,LINHA TB 16 140 MACHADIHO
1029304,RUA CANUMA 58 PETROPOLIS
245317,RUA CURITIBA 2942 CALADINHO
1003024,RUA B 11 PETROPLIS
899649,AVENIDA V 30 NOVA ESPERANCA
307159,RUA SILAS SHOCKNESS 2817 FLODOALDO PONTES PINTO
393243,AVENIDA EDUARDO CORREIA DE ARAUJO 4385 PLANALTO
31537,RUA TARIMATA 2276 AREAS ESPECIAIS
955844,RUA 178 41 NOVO ALEIXO
428194,RUA VINTE E UM DE ABRIL 1580 NOVO HORIZONTE
1092807,RUA ERMELINDA DE QUEIROZ 24 NOVA ESPERANCA
316400,RUA VINICIUS DE MORAES 5868 SAO SEBASTIAO
1109048,RUA GUARDALUPE 169 JORGE TEIXEIRA
377893,RUA GUANABARA 2574 PARQUE IND NOVO TEMPO
84454,RUA SEM DENOMINACAO 8272 SAO DOMINGOS
366253,AVENIDA MATO GROSSO 3827 PARQUE INDUSTRIAL NOVO TEMPO
183675,RUA DOS MIGRANTES 200 BELA FLORESTA
715497,RUA TIAO LEITE 964 PRAIA DO GADO
479142,RAMAL E 570 BELA VISTA
77710,RUA RIO DE JANEIRO 4317 CENTRO
389241,AVENIDA PRESIDENTE VARGAS 96 CENTRO
130268,RUA ANTONIO MERONHO 608 BAIRRO SAO BERNARDO
68152,AVENIDA DAS NACOES 2378 CENTRO
237306,RUA BUENOS AIRES 529 NOVA PORTO VELHO
911616,BECO BECO SAO BENEDITO 6 DOM PEDRO
430986,LINHA PEMAZA 10 RURAL
37775,AVENIDA TUPI 4052 CENTRO
760960,RUA ANTONIO DE CASTRO 269 SANTO ANTONIO
141936,RUA GRECIA 1102 JARDIM SAO CRISTOVAO
1153202,RUA MANAUS 50 COMPENSA
910420,BECO ANDRE VIDAL NEGREIROS 20 DOM PEDRO
307764,RUA TABAJARA 1013 OLARIA
489951,RUA TESTA DE FERRO 1852 CONQUISTA
1031655,RUA CARLOS SANTOS 60 JORGE TEIXEIRA COMUNIDADE VAL PARAISO
1004107,RUA B 182 CIDADE NOVA
943349,IGARAPE SEM DENOMINACAO 1 BETANIA
673734,RUA CEREJEIRA 323 VILA DO INCRA
954160,RUA 153 25 CIDADE NOVA
676354,RUA RAIMUNDO PARENTE 293 SAO FRANCISCO
284704,RUA MIGUEL CALMON 3162 CALADINHO
288683,RUA OITO DE JUNHO 4717 CALADINHO
581630,RUA JOSE LUIZ 608 SANTA INES
1011206,RUA BELA VISTA 350 ALVORADA
477917,RAMAL GRANADA 37 PROJETO PAD PEDRO PEIXOTO
1105529,RUA GERGELIN 52 JORGE TEIXEIRA
1069604,RUA DEZ 205 JORGE TEIXEIRA MONTE SIAO
893896,AVENIDA RIO NEGRO 194 NOSSA SENHORA DAS GRACAS
385887,RUA ALMIRANTE TAMANDARE 4987 QUINTO BEC
17049,RUA DAS BANDEIRAS 761 MUTIRAO
1105614,RUA GETULIO VARGAS 68 CIDADE NOVA
514098,AVENIDA BR 317 66 BR 317
953761,RUA 15 DE NOVEMBRO 233 ALVORADA
1076623,RUA DO COMERCIO 1 9 MONTE DAS OLIVEIRAS
157569,RUA VITORIA REGIA 58 BAIRRO SAO BERNARDO
570485,RUA DOZE DE OUTUBRO 140 PLACAS
486962,RUA JOSE DE ALENCAR 7 CENTRO
63140,RUA PRESIDENTE PRUDENTE 3041 INDUSTRIAL
50572,RUA CATARINO CARDOSO 786 VISTA ALEGRE
689125,RUA AIRTON SENNA 191 WALDOMIRO SAMPAIO
628077,TRAVESSA JOELMA 1594 SANTA MARIA
22062,RUA JANDAIAS 1668 SETOR 02
917158,BECO DA PAZ 30 NOVA ESPERANCA
204340,AVENIDA BRASILIA 350 TUCUMANZAL
312099,RUA TREZE DE SETEMBRO 1017 AREAL
928987,BECO SAO LOURENCO 6 MONTE DAS OLIVEIRAS
54259,RUA JOAQUIM PINHEIRO FILHO 3487 VILLAGE DO SOL II
996627,RUA ARAPARIS 82 COROADO
238090,RUA CABO VERDE 47 TRES MARIAS
586353,RUA MANOEL RIBEIRO 40 BOA UNIAO
830023,AVENIDA GILBERTO MESTRINHO 1276 LIBERDADE
23462,RUA LIDIA JORGE 4030 BOM JESUS
512122,RUA GERALDO SARAIVA 410 AEROPORTO
554250,RUA ARI RODRIGUES 483 ABRAAO ALAB
784632,AVENIDA PURUS 72 SAO FRANCISCO
825263,RUA VINTE E DOIS DE OUTUBRO 1548 BAIRRO DA FONTE
321327,RUA MARECHAL DEODORO 2450 CENTRO
735377,RUA SANTA HELENA 70 SEBASTIAO BORGES
235912,RUA BIDU SAIAO 7005 APONIA
1116382,RUA IGARAPE DO 40 1100 DISTRITO INDUSTRIAL
55922,RUA LOURIVAL MARTINS VIEIRA 3838 TEIXEIRAO
1088598,RUA E 25 CIDADE NOVA
1016775,RUA BOA VIDA 290 COROADO
983806,RUA AIRTON SENNA 8 CIDADE NOVA
137931,RUA DAS PEDRAS 1740 JARDIM PRESIDENCIAL 3
118939,RUA MARECHAL RONDON 3541 SETOR 01
816469,AVENIDA SENADOR AMAZONINO MENDES 105 BAIRRO CHICO VIEIRA
694171,RIO RIO AUTAZ ACU 6 CURRUSA
337514,RUA JOSE VIDAL 2539 CENTRO
36551,RUA EQUADOR 3899 JARDIM AMERICA
286508,RUA MURICI 1211 ZONA SUL
696681,RUA FERNANDO DE ALENCAR FERNANDES 183 NOSSA SENHORA DE NAZARE
533383,RODOVIA 364 RAMAL APUI 49 RAMAL APUI
487747,RAMAL ANTONIO DAS TINTAS 900818 RURAL
403546,RUA ULISSES GUIMALHAES 4399 BAIRRO JARDIM AMERICA
248017,RUA DAS FLORES 514 B FLORESTA
527436,RUA PROJETADA 294 CENTO
885735,AVENIDA NEPAL 8 NOVA CIDADE
1053116,RUA CURITIBA 593 GILBERTO MESTRINHO
708421,AVENIDA CORONEL RAIMUNDO PEREIRA 1487 NOSSA SENHORA DE FATIMA
180762,AVENIDA INDUSTRIAL 276 BAIRRO INDUSTRIAL
715532,RUA TIAO LEITE 2 44 PRAIA DO GADO
54940,RUA JOSE DE ALENCAR 2372 NOVO HORIZONTE
712525,RUA BEIJA FLOR 236 PRAIA DO GADO
331540,RUA FONTE NELE 121 VILA PRINCESA
1105935,RUA GILBERTO MESTRINHO 64 TANCREDO NEVES
876728,AVENIDA H 64 CIDADE NOVA
763576,RUA SANTA ROSA 391 NOSSA SENHORA DE FATIMA
109737,RUA BELO HORIZONTE 3845 SETOR 5
828643,RIO ITUXI 6 ITUXI
646781,RUA HERMES ALVES BRASILEIRO 1004 NAIRE LEITE 2
1009054,RUA BAURU 141 COLONHA TERRA NOVA
862733,AVENIDA CENTRAL 21 LIRIO DO VALE
94501,AVENIDA ANTONIO LUIS DE MACEDO 3403 GUAJARA MIRIM
1079409,RUA DOIS 16 CIDADE NOVA
281508,RUA MANOEL LAURENTINO DE SOUZA 2365 PORTO VELHO
78969,LINHA SEGUNDA EIXO 13 SEGUNDA EIXO
959071,RUA 201 4 NOVA CIDADE
1018827,RUA BOM JESUS 748 ZUMBI DOS PALMARES
683987,RUA DA LAGOA 200 CENTRO
741332,BECO DA MANGUEIRA 135 SANTA HELENA
970733,RUA 5 358 ALVORADA
747054,RUA INDEPENDENCIA 258 CENTRO
970149,RUA 49A 115 AMAZONINO MENDES
643046,RAMAL DO BANANEIRA 33 RODRIGUES ALVES
512612,RUA MARIA RAIMUNDA CHAVES 180 LIBERDADE
1108319,RUA GUANABARA 12 LIRIO DO VALE
139243,RUA DOS COLEGIAIS 851 PARQUE SAO PEDRO
366125,AVENIDA LIRIO DO VALE 1611 JARDIM PRIMAVERA
547319,RUA 03 489 OBRA DO PAC
552963,RUA ANDIROBA 266 PORTAL DA AMAZONIA
185198,RUA JOANA DARC 2110 RONDOMINAS
207764,AVENIDA GETULIO VARGAS 3637 SAO JOAO BOSCO
661829,RUA ELCIAS C ALBUQUERQUE 250 AVELINO LEAL
430073,AVENIDA DOS IPES 2302 CENTRO
666351,RODOVIA BR 364 11 TAUARE
568686,RUA DO PASSEIO 745 TAQUARI
798764,RUA BEIJA FLOR 1810 DA PAZ
1151729,RUA MAGUARIBE 2 NOVO ALEIXO
880888,AVENIDA JOAQUIM NABUCO 1594 CENTRO
268976,RUA JANAINA 7374 IGARAPE
158297,RUA BARAO DO RIO BRANCO 1383 NOVA BRASILIA
742260,RUA 2 50 UNIAO
30630,RUA SANTA CATARINA 3310 SETOR 05
236086,RUA BOCA JUNIOR 868 FLORESTA
938855,BECO SAO MIGUEL 373 MORRO DA LIBERDADE
499717,RUA DO MURU 316 JOAO ALVES
380484,RUA OITOCENTOS E DEZESSEIS 6726 ALTO ALEGRE
743587,RUA CAMPOS OLIVEIRA 333 ITAMARATI
804979,RUA PENETRACAO TRES 23 JARDIM AMANDA
86496,RUA BAHIA 2672 CENTRO
900083,AVENIDA VINTE E DOIS 45 LIRIO DO VALE
1141642,RUA LABREA 331 GRANDE VITORIA
946382,RUA 06 31 CIDADE NOVA
285907,RUA MONTE AZUL 1901 ZONA SUL
322839,RUA PRESIDENTE GETULIO VARGAS 169 CENTRO
1136657,RUA JOSE LINDOSO 132 BELA VISTA
697482,RUA CORONEL SALGADO 186 CENTO
690040,RUA JEFERSON BRAGA 660 CIDADE NOVA
394709,AVENIDA DOM PEDRO I 731 JOAO FRANCISCO CLIMACO
171956,RUA PEDRO ALVARES CABRAL 3778 BAIRRO UNIAO
674282,RUA DOS COQUEIROS 471 VILA DO INCRA
492214,AVENIDA CINCO DE NOVEMBRO 1031 SABOEIRO
1126866,RUA JANAUACA 52 SAO JOSE
841191,RUA VIRGILIO BARROSO ALEXANDRE 1071 SAO JOSE
613158,RUA GENERAL VIEIRA DE MELO 267 ESPERANCA
709455,RUA PRESIDENTE JUCELINO KUBITSCHEK 171 CENTRO
586354,RUA MANOEL RIBEIRO 46 BAHIA NOVA
1133772,RUA JONATHAS PEDROSA 921 PRACA 14 DE JANEIRO
167705,AVENIDA GETULIO VARGAS 4144 BAIRRO BOM FUTURO
494362,AVENIDA VINTE E OITO DE SETEMBRO 792 BAIRRO ESCOLA TECNICA
504043,RUA SANTA CATARINA 1120 CRUZEIRAO
249219,RUA DO CALCARIO 4405 FLODOALDO PONTES PINTO
268825,RUA JAMARY 2210 PEDRINHAS
998945,RUA ARRUDA 99 JORGE TEIXEIRA JOAO PAULO
378581,RUA JOSE BONIFACIO 2312 SETOR ZICO OU 26
881650,AVENIDA L O 99 ALVORADA
737644,RAMAL PROJETO ASSENTAMENTO PANELAO 815 PROJETO DE ASSENTAMENTO PANELAO
701662,ESTRADA BC TOO2 1222 BOM JARDIM
371393,AVENIDA MAJOR AMARANTE 3791 CENTRO
23329,RUA LAJES 4528 SETOR 09
952945,RUA 15 25 NOVO ALEIXO
1022359,RUA BURITI 400 COLONHA FERRA NOVA
321351,RUA MARECHAL DEODORO 2581 CENTRO
382000,RUA QUINHENTOS E DEZ OU PAULO OKIMOTO 3434 JARDIM AMERICA
60570,RUA SOCRATES 1095 JARDIM BANDEIRANTES
654080,RUA JOAO MARCAL 351 CRISTO LIBERTADOR
18472,RUA ESPANHA 3147 JARDIM EUROPA
828723,RIO PURUIS 3 ALDEIA SANTA RITA
465286,AVENIDA PROFESSORA FLOSINA LOPES NOVAIS 1251 CENTRO
221236,RUA ABUNA 108 ROQUE
666382,RODOVIA BR 364 38 TAUARE
933192,BECO DUQUE DE CAXIAS 3 PRACA 14 DE JANEIRO
292985,RUA PERCY HOLDER 4034 CIDADE DO LOBO
365699,AVENIDA LEOPOLDO PERES 4128 CENTRO
653853,RUA HERMAN0 ALVES DA COSTA 29 CRISTO LIBERTADOR
221723,RUA AFONSO PENA 249 CENTRO
462576,LINHA 112 2 SERTOR RURAL
354914,RUA RIO VERDE 4797 CENTRO
10747,AVENIDA VIMBERE 2243 SETOR 4
286811,RUA NEUSA 7436 IGARAPE
1025795,RUA CACHOEIRA ALTA 103 TARUMA
396594,AVENIDA INDEPENDENCIA 5195 CENTRO
424050,LINHA C 18 22 LINHA C 18
26262,RUA NATAL 2816 SETOR 3
874727,AVENIDA FRANCISCO QUEIROZ 110 COLONIA SANTO ANTONIO
821963,AVENIDA GETULIO VARGAS 624 CENTRO
679646,RUA NOVA ITALIA 83 IGARAPE ACURUI
939536,BECO SAO SEBASTIAO 66 COMPENSA
150807,RUA PLACIDO DE CASTRO 2365 CAFEZINHO
977931,RUA A CINCO 2 CONJ FLAMBOYANT AGUAS CLARAS
440468,RUA GOIANIA 1820 CENTRO
495146,ESTRADA DO AEROPORTO 12 RESIDENCIAL SAO SALVADOR
616804,RUA SANTA RITA 452 PALHEIRAL
1059594,RUA DA PAZ 235 TARUMA
881111,AVENIDA JORGE BIVAQUA CONHECIDA COMO POLIVALENTE 42 JAPIIM
815256,RUA CARLOS AMORIM 528 SAO TOME
91368,RUA WALTER GARCIA 4102 JORGE TEIXEIRA
495755,ESTRADA VELHA DO AEROPORTO 164 CRUZEIRO DO SUL
770043,AVENIDA JUVENAL DE PAULA CASTRO 1023 GUAJARA
924312,BECO NONATO 2370 CACHOEIRINHA
218306,ESTRADA DE FERRO MADEIRA MAMORE 2930 TRIANGULO
610019,RUA VITAL BRASIL 140 ESTACAO EXPERIMENTAL
177308,RUA GETULIO VARGAS 5570 SETOR 15
1127038,RUA JANAUBA 10 JORGE TEIXEIRA
34483,TRAVESSA CODORNA 3791 SETOR 2
335099,AVENIDA NATALINO R. JAVARINI 1286 VILA BANDEIRA BRANCA
513537,RUA DOM JULIO MATIOLLI 215 LIBERDADE
1041745,RUA CINCO DE JUNHO 76 COROADO
11045,AVENIDA CAPITAO SILVIO 5303 AREAS ESPECIAIS
1047198,RUA CONSTITUINTE 43 SANTA ETELVINA
232485,RUA ATAUFO ALVES 8618 PORTO VELHO
850062,ACESSO 3 19 PETROPOLIS
153568,RUA SEIS DE MAIO 482 URUPA
494827,AVENIDA DESEMBARGADOR TAVORA 1772 VARZIA
672089,RAMAL DO MEIO 252 PROJETO TOCANTINS
726455,RUA FLORIANO PEIXOTO 1446 CANUTAMA
1059879,RUA DA PAZ 413 COMPENSA 1
342210,AVENIDA CAMPO GRANDE 3817 CENTENARIO
1068169,RUA DELFIM DE SOUZA 766 BAIRRO PETROPOLIS
502735,RUA NEWTON PRADO 694 JOAO ALVES
1124558,RUA J B SILVA 23 CRESPO
340664,LINHA C 100 PROJETO BURAREIRO 56 LINHA C 100 PROJETO BURAREIRO
491860,AVENIDA 25 DE AGOSTO 4431 AEROPORTO VELHO
642456,PROJETO BOM VENTO 49 BACURI
805906,RUA RONDONIA 219 SAO FRANCISCO
230583,RUA APIS 1344 NOVA FLORESTA
6200,LINHA 47 5 8 ZONA RURAL
828204,RAMAL LINHA 2 7 P A MONTE 1
607098,RUA TREZE DE MAIO 1270 BOA UNIAO
1061699,RUA DAMASCO 145 GILBERTO MESTRINHO
1139248,RUA JURITI 108 CAMPOS SALES
892122,AVENIDA RIO ITANNANA 103 NOSSA SENHORA DAS GRACAS
489599,RUA JOAO SOMBRA 1805 CENTRO
979629,RUA ABGUAR BASTOS 63 AMAZONINO MENDES II
224183,RUA ALEXANDRE GUIMARAES 10187 ZONA LESTE
907943,AVENIDA SAO MARCOS 13 NOVO ISRAEL
1092673,RUA ERICO VERISSIMO ANTIGA L4 543 NOVA REPUBLICA
450154,AVENIDA CORONEL JORGE TEIXEIRA 2501 CENTRO
876710,AVENIDA H 37 CIDADE NOVA
792536,RAMAL DO ARIAUZINHO 1 RAMAL DO ARIALZINHO
483909,RUA MARIA ESTER DE OLIVEIRA 210 BAIRRO ELDOURADO
649658,RAMAL BONAL 70 BONAL
803231,RUA JUTAI 3446 SAO FRANCISCO
367895,AVENIDA ROSA DE SAROM OU 1711 2353 JARDIM PRIMAVERA
1034288,RUA CATULO DA PAIXAO ANTIGA RUA G QUATRO 202 NOVA REPUBLICA
383259,RUA SEISCENTOS E VINTE E SEIS 6958 NOVA VILHENA
738197,RODOVIA BR 319 76 BR 319
546350,RAMAL MOREIRA 1997 SANTA MARIA
528705,RUA ALZIRA PEREIRA 191 MULTIRAO II
1015268,RUA BERNARDO CABRAL 688 TANCREDO NEVES
901322,AVENIDA DESEMBARGADOR FELISMINO SOARES 152 COROADO
575817,RUA GILBERTO COREIA LIMA 382 BAIRRO BELO JARDIM 2 RESIDENCIAL SANTO
654513,RUA LUZIA COSTA FIGUEREDO 201 ELGENIO ALGUSTO AREAL
734122,RUA JACAMIM 4 BAIRR NOVO
27455,RUA PEDRO NAVA 3112 SETOR 06
529577,RUA FRANCISCO M. DOS SANTOS 735 TAUMARTUGO
976178,RUA A 2 PARQUE 10 DE NOVEMBRO
1105162,RUA GEISILENE FERREIRA 20 SANTA ETELVINA
543588,ESTRADA DA SOBRAL 2267 AIRTON SENA
829552,AVENIDA DA CORRENTEZA 2074 CORRENTEZA
440431,RUA GETULIO VARGAS 1874 CENTRO
235769,RUA BIDU SAIAO 6132 PORTO VELHO
124100,AVENIDA BRASIL 2800 NOVA BRASILIA
947817,RUA 1 57 ARMANDO MENDES
220804,RUA ABILIO NASCIMENTO 4469 CALADINHO
914578,BECO CAMPO DO CASTANHAL 8 NOVA ESPERANCA
992743,RUA ANDIRA 72 JAPIIM
726794,RUA LUCAS DE AMORIM 1056 CANUTAMA
752605,COMUNIDADE VISTA ALEGRE 2 VISTA ALEGRE
275302,RUA JOSE OROGO 4881 AGENOR M DE CARVALHO
166281,AVENIDA BRASIL 3469 CENTRO
563044,RUA DA ABELHA 654 CONQUISTA
353324,RUA JAGUARIBE 5113 CENTRO
267773,RUA IZAQUE MARTINS 240 CENTRO
383689,RUA SESSENTA E CINCO 6 JARDIM ELDORADO
956410,RUA 180 45 NOVO ALEIXO
737467,RAMAL DO PEDRA 5000 RAMAL DO 14 DA RODOVIA AM 254
968054,RUA 4 DE JULHO 259 SANTA ETELVINA
722975,RIO MAPIA 13 ALDEIA INDIGENA MAPIA
1004342,RUA B 373 JORGE TEIXEIRA SANTA INES
831996,ESTRADA MADEIRAL 292 None
717105,RIO ACRE 41 RIO ACRE PIRA PORA
119209,RUA PADRE CHIQUINHO 4053 SETOR 02
1077090,RUA DO CUMARU 20 SANTA LUZIA
11150,AVENIDA PRESIDENTE JUSCELINO KUBTSCHEK 2352 SETOR 4
139052,RUA DOS CAJUEIROS 35 URUPA
1059830,RUA DA PAZ 386 NOVA ESPERANCA
1058978,RUA DA PAZ 53 COLONIA ANTONIO ALEIXO
114008,RUA MINERVINO VIANA 2386 SETOR 4
297640,RUA QUINTINO BOCAIUVA 3196 PORTO VELHO
222649,RUA ALECRIM 5434 ZONA SUL
87855,RUA GOIAS 2717 BAIRRO LIBERDADE
122464,RUA SETE DE SETEMBRO 3035 JARDIM NOVO ESTADO
566728,RUA DEZ DE NOVEMBRO 713 BOA UNIAO
317863,RUA ALMIRANTE BARROSO 1713 NOSSA SENHORA DAS GRACAS
136311,RUA CRUZEIRO DO SUL 1605 SAO PEDRO
996714,RUA ARARA 75 C NOVA
844704,COMUNIDADE NOSSA SENHORA PERPETO SOCORRO 14 PARANA DO IAUARA
545296,ESTRADA SAO FRANCISCO 1558 SAO FRANCISCO
953179,RUA 15 206 ALVORADA
1114071,RUA HUMBERTO DE CAMPOS 242 SAO JORGE
51076,RUA DELMIRO JOAO DA SILVA 1799 JARDIM CLODOALDO
789819,RUA PRINCIPAL 345 CACAU PIRERA
884561,AVENIDA MAUES 702 CACHOEIRINHA
26727,RUA PAINEIRA 1722 SETOR 01
179035,LINHA 11O SUL 4 ZONA RURAL
460052,LINHA 1O 64 LINHA 1O
298921,RUA RAMIRO COSTA 5063 AGENOR M DE CARVALHO
850333,ALAMEDA A 102 LAGO AZUL
530562,RUA KAXINAWAS 320 CAMPINAS
373855,RUA 349 A OU TRAVESSA 349 A 461 VILA OPERARIA
239212,RUA CANAA 2919 NACIONAL
396401,AVENIDA CURITIBA 1367 CENTRO
572253,RUA ESTACIO DE SA 201 BAHIA NOVA
1030520,RUA CARDINAIS 80 COLONIA TERRA NOVA
1012519,RUA BELMIRO COSTA 31 SAO RAIMUNDO
952126,RUA 140 11 NOVA CIDADE
567068,RUA DO ABACAXI 243 RUA DO ABACAXI
50438,RUA CASTANHEIRA 1498 BAIRRO SANTO ANTONIO
690703,RUA MATHIAS FERREIRA LIMA 421 BAIRRO DE OLINDA
267752,RUA IZAQUE MARTINS 77 CENTRO
233472,RUA BARAO DE IPANEMA 13 PEDRINHAS
480589,AVENIDA MANOEL MARINHO MONTE 1879 ALBERTO CASTRO
99008,AVENIDA MADEIRA MAMORE 3181 CAETANO
113033,RUA MANOEL RIBEIRO MENDES 2624 SETOR 04
776236,RUA JAMARI 2545 NOVA ESPERANCA
1014749,RUA BENTO BRASIL 297 PETROPOLIS
142611,RUA IDELFONSO DA SILVA 1882 NOVA BRASILIA
696133,RUA ANAUALI 76 SAO FRANCISCO
785201,ESTRADA CARLOS BRAGA 106 NOVO AMANHECER
740360,COMUNIDADE SAO SEBASTIAO 11 LAGO DO ITA
1100401,RUA FORTALEZA 21 CIDADE DE DEUS
1135747,RUA JOSE DO PATROCINIO 137 DOM PEDRO I
529997,RUA JERONIMO DE BRITO 785 OLARIA
1081640,RUA DOIS 1119 CIDADE DE DEUS
775748,RUA FRANCISCO COELHO NETO 1475 NOVA HUMAITA
782376,RUA JOAO HERCULANO NETO 174 IPIXUNA
1061873,RUA DANIEL SEVALHO 200 RAIZ
555297,RUA BAIXA VERDE 55 BAIRRO CIDADE NOVA
144169,RUA JOAQUIM FRANCISCO DE OLIVEIRA 255 JK
63048,RUA PRESIDENTE MEDICI 1687 JARDIM CLODOALDO
252574,RUA ELIAS GORAYAB 2331 LIBERDADE
241989,RUA CENTRO OESTE 5787 CASTANHEIRA
873616,AVENIDA F 2 ALVORADA
842090,RUA CORONEL MADEIRA 715 APARECIDA
529160,RUA DOMINGOS GALDINO 123 CENTRO
314466,RUA VENANCIO AIRES 2368 MARIANA
517025,RUA JUSCELINO KUBTSCHEK 189 CENTRO
717676,RIO PURUS 24 PORTO ALEGRE
668361,RUA JOSE SOARES 209 LARANJAL
435853,RUA PICA PAU 2591 SETOR 07
45907,AVENIDA SETE DE SETEMBRO 2099 CENTRO
152743,RUA RIO TAPAJOS 667 DOM BOSCO
463536,RUA LUIZ BORGES 1275 CENTRO
174241,LINHA LU 5 28 MACHADINHO DO OETE
500158,RUA DO PURUS 260 JOAO ALVES
402542,RUA TIRADENTES 3498 CENTRO
1116541,RUA IGARAPE DO QUARENTA 320 DISTRITO INDUSTRIAL 1
1114495,RUA I 10 SAO JOSE OPERARIO
1096988,RUA F 115 VILA MILITAR DA MARINHA BURITI
273400,RUA JOSE AMADOR DOS REIS 1595 CASCALHEIRA
576950,RUA HELIO MELO 159 NOVA ESPERANCA
41199,AVENIDA COPACABANA 300 NOVO CACOAL
20483,RUA GRACILIANO RAMOS 3777 SETOR 06
621330,TRAVESSA ANA MARIA 79 DOCA FURTADO
957244,RUA 19 397 CIDADE NOVA
113311,RUA MARANHAO 3555 ST 06
457417,RUA CHICO MENDES 4245 CIDADE ALTA
183463,RUA DAS FLORES 110 JARDIM AEROPORTO
566163,RUA DAS SERINGUEIRAS 730 PORTAL DA AMAZONIA
426038,RUA CASTELO BRANCO 700 BAIRRO UNIAO
239607,RUA CANTO GRANDE 6040 PORTO VELHO
354956,RUA RIO VERDE 5339 CENTRO
584533,RUA LUIS Z DA SILVA 78 MANOEL JULIAO
993485,RUA ANGELIM 101 SANTA ETELLVINA
896472,AVENIDA TARUMA 283 CENTRO
498625,RUA DE SERGIPE 1091 TELEGRAFO
478305,RAMAL LINHA 5 33 ORION
1121623,RUA ITACOATIARA 79 SAO JOSE OPERARIO
347372,AVENIDA PORTO VELHO 6033 SAO CRISTOVAO
358678,RUA EMILIO GARRASTAZU MEDICI 3305 None
1012113,RUA BELFORD ROXO 690 JORGE TEIXEIRA 4 ETP
309097,RUA TARCIA ABREU 7518 PORTO VELHO
917089,BECO DA PAZ 16 CRESPO
675644,RUA 1 DE MAIO 73 CENTRO
728176,PROJETO SAO FRANCISC0 LINHA 2 50 SITIO NOVA ALIANCA
625250,TRAVESSA DO DIVISOR 76 ELDORADO
589488,RUA MINAS GERAIS 215 IVETE VARGAS
1004652,RUA B 28 3 ALVORADA
773953,RUA CINCO 1279 SAO DOMINGOS SAVIO
124299,AVENIDA DAS SERINGUEIRAS 1125 CAFEZINHO
318444,RUA BARAO DO RIO BRANCO 6565 ABUNA
790954,RUA DEPUTADO ARTUR VIRGILIO NETO 17 MORADA DO SOL
736867,LAGO SAMAUMA 25 SAMAUMA
317637,RUA ZONA FRANCA 2074 ZONA SUL
611512,RUA ZILMA LIMA ALBUQUERQUE 36 VILA ACRE
266724,RUA ISRAEL 604 NACIONAL
755742,VILA DOM BOSCO 5 CODAJAS MIRIM
755326,RIO SOLIMOES 82 LAURO SODRE
959294,RUA 205 10 NOVA CIDADE
764809,ESTRADA MARIANO 275 SANTA RITA DE CASIA
922486,BECO KIMURA 4 JAPIIM
1114401,RUA I 4 FLORES
83272,AVENIDA 21 DE ABRIL 9124 SAO DOMINGOS
481177,CAMINHO SEM DENOMINACAO 1112 BAIRRO LEONARDO BARBOSA
476514,RUA SEBASTIAO BOCALON R JUNIOR 622 ACRELANDIA
840641,RUA TAPAJOS 749 SAO FRANCISCO
597357,RUA Q 180 WILSSON RIBEIRO
187569,RUA PARANA 265 BAIRRO JARDIM NOVO ESTADO
246887,RUA DA PRATA 3557 FLODOALDO PONTES PINTO
1100071,RUA FONTE BOA 254 GRANDE VITORIA
795682,BECO AQUILINO BARROS 3055 ARAUJO COSTA
370480,AVENIDA BARAO DO RIO BRANCO 2290 CENTRO
48499,RUA ANITA GARIBALDI 2086 BAIRRO FLORESTA
505850,TRAVESSA CARLOS O. DE FARIAS 1198 CRUZEIRAO
266220,RUA INDAIA 2126 LAGOINHA
519945,RIO ENVIRA 7 ALDEIA LIMOEIRO
438451,RUA SUCUPIRA 1999 CENTRO
646915,RUA JAMIL BESTENE 1918 NAIRE LEITE 2
789355,RUA MURICI 7 BAIRRO BARRO ALTO
484720,RUA TUFIC MIZAEL SAAD 141 CENTRO
165370,LINHA QUINTA 79 LINHA QUARTINHA
242407,RUA CHICO MENDES 2054 SAO FRANCISCO
709256,RUA CORONEL BENTO BARROSO 306 CENTRO
965248,RUA 3 18 COROADO
690353,RUA JULIO LOBO 145 BAIRRO NOSSA SENHORA APARECIDA
150793,RUA PLACIDO DE CASTRO 1783 SAO PEDRO
194085,AVENIDA FORTALEZA 814 NOVA PIMENTA
933043,BECO CORONEL SALGADO 58 GLORIA
920140,BECO FLORES 15 ALVORADA
497808,RUA DE ALAGOAS 880 TELEGRAFO
532854,RAMAL EPITACIO 32 COMUNIDADE SAO VICENTE
214816,AVENIDA SETE DE SETEMBRO 7118 CUNIA
297893,RUA RAFAEL VAZ E SILVA 884 ROQUE
1077340,RUA DO LIMAO 87 SAO JOSE OPERARIO
701335,BECO MONTE DA REDENCAO 2474 BOM JARDIM
927520,BECO SANTA LUCIA 11 SAO LAZARO
500968,RUA FELIX GASPAR 1239 JOAO ALVES
1130507,RUA JESUS DE NAZARE 138 COLONIA TERRA NOVA
198452,RUA CASTRO ALVES 397 SERINGAL
824616,RUA LUIZ FALCAO 2606 BARRA LIMPA
236303,RUA BOLONHA 5532 CIDADE NOVA
343799,AVENIDA FORTALEZA 5477 CENTRO
684067,RUA DA MORENA 808 CENTRO
218123,ESTRADA DE FERRO MADEIRA MAMORE 1211 TRIANGULO
598165,RUA RADIO FAROL 258 SOBRAL
1025519,RUA CACAU PEREIRA 252 SAO JOSE OPERARIO
83504,AVENIDA DEPUTADO CARLOS MAGALHAES 8878 SETOR 0009
506620,TRAVESSA RAIMUNDO LUIZ DE SOUZA 169 COHAB
653102,RUA AURINDO BRITO 225 VITORIA
573351,RUA FLAMINGO 96 PLACAS
329679,RUA 40 16 NOVA MUTUM
307817,RUA TABAJARA 2069 SAO JOAO BOSCO
521464,RAMAL DO FEIJAO INSOCO 100 BAIRRO SAO FRANCISCO
916833,BECO DA PACIENCIA 12 EDUCANDOS
979208,RUA A13 177 ALVORADA
590484,RUA N DOIS 23 TUCUMA II
365259,AVENIDA JOSE DO PATROCINIO 4357 CENTRO
484569,RUA RAIMUNDO DO ACACIO DE SOUZA 81 MARCOS GALVAO
588711,RUA MAURI SERGIO 88 ADALBERTO ARAGAO
230603,RUA APOGI 10715 MARCOS FREIRE
929938,BECO SD 2 82 CIDADE NOVA
356062,RUA Z 811 BAIRRO CIDADE ALTA
83088,TRAVESSA NOVE 1667 SETOR 0006
1100139,RUA FORMOSA 47 FLORES
68528,AVENIDA INTEGRACAO NACIONAL 1440 CENTRO
588505,RUA MARTINIANO 91 AVIARIO
320113,RUA DUQUE DE CAXIAS 755 CAIARI
746539,RUA GONCALVES LEDO 367 CENTRO
290564,RUA PARANA 1274 NOVA PORTO VELHO
1053223,RUA CURUAI 31 CIDADE DE DEUS
1063465,RUA DAS CAMELIAS 149 JORGE TEIXEIRA 1 ETAPA
662184,RUA FLORIANO PEIXOTO 243 CENTRO
847868,RUA HELIO VERAS 264 CENTRO
1044480,RUA CINQUENTA E TRES 23 CIDADE NOVA
294934,RUA PITANGUEIRA 6701 CASTANHEIRA
129506,RUA AMAZONAS 1130 PRIMAVERA
274167,RUA JOSE CAMACHO 2115 SAO JOAO BOSCO
979565,RUA ABEL 70 CIDADE NOVA
121153,LINHA 632 50 None
924482,BECO NOVA JERUSALEM 23 JORGE TEIXEIRA 4 ETAPA
1096315,RUA F 8 TARUMA PONTA NEGRA RESIDENCIAL 1
344634,AVENIDA MACAPA 3620 JARDIM TROPICAL
495108,ENTRADA SAO JOSE 820 PROXIMO LIXAO
345859,AVENIDA NATAL 4673 CENTRO
268953,RUA JANAINA 7244 IGARAPE
439593,RUA CEDRO 7217 GOV JORGE TEIXEIRA
1088027,RUA E 4 PARQUE 10 DE NOVEMBRO
132552,RUA CAETANO COSTA 127 URUPA
965318,RUA 3 30 CIDADE NOVA
435615,RUA PAPAGAIO 1984 SETOR 05
625654,TRAVESSA DOVAL CAMILO 188 AREAL
670120,RUA EQUADOR 1 SERINGAL
329731,RUA 41 B 8 N0VA MUTUM
920716,BECO GUARIUBA 36 MONTE DAS OLIVEIRAS
55521,RUA JOSE TOMAZ DE AQUINO 3915 JOSINO BRITO
320542,RUA GOVERNADOR ARI MARCOS 1280 AGENOR M DE CARVALHO
1035113,RUA CELETRA QUATRO 28 ADRIANOPOLIS
54427,RUA JOAQUIM TURINI 4071 JOSINO BRITO
977667,RUA A 14 155 ALVORADA
1080144,RUA DOIS 50 CIDADE NOVA
1149282,RUA LUIZ VEZON 20 ZUMBI DOS PALMARES
218366,ESTRADA DO BELMONT 1999 NACIONAL
286825,RUA NEUSA 7609 TEIXEIRAO
1117691,RUA INACIO GUIMARAES 293 EDUCANDOS
726460,RUA GETULIO VARGAS 11 CANUTAMA
862438,AVENIDA CARVALHO LEAL 723 CACHOEIRINHA
997468,RUA AREAL 1180 TARUMA COMUNIDADE SAO PEDRO
335825,AVENIDA TIRADENTES 1821 CENTRO
211931,AVENIDA RAIMUNDO CANTUARIA 4441 AGENOR M DE CARVALHO
1040747,RUA CINCO 242 RAIZ
591274,RUA NETUNO 279 MORADADO SOL
183683,RUA DOS MIGRANTES 281 BELA FLORESTA
359405,AVENIDA SENADOR OLAVO PIRES 2426 CENTRO
834751,RUA CODAJAS 84 UNIAO
673627,RUA AUREA DE ANDRADE 100 AGROVILA
8660,AVENIDA JAMARI 2081 SETOR 01
998792,RUA ARNICA 104 JORGE TEIXEIRA
417753,RUA REBERT DE SOUZA 102 RURAL
494133,AVENIDA VINTE E CINCO DE AGOSTO 32 25 DE AGOSTO
586684,RUA MARANHAO 118 BOSQUE
577190,RUA HIDALGO LIMA 140 06 DE AGOSTO
250520,RUA DOIS 110 TRES MARIAS
599331,RUA RIO DE JANEIRO 251 TANCREDO NEVES
353679,RUA JAMARI 5682 SAO CRISTOVAO
96361,AVENIDA COSTA MARQUES 1454 TRIANGULO
509921,RUA CITURAO VERDE 35 CITURAO VERDE
1035022,RUA CEDRO 250 COLONHA TERRA NOVA
98021,AVENIDA JOSE CARLOS NERY 3640 GUAJARA MIRIM
1001448,RUA AURORA 7 NOVO ALEIXO
975736,RUA 9 213 AMAZONINO MENDES
967761,RUA 4 164 JORGE TEIXEIRA MONTE SIAO
1090768,RUA EG 280 ALEIXO
81684,AVENIDA DOIS DE NOVEMBRO 2417 SETOR 0004
499971,RUA DO PARA 1251 TELEGRAFO
41505,AVENIDA CUIABA 2854 JARDIM CLODOALDO
1008132,RUA BARREIRINHA 861 GILBERTO MESTRINHO
417837,RUA TIRADENTES 39 SETOR 8
551664,RUA ALMINO ALVES 105 ESPERANCA
671023,RUA TANCREDO NEVES 1 1441 PORTO ACRE
157464,RUA VISTA ALEGRE 1146 JARDIM PRESIDENCIAL
778931,RUA PADRE VERSON 2253 SAO SEBASTIAO
823352,RUA DOMINGOS PINHEIRO 1157 PANTANAL
503960,RUA RUI BARBOSA 796 VARZEA
1090536,RUA EDUARDO RIBEIRO 255 CHAPADA
131122,RUA B 373 MARIO ANDREAZZA
461127,AVENIDA DOS PIONEIROS 929 JARDIM DAS AMERICAS
571811,RUA EPAMINONDAS JACOME 2080 CADEIA VELHA
427896,RUA TRANSCONTINENTAL 163 BAIRRO UNIAO
516104,RUA BURITI 1338 ZENAIDE PAIVA
75412,RUA ACACIA 3016 MINAS GERAIS
776039,RUA GETULIO VARGAS 341 CENTRO
147829,RUA MARINGA 2795 NOSSA SENHORA DE FATIMA
1016225,RUA BOA ESPERANCA 140 VILA DA PRATA
239737,RUA CAPEBA 2792 ZONA SUL
392486,AVENIDA ANTONIO LUIZ DE MACEDO 6775 PLANALTO
154281,RUA SENA MADUREIRA 3641 JORGE TEIXEIRA
199876,RUA LOBO DALMADA 70 PIONEIROS
1065385,RUA DAS MANGUEIRAS 100 SANTA ITELVINA
308865,RUA TANCREDO NEVES 4575 CALADINHO
81645,AVENIDA DEZESSEIS DE JUNHO 2001 SETOR 0002
1004,AVENIDA BRASIL 4228 CENTRO
401928,AVENIDA TANCREDO DE ALMEIDA NEVES 3407 CENTRO
913094,BECO BOM JESUS 11 ZUMBI DOS PALMARES
621655,TRAVESSA BAGUARI 127 TAQUARI
650055,RAMAL GADELHA 102 None
1107101,RUA GOIANIA 2019 TARUMA
881986,AVENIDA LEOPOLDO PERES 430 EDUCANDOS
140689,RUA FLORES 490 DOIS DE ABRIL
723250,RIO MARIMARI 23 VILA BATISTA
654759,RUA MARANHAO 8 CRISTO LIBERTADOR
637890,RAMAL RAMAL UGA 243 RAMAL B
518402,TRAVESSA FRANCISCO FERREIRA BRAGA 371 ESPERANCA
1123893,RUA J 5 FLORES
912916,BECO BOA SORTE 4 317 PRESIDENTE VARGAS
572677,RUA F FERREIRA 262 SAO FRANCISCO
430007,AVENIDA DAS OLIVEIRAS 2160 CENTRO
821160,RUA SAO JOSE 99 CENTRO
537346,AVENIDA CEARA 2372 CENTRO
538415,AVENIDA FLAVIANO MELO 499 TANCREDO NEVES
1121813,RUA ITACOLOMI 13 ARMANDO MENDES
464834,AVENIDA DOS PIONEIROS 2539 CENTRO
955518,RUA 17 318 ALVORADA
1048445,RUA CORONEL TEIXEIRA AGORA CHAMADA JOAO CAMARA PEREIRA 36 NOVO ALEIXO
851116,ALAMEDA CHINA 131 PONTA NEGRA
466824,TRAVESSAO C 8 6 RURAL
1017073,RUA BOA VISTA 8 VILA DA PRATA
701821,RUA 19 DE ABRIL 262 ALDEIA INDIGENA PORTO CORDEIRINHO
403274,LINHA P 40 42 LINHA P40
244184,RUA CONSTELACAO 10331 MARIANA
414824,RUA SAO FRANCISCO DO GUAPORE 1826 SETOR 6
670634,RUA DA CASTANHEIRA 220 PORTO ACRE
960659,RUA 215 27 NOVA CIDADE
741200,BECO AGAMENON 70 URUCU
112138,RUA JOAO DE ALBUQUERQUE 2109 SETOR 01
368196,AVENIDA SABINO BEZERRA DE QUEIROZ 4344 JARDIM AMERICA
368849,AVENIDA TANCREDO NEVES 5242 BAIRRO JARDIM ELDORADO
63781,RUA SAO LUIZ 773 BAIRRO PRINCESA ISABEL
993005,RUA ANDORINHA 119 TARUMA ACU
209559,AVENIDA JOSE VIEIRA CAULA 7051 TEIXEIRAO
512597,RUA MARIA RAIMUNDA CHAVES 91 LIBERDADE
712300,RUA 24 25 PLATO DO PIQUIA
671161,AVENIDA CENTRAL 8 AGROVILA
654954,RUA MARANHAO 1667 CSU
494476,AVENIDA CORONEL MANCIO LIMA 261 BAIRRO JOAO ALVES
636280,RAMAL BELO JARDIN 69 BELO JARDIN
94648,AVENIDA ANTONIO LUIZ DE MACEDO 2558 GUAJARA MIRIM
612012,RUA CORONEL BRANDAO 3580 BOSQUE
747190,RUA JHONATAS PEDROSA 31 SANTA EFIGENIA
999733,RUA ARTUR REIS 307 SANTO ANTONIO
508246,RAMAL AGROVILA 1151 None
925194,BECO PARA 351 DISTRITO 1 E 2
768057,RUA BURITI 180 MAE CREUZA
447629,AVENIDA CURITIBA 670 JARDIM VERDE VIDA
473931,LINHA 202 FINAL 40 ESQUINA LH 153
915196,BECO CELESTINO 23 CACHOEIRINHA
959764,RUA 21 4 CIDADE NOVA
1136493,RUA JOSE FRANCISCO 297 TANCREDO NEVES
155335,RUA TEREZINA 2106 NOVA BRASILIA
777040,RUA NORDESTINA 1794 SAO CRISTOVAO
211240,AVENIDA PINHEIRO MACHADO 6885 IGARAPE
892729,AVENIDA RIO MADEIRA 1225 NOSSA SENHORA DAS GRACAS
821940,AVENIDA GETULIO VARGAS 488 CENTRO
1020660,RUA BRASIL 73 DISTRITO INDUSTRIAL
765359,RUA JOAO CONRADO 169 NOVA ESPERANCA
1015009,RUA BERNADO CABRAL 228 COROADO
548696,RUA 25 DE DEZEMBR0 558 FLORESTA
949440,RUA 11 40 CIDADE NOVA
921303,BECO IPIRANGA 79 RAIZ
132637,RUA CAFE FILHO 287 SAO PEDRO
385476,RUA V QUATRO 3 COHAB
418847,AVENIDA 25 DE AGOSTO 3209 None
318358,RUA BARAO DO RIO BRANCO 556 ABUNA
886744,AVENIDA O 24 ALVORADA
532566,RAMAL DO NECO 50 COLOCACAO PEDRA MOLE
936743,BECO SAO JOAO 104 SANTO AGOSTINHO
108227,AVENIDA PADRE ADOLPHO ROHL 2449 SETOR 01
1083256,RUA DOS BARES 17 COLONIA SANTO ANTONIO
1136686,RUA JOSE LINDOSO 261 BELA VISTA
929120,BECO SAO LUIS 43 SAO LAZARO
778697,RUA PADRE ANCHIETA 2672 SAO SEBASTIAO
453505,AVENIDA JORGE TEIXEIRA 3880 CENTRO
393056,AVENIDA DESIDERIO DOMINGOS LOPES 3778 CENTRO
435325,RUA JACAMIM 1940 SETOR 01
717402,RIO PURUS 6 RIO PURUS
734372,RUA MARGARIDA 281 NOVO HORIZONTE
198234,RUA CARLOS GOMES 618 VILA NOVA
36540,RUA EQUADOR 1826 JARDIM AMERICA
738926,RUA SAO JOSE 230 PURUPURU
297761,RUA QUIRINO CAMPOFIORITO 3698 ZONA LESTE
394465,AVENIDA SEBASTIAO JOAO CLIMACO 6699 CENTRO
384148,RUA SETECENTOS E TRINTA E SEIS 2332 CRISTO REI
354774,RUA RIO MADEIRA 6955 BOA ESPERANCA
955485,RUA 17 295 ALVORADA
772293,AVENIDA TRANSAMAZONICA 1088 SAO DOMINGOS SAVIO
404709,RUA BOM FUTURO 3358 CENTRO
349984,AVENIDA CORONEL TEIXEIRA 5083 BOA ESPERANCA
712706,RUA BL 11 936 PLATO DO PIQUIA
725042,RUA TEMISTOCLES MORAIS 550 SANTO ANTONIO
373153,RUA 2207 6045 ALTO ALEGRE OU SETOR 22
567239,RUA DO AREIAL 786 AREAL
1061763,RUA DANANE 8 JORGE TEIXEIRA 2 ETAPA
265634,RUA IDALVA FRAGA MOREIRA 4638 ESCOLA DE POLICIA
417549,RUA FLORIANO PEIXOTO 2311 SETOR 8
613904,RUA MARECHAL DEODORO 231 CENTRO
365608,AVENIDA LEOPOLDO PERES 3078 CENTRO
687028,RUA ANTONIO DE SOUZA BRAGA 891 CENTRO
1053313,RUA CURUAI 1140 CIDADE DE DEUS
608055,RUA VALDOMIRO LOPES 598 CONQUISTA
401005,RODOVIA 429 429 ZONA RURAL
338186,RUA PARANA 2796 CENTRO
575759,RUA GERALDO MESQUITA 346 ESTACAO EXPERIMENTAL
374756,RUA ABELARDO A. POMPERMAYER OU 521 271 JARDIM AMERICA
99090,AVENIDA MANOEL MURTINHO 211 CRISTO REY
102201,AVENIDA TOUFIC MELHEN ABICHABIK 5220 JARDIM DAS ESMERALDAS
1010783,RUA BELA VISTA 40 REDENCAO
227792,RUA ANGELA VIEIRA 7600 TANCREDO NEVES
327081,LINHA DOIS 83 RIO PARDO
796782,RUA ABDON MAMED 1752 SANTO ANTONIO
901100,AVENIDA BRIGADEIRO HILARIO GURJAO 2513 JORGE TEIXEIRA 4 ETAPA
258327,RUA FRANCISCO BRAGA 5801 IGARAPE
1133417,RUA JOAQUIM TANAJURA 678 SAO FRANCISCO
352227,RUA CORUMBIARA 5853 BEIRA RIO
334845,AVENIDA JOSIMAR PINHEIRO DE CASTRO 751 ESTRELA DE RONDONIA
17933,RUA DO SABIA 1198 SETOR 2
285318,RUA MINAS GERAIS 1820 NOVA FLORESTA
1020861,RUA BRASIL 140 SAO LAZARO
1054285,RUA D 21 COMPENSA
565080,RUA DALIA 68 TROPICAL
946338,RUA 06 18 NOVO ALEIXO
566133,RUA DAS ROSAS 445 AEROPORTO VELHO
493392,AVENIDA LEOPOLDO BULHOES 85 BAIRRO DO ALUMNIO
387609,LINHA 100 16 NOVA CONQUISTA
587751,RUA MARIA JOSE DOMINGOS 74 CALAFATE
117816,RUA SEBASTIAO CABRAL DE SOUZA 2785 SETOR 04
695602,BECO DA METEREOLOGIA 102 SAO FRANCISCO
691470,RUA CORONEL SOARES 600 BAIRRO DE OLINDA
36592,RUA FERNANDO PESSOA 4488 BOM JESUS
1139334,RUA JURUA 243 GILBERTO MESTRINHO
51929,RUA DOS PIONEIROS 3532 BAIRRO FLORESTA
1017121,RUA BOA VISTA 23 SAO RAIMUNDO
267738,RUA IZAQUE MARTINS 64 CENTRO
606601,RUA TOME DE SOUZA 109 CONJUNTO CASTELO BRANCO
169971,RODOVIA 133 2800 CENTRO
767305,RUA ARMANDO MENDES 264 SAO FRANCISCOII
948981,RUA 101 30 NOVA CIDADE
856138,AVENIDA AUTAZ MIRIN ANTIGA GRANDE CIRCULAR 7844 TANCREDO NEVES
822494,RUA 24 DE AGOSTO 3486 BAIRRO NOSSA SENHORA DE FATIMA
496215,RUA ALFREDO TELES 192 JOAO ALVES
1059903,RUA DA PAZ 438 CIDADE DE DEUS
478765,RAMAL TRAVESSAO 1 56 PORTO LUIZ
1037123,RUA CENTRAL 206 SAO RAIMUNDO
956399,RUA 180 34 NOVO ALEIXO
458318,RUA TIRADENTES 3232 CIDADE BAIXA
197048,AVENIDA PRESIDENTE VARGAS 552 CENTRO
1071100,RUA DEZENOVE 577 PARQUE 10 DE NOVEMBRO
668596,RUA NACOES UNIDAS 759 LARANJAL
57645,RUA OLAVO BILAC 368 NOVA ESPERANCA
950263,RUA 114 19 NOVA CIDADE
62454,RUA MARECHAL FLORIANO PEIXOTO 2110 JARDIM CLODOALDO
461416,AVENIDA J K 617 BAIRRO BELA VISTA
277158,RUA LAJEADO 4009 COSTA E SILVA
160429,RUA PADRE SILVIO MICHELLUZI 1818 NOVA BRASILIA
507629,COMUNIDADE ESTIRAO 6731 ESTRADA VARIANTE
861454,AVENIDA BURITI 85 COROADO
819695,RUA BELO FERREIRA 840 CENTRO
820829,RUA SAO PEDRO 129 CENTRO
953647,RUA 15 DE NOVEMBRO 18 TANCREDO NEVES
446622,LINHA 52 611 LH 52 KM 02 SENTIDO A SERRA
134039,RUA CASTANHEIRA 3291 JK
854406,AVENIDA ALVARO BOTELHO MAIA 350 PRESIDENTE VARGAS
799568,RUA BORBA 3292 SANTO ANTONIO
687826,TRAVESSA AUGUSTO LUZEIRO 33 CENTRO
55354,RUA JOSE MARQUES DE OLIVEIRA 5063 RIOZINHO
281277,RUA MANOEL LAURENTINO DE SOUZA 1209 NOVA PORTO VELHO
393991,AVENIDA MANOEL MELGAR 7193 CENTRO
730575,RUA JOSE AMANCIO 501 NOSSA SENHORA DE FATIMA
249217,RUA DO CALCARIO 4395 FLODOALDO PONTES PINTO
822618,RUA ALVARO MAIA 375 BAIRRO DE FATIMA
896942,AVENIDA TEFE 98 CACHOEIRINHA
20495,RUA GRACILIANO RAMOS 3825 SETOR 06
580637,RUA JOAO XXIII 160 SAO FRANCISCO
1084619,RUA DOS PAVOES 44 CIDADE DE DEUS
45938,AVENIDA SETE DE SETEMBRO 2239 CENTRO
1045461,RUA CIRCULAR II 265 AMAZONINO MENDES
254084,RUA ENRICO CARUSO 7169 APONIA
117820,RUA SEBASTIAO CABRAL DE SOUZA 2811 SETOR 04
1022216,RUA BURITI 55 COLONIA ANTONIO ALEIXO
926853,BECO RUBRO NEGRO 1149 NOSSA SENHORA APARECIDA
425369,AVENIDA TANCREDO NEVES 1488 BAIRRO UNIAO
85521,AVENIDA SETE DE SETEMBRO 3011 CAIXA D AGUA
276743,RUA JURUA 1197 SAO SEBASTIAO
687942,TRAVESSA RIO LOBO 71 CENTRO
823947,RUA JOAO DE LIMA 4929 VILA FALCAO
1008782,RUA BARRETOS 610 GILBERTO MESTRINHO
805090,RUA POMPILIO MARQUES 863 JAUARI I
605431,RUA TAMANDARE 243 BOSQUE
707779,RUA LUIZ BRAGA 72 BOM JESUS
737593,RAMAL PROJETO ASSENTAMENTO PANELAO 63 PROJETO DE ASSENTAMENTO PANELAO
1009185,RUA BEBERIBE 18 NOVO ALEIXO
229309,RUA ANTONIO MARIA VALENCA 6224 PORTO VELHO
185074,RUA ITABIRA 391 JARDIM AEROPORTO
1094377,RUA ESTANAVE 1280 MANAUS
1061454,RUA DALLAS 25 FLORES
379823,RUA NELSON TREMEA 523 CENTRO
1003110,RUA B 14 NOSSA SENHORA DASGRACAS
611680,RUA CAPITAO CIRILO 20 AVIARIO
662950,RUA JOAQUIM TEXEIRA DE SOUZA 127 SENADOR POMPEU
225706,RUA AMERICA CENTRAL 2552 TRES MARIAS
890026,AVENIDA PRECIOSA 1292 MONTE DAS OLIVEIRAS
1003980,RUA B 115 JORGE TEIXEIRA
1030849,RUA CAREIRO 335 TANCREDO NEVES COMUNIDADE NOVA CONQUIST
803037,RUA JOSE NOBRE 47 SAO CRISTOVAO
301175,RUA RODOLFO AMOEDO 5383 TEIXEIRAO
405661,RUA PRIMAVERA 2505 BAIRO JAMARI
442330,RUA ESPIRITO SANTO 5377 CENTRO
1062256,RUA DANILO CORREA 442 JAPIIM
190107,LINHA 08 SENTIDO JARU 41 OURO PRETO DO OESTE
138356,RUA DIVINO TAQUARI OU T11 2549 NOVA BRASILIA
291092,RUA PAU BRASIL 2100 CASTANHEIRA
529447,RUA FONTINELE DE CASTRO 54 CENTRO
693553,RIO ACARA GRANDE 17 ITAUBA
748182,RUA MARIA GOES 276 URUCU
506631,TRAVESSA RAIMUNDO LUIZ DE SOUZA 1720 COHAB
212793,AVENIDA RIO DE JANEIRO 2553 MATO GROSSO
1065074,RUA DAS LARANJEIRAS 5 COROADO
495521,ESTRADA SAO JOSE 901 BAIRRO VINTE E CINCO DE AGOSTO
621679,TRAVESSA BAGUARI 228 TAQUARI
195077,AVENIDA RAIMUNDO SOARES 1020 VILA NOVA
945616,RUA 02 DE AGOSTO 221 FLORES
42590,AVENIDA ESPIRITO SANTO 771 NOVO HORIZONTE
129923,RUA ANGELIM 3170 VALPARAISO
981623,RUA ADELAIDE 120 MONTE SIAO
674775,RUA MARGARIDA 275 VILA DO INCRA
135023,RUA CEDRO 1791 NOVA BRASILIA
415254,ESTRADA BURITIS 30 ZONA RURAL
173962,LINHA LJ 4 145 MACHADINHO
443365,LINHA 03 VALERIO 28 SETOR 10
492315,AVENIDA COPA CABANA 1939 BAIRRO DA COPACABANA
297897,RUA RAFAEL VAZ E SILVA 904 ROQUE
484991,RUA MAJOR ANTONIO DE ALMEIDA 444 BAIRRO SAMAUMA
825658,RUA VINTE E QUATRO DE AGOSTO 1407 69830000
1045928,RUA CLAUDE DEBUSSY 22 PARQUE 10
533779,RODOVIA AC 475 KM 8 318 KM 8
1033764,RUA CASTRO ALVES 52 ARMANDO MENDES
828456,RAMAL REMANCINHO 55 NOVA LABREA
797066,RUA ACACIO LEITE 4302 TIRADENTES
969996,RUA 48 41 AMAZONINO MENDES
427251,RUA LAERCIO NOBRE 591 SATELITE
719853,RUA L 04 123 IPIRANGA
1096628,RUA F 27 PARQUE 10 DE NOVEMBRO
1080034,RUA DOIS 43 SANTO AGOSTINHO
940342,ENTRADA DA PONTA NEGRA 7126 SAO JORGE
644044,RIO VIUVA PARANA 11 MORADA NOVA
213183,AVENIDA RIO DE JANEIRO 6702 LAGOINHA
894768,AVENIDA SAMAUMA 1724 MONTE DAS OLIVEIRAS
652013,BECO DEOMIRO 30 PISTA
500371,RUA DO RIO DE JANEIRO 660 BAIRRO CRUZEIRAO
675636,ESTRADA ALVARAES NOGUEIRA 1041 SANTA LUZIA
446034,RUA CORONEL JORGE TEIXEIRA 2297 CENTRO
643672,RAMAL SAO GERONIMO 53 RODRIGUES ALVES
813197,RUA CANAA 87 NOVO REMANSO
479934,RUA OTILIA MARINHO DE AMORIM 50 CENTRO
453490,AVENIDA JORGE TEIXEIRA 3373 CENTRO
778236,RUA VILLE BALDE 1197 SAO FRANCISCO
930044,BECO SEM DENOMINACAO 5 COLONIA ANTONIO ALEIXO
193997,AVENIDA FLORIANOPOLIS 1616 NOVA PIMENTA
525620,RUA FRANCISCO FERREIRA MENDES 1702 MANUEL URBANO
106161,AVENIDA BRASIL 1974 SETOR 01
1007960,RUA BARREIRINHA 271 SAO JOSE OPERARIO
387618,LINHA 100 39 NOVA CONQUISTA
689090,RUA ABEL SENA 441 BAIRRO DE OLINDA
244036,RUA CONSTELACAO 8773 PORTO VELHO
1005427,RUA B TRES 301 CIDADE NOVA
527939,RIO JURUA 80 None
847328,RUA BOM JESUS 64 CENTRO
1144664,RUA LEOPOLDO NEVES 557 SANTA LUZIA
197926,RUA BELA VISTA 185 BELA VISTA
151192,RUA PRIMEIRO DE MAIO 522 DOM BOSCO
402293,AVENIDA PRESIDENTE MEDICI 4031 BOA VISTA
1096032,RUA EZEQUIEL 90 NOVO ISRAEL
337823,RUA NOE INACIO DOS SANTOS 2905 CENTRO
225675,RUA AMERICA CENTRAL 2415 TRES MARIAS
308505,RUA TANCREDO NEVES 4604 CALADINHO
311001,RUA TIRIRICA 644 FLORESTA
371460,AVENIDA MAJOR AMARANTE 4091 CENTRO
480667,AVENIDA MARINHO MONTE 423 BAIRRO ELDORADO
987190,RUA ALTO PARAISO 29 JORGE TEIXEIRA
677011,LAGO TEFE 12 SAO RAIMUNDO 01
263166,RUA GUAPORE 4901 FLODOALDO PONTES PINTO
431897,RUA DURVAL FLORIANO 2852 CENTRO
336278,AVENIDA MARECHAL RONDON 702 CENTRO
820529,RUA NOVA 2 130 CENTRO
707426,RIO NOSSA SENHORA FATIMA 14 ALDEIA INDIGINA NOSSA SENHORA DE FATIMA
797680,RUA ALVORADA 159 JARDIM AMANDA
741175,BECO 4 7 SANTA HELENA
822855,RUA BEIRA MAR 2057 CENTRO
726066,RUA ALUISIO SANTOS 972 CANUTAMA
686271,VICINAL POMBOS 25 POMBOS
660654,AVENIDA PRESIDENTE TANCREDO NEVES 930 AVELINO LEAL
974572,RUA 75 11 CIDADE NOVA
791879,ESTRADA DO JANAUARI 43 COMUNIDADE SAO JOSE
633946,TRAVESSA SAO CRISTOVAO 12 PREVENTORIO
994942,RUA ANTONIO PAZ 6 COLONIA TERRA NOVA
978156,RUA A DOIS 20 SAO JOSE OPERARIO
967121,RUA 38 6 PARQUE 10
612992,RUA FREI CANECA 155 DOCA FURTADO
508858,RAMAL SANTA LUZIA 196 SANTA LUZIA
675163,TRAVESSA ARUEIRAS 1202 VILA DO INCRA
804578,RUA PARA 342 SAO FRANCISCO
23984,RUA MACAUBAS 5499 NOVE
547767,RUA 08 DE MARCO 81 TANCREDO NEVES
33981,RUA SANTA CATARINA 3974 SETOR 05
1067537,RUA DAS VIROLAS 65 DOM PEDRO
1137359,RUA JOSE PRESTES 54 JAPIIM
376266,RUA CEARA 2630 PARQUE IND NOVO TEMPO
785130,BECO MASSARANDUBA 330 BAIRRO BARRO ALTO
753343,ESTRADA COARI ITAPEUA 24 ESTRADA COARI ITAPEUA
612361,RUA CORONEL SEBASTIAO DANTAS 30 ESTACAO EXPERIMENTAL
523865,ESTRADA DO BARAO 65 ESTRADA DO BARAO
677867,RUA NATAL 154 ALDEIA MARAJAI
257587,RUA FLUORITA 3452 FLODOALDO PONTES PINTO
495372,ESTRADA DO REMANSO 545 REMANSO
524293,RAMAL DO VINTE 43 RAMAL DO VINTE
847880,RUA HELIO VERAS 302 CENTRO
717493,RIO PURUS 11 RIO PURUS
1033037,RUA CASTANHO 397 TANCREDO NEVES COMUNIDADE NOVA CONQUIST
918183,BECO DAS ROSAS 89 COMPENSA
403660,AVENIDA AZALEIA 2641 BAIRO PRIMAVERA
973454,RUA 7 47 ALVORADA
558250,RUA BOTAFOGO 281 GERALDO FLEMING
642108,COMUNIDADE CONTINUACAO 3 RODRIGUES ALVES
421722,RODOVIA BR 364 1 None
851689,ALAMEDA ITALIA 82 CHAPADA
415395,ESTRADA LC 30 24 PA RIO ALTO
116806,RUA RIO DE JANEIRO 3332 SETOR 2
347384,AVENIDA PORTO VELHO 6243 SAO CRISTOVAO
768366,RUA FRANCISCO ARAUJO 13 VILA MARTINS
833357,RUA BARCELOS 253 APARECIDA
151530,RUA RICARDO CATANHEDE 183 URUPA
445468,RUA RIO BRANCO 2144 CENTRO
521395,AVENIDA JAPIIM 7440 GUARANI
276504,RUA JULIO DE OLIVEIRA 4209 IGARAPE
646658,RUA FRANCISCO PEREIRA SOBRINHO 4087 DEMOCRACIA
317620,RUA ZEUS 1767 RONALDO ARAGAO
1141397,RUA LA CORUNA 291 NOVA CIDADE
1061979,RUA DANILO CORREA 16 BAIRRO RAIZ
674425,RUA GRAMINHAS 277 VILA DO INCRA
1035755,RUA CENTO E QUARENTA E DOIS 57 C NOVA
520553,RUA DOUTOR FRANCISCO DJALMA DA SILVA 1412 CENTRO
588404,RUA MARTE 1075 MORADA DO SOL
951903,RUA 14 48 PARQUE 10
799189,RUA BENJAMIN CONSTANT 3069 ARAUJO COSTA
596839,RUA PROJETADA 1057 100 PLACAS
941184,ESTRADA DA PONTA NEGRA 2113 PONTA NEGRA
1089260,RUA E 152 GILBERTO MESTRINHO
743291,RUA ARMANDO CLEMENTINO 134 URUCU
1053240,RUA CURUAI 130 CIDADE DE DEUS
392767,AVENIDA BOGOTA 3040 NOVA DIMENSAO
197968,RUA BORBA GATO 803 SERINGAL
294412,RUA PIRAIBA 1099 LAGOA
908303,AVENIDA SAO PEDRO 140 TARUMA
684472,RUA MINAS GERAIS 536 CENTRO
121939,RUA CASTELO BRANCO 3863 JARDIM NOVO ESTADO
1026490,RUA CAJUBIA ANTIGA RUA MARGINAL 63 SAO JOSE OPERARIO 2
178418,RUA URUGUAI 3165 SETOR 13
980080,RUA ABRAAO CARDOSO 106 COMPENSA
187856,RUA PRESIDENTE MEDICE 1826 JARDIM NOVO HORIZONTE
189295,RUA DOM PEDRO II 244 BAIRRO JARDIM NOVO ESTADO
1015428,RUA BERNARDO MIQUILES 1711 PETROPOLIS
553181,RUA ANTIMARI 412 PORTAL DA AMAZONIA
877758,AVENIDA IGARAPE DE MANAUS 10 CENTRO
67489,LINHA PREGUINHO 22 CACOAL
548053,RUA 12 DE OUTUBRO 562 FLORESTA
59026,RUA RAUL BOPP 1138 JARDIM VISTA ALEGRE
897349,AVENIDA TEFE 840 JAPIIM
408992,AVENIDA PORTO VELHO 2207 SETOR 4
102731,AVENIDA CAPITAO ALIPIO 1421 NOSSA SENHORA APARECIDA
781671,AVENIDA TRINTA E UM DE MARCO 130 IPIXUNA
1004525,RUA B 659 JORGE TEIXEIRA SANTA INES
504979,RUA VINTE E TRES DE OUTUBRO 251 BAIRRO VINTE E CINCO DE AGOSTO
1044453,RUA CINQUENTA E TRES 13 CIDADE NOVA
117385,RUA RIO GRANDE DO SUL 3640 SETOR 5
210271,AVENIDA MAMORE 5162 TEIXEIRAO
557418,RUA BOA UNIAO 120 SOBRAL
703876,AVENIDA ROMERO JUCA FILHO 171 FEIJOAL
468110,RUA MARACATIARA 3753 SUMAUMA
856965,AVENIDA BARCELOS 1186 CENTRO
453725,RUA JONAS ANTONIO DE SOUZA 251 CENTRO
674158,RUA DO CEDRO 132 VILA DO V
348342,AVENIDA SETE DE SETEMBRO 5254 BOA ESPERANCA
136899,RUA CURITIBA 2729 NOSSA SENHORA DE FATIMA
127814,AVENIDA MARECHAL RONDON 2592 DOIS DE ABRIL
245526,RUA CURUMATA 362 LAGOA
1077235,RUA DO IGARAPE 1290 NOVO ALEIXO
1016348,RUA BOA SORTE 8 COLONIA TERRA NOVA
276629,RUA JUPITER 3041 B ELETRONORTE
588332,RUA MARTE 531 ADALBERTO ARAGAO
1123003,RUA ITAUBA 167 COLONHA TERRA NOVA
290679,RUA PARANA 1808 NOVA PORTO VELHO
1001901,RUA AUTAZES 44 ALEIXO
200826,RUA PRIMEIRO DE MAIO 91 PIMENTA BUENO
966459,RUA 33 1 NOVA CIDADE
719962,RUA MANOEL GOMES LEAL 946 RECREIO
141911,RUA GONCALVES DIAS 1420 JARDIM PRESIDENCIAL
1017442,RUA BOCA DO ACRE 64 TANCREDO NEVES COMUNIDADE NOVA CONQUIST
43553,AVENIDA JACOB MOREIRA LIMA 207 SAUDE
733583,RUA AZALEIA 114 NOVO HORIZONTE
5107,RUA PRESIDENTE DUTRA 4307 TUCANO
120763,LINHA 627 PROJETO JARU UARU 85 LH 627
24498,RUA MARABA 3340 JORGE TEIXEIRA
362901,AVENIDA BRASIL 5648 JARDIM ELDORADO
818183,RUA NAPOLEAO MONTEIRO 2 JURUA
247633,RUA DAS ARARAS 105 PLANALTO
107752,AVENIDA DOM PEDRO PRIMEIRO 2575 SETOR 5
395083,RUA TERSINA V DO NASCIMENTO 4935 PLANALTO
668716,RUA PETROPOLIS 161 SIBERIA
750718,RUA CORONEL GAUDENCIO 806 TAUA MIRIM
939420,BECO SAO ROQUE 156 ALVORADA
1025497,RUA CACAU PEREIRA 73 SAO JOSE OPERARIO
19500,RUA FORTALEZA 2096 SETOR 3
27000,RUA PARANA 3151 SETOR 05
1129086,RUA JEQUERI 225 CIDADE DE DEUS
732325,ESTRADA IGARAPE DA ROCA 24 IGARAPE DA ROCA
800806,RUA EDUARDO RIBEIRO 2403 BAIRRO CENTRO
136415,RUA CRUZEIRO DO SUL 2923 MARIO ANDREAZZA
570947,RUA EDMUNDO PINTO 224 RAIMUNDO MELO
52055,RUA DOS VANGUARDEIROS 1218 JARDIM BANDEIRANTES
246636,RUA DA PAZ 641 B FLORESTA
223654,RUA ALEXANDRE GUIMARAES 5774 AGENOR M DE CARVALHO
748172,RUA MARIA GOES 222 URUCU
1130761,RUA JOANA DARC 138 ZUMBI DOS PALMARES
625668,TRAVESSA DOZE DE JUNHO 191 SANTA INES
627395,TRAVESSA JAGUARI 70 ESTACAO EXPERIMENTAL
668926,RUA RODOVALDO NOGUEIRA 139 CENTRO
778675,RUA MARECHAL RONDON 1731 SAO CRISTOVAO
179483,LINHA 134 OU 05 14 05 NORTE
319202,RUA DELEGADO MAURO DOS SANTOS 1222 AGENOR M DE CARVALHO
885732,AVENIDA NEPAL 8 NOVA CIDADE
635117,AVENIDA MARECHAL EDUARDO GOMES 949 LOTEAMENTO
219492,RODOVIA BR 364 9 LAGOA
410157,RUA CALIFORNIA 869 SETOR 07
678775,RUA SEBASTIAO COSTA 36 AMATURA
583262,RUA LEANDRO MELO 154 XAVIER MAIA
914242,BECO BURITI 219 COLONIA ANTONIO ALEIXO
243486,RUA CLAUDIO SANTORO 5181 FLODOALDO PONTES PINTO
252159,RUA EDUARDO LIMA E SILVA 1032 AGENOR M DE CARVALHO
973339,RUA 7 19 CIDADE NOVA
34736,TRAVESSA PATURI 3845 SETOR 2
557018,RUA BENJAMIM CONSTANT 304 NOVO CALAFATE
561603,RUA COLOMBIA 708 SAO FRANCISCO
75730,RUA BURITI 2963 MINAS GERAIS
239420,RUA CANHOTO DA PARAIBA 7768 NACIONAL
520384,RUA CARLOS GONCALVES DE FARIAS 1835 CENTRO
1097347,RUA FABIO LUCENA 75 CIDADE NOVA
193263,AVENIDA CUNHA BUENO 927 PIONEIROS
539656,AVENIDA NACOES UNIDAS 3111 ESTACAO EXPERIMENTAL
821108,RUA SAO FRANCISCO 120 CENTRO
244940,RUA CRISTINA 6100 IGARAPE
76572,RUA GUARANI 2706 CRUZEIRO
961127,RUA 219 45 NOVO ALEIXO
966911,RUA 36 18 NOVO ALEIXO
1007699,RUA BARREIRINHA 20 SAO JOSE OPERARIO
304256,RUA SAO JOSE 9676 SAO FRANCISCO
687622,RUA TRINTA E UM DE MARCO 686 CENTRO
431981,RUA OSVALDO BERTOZZI 2348 CENTRO
144903,RUA JOSE EDUARDO VIEIRA 2370 NOVA BRASILIA
841699,RUA ALMIRANTE TAMANDARE 555 CENTRO
236443,RUA BOM JESUS 503 CALADINHO
604973,RUA SETE DE SETEMBRO 415 ESTACAO EXPERIMENTAL
212330,AVENIDA RAIMUNDO CANTUARIA 9694 ZONA LESTE
73273,LINHA 5 TERCEIRA PARA QUARTA EIXO 7 ZON RURAL
217825,ESTRADA AREIA BRANCA 1401 NOVO HORIZONTE
185060,RUA ITABIRA 64 JARDIM AEROPORTO
385047,RUA UM MIL OITOCENTOS E TRES 1819 BELA VISTA
523881,ESTRADA DO BARAO 76 ESTRADA DO BARAO
262820,RUA GUANABARA 1665 NOSSA SENHORA DAS GRACAS
24215,RUA MACHADO DE ASSIS 3619 SETOR 06
74430,AVENIDA RIO NEGRO 4482 CENTRO
830080,AVENIDA GILBERTO MESTRINHO 1617 LIBERDADE
678972,RUA FREI PIO 20 AMATURA
985122,RUA ALBERTO CARREIRO ANTIGA RUA A 172 NOVA REPUBLICA
958420,RUA 2 244 JORGE TEIXEIRA MONTE SIAO
934762,BECO SANTO AMARO 23 REDENCAO
127906,AVENIDA PADRE ANGELO CERRI 103 DOIS DE ABRIL
38703,LINHA 10 16 RUMO ESCONDIDO
178905,LINHA 114 5 SANTANA DO GUAPORE
1079648,RUA DOIS 25 BAIRRO DA PAZ
987600,RUA ALVARO MAIA 57 CIDADE NOVA
822881,RUA BEIRA MAR 2515 None
511110,AVENIDA DUQUE DE CAXIAS 899 VILA MILITAR
888744,AVENIDA PERIMETRAL II 10 PARQUE 10
582927,RUA LAGOINHA 20 BAHIA
454626,AVENIDA JORGE TEIXEIRA DE OLIVEIRA 873 CENTRO
537277,AVENIDA CEARA 1471 FLORESTA
173617,LINHA LH MP 07 7 DISTRITO 5 BEC
864563,AVENIDA CONSTANTINO NERY 68 CENTRO
562141,RUA CRISTO REI 342 NOVA ESPERANCA
450951,LINHA P 13 701 ZONA RURAL
490167,TRAVESSA SANTA EMILIA 228 PARAISO
878809,AVENIDA ITAUBA 33 JORGE TEIXEIRA
1112187,RUA HENRIQUE DIAS 15 SAO JORGE
782540,RUA MANOEL CICINATO 146 IPIXUNA
653676,RUA ERNESTINA SOUZA CHAVES 193 ANA ALVES VIEIRA
821032,RUA PADRE JOAO VAN DEN DUNGEN 1209 CENTRO
261868,RUA GRAFITA 3337 BAIRRO CIDADE DO LOBO
383042,RUA SEISCENTOS E OITENTA E UM 1980 PARQUE SAO PAULO
194962,AVENIDA PORTO ALEGRE 1914 NOVA PIMENTA
136638,RUA CURITIBA 800 NOVA BRASILIA
51662,RUA DOS PIONEIROS 1104 PRINCESA ISABEL
1047794,RUA CORDEIRO 3 SAO JOSE
662482,RUA JOAO DE PAIVA 30 CENTRO
891966,AVENIDA RIO BRANCO 799 SAO RAIMUNDO
621958,TRAVESSA BEIRA RIO 47 BAIRRO CIDADE NOVA
1147745,RUA LOURO CEDRO 165 MONTE DAS OLIVEIRAS
1014564,RUA BENJAMIN LIMA 599 SAO JORGE
852047,ALAMEDA RIO NEGRO 179 SANTA ETELVINA
1136124,RUA JOSE FLORENCIO 66 PETROPOLIS
1024876,RUA C NOVE 1770 JAPIIM
72716,RUA ROBISON FERREIRA 3032 CENTRO
423507,LINHA 02 TRAVESSAO 05 23 LINHA
192506,AVENIDA B 313 ITAPORANGA
1084242,RUA DOS LIRIOS 61 JORGE TEIXEIRA
902656,AVENIDA DOM PEDRO 23 DOM PEDRO
632101,TRAVESSA SERGIPE 61 CAPOEIRA
850367,ALAMEDA A 367 LAGO AZUL
15489,RUA CASTRO ALVES 3233 SETOR 6
1151090,RUA MACUXI 12 COLONIA TERRA NOVA
590500,RUA N DOIS 134 TUCUMA II
292385,RUA PEDRO ALBENIZ 6858 PORTO VELHO
285779,RUA MONT SERRAT 4890 NOVO HORIZONTE
857732,AVENIDA BEIRA MAR 156 COROADO I
185483,RUA JOAO GOULART 808 NOVA OURO PRETO
1023709,RUA C 120 JORGE TEIXEIRA
138536,RUA DO JASMIM 2052 BAIRRO SANTIAGO
43889,AVENIDA JUSCIMEIRA 342 NOVO HORIZONTE
588914,RUA MELANCIA 539 MOCINHA MAGALHAES
394788,AVENIDA MARECHAL DEODORO 7240 JOAO FRANCISCO CLIMACO
835273,RUA DO ATERRO 1021 CENTRO
1008105,RUA BARREIRINHA 754 GILBERTO MESTRINHO
851808,ALAMEDA OASIS 21 COROADO
367278,AVENIDA PRIMEIRO DE MAIO 3414 CENTRO
413763,RUA TAGUATINGA 1315 SETOR 03
790716,RUA UIRAPURU 18 NOVO AMANHECER
519003,TRAVESSA SAMUEL ELIAS DO NASCIMENTO 131 GENI NUNES
630077,TRAVESSA PASSO FUNDO 844 TRAVESSA PASSO FUNDO
462434,AVENIDA TANCREDO NEVES 1685 BOM SUCESSO
178630,RUA MARECHAL DEODORO DA FONSECA 3141 SETOR 13
31747,RUA TOPAZIO 1420 RURAL
701930,RUA ALONSO IPUCHIMA 95 JAVARIZINHO
431795,RUA 5 1675 CENTRO
364485,AVENIDA FLORIANOPOLIS OU 2005 7809 SETOR ZICO OU 26
481352,RUA 13 DE MAIO 139 LEONARDO BARBOSA
751447,RUA PADRE VICTOR 536 ESPIRITO SANTO
458026,RUA RONALDO ARAGAO 3628 CIDADE BAIXA
1034372,RUA CAVALO MARINHO 464 DISTRITO II
392036,AVENIDA 21 DE JULHO 3553 SANTA LUZIA
695238,AVENIDA MARIUA 524 CENTO
1011709,RUA BELEM 21 CIDADE DE DEUS
993279,RUA ANGELICAS 111 ALEIXO
998835,RUA AROEIRAS 191 MONTE DAS OLIVEIRAS
876338,AVENIDA GRANDE CIRCULAR 2 200 CIDADE DE DEUS
491966,AVENIDA AFONSO PENA 1131 JOAO ALVES
117929,RUA SERGIPE 1234 SETOR 02
164456,LINHA 3 2680 GLEBA G
357784,LINHA 184 SUL LD DIREITO ATE TRAVES 6 LH 184 LD DIREITO
96760,AVENIDA DOS PIONEIROS 1342 GUAJARA MIRIM
198403,RUA CASSIMIRO DE ABREU 694 ALVORADA
119898,ESTRADA LINHA 634 13 JARU
527268,RUA FRANCISCO BEZERRA 1 225 CENTO
122741,RUA VINTE E UM DE ABRIL 4026 BAIRRO JARDIM DO ESTADOS
333619,AVENIDA 30 DE JUNHO 920 LINO ALVES TEIXEIRA
717319,RIO PURUS 2 SERINGAL BOM JESUS
390677,RUA DOM BOSCO 2230 CENTRO
321872,RUA PADRE ANGELO CERY 2365 LIBERDADE
37008,RUA SIRIUS 4973 RURAL
964483,RUA 27 21 CIDADE NOVA
825861,RUA VINTE E QUATRO DE AGOSTO 4769 VILA FALCAO
748064,RUA MANOEL MARQUES 914 ITAMARATI
496681,RUA ANTONIO COSTEIRA 658 JOAO ALVES
272738,RUA JOAQUIM NABUCO 392 TUCUMANZAL
980110,RUA ABRAAO CARDOSO 142 COMPENSA
343455,AVENIDA FLORIANOPOLIS 5219 CENTRO
557108,RUA BENJAMIN CONSTANT 330 CENTRO
104310,AVENIDA PRINCESA ISABEL 1655 GUAJARA MIRIM
753221,COMUNIDADE SAO RAIMUNDO 3 RIO SOLIMOES
1149753,RUA M 16 JORGE TEIXEIRA COMUNIDADE BAIRRO NOVO
274770,RUA JOSE DE ALENCAR 3371 OLARIA
709859,COMUNIDADE SANTA ANA 11350 SANTA ANA
203872,AVENIDA AMAZONAS 3399 AGENOR M DE CARVALHO
337940,RUA NOVA BRASILIA 2891 CENTRO
473453,ESTRADA LINHA 202 INICIO 191 LINHA 202 INICIO
995829,RUA APURINA 2136 SAO LAZARO
14028,RUA BOUGAINVILLEA 2965 SETOR 4
419588,LINHA 156 SUL 3 NOVO HORIZONTE
899754,AVENIDA VENEZUELA 52 TANCREDO NEVES GILBERTO MESTRINHO
929341,BECO SAO PAULO 41 CRESPO
344032,AVENIDA GOIANIA 4106 CENTRO
39765,AVENIDA AMAZONAS 4145 RESIDENCIAL PARQUE BRIZON
563703,RUA DA JUDIA 148 RECANTO DOS BURITIS
808853,TRAVESSA ARAUJO COSTA 710 JAUARI II
612153,RUA CORONEL JOAO CANCIO 45 ESTACAO EXPERIMENTAL
225045,RUA ALTEMAR DUTRA 3339 TANCREDO NEVES
327445,LINHA TRES MARIAS 126 PORTO VELHO
1023610,RUA C 70 COMPENSA
1051343,RUA CUBIU 22 JORGE TEIXEIRA
486022,RAMAL TIRA TEIMA 125 PAO DE ACUCAR
119533,RUA SAO PAULO 2775 SETOR 05
292730,RUA PEGASO 1 11904 ULISSES GUIMARAES
762002,RUA JULIETA ALBUQUERQUE 515 SANTO ANTONIO
899083,AVENIDA TUCUMA 192 CIDADE NOVA
375687,RUA BAHIA 708 PARQUE IND SAO PAULO
996309,RUA ARACUA 73 CIDADE DE DEUS
951395,RUA 13 405 ALVORADA
500984,RUA FELIX GASPAR 1348 JOAO ALVES
84210,RUA 1 MAIO 8388 SAO DOMINGOS
40790,AVENIDA CASTELO BRANCO 19041 LIBERDADE
71785,RUA PARAIBA 1124 CENTRO
418989,LINHA 140 SUL 3 NOVO HORIZONTE
622278,TRAVESSA BOA VISTA 31 AVIARIO
326396,LINHA 10 14 BR 425
444119,RUA LINHA 4 TRAVESSAO 3 MINERACAO 125 SETOR 12
544523,ESTRADA DO CALAFATE 1285 BETEL
393130,AVENIDA DEZIDERIO DOMINGOS LOPES 3525 CENTRO
961149,RUA 219 61 NOVO ALEIXO
642031,ARRAIAL SAO PAULO 22 SAO PAULO
517219,RUA ORLANDO CORREIA SENA 243 NAIR ARAUJO
256464,RUA FELIPE DOS SANTOS 8185 JUSCELINO KUBITSCHEK
601637,RUA SANACRE 864 SANTA INES
860041,AVENIDA BRASIL 2498 COMPENSA
347815,AVENIDA RIO BRANCO 5951 PLANALTO
511984,RUA FRANCISCO B. SOUZA 105 SATEL
192986,AVENIDA COSTA E SILVA 406 ALVORADA
1103966,RUA GAIVOTA 449 TANCREDO NEVES
153251,RUA S 176 MARIO ANDREAZZA
1041059,RUA CINCO 686 JARDIM MAUA
531322,RUA PROJETADA 04 701 SAO CRISTOVAO
306299,RUA SENADOR ALVARO MAIA 3332 PORTO VELHO
22814,RUA JOSE LEVI BORGES DE OLIVEIRA 3057 SETOR 08
958949,RUA 20 46 CIDADE NOVA
655431,RUA PIAUI 37 CAFEZAL
509121,RODOVIA 364 68350 LIBERDADE
43007,AVENIDA GUAPORE 2137 CENTRO
615345,RUA PASTOR GEREMIAS 183 UNIVERSITARIO
990990,RUA AMBROSIO AIRES 304 SAO JORGE
402169,AVENIDA PRESIDENTE DUTRA 3194 CENTRO
701016,AVENIDA 21 DE ABRIL 1252 CENTRO
955226,RUA 17 2 CIDADE NOVA
473973,LINHA 202 INICIO 9 CRUSAMENTO TRAV 133
324294,RUA SENADOR ALVARO MAIA 1444 OLARIA
684726,RUA RIO DE JANEIRO 11 CENTRO
602132,RUA SAO JOAO 70 DEFESA CIVIL
317244,RUA WANDA ESTEVES 2644 FLODOALDO PONTES PINTO
602579,RUA SAO PEDRO 115 LAELIA ALCANTARA
833075,RUA ARAPAPA 1083 LIBERDADE
924118,BECO NHAMUNDA 69 PRACA 14 DE JANEIRO
321406,RUA MARECHAL RONDON 35 PEDRINHAS
430970,LINHA PEMAZA 3 ZONA RURAL
507638,COMUNIDADE ESTIRAO 8757 ESTRADA VARIANTE
274796,RUA JOSE DE ALENCAR 3576 OLARIA
840367,RUA SAMAUMA 1354 LIBERDADE
964284,RUA 264 95 NOVO ALEIXO
739785,COMUNIDADE MONTE SINAI 117 LAGO DO APIPICA
1138999,RUA JULIO VERNE 121 ALEIXO
292713,RUA PEGASO 1 11696 ULISSES GUIMARAES
448330,RUA BURITIS 2504 MONTE NEGRO
1001549,RUA AURORA REGO 135 SANTA ITELVINA
141691,RUA GOIANIA 2578 NOVA BRASILIA
66545,LINHA 14 92 FIGUEIRA
202762,ASSENTAMENTO BEIRA RIO 26 ASSENTAMENTO BEIRA RIO
202026,RUA ALMIRANTE BARROSO 272 JARDIM DAS OLIVEIRAS
900793,AVENIDA BRIGADEIRO HILARIO GURJAO 98 JORGE TEXEIRA
639543,RUA FLAMENGO 609 LAELIA ALCANTARA
682785,AVENIDA MARIO ANDREAZZA 1125 CENTRO
174027,LINHA LJ 5 214 MACHADINHO
238158,RUA CABO VERDE 2390 TRES MARIAS
508589,RAMAL MACAXEIRAL 1 2073 SAO BRAS
951226,RUA 13 88 CIDADE NOVA
943352,IGARAPE SEM DENOMINACAO 245 BETANIA
1143252,RUA LEONARDO MALCHER 1661 CENTRO
1036959,RUA CENTO E VINTE E QUATRO 25 CIDADE NOVA
673772,RUA DA MACA 126 VILA DO V
438342,RUA SAO CRISTOVAO 4010 DISTRITO
709116,RUA SETE DE SETEMBRO 332 CENTRO
976497,RUA A 11 COROADO
1033910,RUA CASTRO ALVES 151 ALEIXO
242806,RUA CINCO 186 TRES MARIAS
410760,RUA CORUMBIARA 1867 SETOR 03
30514,RUA SALVADOR 2290 SETOR 03
30674,RUA SANTA CATARINA 3667 SETOR 05
691094,RUA PRIMEIRO DE MAIO 78 WALDOMIRO SAMPAIO
1071071,RUA DEZENOVE 532 PARQUE 10 DE NOVEMBRO
1149173,RUA LUIZ MIRANDA 4 COLONIA SANTO ANTONIO
387150,TRAVESSA UM MIL QUINHENTOS E DOZE 2062 CRISTO REI
85484,AVENIDA SETE DE SETEMBRO 2743 CENTRO
744204,RUA CODAJAS 141 CIGANOPOLIS
415706,ESTRADA SARACURA 9 PA BURITI
936933,BECO SAO JOAQUIM 9 MORRO DA LIBEDADE
367739,AVENIDA RONDONIA 3443 PARQUE IND NOVO TEMPO
399059,RUA TRANSCONTINENTAL 2080 CENTRO
688108,RIO ITACOAI 18 REMANCINHO
83205,TRAVESSA TRINTA E NOVE 2190 SETOR 0004
393434,AVENIDA JATOBA 3110 PALMEIRAS
1053790,RUA D 4 CIDADE DE DEUS
770957,RUA MINELVINA 27 GUAJARA
587815,RUA MARIA JOSE DOMINGOS 74 CALAFATE
89683,RUA PRIMAVERA 1364 LIBERDADE
1148602,RUA LUIZ ANTONY 259 NOSSA SENHORA APARECIDA
377739,RUA GETULIO VARGAS 3924 CENTRO
510902,AVENIDA SANTOS DUMONT 501 LIBERDADE
685130,RUA VINICIUS DE MORAES 795 CENTRO
58148,RUA PEDRO SPAGNOL 3982 TEIXEIRAO
993092,RUA ANDORINHA 458 MONTE DAS OLIVEIRAS
927441,BECO SANTA ETEVINA 356 SAO LAZARO
516279,RUA EDINALDO GOMES FERREIRA 350 BELA VISTA
590525,RUA N DOIS 266 TUCUMA II
838322,RUA MARIO SILVA DE ALMEIDA 45 TERRA PRETA
294596,RUA PIRATININGA 1937 LAGOA
50926,RUA DAS ANDORINHAS 1607 LIBERDADE
342469,AVENIDA CUIABA 3290 CENTENARIO
626871,TRAVESSA HEROS 14 ADALBERTO ARAGAO
922751,BECO LIVRAMENTO 79 GLORIA
342044,AVENIDA BOA VISTA 6478 SAO CRISTOVAO
301616,RUA ROSALINA GOMES 10381 MARIANA
961602,RUA 225 31 CIDADE NOVA
1115011,RUA I 128 SAO JOSE OPERARIO
471476,LINHA PA 15 15 VALE DO ANARI
1142474,RUA LAURO ANDRADE 47 COLONIA ANTONIO ALEIXO
1145361,RUA LIBERTADOR 420 NOSSA SENHORA DAS GRACAS
591220,RUA NELSON PIQUET 157 VITORIA
1093930,RUA ESPIRITO SANTO 56 JAPIIM
478587,RAMAL QUADRA 13 3 PORTO LUIZ
464185,LINHA 28 DO 22 34 ZONA RURAL
461061,AVENIDA DOS PIONEIROS 159 JARDIM DAS AMERICAS
987962,RUA AMARAL DOS SANTOS 71 SAO JORGE
773241,RUA ACAR 1495 SAO CRISTOVAO
435134,RUA GRALHA-AZUL 1702 SETOR 1
704659,RUA SAMUEL TEJADA 38103 ALDEIA INDIGENA SANTO ANTONIO
141545,RUA GOIANIA 1398 NOVA BRASILIA
1066689,RUA DAS PERPETUAS 5 JORGE TEIXEIRA 1 ETAPA
663744,RUA OLIMPIA MORAIS 40 BAIRRO NOVO
1035582,RUA CENTO E OITENTA E DOIS 15 NOVO ALEIXO
1029451,RUA CAPIM SANTO 55 JORGE TEIXEIRA
409343,RUA ALAGOAS 2074 CENTRO
325274,AVENIDA MARGEM ESQUERDA RIO JACI 18 RIO JACI
386915,TRAVESSA OITOCENTOS E TRINTA E DOIS 6441 ALTO ALEGRE
934354,BECO SANTA MARIA 15 ALVORADA
1022377,RUA BURITI 660 COLONHA TERRA NOVA
987184,RUA ALTO PARAISO 22 JORGE TEIXEIRA
747171,RUA JATHI MOURA AGUIAR 377 LIBERDADE
189021,RUA TREZE DE MAIO 39 JARDIM BANDEIRANTE
35061,AVENIDA JUSCELINO KUBITSCHEK 4522 BOM JESUS
186533,RUA LONDRINA 215 JARDIM AEROPORTO
926590,BECO RIO MAR 84 COLONIA ANTONIO ALEIXO
61268,RUA ALMIRANTE BARROSO 3276 NOVO CACOAL
209739,AVENIDA JOSE VIEIRA CAULA 8110 ZONA LESTE
718791,AVENIDA TREZE DE MAIO 361 CENTRO
482293,RUA ELSON DIAS DANTAS 157 LEONARDO BARBOSA
1044777,RUA CIPO ALHO 325 JORGE TEIXEIRA JOAO PAULO 3
522943,RUA OSVALDO CORREIA SANTANA 896 BAIRRO SAO FRANCISCO
1136665,RUA JOSE LINDOSO 152 CIDADE NOVA
226428,RUA ANA SOBRAL 6759 LAGOINHA
923592,BECO MAUA 200 COROADO
227398,RUA ANASTACIO SOMOZA 5016 ZONA SUL
193373,AVENIDA CURITIBA 1012 VILA NOVA
591571,RUA NOSSA SENHORA APARECIDA 95 TANCREDO NEVES
371749,AVENIDA MARECHAL RONDON 5054 QUINTO BEC
1002433,RUA AYRAO 299 PRESIDENTE VARGAS
33060,RUA VIOLTETA 1895 RURAL
6614,LINHA P 44 8 ZONA RURAL
278599,RUA LUCIANE PINHEIRO 4822 FLODOALDO PONTES PINTO
1011272,RUA BELA VISTA 385 CIDADE DE DEUS
445235,RUA PARANA 3397 CENTRO
730845,RUA LUIZ FIGUEIRA 68 CENTRO
855107,AVENIDA ARACUA 1331 TARUMA COMUNIDADE SAO PEDRO
460298,LINHA 8A 21 LINHA 8A
409008,AVENIDA PORTO VELHO 2261 SETOR 4
797078,RUA ACRE 9 SAO FRANCISCO
253094,RUA ELIEZER DE CARVALHO 6033 IGARAPE
244409,RUA CORINTHIANS 6670 LAGOINHA
226186,RUA ANA CAUCAIA 6870 LAGOINHA
904493,AVENIDA PRESIDENTE CASTELO BRANCO 407 CACHOEIRINHA
1080363,RUA DOIS 67 CIDADE NOVA
150104,RUA PARINTINS 451 JARDIM DOS MIGRANTES
773067,BECO SANTO ANTONIO 129 SANTO ANTONIO
716843,IGARAPE SAO FRANCISCO 10 RIO INAUINI
423601,LINHA 5 A 6 CAMPO NOVO
571855,RUA EPAMINONDAS JACOME 2353 CADEIA VELHA
138665,RUA DO JASMIM 2805 BAIRRO SANTIAGO
410397,RUA CASTANHEIRAS 2242 ST 3
852844,AVENIDA ADALBERTO DO VALE 82 BETANIA
76797,RUA HUMAITA 3230 CRUZEIRO
296844,RUA PRUDENTE DE MORAIS 1348 AREAL
593933,RUA PEQUENA JESSICA 309 WANDERLEY DANTAS
998217,RUA ARISTOTELES BONFIM 4 PETROPOLIS
373556,RUA 32 5695 ALTO ALEGRE
532430,RAMAL DAS MENINAS 1 CAMINHO A DIREITA
147605,RUA MARINGA 1329 NOVA BRASILIA
369508,AVENIDA UM MIL QUINHENTOS E SETE 1130 CRISTO REI
847045,RUA 07 11 BAIRRO NOVO
642758,RAMAL BAHIA 63 R0DRIGUES ALVES
726403,RUA FLORIANO PEIXOTO 366 CANUTAMA
1070259,RUA DEZ DE JULHO 567 CENTRO
940774,ESTRADA ACESSO A COLONIA JAPONESA 42 PARQUE DEZ DE NOVEMBRO
181348,AVENIDA DUQUE DE CAXIAS 1733 BAIRRO NOVA OURO PRETO
788182,RUA E 260 VILA DO ARIAU
245335,RUA CURITIBA 3072 CALADINHO
884729,AVENIDA MAUES 1695 CACHOEIRINHA
1031358,RUA CARLOS DRUMONDDE ANDRADE ANTIGA RUA G TRES 124 NOVA REPUBLICA
1089550,RUA E CASSIA PISTOLO 79 CIDADE NOVA
133483,RUA CARIACICA 85 SAO FRANCISCO
394882,AVENIDA PRINCESA IZABEL 7855 SANTA LUZIA
421243,LINHA C 0 285 LC0
889216,AVENIDA PISTA DA RAQUETE 101 JORGE TEIXEIRA
103632,AVENIDA DOUTOR LEWERGER 5154 GUAJARA MIRIM
1141405,RUA LA CORUNA 323 NOVA CIDADE
140016,RUA ECOPORANGA 980 DUQUE DE CAXIAS
655251,RUA NEWTON PRADO 6 CAFEZAL
67334,LINHA MATO GROSSO 22 LINHA MATO GROSSO
197462,RUA ALAGOAS 82 JARDIM DAS OLIVEIRAS
699011,RUA PAULINO DE MELO 109 SAO BENEDITO
291507,RUA PAULO FORTES 6623 PORTO VELHO
534183,RUA DO ENOKE BEZERRA DOS SANTOS 690 BAIRRO PORTELINHA
818408,RUA RAIMUNDO RUFINO DA SILVA 15 JURUA
701287,BECO CASTELO BRANCO 113 CENTRO
510752,AVENIDA INTERNACIONAL 269 CENTRO
921490,BECO IRENO 48 LIRIO DO VALE
368755,AVENIDA SETECENTOS E TRINTA E NOVE 645 MARCOS FREIRE
44795,AVENIDA PORTO ALEGRE 315 NOVO CACOAL
161225,RUA SANTA CLARA 3308 CAFEZINHO
692229,ESTRADA AM 254 80205 AM 254
1016777,RUA BOA VIDA 290 COROADO
354929,RUA RIO VERDE 5095 CENTRO
54014,RUA JOAO JOSE DOS SANTOS 2231 RESIDENCIAL PARQUE BRIZON
841385,RUA VIRGILIO BARROSO ALEXANDRE 2046 SAO JOSE
471880,TRAVESSAO C 66 14 VALE DO ANARI
823840,RUA JOAO DE LIMA 3465 VILA FALCAO
696796,RUA FRANCISCO ISAIAS NETO 452 SAO SEBASTIAO
143134,RUA IPE 2027 NOVA BRASILIA
393637,AVENIDA LUIS DE FRANCA TORRES 6360 SAO JOSE
686977,RUA ALVARO MAIA 424 CENTRO
419186,LINHA 144 NORTE 19 NOVO HORIZONTE
336449,AVENIDA SAO JOAO BATISTA 592 CUNHA E SILVA
47672,RUA AGATA 1772 JARDIM BANDEIRANTES
1001107,RUA ATLETICO PARANAENSE 686 CIDADE DE DEUS
1106952,RUA GOIANIA 556 REDENCAO
820176,RUA DARIO LASMAR 620 CENTRO
1135473,RUA JOSE CLEMENTE 127 NOSSA SENHORA APARECIDA
797172,RUA ADAMASTOR DE FIGUEIREDO 2951 JAUARY I
670927,RUA PLACIDO DE CASTRO 129 PORTO ACRE
1119536,RUA IPIXUNA 638 CENTRO
399804,LINHA 48 44 ZONA RURAL
593406,RUA PARIS 136 BAIXA DA HABITASA
551435,RUA ALERCIO DIAS 2 103 CADEIA VELHA
774528,RUA DA PORTOBRAS 587 SAO DOMINGOS SAVIO
12002,RUA ALTO PARAISO 2067 SETOR 04
925611,BECO PONTIGUARA 23 COLONIA SANTO ANTONIO
519480,ESTRADA BR364 23 BR
441979,AVENIDA FOMOSA 3018 CENTRO
528443,AVENIDA EPITACIO PESSOA 1825 MULTIRAO II
152445,RUA RIO NEGRO 41 JARDIM DOS MIGRANTES
538547,AVENIDA FRANCISCO PINHEIRO 99 RESIDENCIAL SANTO AFONSO
919831,BECO FARIAS 6 CENTRO
555566,RUA BANDEIRANTES 126 TANCREDO NEVES
567319,RUA DO ATLETICO 245 BAIRRO CIDADE NOVA
821981,AVENIDA GETULIO VARGAS 749 CENTRO
2355,AVENIDA PARANA 2455 PRINCESA ISABEL
156341,RUA TUBARAO 1740 CAFEZINHO
139496,RUA DOS ESTUDANTES 504 BELA VISTA
159041,RUA DOUTOR ANTONIO LAZARO DE MOURA 1213 JARDIM PRESIDENCIAL
1130355,RUA JERUSALEM 181 COROADO
531635,RUA TUPIS 652 CAMPINAS
975991,RUA 9B 13 CIDADE NOVA
902466,AVENIDA DESEMBARGADOR JOAO MACHADO 1007 ALVORADA
554099,RUA ARGEMIRO CAVALCANTE DA SILVA 129 VILA ACRE
194189,AVENIDA FORTALEZA 1878 NOVA PIMENTA
798584,RUA ARNOBIO OLIVEIRA 50 IRACY
228590,RUA ANTONIO DE SOUZA 7530 PORTO VELHO
752521,COMUNIDADE SALBINHA 80 SALBINHA
184044,RUA EDNALDO DE JESUS 1796 JARDIM NOVO HORIZONTE
743398,RUA B 342 PERA 1
30982,RUA SAO VICENTE 2974 SETOR 3
836745,RUA JOAO DE DEUS 2244 LIBERDADE
937919,BECO SAO JOSE 369 MORRO DA LIBERDADE
899150,AVENIDA TUCUMA 762 CIDADE NOVA
260512,RUA GERALDO SIQUEIRA 4217 CIDADE DO LOBO
628662,TRAVESSA MANAUS 30 ELDORADO
894481,AVENIDA RUY ADRIANO DE ARAUJO JORGE 1229 CONJUNTO JOAO PAULO
868251,AVENIDA CURACAO 17 NOVA CIDADE
995053,RUA ANTONIO PLACIDO 118 ALVORADA
1053555,RUA CURURU 61 JORGE TEIXEIRA
181957,RUA ALBERT SABIN 606 NOVA OURO PRETO
415221,ENTRADA ENTRADA LC 34 42 PA RIO ALTO
338214,RUA PEDRO DE OLIVEIRA 3094 LINO ALVES TEIXEIRA
119285,RUA PRINCESA ISABEL 1312 SETOR 02
657506,RUA MONSENHOR TAVORA 205 CENTRO
1124049,RUA J 20 ARMANDO MENDES
1116192,RUA IGARAPE 76 NOSSA SENHORA DAS GRACAS
702470,RUA JOAO BENTO 286 COHABAM
396770,AVENIDA JUSCELINO KUBITSCHEK 5458 CENTRO
918324,BECO DIVINEIA 97 SANTO AGOSTINHO
1073476,RUA DEZOITO DE OUTUBRO 50 COMPENSA
275821,RUA JOSE SARNEY 102 CENTRO
928709,BECO SAO JOSE 10 EDUCANDOS
503536,RUA REGOS BARROS 1411 25 DE AGOSTO
951024,RUA 13 29 NOVA CIDADE
304842,RUA SEIS 31 NOVO HORIZONTE
6757,LINHA P46 6 ZONA RURAL
706746,TRAVESSA AJURICABA 41 SANTA LUZIA
824031,RUA JOSE LIMA 2662 BAIRRO BARRA LIMPA
1070198,RUA DEZ DE JULHO 172 COMPENSA
797845,RUA AMAZONAS 3205 MUTIRAO
243778,RUA COIMBRA 5097 FLODOALDO PONTES PINTO
882099,AVENIDA LEOPOLDO PERES 689 EDUCANDOS
1125905,RUA JAFE 65 CIDADE DE DEUS
199710,RUA JOSE GILDO F LOURENCO 48 BNH
265470,RUA IDALVA FRAGA MOREIRA 3035 JUSCELINO KUBITSCHEK
718029,RUA COMANDANTE MODESTO 1647 RIO PURUS
319453,RUA DOM PEDRO II 1842 NOSSA SENHORA DAS GRACAS
636309,RAMAL BELO JARDIN 5137 BELO JARDIN
1151541,RUA MAGALHAES BARATA 86 CRESPO
150485,RUA PEDRO OLIVEIRA FELISBEL 776 NOVO JIPARANA
1122979,RUA ITAUBA 15 JORGE TEIXEIRA 3 ETAPA
304044,RUA SAO JOSE 393 BAIXA UNIAO
160832,RUA PRESIDENTE JOAO BATISTA FIGUEIREDO 50 BAIRRO SANTIAGO
445927,RUA VINTE E OITO DE NOVEMBRO 2364 CENTRO
836145,RUA GETULIO COELHO 390 None
240071,RUA CARAMUJO 2031 ZONA SUL
511508,RUA ANTONIO LIMA 30 JOSE HASSEM
726135,RUA ALUISIO SANTOS 1358 CANUTAMA
107866,AVENIDA DOM PEDRO PRIMEIRO 3220 SETOR 05
186764,RUA MARCOS FREIRE 216 JARDIM AEROPORTO
318974,RUA CAPITAO SILVIO 3955 ZONA SUL
775869,RUA GAUCHA 671 SAO FRANCISCO
239605,RUA CANTARINHO 4433 NOVA FLORESTA
95020,AVENIDA BALBINO MACIEL 3115 GUAJARA MIRIM
409422,RUA ALTA FLORESTA 1270 SETOR 2
744865,RUA DOIS 16 SANTA EFIGENIA
42432,AVENIDA DOIS DE JUNHO 3829 JARDIM CLODOALDO
1004168,RUA B 215 CIDADE NOVA
88472,RUA MARANHAO 3335 BAIRRO CAIXA D AGUA
996606,RUA ARAPAPA 155 CIDADE DE DEUS
241437,RUA CASTRO ALVES 3260 NOVO HORIZONTE
1081451,RUA DOIS 621 GRANDE VITORIA
962613,RUA 24 DE AGOSTO 66 MORRO DA LIBERDADE
321930,RUA PADRE ANGELO CERY 2610 LIBERDADE
602264,RUA SAO JOSE 79 JORGE LAVOCAT
994190,RUA ANTENOR LANDIN 30 BAIRRO DA PAZ
690546,RUA MARIA HELENA CABRAL LOBO 30 CIDADE NOVA
653997,RUA JOAO FELISMINO MAIA 8 ANA ALVES VIEIRA
668039,RUA GUILHERME FERREIRA 99 CENTRO
1137219,RUA JOSE PRAXEDES 603 FLORES
355836,RUA URUPA 5766 SAO CRISTOVAO
883173,AVENIDA MAGALHAES 408 GILBERTO MESTRINHO
26457,RUA OLAVO BILAC 3457 SETOR 6
277912,RUA LIBEROBADARO 3056 COSTA E SILVA
49367,RUA ANTONIO MOREIRA DE LIMA 1828 JARDIM BANDEIRANTES
157734,RUA WASHINGTON LUIZ 1032 SAO PEDRO
618049,RUA SAO JOAO 768 APOLONIO SALES
486957,RUA JOSE AUGUSTO DE CAVALHO 1 CENTRO
22835,RUA JOSE MAURO DE VASCONCELOS 3173 SETOR 06
539741,AVENIDA NORDESTE 366 TUCUMA
39969,AVENIDA ANTONIO PEREIRA DE FIGUEIREDO 1996 PARQUE FORTALEZA
929036,BECO SAO LUCAS 64 SAO LAZARO
643619,RAMAL RODO 75 R0DRIGUES ALVES
763850,TRAVESSA DA INTEGRACAO 15 NOSSA SENHORA DE APARECIDA
263302,RUA GUARAPUARA 38 ELETRONORTE
1019245,RUA BOMBAIM 147 NOVA CIDADE
878150,AVENIDA IRAQUE 374 GILBERTO MESTRINHO
866513,AVENIDA CONSTANTINO NERY 3616 CHAPADA
740186,COMUNIDADE SANTO FRANCISCO DE ASSIS 16 PASSARELA SEM DENOMINACAO
527091,RUA DA BEIRA DO RIO 192 CENTRO
871678,AVENIDA EDUARDO RIBEIRO 629 CENTRO
486946,RUA JOAO BORGES 2070 CENTRO
91134,RUA VALE FORMOSO 2931 CENTRO
1051636,RUA CUNHA MELO 1886 BAIRRO PETROPOLIS
254936,RUA ESTANDARTE 7460 CUNIA
720098,RUA PERIMETRAL NORTE 1966 CENTRO
695970,ESTRADA FREI SAO BOA VENTURA 1392 MARIUA
288422,RUA NOVO HAMBURGO 1308 TRES MARIAS
596122,RUA PRIMEIRO DE AGOSTO 215 PLACAS
14093,RUA BRASIL 2096 MUTIRAO
456823,AVENIDA SAO FRANCISCO 4790 CIDADE ALTA
1084496,RUA DOS OFICIAIS 60 FLORES
606264,RUA TIAO NATUREZA 68 BAHIA PALHERAL
138904,RUA DOS ACADEMICOS 1200 PARQUE SAO PEDRO
1140182,RUA KAKO CAMINHA 305 SAO GERALDO
270807,RUA JOAO GOULART 775 MATO GROSSO
1061918,RUA DANIEL SEVALHO 558 RAIZ
608585,RUA VASCO 46 DEFESA CIVIL
1130550,RUA JESUS ME DEU 528 MONTE DAS OLIVEIRAS
748073,RUA MANOEL MARQUES 940 ITAMARATI
32824,RUA UMUARAMA 5358 NOVE
922152,BECO JONAS BARRETO 4 SAO LAZARO
565198,RUA DANIEL DE MATOS 38 BOSQUE
337074,RUA DA SAUDADE 2669 CENTRO
111230,RUA FLORIANOPOLIS 1826 SETOR 03
809354,COMUNIDADE BATISTA PENIEL 2 COMUNIDADE SAO JOAO
1094593,RUA ESTELA NOBRE 41 PARQUE 10 DE NOVEMBRO
304356,RUA SAO PAULO 2630 ROQUE
521429,RAMAL DO BANHO 21 BANHO
1090044,RUA EDSON BITTAR 89 DOM PEDRO
167976,AVENIDA JOSE LOPES DE OLIVEIRA 2614 CENTRO
276780,RUA JURUA 1448 SAO SEBASTIAO
394826,AVENIDA PRINCESA ISABEL 7084 JOAO FRANCISCO CLIMACO
217558,CONDOMINIO VILA BELA 6053 TRES MARIAS
145802,RUA LONDRINA 1698 VALPARAISO
599758,RUA RIO GRANDE DO SUL 962 PREVENTORIO
407996,LINHA C 105 79 ZONA RURAL
1115663,RUA IBIA 72 CIDADE NOVA
194590,AVENIDA MACEIO 831 NOVA PIMENTA
961064,RUA 219 14 CIDADE NOVA IV
877481,AVENIDA IGARAPE DE MANAUS 2 CENTRO
492397,AVENIDA COPACABANA 605 25 DE AGOSTO
605673,RUA TANCREDO NEVES 1667 TUCUMA
831819,BOULEVARD PEDRO RATES DE OLIVEIRA 590 CENTRO
1037632,RUA CEZAMIR DUARTE 77 DOM PEDRO II
235205,RUA BENJAMIM CONSTANT 1248 OLARIA
834419,RUA CAROLINA FERNANDES 1156 SAO JOSE
91039,RUA VALE FORMOSO 1264 VISTA ALEGRE
709798,AGLOMERADO DO PERPETUO SOCORRO DO BACABAL 1100 COMUNIDADE PERPETUO SOCORRO DO BACABAL
1103374,RUA G 770 CIDADE NOVA
183177,RUA CELSO CARMINATI 568 JARDIM AEROPORTO
383782,RUA SETECENTOS E ONZE 405 BODANESE
608459,RUA VALERIO MAGALHAES 26 BOSQUE
907615,AVENIDA SAO FRANCISCO CHUVA DE OURO 556 PARQUE RIACHUELO
276827,RUA JURUNA 116 TUPI
219846,RUA 12 DE DEZEMBRO 3642 CASTANHEIRA
140147,RUA EQUADOR 1891 JARDIM DAS SERINGUEIRAS
695140,AVENIDA MARIUA 19 CENTO
44078,AVENIDA MALAQUITA 2728 NOVO HORIZONTE
16389,RUA COLINA VERDE 5798 RURAL
768706,RUA MAMAO 124 MAE CREUZA
1018565,RUA BOM JESUS 93 ZONA LESTE
594838,RUA PLACIDO DE CASTRO 93 TANCREDO NEVES
355833,RUA URUPA 5750 SAO CRISTOVAO
606265,RUA TIAO NATUREZA 69 VITORIA
189846,RUA SAO LUIZ 353 JARDIM AEROPORTO
1122711,RUA ITAPIRAPUA 28 NOVO ALEIXO
887420,AVENIDA PASSARINHO 2079 MONTE DAS OLIVEIRAS
186320,RUA JOSE WENSING 2025 JARDIM NOVO HORIZONTE
806435,RUA UIRAPURU 129 DA PAZ
649507,RAMAL 84 87 RAMAL 84
513609,RUA SAO JOAO DELREY 135 LIBERDADE
726524,RUA GETULIO VARGAS 85 CANUTAMA
128365,LINHA NAZARE 2 4000 NAZARE
471475,LINHA PA 15 14 VALE DO ANARI
980819,RUA ACARI BODO 10 JORGE TEIXEIRA
1138203,RUA JUASEIRO DO NORTE 137 COLONHA TERRA NOVA
802654,RUA JOAO VALERIO 848 JAUARI I
813147,RUA BRASIL 154 VILA DE LINDOIA
435421,RUA JACU 2536 SETOR 05
696108,RUA AMIZADE 208 SAO FRANCISCO
364470,AVENIDA FLORIANOPOLIS OU 2005 7528 SETOR ZICO OU 26
961720,RUA 23 10 CIDADE NOVA
817635,TRAVESSA RAMUNDO AMADEU MAIA 21 ACANAUE
476360,RUA RIO DE JANEIRO 2033 ACRELANDIA
463282,LINHA 16 DO 31 1070 ZONA RURAL
572783,RUA FARROUPILHA 136 BOSQUE
174742,LINHA MC 07 3 MACHADINHO
141535,RUA GOIANIA 1284 NOVA BRASILIA
150087,RUA PARENTINS 969 JARDIM PRESIDENCIAL
25353,RUA MINAS GERAIS 3524 SETOR 05
274863,RUA JOSE DE ALENCAR 3849 OLARIA
602639,RUA SAPOLANDIA 163 CONQUISTA
206540,AVENIDA CAMPOS SALES 4887 ZONA SUL
512157,RUA GERALDO SARAIVA 1060 LIRIOS DO VALE
302775,RUA SALGADO FILHO 2405 SAO CRISTOVAO
87857,RUA GOIAS 2733 BAIRRO LIBERDADE
627420,TRAVESSA JAGUARI 70 ESTACAO EXPERIMENTAL
603187,RUA SEIS DE AGOSTO 886 06 DE AGOSTO
971150,RUA 51 26 NOVA CIDADE
206711,AVENIDA CARLOS GOMES 1933 SAO CRISTOVAO
441609,ESTRADA DA BALSA 96 BR 364
555648,RUA BARBOSA LIMA 194 BASE
376576,RUA CRUZEIRO DO OESTE 695 SETOR 13
1055225,RUA D 387 JORGE TEIXEIRA SANTA INES
876048,AVENIDA GRANDE CIRCULAR 2008 ARMANDO MENDES
679166,RUA PROFESSORA DORALICE 1259 AMATURA
298890,RUA RAIMUNDO VERISSIMO 182 CENTRO
461015,AVENIDA BRASIL 835 CRISTO REI
774832,RUA DAS FLORES 1623 SAO CRISTOVAO
1071722,RUA DEZESSEIS 221 JAPIIM
917085,BECO DA PAZ 15 NOVA ESPERANCA
1113722,RUA HUMBERTO DE CAMPOS 4 SAO JORGE
916052,BECO CUMARU 50 SANTA ETELVINA
439110,LINHA 642 6640 ZONA RURAL
495299,ESTRADA DO PORTO 5 REMANSO
697341,RUA SETE DE SETEMBRO 251 NOSSA SENHORA DE NAZARE
681154,AVENIDA 31 DE MARCO 57 ANORI
203780,AVENIDA AMAZONAS 2935 NOVA PORTO VELHO
858484,AVENIDA BOA ESPERANCA 30 CRESPO
392592,AVENIDA ANTONIO PEREIRA DE SOUZA 6905 CENTRO
663971,RUA RAIMUNDO PAULA 151 BAIRRO SENADOR POMPEU
173419,LINHA ESTRADA DA MINERACAO 37 MACHADINHO DO OETE
953214,RUA 15 232 AMAZONINO MENDES
459073,RUA PRINCESA IZABEL 4648 CIDADE ALTA
301895,RUA RUA JOSE DE ALENCAR 1312 CENTRO
17361,RUA DAS SAFIRAS 1634 PARQUE DAS GEMAS
563508,RUA DA CASTANHEIRA OU TIO ALD0RICO 298 SANTA INES
30179,RUA RUBIS 2401 RURAL NOVA UNIAO
280781,RUA MANE GARRINCHA 3648 ZONA LESTE
1068507,RUA DESENOVE 6 SAO JOSE OPERARIO
917963,BECO DAS FLORES 15 NOSSA SENHORA APARECIDA
496607,RUA AMAZONAS 1761 CRUZEIRAO
1107778,RUA GRAVIOLA 23 CIDADE NOVA
20144,RUA GOIAS 3896 SETOR 5
129463,RUA AMAZONAS 865 PRIMAVERA
912710,BECO BOA SORTE 154 SAO JOSE 2
854230,AVENIDA ALMIR CARDOSO 478 TANCREDO NEVES COMUNIDADE NOVA FLORESTA
743333,RUA B 3 PERA 1
469045,ESTRADA LINHA TN 6 350 ZONA RURAL
847538,RUA DELCIO ACHAO COELHO 95 CENTRO
675135,RUA SAO SEBASTIAO 252 VILA DO V
804905,RUA PAULO MENEZES 72 SAO CRISTOVAO
383061,RUA SEISCENTOS E QUARENTA E DOIS 6522 SETOR SEIS
614429,RUA NOSSA SENHORA DE FATIMA 369 NOVO CALAFATE
193973,AVENIDA FLORIANOPOLIS 1260 NOVA PIMENTA
797938,RUA ANGELIM 444 EDUARDO BRAGA II
1133295,RUA JOAQUIM SANTANA 346 NOVO ALEIXO
838596,RUA MIRITI 1150 CORRENTEZA
278168,RUA LIRIO 5245 SUL
110874,RUA ERMANO DOS SANTOS 1752 SETOR 07
730852,RUA LUIZ FIGUEIRA 108 CENTRO
347337,AVENIDA PORTO VELHO 5720 SAO CRISTOVAO
851625,ALAMEDA IBERE CAMARGO 8 PONTA NEGRA
452829,RUA MATO GROSSO 377 CENTRO
950774,RUA 12 DE OUTUBRO 152 CIDADE NOVA
634372,TRAVESSA SAO LUCAS 150 VILA ACRE
790772,RUA VANESSA GRAZIOTTIN 51 MORADA DO SOL
894040,AVENIDA RIO NEGRO 263 EDUCANDOS
240246,RUA CARDEAL 4200 CALADINHO
181678,RODOVIA RO 470 OU RUA MARECHAL DEODORO DA FONSECA 1561 BAIRRO INDUSTRIAL
1117804,RUA INAMBU 2 CIDADE DE DEUS
69445,RUA CANADA 1080 CENTRO
1137462,RUA JOSE ROMAO 3 SAO JOSE DOS CAMPOS
517894,RUA BARAO DO RIO BRANCO 428 CENTRO
653909,RUA HERMANO A. DA COSTA 59 CRISTO LIBERTADOR
107283,AVENIDA TIRADENTES 1098 SETOR 2
536679,AVENIDA BEIRA RIO 156 BAIRRO CIDADE NOVA
542406,BECO SEM DENOMINACAO 254 SOBRAL
144084,RUA JOAO GOULART 401 RIACHUELO
256919,RUA FESTEJOS 3318 COSTA E SILVA
581501,RUA JOSE LUIZ 40 SANTA INES
510839,AVENIDA SANTOS DUMONT 11 CENTRO
1025867,RUA CACHOEIRA ALTA 708 TARUMA
430450,ESTRADA RAMAL DO PEDRO 11 ZONA RURAL
961365,RUA 22 36 CIDADE NOVA
983113,RUA AGRESTINA 100 GILBERTO MESTRINHO
767203,RUA AJURICABA 615 CENTRO
268771,RUA JAMARY 2030 PEDRINHAS
861879,AVENIDA C 145 PARQUE 10 DE NOVEMBRO
160423,RUA PADRE SILVIO MICHELLUZI 1752 NOVA BRASILIA
894323,AVENIDA RODRIGO OTAVIO 6374 COROADOI
157905,RUA XAPURI 1303 RIACHUELO
247740,RUA DAS CARMELIAS 5572 ELDORADO
145165,RUA JOSE OLIVEIRA 567 JARDIM DOS MIGRANTES
345433,AVENIDA MANAUS 6493 SAO CRISTOVAO
726865,RUA RAIMUNDO GOMES 708 CANUTAMA
435656,RUA PAPAGAIO 2663 SETOR 05
1008592,RUA BARRERINHA 587 GRANDE VITORIA
812968,RUA B 159 NOVO REMANSO
395624,LINHA LH 21 B 23 ARARAS
163157,RUA TENENTE BRASIL 376 CENTRO
1030041,RUA CARAUARI 12 REDENCAO
980896,RUA ACARI CAXIMBO 29 JORGE TEIXEIRA
912129,BECO BELA VISTA 5 PETROPOLIS
2772,AVENIDA RIO DE JANEIRO 4116 CENTRO
398692,RUA MACHADO DE ASSIS 5095 CENTRO
1100061,RUA FONTE BOA 188 GRANDE VITORIA
480788,AVENIDA MARINHO MONTE 1256 FERREIRA DA SILVA
653765,RUA FLORENTINO MORENO 646 BOM SUCESSO
468387,RUA OLAVO PIRES 1319 NOVO HORIZONTE
418160,TRAVESSAO DA C22 PARA C18 B 3 BUITIS
195707,AVENIDA SIMON BOLIVAR 75 JARDIM DAS OLIVEIRAS
365398,AVENIDA JURACI CORREIA MULLER 5866 JARDIM ELDORADO
1117977,RUA INDEPENDENCIA 23 RAIZ
390110,RUA MARACATIARA 1675 CRISTO REI
162021,RUA SAO LUIZ 841 NOVA BRASILIA
1069777,RUA DEZ 316 ALVORADA
610460,RUA VITORIA 707 CONQUISTA
210591,AVENIDA NICARAGUA 2959 EMBRATEL
426920,RUA GONCALVES DIAS 514 UNIAO
921307,BECO IPIRANGA 91 TANCREDO NEVES
776434,RUA K 1461 SAO CRISTOVAO
133049,RUA CAMPO GRANDE 769 SAO FRANCISCO
1011026,RUA BELA VISTA 122 NOVO ALEIXO
584119,RUA LOURIVAL RIBEIRO 288 TRIANGULO
1079933,RUA DOIS 38 ALVORADA
1097025,RUA F 143 PARQUE DEZ DE NOVEMBROL
207629,AVENIDA FARQUAR 7286 NACIONAL
199762,RUA JUARES TAVORA 436 SERINGAL
855613,AVENIDA AUTAZ MIRIM 4849 SAO JOSE OPERARIO
364699,AVENIDA JASMIM 1217 JARDIM PRIMAVERA
147168,RUA MARACATIARA 1311 NOVA BRASILIA
355011,RUA RIO VERDE 6223 BEIRA RIO
270703,RUA JOAO ELIAS DE SOUZA 4633 BAIRRO CIDADE DO LOBO
755984,RUA ALFREDO DE SA 575 CODAJAS
615037,RUA PADRE JOSE 143 TAQUARI
335493,AVENIDA RIO BRANCO 1157 CUNHA E SILVA
1029771,RUA CARANGUEIJO 18 JORGE TEIXEIRA 3 ETAPA
672041,RAMAL DO LEONARDO 78 INVASAO DO BETAO
114122,RUA NILTON OLIVEIRA ARAUJO 967 SETOR 03
529538,RUA FRANCISCO M. DOS SANTOS 335 TAUMARTUGO
459519,LINHA 04 A 94 SAIDA BR
646338,RUA COSTA E SILVA 1270 CENTRO
298602,RUA RAIMUNDO CANTUARIA 4871 AGENOR M DE CARVALHO
216269,BECO ATUM 3988 CALADINHO
1138503,RUA JUCIRI 75 JORGE TEIXEIRA
524719,RAMAL SANTO ANTONIO 58 SANTO ANTONIO
677986,RUA RIO DE JANEIRO 51 VILA DE NOGUEIRA
974816,RUA 8 30 CIDADE NOVA
892261,AVENIDA RIO JAVARI 36 NOSSA SENHORA DAS GRACAS
945766,RUA 03 67 CIDADE NOVA
538559,AVENIDA FRANCISCO PINHEIRO 292 BAIRRO BELO JARDIM 2 RESIDENCIAL SANTO
1101213,RUA FRANCELI NASCIMENTO 9 CIDADE DE DEUS
154487,RUA SURINAME 64 JARDIM DAS SERINGUEIRAS
832604,RUA ALVARAES 195 APARECIDA
723102,RIO MARIMARI 5 ALDEIA JACARE
1012480,RUA BELMIRA COSTA 92 SAO GERALDO
737358,RAMAL DO KM 6 19 ESTRADA DO MANAQUIRI
688856,AVENIDA MARECHAL CASTELO BRANCO 570 CENTRO
110905,RUA ERMANO DOS SANTOS 2071 SETOR 07
801885,RUA INACIO GUEDES 1931 SANTO ANTONIO
142166,RUA HEITOR GUILHERME 603 PARQUE SAO PEDRO
77289,RUA NU ARUAGUES 3910 JORGE TEIXEIRA
109260,RUA ANTONIO MATIAS DOS SANTOS 3437 SETOR 08
130689,RUA ARSENO RODRIGUES 269 URUPA
860167,AVENIDA BRASIL 3803 VILA DA PRATA
370663,AVENIDA BARAO DO RIO BRANCO 3842 CENTRO
274438,RUA JOSE CAUBY 790 CENTRO
113089,RUA MARANHAO 739 SETOR 4
988522,RUA AMAZONAS 7 MORRO DA LIBERDADE
232909,RUA AVAI 2602 CALADINHO
770390,RUA ANTONIO FERREIRA 23 GUAJARA
56196,RUA LUIZ LENZE 3681 VILAGE DO SOL
263692,RUA GUSTAVO MOURA 3668 ZONA LESTE
687151,RUA CUNHA GOMES 498 CENTRO
500690,RUA DOS SOLIMOES 970 BAIRRO DO FORMOSO
70086,RUA ESPIRITO SANTO 955 CENTRO
633624,TRAVESSA SANTA IZABEL 117 SAO FRANCISCO
603729,RUA SEM DENOMINACAO 124 PLACAS
1119864,RUA IRACEMA 45 BAIRRO DA PAZ
1098388,RUA FERREIRA PENA 1240 CENTRO
739991,COMUNIDADE NOSSA SENHORA CONCEICAO 140 RIO APIPICA
133604,RUA CARLOS DRUMOND DE ANDRADE 933 PARQUE SAO PEDRO
262617,RUA GUAIRA 6615 AEROCLUBE
76194,RUA CEREJEIRAS 3233 CENTRO
912320,BECO BELEM 68 COMPENSA
1118393,RUA INDIO CRETA 2 COROADO
681002,COMUNIDADE SANTA MARIA 10830 SOLIMOES
1147210,RUA LOPES CORDOVIL 445 ALVORADA
1145081,RUA LETRA CHINESA 173 DISTRITO INDUSTRIAL
955296,RUA 17 22 CIDADE NOVA
969171,RUA 44 A 83 NOVO ALEIXO
872320,AVENIDA EFIGENIO SALES 1224 ALEIXO
841478,RUA WALDEMAR VENTURA 773 SAO JOSE
991014,RUA AMBROSIO AIRES 312 SAO JORGE
596073,RUA PRIMEIRO DE ABRIL 168 BOA UNIAO
134162,RUA CASTELO BRANCO 407 RIACHUELO
621446,TRAVESSA APARECIDA 854 SANTA MARIA
338751,RUA PADRE ADOLPHO RHOL 2880 CENTRO
961948,RUA 23 DE SETEMBRO 1287 LAGO AZUL
603168,RUA SEIS DE AGOSTO 848 06 DE AGOSTO
305330,RUA SEM DENOMINACAO 265 LAGOA
1086059,RUA DOZE 80 CIDADE DE DEUS
1106269,RUA GIRASSOL 2 PLANALTO
793753,AVENIDA ARMINDO AUZIER 1713 ARAUJO COSTA
7685,AVENIDA CANAA 2497 SETOR 3
962798,RUA 242 20 CIDADE NOVA
1143167,RUA LEO NASCIMENTO 20 CIDADE DE DEUS
554973,RUA BAGUARI 1670 TAQUARI
564847,RUA DA SERINGUEIRA 381 VILA AMIZADE
272240,RUA JOAQUIM ARAUJO LIMA 3131 PORTO VEIHO
289064,RUA ORLANDO FERREIRA 8542 TANCREDO NEVES
53925,RUA JI-PARANA 2127 JARDIM CLODOALDO
658869,ALDEIA JATOBA 32 RIO IACO
974507,RUA 73 MUDOU PARA 63 11 NOVO ALEIXO
767929,RUA BOULEVARD ALVARO MAIA 396 CENTRO
436578,LINHA B 90 63 ZONA RURAL
890537,AVENIDA RAMOS D 256 AMAZONINO MENDES
741009,AVENIDA JOAQUIM ALMEIDA 318 URUCU
759284,ESTRADA DOUTOR OZIAS MONTEIRO 54 CODAJAS
1018205,RUA BOM JESUS 16 NOVO ISRAEL
774583,RUA DAS CAMELIAS 852 SAO FRANCISCO
248021,RUA DAS FLORES 533 FLORESTA
774796,RUA DAS FLORES 1268 SAO JOSE
617468,RUA SAO DAMIAO 66 RUI LINO II
440736,RUA JOSE SILVESTRE 2215 CENTRO
68232,AVENIDA DOS ESTADOS 798 CENTRO
765697,RUA ENFERMEIRO RAIMUNDO JOEL 363 CONCORDIA
112162,RUA JOAO DE ALBUQUERQUE 2312 SETOR 01
714891,RUA RENATO SOUZA PINTO 3975 DESVIO
895445,AVENIDA SETE DE SETEMBRO 1416 CENTRO
915017,BECO CASTELO BRANCO 790 COMPENSA
903801,AVENIDA MARQUES DE TAMANDARE 404 FLORES
348036,AVENIDA SALVADOR 3904 CENTENARIO
712091,BECO SEM DENOMINACAO 157 CENTRO
543796,ESTRADA DA USINA 148 MORADA DO SOL
1103324,RUA G 576 BOM JARDIM
883751,AVENIDA MARCOS CAVALCANTE 820 CIDADE DE DEUS
592082,RUA OMAR SABINO DE PAULA 361 ESTACAO EXPERIMENTAL
587013,RUA MARGARIDA 71 NOVA ESPERANCA
669361,RUA CORONEL BRANDAO 371 CENTRO
1028906,RUA CANDIDO HONORIO 13 PLANALTO
415821,ESTRADA TRAVESSAO 2 20 PA RIO ALTO
430551,LINHA 172 21 ZONA RURAL
1067596,RUA DAS ZINIAS 17 JORGE TEIXEIRA
377249,RUA ERECHIM 5706 QUINTO BEC
832731,RUA ANDRE VIDAL 147 APARECIDA
669153,RUA VINTE E QUATRO DE JANEIRO 37 CENTRO
801638,RUA FRANCISCO GLICERIO 295 BAIRRO COLONIA
16485,RUA CORA CORALINA 3750 SETOR 11
706522,RUA VICENTE LOMAS 5 BAIRRO SAO RAIMUNDO
1130581,RUA JOANA DARC 7 ZUMBI DOS PALMARES
1070748,RUA DEZENOVE 23 CIDADE NOVA
785062,AVENIDA MAJOR GABRIEL 113 GRACA LOPES
454243,LINHA LINHA 41 17 LINHA 41 KM 4 PRIMAVERA DE RONDONIA
972558,RUA 60 15 CIDADE NOVA
672392,RAMAL LINHA 07 357 PROGETO HUMAITA
510606,AVENIDA AMAZONAS 243 LIBERDADE
503557,RUA REGOS BARROS 1850 AV 25 DE AGOSTO
252166,RUA EDUARDO LIMA E SILVA 1032 AGENOR M DE CARVALHO
918903,BECO DOIS 160 BAIRRO DA PAZ
178660,RUA PRESIDENTE JOAO FIGUEIREDO 3207 SETOR 13
976589,RUA A 14 COROADO
549728,RUA A 1126 NOVO HORIZONTE
1033189,RUA CASTELO BRANCO 18 COLONIA OLIVEIRA MACHADO
444054,RUA FORMOSA 3103 CENRO
875047,AVENIDA G 1042 NOVA CIDADE
1143299,RUA LEONARDO MALCHER 101 NOSSA SENHORA APARECIDA
351340,RUA BRASFLOREST 5733 JARDIM TROPICAL
1100002,RUA FNA 108 JORGE TEIXEIRA
294721,RUA PIRITUBA 384 AYRTON SENNA
657786,RUA SANTA HELENA 157 CRISTO LIBERTADOR
1141807,RUA LACO DO AMOR 53 JORGE TEXEIRA 1 ETP
29630,RUA RIO PARDO 885 DOIS
220240,RUA 3 53 NOVO HORIZONTE
262020,RUA GRALHA AZUL 7279 TRES MARIAS
1086159,RUA DOZE 123 CIDADE NOVA
371770,AVENIDA MARECHAL RONDON 6148 TANCREDO NEVES
30319,RUA SABURANA 1776 SETOR 01
517186,RUA NESTOR FERREIRA BRAGA 537 ESPERANCA
85098,AVENIDA PIAUI 2736 CENTRO
114172,RUA NILTON OLIVEIRA ARAUJO 1449 SETOR 03
701587,ESTRADA BC T002 1907 BOM JARDIM
413430,RUA RIO PURUS 1847 SETOR 05
329968,RUA 50A 4 NOVA MUTUM
205177,AVENIDA CALAMA 2801 LIBERDADE
526129,RUA MENDES DE ARAUJO 746 MANUEL URBANO
1111032,RUA H 47 ARMANDO MENDES
1111422,RUA HAITI 176 NOVA CIDADE
476626,RUA SETE QUEDAS 1379 ACRELANDIA
898712,AVENIDA TORQUATO TAPAJOS 6437 TARUMA
354349,RUA OURO PRETO 6707 BOA ESPERANCA
345062,AVENIDA MACEIO 5703 SAO CRISTOVAO
85132,AVENIDA PIAUI 3122 BAIRRO LIBERDADE
109576,RUA BELO HORIZONTE 2789 SETOR 01
1094670,RUA ESTORIL 24 NOVA CIDADE
1077499,RUA DO MARISAL 630 SANTO ANTONIO
1005591,RUA B VINTE 1568 JAPIIM
363330,AVENIDA CINCO 1626 BELA VISTA
284534,RUA MIGUEL CALMOM 3259 ZONASUL
210690,AVENIDA PINHEIRO MACHADO 195 FLODOALDO PONTES PINTO
56320,RUA LUTHER KING 2176 JARDIM CLODOALDO
153427,RUA SEABRA VIEIRA 1119 NOVA COLINA
976358,RUA A 7 COROADO
794763,AVENIDA MARIO ANDREAZZA 3253 SAO FRANCISCO
668456,RUA MARIA DE BRITO 67 SIBERIA
1046081,RUA COARI 43 TANCREDO NEVES NOVA CONQUISTA
424858,RODOVIA BR 421 171 None
1107186,RUA GOIBARANA 221 MONTE DAS OLIVEIRAS
470660,AVENIDA VEREADOR ACYR JOSE DAMASCENO 4381 CENTRO
265321,RUA IDALINO KRUGER 276 CENTRO
993539,RUA ANGELIM 142 PARQUE RIACHUELO
745730,RUA F 3 UNIAO
1105528,RUA GERGELIN 46 JORGE TEIXEIRA
1130230,RUA JERUSALEM 58 MAUAZINHO JERUSALEM
859620,AVENIDA BRASIL 96 SANTO AGOSTINHO
852178,ALAMEDA TUCUMA 104 FLORES
532804,RAMAL ENCRENCA KM 5 16 ENCRENCA KM 5 LADO DIREI
868915,AVENIDA DAS OLIVEIRAS 40 NOVO ISRAEL
967192,RUA 38 121 COMUNIDADE PORTELINHA SAO JOSE 2
692715,LAGO ACARA 13 MANDII
327842,RAMAL 3 BURITIS 4 PORTO VELHO
847175,RUA 31 DE MAIO 9 CONJUNTO NOVO
231160,RUA ARARIBOIA 316 TUPI
507094,AVENIDA RAIMUNDA NONATA DIAS DA SILVA 214 VILA SANTA ROSA
493944,AVENIDA SAO PAULO 1148 CRUZEIRAO
72563,RUA RIO DE JANEIRO 1651 CENTRO
1091455,RUA EMILIO MOREIRA 55 CENTRO
7599,AVENIDA CANAA 1793 AREAS ESPECIAIS
106379,AVENIDA FRANCISCO VIEIRA DE SOUZA 190 CENTRO
173958,LINHA LJ 4 141 MACHADINHO
979375,RUA A7 4 CIDADE NOVA
172535,RUA SABIA 3784 BAIRRO BOM FUTURO
241082,RUA CARUANA 4025 ZONA LESTE
808053,RUA PROFESSORA RITA C. DIAS 3946 TIRADENTES
510022,RUA ESTRADA DO PENTENCOSTE 8170 SANTA LUSIA
88753,RUA MINAS GERAIS 1632 MORADA DO SOL
790392,RUA SEM DENOMINACAO 899 CACAU PIRERA
934084,BECO SANTA ISABEL 18 COMPENSA
679430,COMUNIDADE SAO FRANCISCO DO CANIMARI 6 SAO FRANCISCO DO CANIMARI
641517,RUA BRASILEIA 354 RODRIGUES ALVES
373688,RUA 347 531 VILA OPERARIA
211295,AVENIDA PINHEIRO MACHADO 7335 TEIXEIRAO
109850,RUA CANDIDO PORTINARI 1041 SETOR 07
1127174,RUA JANE SUELY 67 CRESPO
555525,RUA BANDEIRANTE 127 VITORIA
520363,RUA CARLOS GONCALVES DE FARIAS 1663 CENTRO
552301,RUA ALVORADA 253 VITORIA
738141,RODOVIA BR 319 32 BR 319
67458,LINHA MATO GROSSO 70 LINHA MATO GROSSO
283937,RUA MESTRE VALENTIM 5428 TEIXEIRAO
417732,RUA QUINZE DE NOVEMBRO 883 SETOR 8
219880,RUA 15 DE NOVEMBRO 3337 ZONA SUL
475196,RUA ALUIZO FLORIANO FERREIRA 2615 ACRELANDIA
100424,AVENIDA PEDRO ELEOTHERIO 1214 TAMANDARE
915278,BECO CENTRAL 58 GLORIA
876744,AVENIDA H 100 CIDADE NOVA
867846,AVENIDA CRISTA 77 NOVO ISRAEL
603251,RUA SEIS DE AGOSTO 1228 BAIRRO 6 DE AGOSTO
544908,ESTRADA DO JUDIA 874 BAIRRO AREAL
91472,RUA DOUTOR MIGUEL V FERREIRA OU RUA DAS NACOES UNIDAS 1830 VISTA ALEGRE
380228,RUA NOVECENTOS E TRES 2097 BAIRRO NOVA ESPEANCA
550692,RUA ADOLFO BARBOSA LEITE 188 BAIRRO 15
546650,RODOVIA AC 40 2924 VILA ACRE
794087,AVENIDA JOSE TADROS 3318 EDUARDO BRAGA II
6056,LINHA 42 5 85 ZONA RURAL
890741,AVENIDA RAMOS FERREIRA 321 NOSSA SENHORA APARECIDA
14694,RUA CACAULANDIA 2354 APOIO SOCIAL
502439,RUA MATO GROSSO 2373 SAO JOSE
1098310,RUA FERREIRA PENA 845 CENTRO
365464,AVENIDA JURACIR C MULLER 6603 SETOR SEIS
436957,LINHA C 105 42 C 105
81081,AVENIDA ANTONIO JOAO 549 SETOR 0001
991100,RUA AMBROSIO AIRES 568 SAO JORGE
194411,AVENIDA JOAO PESSOA 603 NOVA PIMENTA
169906,AVENIDA SAO PAULO 3759 CENTRO
1017566,RUA BOLDO 47 JORGE TEIXEIRA JOAO PAULO 2
302581,RUA SALGADO FILHO 1126 MATO GROSSO
351592,RUA CAPIBARIBE 3903 INDUSTRIAL
712429,RUA BARAO 106 PRAIA DO GADO
410038,RUA CACAULANDIA 948 CENTRO
90915,RUA UM DE MAIO 2163 JORGE TEIXEIRA
433717,AVENIDA GALO DA SERRA 2256 SETOR 01
242276,RUA CHEGUEVARA 8845 PORTO VELHO
475117,RUA ADENILSOM ROGERIO DE OLIVEIRA 1563 ACRELANDIA
767321,RUA ARMANDO MENDES 311 SAO FRACISCO II
183607,RUA DOS EXTENCIONISTAS 2154 RONDOMINAS
982821,RUA AGANA 180 NOVA CIDADE
373754,RUA 347 A 560 VILA OPERARIA
242585,RUA CHIRLEANE 6644 IGARAPE
626043,TRAVESSA FEIJO 165 MAURI SERGIO
79482,AVENIDA ITALIA CAUTIERO FRANCO 1400 CENTRO
101984,AVENIDA TOUFIC MELHEM ABICHABIKI 3213 GUAJARA MIRIM
847632,RUA ESTELIANO SANTOS 189 CENTRO
1029711,RUA CARAMBOLA 87 SANTA ETELVINA
321112,RUA MARECHAL DEODORO 804 AREAL
732248,COMUNIDADE ACENTAMENTO 30 ACENTAMENTO
181608,PRACA DOS MIGRANTES 98 JARDIM TROPICAL
433342,AVENIDA CUJUBIM 3458 SETOR 06
666226,RODOVIA 364 29 FLORESTA DOS MOGNO
582585,RUA JURUA 49 PORTAL DA AMAZONIA
1074423,RUA DJALMA DUTRA 14 NOSSA SENHORA DAS GRACAS
676053,RUA JANUARIO BORGES 260 CENTRO
17924,RUA DO SABIA 1158 SETOR 2
994525,RUA ANTONIO DOS PASSOS MIRANDA 3 PETROPOLIS
590029,RUA MONTE SINAI 454 BAIRRO SANTA HELENA
456960,RUA AIRTON SENA 3893 CIDADE BAIXA
44970,AVENIDA PORTO VELHO 2215 CENTRO
278210,RUA LIRIO 6489 TRES MARIAS
353283,RUA JAGUARIBE 4698 CENTRO
229150,RUA ANTONIO MARIA VALENCA 5369 FLODOALDO PONTES PINTO
546271,RAMAL MARTINS BRUZUGU 156 SANTA MARIA
141565,RUA GOIANIA 1536 NOVA BRASILIA
883933,AVENIDA MARGARITA 2258 NOVA CIDADE
742744,RUA ALFREDO SEVERINO 38 URUCU
871381,AVENIDA E 231 ALVORADA
991593,RUA AMOR CRESCIDO 29 JORGE TEIXEIRA JOAO PAULO 2
730735,RUA LAIDE ALVES DE OLIVEIRA 392 SAMUEL AMARAL
260321,RUA GERALDO SIQUEIRA 3020 ZONA SUL
26964,RUA PAPOULAS 2935 SETOR 4
11917,RUA ALDEBARAN 4797 RURAL
439342,LINHA 660 1 COLINA VERDE
1139682,RUA JUVENAL TAVARES 216 AMAZONINO MENDES II
973240,RUA 7 1 COLONIA SANTO ANTONIO
398790,RUA MONTEIRO LOBATO 5009 CENTRO
790947,RUA DEPUTADO ALFREDO 2660 GRACA LOPES
834500,RUA CASTRO ALVES 954 CENTRO
311195,RUA TORRES 3430 ZONA SUL
595480,RUA PORTO ALEGRE 705 PORTAL DA AMAZONIA
531756,RUA WILSON TENDRO CARVALHO 115 CENTRO
65085,LINHA 06 78 CACOAL
147502,RUA MARINGA 484 NOVA BRASILIA
505329,RUA MAJOR ASSIS DE VASCONCELO 55 AV 25 DE AGOSTO
704185,COMUNIDADE NOVA PROSPERIDADE 2 COMUNIDADE NOVA PROSPERIDADE
517230,RUA ORLANDO CORREIA SENA 349 NAIR ARAUJO
23883,RUA MACAUBAS 4817 NOVE
746285,RUA G 107 PERA 3
21513,RUA INGAZEIRA 1810 SETOR 01
618720,RUA SAO MARCOS 60 FLORESTA
283791,RUA MEDIANEIRA 6069 CUNIA
998852,RUA AROEIRAS 399 MONTE DAS OLIVEIRA
213857,AVENIDA RIO MADEIRA 3167 PORTO VELHO
2494,AVENIDA PARANA 4522 SANTA FELICIDADE
637396,RAMAL OLHO DAGUA 10 TRANSA ACREANA
169622,AVENIDA MARECHAL DUTRA 4129 BAIRRO BOM FUTURO
28781,RUA REGISTRO 4894 NOVE
819094,COMUNIDADE SAO JOSE DO UARA 25 SAO JOSE DO UARA
69625,RUA CEARA 710 CENTRO
629193,TRAVESSA MEL 971 ELDORADO
959808,RUA 21 11 COROADO
18091,RUA DOS BANANEIROS 269 VILA DO SOSSEGO
606258,RUA TIAO NATUREZA 53 MANOEL JULIAO
580447,RUA JOAO PESSOA 293 PORTAL DA AMAZONIA
971791,RUA 58 13 NOVA CIDADE
543002,ESTRADA AC90 320 SOBRAL
796787,RUA ABDON MAMED 1771 SANTO ANTONIO
686560,VILAREJO RUROPOLIS 7 KM 35
214335,AVENIDA SETE DE SETEMBRO 1355 CENTRO
425088,AVENIDA AIRTON SENNA 846 UNIAO
614765,RUA PADRE CICERO 752 CONQUISTA
152607,RUA RIO NEGRO 1549 JARDIM PRESIDENCIAL 3
247522,RUA DANIELA 5650 APONIA
174172,LINHA LU 2 12 MACHADINHO DO OETE
499496,RUA DO EMBIRA 1211 CENTRO
754259,MATA DE SAO JOAO EVANGELISTA 20 SAO JOAO EVANGELISTA
512603,RUA MARIA RAIMUNDA CHAVES 111 LIBERDADE
738414,RUA 1 10 VILA DO ARACA
391266,LINHA 74 SUL 74 ZONA RURAL
91936,RUA SAO CARLOS 1808 BAIRRO CAIXA D AGUA
9118,AVENIDA JARU 3083 BNH
550725,RUA ADOLFO BARBOSA LEITE 370 TRIANGULO VELHO
637662,RAMAL PICAREIRA 520 AMAPA
690203,RUA JOSE INACIO 200 BAIRRO NOSSA SENHORA APARECIDA
44200,AVENIDA NACOES UNIDAS 2283 BAIRRO PRINCESA ISABEL
465133,AVENIDA PRESIDENTE DULTRA 697 CENTRO
1072947,RUA DEZOITO 20 CIDADE NOVA
250541,RUA DOIS 2501 NOVO HORIZONTE
47275,RUA 0LINTO FOLI 4013 VILAGE DO SOL
1150115,RUA M 58 JORGE TEIXEIRA 4 ETAPA BAIRRO NOVO
78902,LINHA QUATRO 9 LINHA QUATRO
440799,RUA JOSE VALDIR PEREIRA 2187 CENTRO
749934,RUA SEBASTIAO SALINGNAC 575 CENTRO
645733,RUA 3 310 FAZENDINHA
707374,RIO PARANA DO IAUARA 14 PARANA DO IAUARA
60090,RUA SANTOS DUMONT 2128 NOVO HORIZONTE
791508,TRAVESSA SETE 57 CIDADE NOVA
167390,AVENIDA FRANCISCO DE ASSIS 2819 CENTRO
232889,RUA AUREA 2755 PORTO VELHO
464894,AVENIDA JUSCELINO KUBISCHEK 1353 CENTRO
879154,AVENIDA ITAUBA 1567 JORGE TEIXEIRA JOAO PAULO 2
920298,BECO GEMA 137 SAO JOSE OPERARIO
724377,AVENIDA MANOEL FERREIRA DE OLIVEIRA 405 BAIRRO NOVO HORIZONTE
1059302,RUA DA PAZ 118 CHAPADA
285741,RUA MONET 100 PEDRINHAS
385264,RUA UM MIL QUINHENTOS E OITO 2481 CRISTO REI
1024637,RUA C CONJUNTO POUPEX 107 SAO JOSE 4
1026160,RUA CAIENA 12 NOVA CIDADE
265847,RUA IMBITUBA 2953 CALADINHO
398975,RUA SEBASTIAO NOGUEIRA VAZ 7212 CENTRO
415802,ESTRADA TRAVESSAO 28 MENEZES FILHO
1044744,RUA CIPO ALHO 201 JORGE TEIXEIRA JOAO PAULO 2
530874,RUA MOACIR DE P. E SOUZA 130 MULTIRAO III
425983,RUA CASTELO BRANCO 269 SATELITE
1059960,RUA DA PAZ 549 CAMPOS SALES
655546,RUA PIAUI 1380 CAFEZAL
830912,AVENIDA BARAO DO RIO BRANCO 1696 SAO FRANCISCO
579278,RUA JAQUELINE1 129 ESTACAO EXPERIMENTAL
463248,LINHA 16 DO 31 661 ZONA RURAL
875230,AVENIDA GETULIO VARGAS 18 COLONIA ANTONIO ALEIXO
1025822,RUA CACHOEIRA ALTA 275 TARUMA COMUNIDADE RIO SOLIMOES
713913,RUA JOSE COSTA 405 PLATO DO PIQUIA
276789,RUA JURUA 1486 SAO SEBASTIAO
1022134,RUA BURITI 26 COLONIA TERRA NOVA
