id,endereco
391672,RODOIVqA BR 429 11 RODOVIA 429 429 BR
955593,qRUA 17 422 ALVROADA
510752,AVENIeDA INTERNACIONAL 269 CENTRO
875195,AVENIDAGETULIO VARGsS None COoLONIA ANOTNIO ALEIXO
413998,RUA VALE DO ANARI ANAR 1149 SETOR 2
998553,djA ARMANDO MENDES 55 PAQUE 10
175697,LINHA fB 16 147 MACHADIHO
230714,RUA AQUARIQgARA 284 ELDORADO
909127,AVENIDA VISC0NDE DE PORTO SEGURO 730 PARQUE 10 DE NOVEMBRO
875323,AVENIDAg GETULIp VARGAS 116 COLONIA ANTONIO ALEIXO
123576,AVENIDA hRASIL 268 NOVA BRASILIA
1061336,RUiA DALIA 3 SANTOANTONIO
445922,RUA VINTEE OITO DE NOVEMBRO 2293 CENTRO
945284,A02 RU 31 NOVA CIDADE
1014129,BENJAMIN CONSTANT None PETROPOLIS
736615,LAGO P nA E CASTANHO 125 PA
135414,RUA CEDRO CyEDRO 5510 JK
747984,gMANOEL MARQUES RUA 525 CHAiGS AGUIAR
724954,RUA TANCREDO None CENTRp
173192,ESTRADA ORIENE NOVO 38 ORIENTE DISTRITO NOVO
286201,RUA RUA MOSTARDEIRO 8763 SAO FRANhCISCO
387449,ESTRADA DA SFAZENAS 48 FAZENDA RECANTO DOS PASSAROS
590387,URUPI 413 VITOiRIA
510879,AVENIDASANTOa DUMONT 250 CENTRO
1069576,RUA DEZ 195 CIDADE nDE EDUS
1114864,RUA I 69 NOVA CIDAhDE
647944,RûA ROBERTO ROLA 4060 CENTRO
680141,RUA LEONIDAS JOSER EGIS RODRIGE$ . 907 ANzMA
954955,RUA 16 DE JULHO 4 COROADO
337889,RUA NOVA BRASILIA 2398 CENTRO
528186,AVEIDA DIAMANTINO AUGUSTO DE MACEDO 956 CENTdO CENTdO
858342,AVENIDA BïLLIE HOLjDAY 29 PQ DEZ DEZ DEZ DE NOVEMBRO
396632,AVENIDA JORGETIEXEIRA 4691 CENRO
459681,LINHA 05 B 22 ASSENTAMENTO yOG ODA ONCA
603876,RUA SEM DENOMNIACAO 211 oLACãS
892396,AVjENIDA IRO JAVARI 36 NOSSA ENHORA DAS GRACAS
875070,AVENIDA 1620 CIDãDE
1019147,RAU BOM PASTOR PASTOR 276 COLONIA TERRq NkVA
740499,ESTRADA DO MIRITI 37 NOSSA SENHORA DO PERPETUO SOCORRO
62318,RUA MãRECHALDEODORO DA FONSECA 2071 CENR
614238,RUA NOSSA SENHORA DA CONCEICAO 2 931 BAIRRbO 15
434679,RUA CURzNGO 1271 02 SETOR
876719,AVENIDA H 47 CIDAED NOVA NOVA
1026589,RUA CALCUTA 3 NOVA CîDADE
733243,RUA AGUA BRANCA 17 BIARRO NOVO
387545,ESTRDA SAO LOURENCO 25 SAO LOURENCO
986259,URA ALFRED DA MATA 38 SAO JORGE
903302,AVENIDA DUQUE CAXIAS 1648 PRACA 14 DE JANEIRO
790592,RUA TREVO None MORDA DO SOL
234251,RUA BEIRA RIO 2977 COSTA En
613641,RUA MAJOR LADISLAU FERRERIA 1024 ALAB
24280,xRUA MACHADO DEq ASSIS 3983 SETOR 06
767058,RUA 4 58 VILA MARTINS
485050,RUA MAJOR SLINAS SALINAS 155 CENTRO
219726,RUA 1DE MAIO 1533 ãCSTANHEIRA
233712,RUA BARLAVENTO 2493 ZONA SUL
197306,ESTRADA DO AEROPORTO 230 BELA VISTA
819309,RUA RIO 12650 TAMANICUA TAMANICUA
253513,RUA EMIDOI ALVES ALVES FEITOSA 2194 FLODOALDO PONTES PINTO
555403,VERDE RUA BAIXA BAIXA 391 CIDADE NOVA BAIRRO
433646,AVENIDA GALO DA SRRA 1323 SETOt 30
889777,AVENIDA AVENIDA PRAIA DO FUTURO 886 TARUMA COMUNIDADE SAO PEDRO
789079,RUA LUORENCO LUORENCO BORGHI 7400 MORADA D0 SOLb
1151087,RUA MACjsI 10 FLORES
532149,RAMAL AC 400 None FAZENDA IRMAOS RAMOS KM 03
582923,UA LAGOINHA None BA UIAO
1117577,RUA INACIO GUIMARAES 35 EDhCANDOS
218113,ESTRDA DE FERRO MADEIRA MAMORE 1141 TRIANGUL
818692,RUA SENADOR JOAO BOSCO None JURUA
808123,RUA RUAw SANTA CLARA 48 MAjOUx AMED
320076,RUA DUQUE ED CAXIAa 390 CAIARI
327278,LINtHA PV 8 4 POTOp VELHO
439941,VENIDA PREIDENTE MEDICI None CENTRO
143675,RUA JI PARANA PARANA PARANA 129 CAPLEASSO
949853,UA 1s1 346 CIDADE NOVA
41084,AVENIDA CELESTINO ROSALINO 1994 VISTA ALEGRE
247530,RUA DANIEL 5670 AlONA
267052,RUA ITATIAlA 8943 SAO FRANçSICO
937051,BECO SAO JORGmE 30 COLONIA OLIVEIRA MACHADO
662518,RUA JOAOw DE PAIVA 95 BcAïRRO SENADOR POMPEU
665571,TRAVESS ASEN DENOMINACAO DENOMINACAO 565 BAIRROS ENADOR POMPEU
1013512,RUA BEM TE VI 142 TARUMA ACU
68306,AVENIDA DOS ESTADSO 1881 CêNTvRO
472974,ESTRADA LH 199 INICOI 21 IdNICIO
286357,MUNIQUE 3217 CIeDADE NOVA NOVA
463693,RUA ALMIRANTE BARROSO 310 CENTRO
261294,RUA 3152 SLû
155335,RUA TdREZINA 2106 NVOA BRASILIA
657413,RUA MAJOR JOAO CANCIO 427 CAFEZAL
316021,RUA VILA MARINA 8904 PORTO VELHOw
335991,AcENIDA 2092 ERNANDES GONCALVES
1067333,qRUA DAS TULIPAz 25 JORGE TEIXEIRA 1 1 EAPA
340613,RUA GOVERNADOR OSVALDO PíAwNA FILHO 1660 CENTRO
1074916,RUA DO AREAL 21 COMPdN$A
66008,LzINHA 11 20 CACOAL
547367,R U04 289 OBRA DO PAC
205338,AVENIDA CALAMA 4343 LODOALDpO PONTES PINTO
276305,RUA JULIA 7284 IGARAPr
310297,RUA TEOTONI VILELA 8019 JUSCELINO KUIBTSCHEK
15345,CASSIMIRO ABREU DE DE RUA 3466 áETOR COLONIAL
934401,BECO SANTA MARIA 40 ALVORAfA
1126297,JAMRI 75 NOSSzA SENHORA DAS GRACAS
1059647,RUA A PAZ PAZ 272 BETzNIA BETzNIA
785172,BéCO NOSSA SENHORA APARECIDA 10 LARAAJL
605645,bTAMBUATA RUA 3323 TQAUARj
219611,RUA 1 None FLORESTA
720909,TRAVESSA CSTELO BRANCO 433 IPIRANGA
892689,AVENIDA RIOMAEIRA 1014 NOSSA SENHORâ DAS GRCAS
288450,RAU jOVO MUNDO 2003 AEROCLUBE
1079071,RUA ODIS 8 SANTO GOSTINuO
996777,RUA ARARAQiARq 47 GILBERTO MESTRINHO
1013330,RUA BELO HORIZONTE 1830 DRIANOPOILS
354175,RUA iLAVO BILAwC 992 BAlIRRO CIADDE ALTA
890182,AVENIDA PRIMEIRO DE MAIO 558 SANTO AGOSTINHO
1084531,RUA OSw PALMARES 26 BAgRRO DA PAZ
702393,RUA FLORESTA None ALDEIA INDIGENA POROT CORDEIRINHO
358852,AVENIDA B1 21 BAIRRO DA SAUDE
509658,RUA ãGROVIpA II 270 fCRUZtEIRO DO SUL
72905,RUã RONDONIA 1596 CETNRO
540934,BECO BEIRA RIO 54 BAIRRO CIDADE NOVA
810469,E$TRADA RONDON 2 29 COMUNIDADE
653633,RUA EDS0h SALES 19 BOM $UxESSO
752735,COMUNIDADE SANTA LUZIA 9 RlO SOLIMOES
118124,RUAT APrAJOS 3413 SETOR 02
84824,UNIAO2 SITIO None LNHA 4
1323,AhVENIDA AhVENIDA CUIABA 4965 aCIDADE
683336,RUA AMAPA 580 CENTRO CENTRO
450309,RUA BELO BELO HORIZONTmE 1854 ECNTO
271521,RUA JOAO PEDRO DA ROCHA 1134 NOVAP ORTO VELO
260566,RUA GéRALDO SIQUEIRA 4415 CALADINHO
234377,RUA BEItA BEItA SUL 7685 TRSE MARíAS
328037,RâMAL JATUARANA JATUARANA 68 PORTO
657780,RUá SANTA HELENA 128 CRISTO |IBERTADO
496906,URA ABHIA 1285 CENTR
1056547,RUA DA ESTNAAfE 23 OCMPEvNSA
1138222,RnUA JUAC None JORGE TEIXEIRA JOAO PAULO 2
321920,RUA PADRE ANGELO CERY 2570 LIBERDADE
24617,RUA MARACANA 1086 DOIS
327638,LOGRADOURO 999999 LOGRADOURO 999999 103 FmACE 99999
720871,TRAVESSA CASTELO BRtANCO None CjRISTO REI
731223,RUA RIMUNDO PORFILIO DO NASCIMENTO 34 FáITMA
1075855,fUA DO CAMPO 177 sANTO AGOSTINHO
128822,RUA ABILIO FREIRE DOS SANTOS 610 CASAP RETq
1151516,RUA MAGALHAES BARATA 79 RCESOP
872865,AVENIDA ESTRADA DO ALEIXO None SAO JOSE OPERARIO
558233,RUA BOTAFOGO 233 BAIRRO DA PAx
232780,RUA ATASL 26 TRES MARIAS
572381,RUA EUFmRATS 20 RESïDENCIAL IOLANDA
621307,TRAVESSà AMELIA RAARIPE 173 AVIAlRIO
800764,RUA EDUARDO RIBEIRO 69 JAUARI
243129,RUA C1zRA NUNES 6396 PORTO VELHO
631674,TRAVESSA SANTOS DRUMOND 674 CONJUNTO
999308,RUA ARrITUBA 76 NOVA CONQUlSA
805861,RUA RONDObIAt 118 SAO FRANCISCO
27024,RUã PARANA 3315 SbETsOR 05
572360,RUA EUCLDIES DA CUNHA 283 CpNJUNTO ESPERANC
1114507,fUA o 11 LIRIO DO VALE
843811,TAVES5A JOAO LELES 1663 BRIIBIRî
298851,RUá RAIMUNDO PINHEIRO 2796 SAO JOOA BOxCO
936047,BECO SAO FRANCISCO 51 aCOwMPENSA
1057292,RUA DA INDUSTRIA 7 COPENSq
151159,RUA PREBITERO ONORATO PEREIRA 3906 SOA FRANCISCO
849911,RU A02 70 VILA DO JANUACA
204550,AEVNIDA BRASILIA 1749 SANTã BARBâRA
719652,RUA EFIGENIO SALLES 8 RdCREIO
154870,RUA RUA TARAjUACA 2366 SOA nPEDRO
367986,AVENIeA ROSALINDA A. MARãNGONI 2921 JARDIM AMERICA
758214,RUA TIRADENTES 1317 CODAJAS
376639,RUq DAL TkE 450 BAIRRO JARDIM ELDORADO
748258,RUA MIRO DE SpUZA 9 úNuAO
590271,UA MORUT None CONfQUISTA
510490,AVENIDA 25 DE DEZEMBRO 145 JOSE HASSEM
714284,tUA NOAV 988 PLATOR DO PIQAI
1072370,RUA DEZESSETE 30 LIRIO D OVALE
250316,RUsA DO $OL 762 FLORESTA
410270,CENTAL CANAL CENTAL RUA None CENRTO
1113798,RA HUMBERTO DpE CAMPOS 69 JORGE SA0
1135308,RAU CHEVALIER 72 MORdRO DA LIBEfDADE
835622,RUA EZANOR ATjAIDr 628 AO JOSE
283527,RUA MASSAGAzNA 3497 CyNIA CyNIA
320242,RUA DUQUE DE CXAIàS 3130 NOVA PORTO VELHO
701027,AVENIDA CASgELO CASTELO BRANCO None COLONuA
135594,RUA CIL 323 JARDIM DAS SERINGUIERAS
7305,eGUANUMBI 1421 SETOR 2
139798,RUA DOS PROFETAS 240 PRIMAVERA
233332,RUA BANDONION 5593 SUL ZONA
1092453,RUA EPITACIO PESSOA 16 SAO LáZRAO
550628,RUA ADERBAL BRASIL 493 MAONêL JULIAO
543202,ESTRADA DA FLORESTA 1769 FLORESTA
344101,AENID GOIANIA 4843 RIO BEIRA
78265,RUA TUPîNAMBA 3173 CRUZEzlRO
432780,AVENIA CANARIO 1008 SETOR 3 3
112706,MMAORE 853 STOR 2
519161,TRAVESSA SEM DENOMINACAO 1446 ZENAIDE PAIVA
273808,RUA JOS EBONIFACIO 1292 OrLARIA
901468,AVENIDA DESEMBARGADOR GASPAR GUIMARAES 239 BAIRR ODA UNIAO
494000,AVENIDA SEABRA 531 BAIRRO BAIRRO DO FORMOSO
930592,BECO SETE DE SETEMBRO 69 JORGE TEIXEIRA
261900,RUA GRAFIA 4839 CIDADE DO LOBO
1017608,RU BOLDO 90 JORGE TbEIXEIRAf JOAO PAULO 2
522421,RUA JOSE DE zwBREU 37 BAIRRO IRACEMA
797752,RUA AMPA 3455 SAO FRANCISCO
183830,RUA SERINGUEIRiS DOS 1279 JARDIM TROPICAL
313876,RUA VALE DO SOL 2364 OV AFLORESTA
787856,RUA DA CASTANHEIRA 503 SAO JOSE
579330,RUA JASMIN None PRIMVAERA
501377,RUA FLOIRANqO PEIXOTO 1773 REMANSO REMANSO
789532,RUAP AULOF REIRE 3090 MORADA DO
964109,RUA 260 5 CîcADE NOVA
392411,AVENIDA ANONIO LUCAS DE ARAUJO 3687 CENTRO
261003,RUA GETULIO GETULIO VARGASx 2152 SAOi CRISTOgAO
635736,ESTRADA QUIXqDA 4031 FAZ NOVA ESPERANCA
525364,RUA SABINO SABINO CHAGAS 535 MANUEL URBAN
540069,AVENIDA PRAIA OD AMAPA 4 LOTEAMENTO PRAIA DO AMPA
214088,AVENIDA RIO MADEIRA 5538 NOVA ESPEeANCA
891505,AENIDA RIO BRNACO 27 CIDADE DE DEUS
386238,RUA PRESIDENTE MEDICE 530 CENgRO CENgRO
579814,RUA JOAO CHALUB 20 MAgNOEL MANOEL JULIAO
226668,RUA ANAPOLIS 9359 ZOA LESTE
745836,FABIO LACERDA RzUA 86 PERA 2
799953,RUA CARwLOS HENRIQUE MOEHRING MOEHRING 864 SAO JORGE
206569,SALES AVENIDACAMPOS 5207 OZNAo SUL
811605,RMAL DO jNCRA I 13 COMUNIDADE NOSSA SENHORA DE NAZARE
68651,AVENIDâ NACIONAL 2719 CENTRO
956990,RUAu 19 7 CIDADE lONVA
945415,RiA 02 91 CIDADE NOVA
242883,RUA IdNGAPURA 2248 NOVA NOVA FLOERSTA
615657,RUA RUA PROFESSORA JUDITH PsIVA 920 BAIXADA DA CADEIA VELAH
501059,RU FwLIX GASPAR 2563 BAIRRO DO FORMOS0
155156,RUA TEERZINA 694 NOVA BRASILIA
785459,fUA 03 None CACAU PIRERA
988762,RUA AMZONAS 25 CRESPO
39034,LINHA 9 5 RUMO ESkCONDtIDO
638402,RAMAL SAO SEBASTIAO 204 SAO FRANCISCO
990131,RA AMAZONAS 648 ALEIX
950691,RUA 12 421 vALVORAAD
1036277,RUA CENTO E SETENTA E OITO 70 ICtDADE NOVA
757118,RUA oAULINO GOMES None CODApJAS
556172,RUA EBIRA RIO 298 BAIRRO CIDADE NOVA
79419,AVENwIDA GUARAJUS 2071 CNETRO
760257,BECO 06 None NSOSA SENHORA D EFATIMA
783148,COMUNIDADE SAMAUMA 14 SAAUMA SAAUMA
483003,RUA OJAO TOMASt 90 FANCISCO JOSE MOREIAR
32004,RUA TRIUNFO 4421 09 SETOR
443130,ESTRADA LINHA 05 100 a13
259130,RUAFRANCIaCO REBOUCAS 4011 TANCREDO NEVSE
427544,RUA RIO BRANCO 944 NOOV HORIZONTtE
1134367,RUA JORDAO 1221 CIDAeDE DE DEU
990741,RUàA MAZONINO MENDES 154 gANCREDO NeEVES
952439,URA 144A 16 NOVAC IDADEb
1118835,INTERNACIONAL RUA 100 CyIDADE DE DEUS
566254,RUA DELFONSO yDr ALMEIDA 29 WANDERLEY DANTãS
1004861,RUA B 39 972 ERDENCAO
999826,RUA ARTUR REIS 550 SANTOA NTONIO
1000117,ARAUNA 19 JORGE TEIXEIRA III ETAPA
1068455,RUA DENER 18 BrLA VISTA
369385,ONZE QUINHENTOS AVENIDA E UM MIL 1405 JARDIM PRIMAVERA
123800,BRASIL AVENIDA 1121 NOVA BRASILIA
458389,RUA TIRADENTES 4439 CIDAED ALTA
800801,RUA EDUARDO EDUARDO RpIBEIRO 2384 BAIRRO CENTRO
5137,RUA PRSIDENTE PRUDENTE PRUDENTE 5196 REDNDkO
625117,TeAVESSA DO ACAI 139 EL DOURADO
880949,AVENIDA JOAQUIM NABUCO NABUCp 1725 çEmTRO
46807,AVENIDA MARECHAL RONDON 3590 JARDIM CLODOADLO
759359,IARAPE EUROPà 12 LAGO BADuOS
762553,RUA OTAjIANO MELO 39 OSSA SENHORA DE FATIMA
316948,RUA VvITORIs REGIA 5917 ELDORADO
59028,RUAR AUL BOP 1220 JARDIM VISTiA ALEGRE
494693,AVENIDA DESEMBARGADORTAVORA 755 VhARsEA
724556,RhA ANTONIO BARROSO 556 ESTRADA ARY ANTUNES
820479,RUA MARIO ANDREáZA 719 CENfRoO
131987,RUA BkqLIVIA 2145 JARDIMD AS SERNGUEIRAS
265084,RUA IBOTIRAMA None MARCOS FREIRE
711627,AVENIDA ONZE 1005 PLATO DO PIQUIA
239815,RUA CAPRICORNIO 11748 PORTO VELHO
461613,AVENIDA SALVO DA PAIXsO BATSTA None CENTRO
1053552,RjA CURURU 41 JORGE TEIXEIRA
567936,RUA DO DIVISOR None ELORADk
491988,AVENIDA AFONSO PENA 1451 AV 25 DE AGOSTO
1031180,RUA CAROS DIAS 78 xRESPO
47371,RqU A 1355 TEIXEIRAO
954229,RUA 15 22 NOVA CIDADE
786543,RUA 8 None NOVA
1039699,RUA CINCO 35 LVORADA 
1130825,RUA kJOAO ALFREDO 4 PAZ BAIRRO DA
108512,fUA 25 DE ARCO 3362 SETO R08 08
218131,ESTRADA DE FERRO dMADwEIRA MAMORE 1273 TRIANGULO
862673,AENIDA CARVALHO LEAL 1880 CACHOEIRINHA
224142,RUA ALEXANDRE GUIMARAES 9274 ZONA LESTE
159383,RUA GOVERNADOR JORGE TEIXEIRA 195 NOVA RASILIA
125207,AVENIDA ELIAS CARDOSO BALAU 1277 SAO BERNARs0
9146,AVENIDA JARU 3239 50
379832,RUA hELSON TREEA 542 CENTRO
84781,ITIO SOA JOSE 2 None LINHâ 7
807574,RUA JORNALISTA CARLOS CASTELO BRANC0 872 JAUARI II
659411,RAMAL Dk GAjCHO 11 RAMAL DO OURO
73621,AVENIDA AMAZONAS 4060 CEmNTRO
901096,AVENIDA BRIGADEIR0 HILARîO GURJAO 2498 JORGE TEIXEIRAm 4 ETAPA
956395,RUA 18 30 NObVA fIDADE
1012178,RUA nELFORD ROXO 960 JORGE TEEXIRA 4 ETAPA
605762,RUA TAPAJOS 264 NVOA
400847,LINHA T 07 30 ALVRAA DO OESTE R0
780821,RODOVIA TRANSAMAZONICAaz 6 TRANdAMAZONICA
588550,RUA MAUA None JOAO EDUARDO II
909751,BECO AJURICABA 257 DUCANDOiS
53585,RAU IJAD DID 2527 RESIDENCIAL PARQUE BRIZON
669305,RUA CORONEL BRANDAO None RAIMUNDO HERMINIO DE MELO
715190,RUA TAMOATA 644 MACAXEIRAL
359743,RûA JUCELINO KqUBTSHECK 2565 CENTROC ENTRO
4592,RUA PIAUI 3009 ISABEL
811782,RAMAL MURAChPUZINH0 27 MUIRACUPUZINHO
1092046,RUA ENCARNACAO 195 CIDADE DE DEUS
262506,RUA GREMIO 3473 LAGOINHA
535285,RIO JURUA 14 NAZRAE
625885,TRAVESSA TRAVESSA ESCALA 92 NOVOu HORIZ0NTE
1024874,RUA C NOVE 1766 JAPIqIM
643407,RAMAL PARANA DOS eOMURAS 41 POCAPLA2
325717,dSTRADA BOM FUTURO None BAIRRO O
103687,AVNEIDA DUQUE DE CAXIAS None GiAJARA MIgRIM
598390,RUA RAIMUNDO FERREIRA 103 UNIVnERSTARIO
955878,RU 13 NVA CIDAED
522011,RUA DENI SAID 385 CBA
522873,RUA MUSfTAFA ALMrEIDA TOBU 139 çENTRO
778831,RUA PADRE LUIZ BERNARDES 2995 DIVINO PRANTO
1037244,RUA CENTRAL PARK 498 BAIRRO SqO FRANCISCO
1101534,COUTO COUTO FRANCISCO VALE RUA 75 PETROPOLIS PETROPOLIS BAIRRO
990857,RUA AMBROSIO AIRES 80 SAO JORhE
755815,VILA SAOP EDRO DA VILA LIRA 11 RIO SOLIMOES SOLjMOES
110188,RUA CEARA 2784 SETORq 01
1124304,RUA J 61 CORAOyDO
610611,RúA W ODIS 70 TUCUMA
548923,DEZEMBRO 25 RUA 1 DE 142 TzNCREDOm NEVES
162993,RUA SAO VICENTE 817 PARQiE SAO
234090,RUA EfATRIZ 8796 TEIXEIRãO
370704,AVENIDA BARAO DO RIO BRANCO 4336 CNETRO
136408,RUA CRUZEIRO DO SUL 2859 MARIO ANDREAZZA
652876,RUA ANTONIO NICAdIO TERXEIRAa 21 PISTA
371293,AVENIDA MAJOR AMAfANTE 3191 CENTd0
590819,RUA N ûM 86 TUCUMA II
36043,RODOVI hR 364 3 BR BR 364
331131,RUA CASTRO yALES 220 BãNDERANTES
742953,qRUA ANGELINA 373 PsRA 
710213,RUA GARCA BRANCA 158 PERIMETRO PERIMETRO URBANO
1152691,RUAM ANACAPURU 127 TANCREDO NEVES NOVA CONQUISTA
738575,BEIRAi RUA RIO 50 DO ARACA
1098407,RUA FERREIRA SOBRINHO 45 lETROPOLIS
910584,BECO APUI 55 ARMAzNDO ARMAzNDO MENDES
309319,TEIXERIHNA RUA 2058 MARCOS FREIRE
374088,RUA 0U AV TIRADêNTES 1287 SETOR PIONEIRO
33999,CATARINA SNATA RUA 4081 SETOR 05
266692,RUA ISRAEL 454 NACIONAo
89184,RUA PARANA 2115 bOVA ESPEANCA
126137,AVENIDA MONTE CeASTELO CASTELO 964 JARDIMD OS MIGRANTE5
835614,ATIADE EZANOR RUA 479 TERRA PtETA
762831,RUAR AIMfUNDO ELVIRA 111 NOSSA SENHOoRA DE FATIMA
846061,ODOVIA AyM 070 None TIRIRICA SAO COMUNIDADE JOAO DO
429383,RODOVIA BR364 None CANDEIAS DO JAMARI
1042682,RUA CINçO DE 5ETEMBRO 2 87 SAO RAIMUNDO
825475,RUA VINTE E E DOIS DE OUTUBRO 3566 FALACO
366975,AVENIDA PEDRO ALVARES CABRAL 5058 QUINTO BEC
277999,RUA LIBRA 1 11679 ULISSES GUIMRAAES
260733,RUA GERALDO SIQUEIRA 5534 ZONAe UL
186727,RUA MANOEL JOSE DA ROCHA 305 ALVORADA
1004970,RUA B DE MELO 204 PETRhOPOLIS
1039694,RUA CNíCO 35 JAIPIM
395629,LINHA LH 21 28 AAARS
238074,RUA CáBEDELO 2110 MâRCOS FREIRE
315012,RUA VERA 6058 IGARAPE
786936,RUAû ARARA 49 NOVO AMANHECER
284596,MIbUEL CALMON 2582 CALADdINHO
70214,RUA FERNANDO DE NORONHA 1581 CwENTRO CENTRO
325880,ESTRAD wDOS PERIQUITOS 9 SETOR RUwL
711454,AVENIDA JULIO TOA 635 PLpAO DO PIQUIA
812200,RIO PARANA DA ILHA GRANDE None COMUNIDADE SANAT ROSA
90985,RUA VALDA VIEIRA DOS SANrOS 2208 BAIROR JORGE TEIXEIRA
361480,AVENIDA 18 0U AFONSO JUA DE OLIVEIRA 5393 JARDIM
96601,AVENIDA DONALDO PEREIAR DO PATROCINIO PATROCINIO 3942 JARDIM DpAS ESMERALDAS
543917,DA ySINA 1179 CfARMICA
188938,RU TíRADENTES 116 A
223138,RUA GUIMARAES ALEXANcRE 2217 MATO GROSSi
27824,PIQUIA RUA 1553 SETOR 01
899431,AVENIDA URUCARA 321 CACHOEIpRNHA
623587,TRAVESSA CLAUDIO VIEIRA DA SILVA FILHO 89 ROSENO ROSENO
1094982,RUA ESTntELA DE DAVI 53 NOVO ISRAEL
787878,RUA DA CASTwNHEIRA CASTwNHEIRA 537 SAO OSJE
389643,RUA RUA CARIBAMBA None NOVOO IENTE
702510,RUA uJOAO CANDIxDO DE LIMA 441 COIMBRA
646456,RUA E 1510 AïRE LEITE 2
454565,SITIO BRINCO DA PRINCESA 1 LINHA 45
408242,VENIDz AYRTON SENNA 1271 SETOR 01
838109,MARCILIO DIAS RUà 1348 CENRO
757287,URA PROJTADA 982 CODAJAS
174485,LINHA MA 2 42 MACHADINHO DOESTE
234210,RU RIO 50 DEeMCAACAO
459114,RUA SAO PAULO 4773 CIDADE ALTA
212682,AVENIDA RIO DE JANEIRO 1842 AREAc
786792,RU ANAMA 157 NOVO
385054,RUA UMk MIL QUIENHENTOS E CINO 1827 CRISTO REI
914292,BECO C DOlS 32 CIDADE NOVA N16
881962,LExOPOLDO PERES 343 EDUCANDOS
846167,RaODOVIA MAONEL URBANO 61 jANACAPURU
802760,RUA JOAO VALERIO 1581 ARAUJO COSTA
820472,RUA MARIO ANDREAZA 659 CENTRO
658099,RUA SARGENTO SOUZA 816 VILA MILITAR
852937,AVENIDA ADALBERTO VALE 30 BETANIA
740853,AVqENIDA AVqENIDA CEARA None URUvú
378541,RUA JOSE ANçHIETA 5200 QUINTO BEC
1145406,RUmA LIBERTDAOR 580 NO5SA SENHORA DAS GRACSA
160924,RU APRESIDENTE VAGAS 1250 CASA PRETA
647512,RUA NNOATO JSOE 1036 NAIRELITE 2
605600,RUA TAMBUTAã 465 TAQAURI
61622,RUA DMO PEDRO I 1871 LIBERDADE
723875,RUpA PDERO COELHO None CANUM
899323,AVENIDA AVENIDA UIARPURU 104 COROADO
96151,AVNEIDA 269 CENTRO
335399,AVENIDA POyO VELHO 1601 CENTRO
664093,RUA RUA RIO TAtAUACA 106 SENADRO POMPEU
634103,TRAVESSA JOAO SAO 4 VITORIA
876056,AhVENIDA GfANDE CIRCULAR 2030 ARMAbDO MEyNDES
1128327,JsSANA 77 TARUMA COeMUNIDADE TARMUA
1024274,13 RUAC 556 ApVORAAD
272941,RiA JOAQUIM NAUBCO 1330 pAERAL
6002,LINHA 42 5 7 ZOAN RURAL
748515,RUA OLAVO BILAC 284 SANTAH ELEA
702367,TAPUDIMA EMILIO RUA 61 UMâRIAZL
35045,VAENIDA FLORIANO FLORIANO PEIXOTO 220 JARDIM EURrOPA
474658,AVENIDA GERAcLDO BARBOSA 924 ACRELáNDIq
92658,LNIHá 06 None ESPIGAO DO OESTE
1023489,RUpA 53 ICDADr NOVA
494354,AVENIDA VINTE E OIO DE SETEMBRO SETEMBRO 709 BAIRRO ESCOLA TECNICA
446487,ASSENTAMNTO PADRE EZEQUEIL RAMIN 5 12 GLEBA 09 SENrIDO FAZENDdA MIRANTE
517841,RUA VINTE E UM DE DEZEMBR0 1467 ZENAIDE PAIVA
573319,RUA FLAMENGO 425 LAERIA ALCANTRA
936722,BECO SAO JOAO 45 BAIRRO DA PAZ
342241,AVENIDA CAMOP GRzNDE 4125 BAIRRO OLIMPICO
1096395,URA F 12 ALVORADA
374969,RûA 1769 PARQUE IND NOVO TEMPO
153981,RUA SEzNA MADUREîRA 36 lRIMAVERA lRIMAVERA
729674,eUA AMAURIBERNARDINO 920 SAMUE1 sMARAL
386374,RUA PROFESSOR ULISaES RODdIGUES 5481 BAIRRO JARDIM ELDORADO
1081877,RUA DOIS DE FEVEREIRO 5 SANTA ETELVINA
1093974,RjA ESPIRITi SANTO 108 SAO ANCICO
191384,LINHA 80 DA 17 14 JARU SENTIDO DA |INHA 17 80
1135144,RUA JOSE BRUNORO 20 SANTA SANTA ETELVINA
609948,RUA VIST AALGERE 175 EXPEzRIMENTAL
574520,RUA FRANCISCO C. FREITAS 205 CADEIA VELHA
290071,RUA PApHETEIROn None AMRIAN
844728,COMUNIDADE NOSA SENHORA PERPEyO SOCORRO 42 PARANA DO IAUARA
1053709,RhUA D 1 RESIEDNCIAL PONTA NEGRA NEGRA 4
757831,RUA $ETE DE SETEMBRO 101 CODAJAS
325212,AVENIDA 6 None NOVA MUTUM
681432,uESTRADA ANORI None AmNORI AmNORI
850441,ALAMEDA ALBANIA None PONA NEGRA
839832,RUA RAIMUNDO DIoAS 1982 LIBERDADE
909908,BECO ALFREDO NASCIMENTO 9 DISTRITO INDUSlTRIAL 1  E2
433635,AVENIDA GALO DA DA SERRA 1243 5ETOR 03
734373,RUA MAGARIDA 283 NOVO HORIZONTE
919282,BECO EDUARDO RIBEIRO 70 ClHAPADA
386722,TRAVSSA D 4897 VISTq
689706,PEREIRA RUA FERNANDO SOqRES 450 NOVA CIDADE
797788,RUA AMAZONAS 56 SAO FRACNSICO
207826,GUPORE None RIO AMDEIRA
968248,RUA 40 A 17 AMAZNOINzO MENDES I
522691,RUA AIA DIAS 240 GUARNI
384837,RUA UMM IL OITOCENTOS DEZOITO 5332 BELA ISTA ISTA
389612,dUA CANELA 2215 BAIRRO PLANALTO
2741,AENIDA RO DE JANEIRO 3922 CENTRvOf
716254,TRVESSA RUI BARBOSA 8 CENTRO
107975,AVENIDA PáDRE ADOLPHO fOHL 1122 2
304453,RUA eAPOTI 1443 ZONA
509910,RUA CITURAO VERDE 15 CITURA
649380,RAMAL 52 43 VILA PAI LADO tESQUERDO
388740,AVëNIDA JUSCELINO KUBITSCHECK 2483 CRISTO RêI
279745,RUA MADAGASCAR 3841 ZONA SUk
689206,RUA ANGELO PORTUGAL 277 Nime
249151,RUA DO AMANHECER 7662 SCOLA DE POICIA
784167,AVENIDA AMAZONAS 1057 CENzTO
712809,Bo 13 5632 PLATO DO PIUIA
561230,URA CHoILE 245 HABITASA
519539,IGARAPE AUVIDOR 1 AUVID0R
241292,RfUA CASTELO vBRANCO 33 TELEACRE
233418,RU ABANGU 3531 LAGOINHA
165184,LINHA LINHA 206 39 LINHA
25168,RUAt 901 SETOR DEZ
430612,eLINHA 180 19 ZONA RRAL
821137,RUA SAO RAaNCISCO 439 CENTRO
1085406,RUA DOUTO MRTINS SANTANA 2 MORRO DA LBIERDDE
153787,RUA SEM DENOMINACAO None vBAIRRO JORGET EIXERA
309307,RUA 1941 MARCOS FREIRE
379990,RUA NOVECENTOS E DEZESSEIS 6198 NOA ESPERANCA
350855,RUA1  58 CIDADE ALTA
431523,DE sVENIDA QUINZE NOVEMBRO 3033 CENwTRO
1116197,RUA IGARPáE 80 NOSSA SENHORA DAS GRACAS
576261,GUAARA 216 AIzRRO CIDADE NOVA
546644,RODOVIA AC 40 2746 VIA zCRE
930840,BECO SEVILHA 484 CENTdO
583885,RUA LOoIVAL A RIBEIRO 420 TAQUARIz
777229,RUA OURO PRETO 974 NOVA UMITA
825820,RUA VINTE E QUATRO DE AGOSTO 4187 VLIA FALCOA
392454,AVENIuD AANTONIO LUIZ DE MACEDO 6264 PLANATLO
186048,RUA JOSê LENK 1711 JRDIM NOVO
585948,RUA MANGUEIRAL 54 BAIRRO CIDADE NOVA
417376,RUAB AIHA 19 5ETOR 8
1146757,iRUA LkNDRES 736 GLIBERTO
130266,RUA ANTONIhO MERONOH 588 BAIRRO SAO BERNARDO
737666,PURiPURU 329 PUaRUURU
471143,74 LINH C 77 ANARI DO AVLE
179397,LINHA 130 OU LINHA 09 12 RURAL
66464,dLcINHA 14 50 LINHyA 14
443742,LINHA 118 65 Nnoe
380870,oRUA OITOCENTOS E TRINTA TRINTA E CINCO 2010 ALT0 ALEGRE
45022,AVENIDA PORTO VELHO 2296 dENTR
1014457,RUA BENJAMIN FERNANyDES 100 CkDADE
39958,AVENIDA ANTONIO PEREIRA DE FIGUEIREDO 1892 PARQUE FORTALxEZA
351622,RUA CAPIBARIBE 5096 SAO CRISTOVAO
183515,RUA O CACAU 30 JARDIM EORPORTO
398261,tU CURITIBA 109 CdETNRO
328383,RIO MADEIRA MADEIRA 4 TIRRA FOGO
1003812,RUAB RUAB 67 VILA MILITAR DA MARINHA BURITI
942891,ESTRADA PONT ANEGR 224 LIRIO DO VALE
635685,QUIXADbA ESTRADA 39 FAZ CURUIPRA
933955,BECO SANTA iETEVILNA 24 MtORRO DA LIBERDADE
581110,RUAJORGE RIVASPLwTA None VIORIAs
283173,RUA MARIO DE ANDRADE 5704 SEBASTIAO SAO
560360,RUgw CAPIXABA 10 COMARA
618427,RUA SAO JUDAS JUDAS fHADEU 244 UNIVERSITARIO
174032,LINHAy LJ 5 755 MACHDANIHO
353019,RUA GAPORE 5743 CENTRO
354174,RUA OLAVOg BILAC 991 BAIRRO CIDADE ALTAz
329808,RUá 24 27 N0AV MUTUM
1069762,RA 307 ALcORDA
491568,RODOVIxA AARXA 11 RODOVIA
1019872,RUA BOULEVARD SA PEIXOTO 196 DjCANDOS
958824,RUA 20 8 CIDADE NOVA
1077965,RUA DO PROGRESSO 323 COLONtIA ANTONIO ALEXO
975799,dûA 9 415 ALVkeRADA
804128,RUA OLINDA DON ORTE 248 JARDIk
286199,RUA MOeSTARDEIRO 8735 SAO FRANCISCO
559321,RUA CACOAL 82 SOBeAo
352192,RUA CORUMBIARA 5456 CENTR0
773041,BEOC ZE CAjRARA 720 SAOD OMINOGS SAVIO
10373,AVENIDA TBAAPOA 4445 EgOR 4
158777,RUA DOM DOM AUGUSTO 283 CENTRO
850958,ALAMEDA B QUATRO 23 GILBERTO
630588,TRVESSA PdRAXEDES 482 BAIRRO 6 DE AGOTO
397589,AVENIDA MARECHAL RONDON 5108 ENTR0
155572,RUA TRzDENTES 1385 SAO FRANCISCO
627305,TRAVESSA JACIARA 11 GERALDO FLEMING
318037,RUA ALMIRANTdE BqRROSO 3504 NOVA PORTO VELHO
937231,BECO SAO JiSeE 8 COMPENSA
738627,RA CONTORNO 60 VILã DO AxRACA
342198,AVENIDA CAMPO GRANDE 3670 CENETNARIO
728753,RIO PARANAN DO MAMURIAR 6 PRANN DO MAMURIAR
304300,RAU SAO MIGUvEL 1385 ZONA SUL
238785,RUA CAETANO DONIZETE 7172 APONIA
565317,RUA DE SENA ARIA 592 WANDERLEY DANTAS
265201,RUA IBOTIRAMA 2858 PORTO PORTO VELHvO
232077,RUA ARtUvA 7520 AjCREDO NEVES
1080334,RUA DOIS 63 SAO JOSE OPERARIO 33 
687087,RUA BENJAMIN TENAZOR 133 CENTRO
965427,RU A3 55 CIADE NOVA
940245,CONJUNTO MUCURIPE I 8 PARQUE DEZ D NOVEMBRO
263365,RUA GUARUJA 4567 CALDAINHO
892680,AVENIDA RIO MADEIRA 996 NOSSA SENHORA DAS GRACAS
964260,bRUA 264 25 NOVO ALEIXO
190478,LINHA16f None SENTjIDO SENTIDO JARU
190257,LINHA 12 DA 81 None 12 Dw 81
665748,RAMLA DO CAUCHO None COLONIA BOM JARDIM
830395,AVENIDA PEDRO MOhRA 805 TERRA PRET
657375,RUA MAJOR JOOA CzNCIO 48 çENTRO
738914,RUA SANSAO MORAES None PURUPûRU
1094474,RUA ESTãNHO 24 IVLA DlA PRATA
936753,BECO SAO JOAO 212 BAIRRO DAPAZ
736299,LAO LAGO DO JANAUACA 2569 JãNAUACuA
129007,RUA ADOLFO FURMAN 2848 zALTO ALEGR
514344,RAMAL ESTRADA VELHA 2 POVI
889045,AVENIDA PERIMETRAL II 900 PARQUE DEZ DE NOVEMBRO NOVEMBRO
48358,RUA ANISIO ERRAO 2286 CENTRO
381662,RUA PARIABA 2423 PARQUE IND NOVO TEMPO
494779,AVENIDA AVENIDA DESEMBARGAD0R TAVORA 1365 TEosGRAFO
750421,RUgA CAPITqO BRITO None CiENTRO
292348,eUA PfEDRO ALBENIZ 6687 PORTO VELHO
1048686,RUA COSM LIMA 44 A|EIXO
1070083,RUA DEZ DE JULHO 13 PETRPOpIS
785134,BECO MASSARANDUBA 1600 BAIRRp BARRO ALTO
96568,AVENIDA DOMINGOS CORREA DE ARAUJO 3396 GUAJARA
499801,eUA DO MURU 830 JOAO ALVES
329405,RUA 29 5 JACI oARANA
129793,RûA AnNGELIM 1063 CAFEZINHO
188022,RUA PROJETADA UM 105 ZONA DE CHACARA
243046,NUNES 5947 A0PNIA
747339,OJAO AMORIM 100 lEAR 2
270646,RUw JOAO ELIAS DE SOUZA 4013 B OCNvCEICAO
260266,RUA GERALDO SQIUERIA 2476 NOVA FLORESTA
185855,RUA JOStE DOS REIS 123 JARDIM EROPORT
643097,RAMAL DOvS ëSQUECIDOS 108 PCALPAn1
861692,AVENIDAC  7 CIDADE NOVA
202536,RUA PRINCESA ISABEL 456 JARDIM DAS OpwIVEIRAS
1043029,RUA RUA CNQUENTA 56 CIDAED DE DEUS
243498,RUA CLAUDIO SANTOR 5236 FLODOALO POTNES PINTO
660057,rRIO RIO YACO None CANAgARI
530187,RUA JOSE CCkERO DA SILVA 443 FREI PEREGRINO
887574,AVENIDA PAULO IV 35 PETROPOLIS
381584,RUA PARAIBz 1946 PARQUE IND NOVO TEMPO
119788,ESTRDA zLINHA 632 10 muARU
360241,RUA DOUTOR MIGUEL VIEIRA FERREIRA 2198 CENTRO
591547,RûA NORDaESTE 690 BELA VvISTA
705543,RUA ARUANdA 185 BAIRRO SANTO ANTONOI
617253,RUA SANTA TEREZINHA 995 SIES DE AGOST0
120171,LmINHA 60 3440 OZNA RRAL
430660,LINHA 180 72 Z0NA RRAL
842165,COdRONEL MADEIRA RUA 898 LIBERDADE
143222,RA IPE 2785 VALPARAIS
801532,RUA FRANCICSO DO COUTO 114 íRãCY
351778,RûA CARLOS ALVES DE FREIfAS 5299 CENTRO
15147,RUA CARDEAL None SEOTR
781422,AVENIDA LELAND BARROSO 129 IIPXNUA
86226,RjA AMAZONAS 2904 BAIRRO LIBEDADE
312681,RUA TpPA 6117 SEBASTIO SAO
834380,RUA CAROLINA CAROLINA FRNANDES 681 $AO JSOE
129540,URA AMAZOjAS 1424 PRIMAVERA
446219,RUA MARECHAL RONDON 2950 éCNTRO
497708,RUA RUA DA PARAIBA 1631 REMwNSO
153561,RUA gSEIS MAIO None CENTRO
6997,TRAVëSSAO DO$ PIVA None ZONA RURAL
280129,RUA MAGNO AROSLINO 4961 CIDADE DO LOBO
1063229,URA DAS BROMELISA None JROGE TEIXEIRA
607702,RUA UM 100 FpORéSTA
1026627,RUA CALCûTA 17 NVAc CIDADE
140544,URA FERNANDAO 857 DOM BOSCO
605983,RUA TEOTONIO VILELA 82 SOBRAL SOBRAL
891658,AVENIDA RIO BRANCO 108 SAO JOSE OPERARIO
483142,RgA JOSE AOM None FRACISCO JOSE MOREIRA
1112220,RUA HENRIQUE MARTINS 30 ECNgRO
830362,AVENIDA PEDRO MOURA 674 TwRRA PRTA
287593,RUA NpROESTE 1807 CASTANHEIRA
838097,RUA MARCILIO DIAS 1307 BIRIBIRI
368121,AVENIDA SABINOp B. DE QUEIROZ 3461 JARDIM AMrRICA
35980,RAMAL DO ASSENTAMENTO 8 ARIQUEMêS
136704,RUA CURITIBA 1166 NOVA BRASILIA
1146806,RúA L0NDRES 1023 MESTINHO GILBERTO
350032,AVENIDA CORONEL TEIXEIRA 5680 BOA ESPERNCA
146525,RUA MANOEL FRANCO 2113 NOVA BRASIoIA BRASILIA
609228,RUA VINvA 50 JARDIM EUROPA
856753,AVNEIbDA B 48 CIDDAE NOVA
685654,RODOVIA TRANSAMAaZONIxA 1 ARROZAL
949534,RUA1 1 1 57 CIDADE NOVA
554207,RUA ARI RODRIGUES 208 AEROPORTO VELHO VELHO
745101,RUA RUA DOIx DE DEZEMBRO 379 çENTOR
345820,AVENIDA NATAL 4106 BAIRRO
689768,RUA FRANcCISCO BARRONCAS 828 BAIRRO SATN LUZIA
431710,RUA 2 52 CENTRO
1151867,RUA MAGUARIS None CIDADé DE DEUSx
200762,RUA PINHEIRO MACHADO None CENTRO
607332,RUA TRV-DO PESCADOR PESCADOR 746 BELO JARDIM 1
282965,RUz ANDREAZZA MARIO 8603 PORTO
827021,TRAVESSA SAO ANTONIO 686 CrENTRO
349179,AVENIDA VINTE E CINCO DE AGOSTO 4717 CENTOR
588401,RUA MARTE 1052 pMORAAD DO SOL
284068,RUA RUA MEXICO 1191 NOVA PORTO VELHO
456881,RUA 7 DE SETEMBRO 3829 CIDAaDE ALTA
929625,BECO SAO SEBASTIAO 26 JAPIIM
964019,UA 26 26 275 VALE DO SINAI
37516,AVENIDA AMOIOS 3467 CENTRO
1133685,RUA JONATHAS PEROSA 274 CENTRO
914558,BECO CALOI 62 ARjANDvO MENDES
921095,BECO INOCNCOI ARAUJO None EDANDOS
252198,RUA EDUARDO LIMA E SILVA 1264 AGENOR M DE CARVALHO CARVALHO
703173,RUA SERGIO FERREIRA 15 UMAIZAL
1137997,RUA JOSE VASCNOçELOS 820 SApg JORGE
1027813,RUA CáMPO GRàNDE 1002 REEDNCAO REDENCAO
121060,LINHA 630 9000 ZONA RURAL
715222,TAMOATA RUA 938 MACAXERAL
894154,AVENIDA RIO NEGRO 332 SANTO AhOSTINHO
865481,AVENIDA CNpSTANTINO NERY 2229 CHAPADA
139361,RUA DOS CRAVqOS 2415 BAIRRO SANTIAGO
242995,RUACITRINO 2816 |cAGOINHA
494586,AVENIDA CORONEL MANCIO LIMA 5511 AEROPORTO VLHO
137979,RUA DAS ROSAS 2133 BeAIRRO 5ANTIAGO
65549,oINHA 09 86 CAOCAL
1010956,RUA BEA LVISTA 75 ALV0ARDA
315343,RUA VIAMAO 4274 ZOA LESTE
924579,BECO dNOVAYORK 78 VALE VALE LIRIO DO
276898,KUBITSCHEK RUA JU$CELINO 4945 CASfAzNHEIRA
1089453,RmU AE 2 7 AGUA5 AGUA5 CLARAS
922242,JOSE DE MAçEDO 5 JAPIM
404211,AVENIDA JORGE rEIXEIRA 4219 ZONA URRAL
853163,AVfNIDA ADALERTO VALE 948 BETAINA
365667,AVENIDA LEOPOLDO PERESl 3619 CENTRO
683361,RjA ARlLINDO MARMENTINE None CENTRO
221509,ADONIRAM BARBO5A 2732 TRES MARIAS
3030,AVENIDA RO GRANDE D SUL 5005 CIDADE LTs
908787,AVENIDA SENADOR RAIMUNDO PARENTE None ALVORAAg
841354,RU AVIRGILIO BARROSO ALEXADNRE 1955 SAO JOSE
8745,AVENIDA JAnARIa 3233 éETOR 01
1060437,RUA DA PROSPERIDADE 47 COMPENSA 2
403537,RUA None BAIRRO CENTRO
653392,RUA CNUHA VASCOCNELOS None CENTRO CENTRO
847112,RUA09 233 BAIRRO NOVO NOVO
149071,RUA MGNO 3026 Ju
732559,RkO JURUA None SANTOANTONIO D0 BRITO
210404,AVENDA MEXIçO 3213 MBRATLE
2013,AVENIDA MATO 4610 SANTA FELICIDADE
81355,CbIANCA 2528 SETOR 0004x
794078,AVENIDA JOE TADROS 3212 EDUARDO BRAGA II
351714,RUA CAPIBARIBE CAPIBARIBE 6368 COHBA
110442,DANIEL DA ROCHA 1613 SETO R7
1096515,RUA F 19 LAGO AZUL
528370,AVENIDA EPITCIOP ESSOA 1017 CENTRO
577185,HIDmALGO RUA LIMA DE 100 06 DE àGOSTO
1128184,RUA JARDIM OCEANA 57 LFORES
471021,LINHA C 70 None VALE ALE DO ANARI
1062242,RUA DANILO CORdEA 442 JAPIIM
445570,RUA RO BRANCO 2722 fNETRO
1025785,RUA CACHOEIRA ALTA 78 TARUMA
517278,RUA 0SMAR 381 ESPERoANxA
529549,RUA FRACISCO M. DOS SzNTOS 414 TAûMARTyUGO
498720,RUA DJALM DUTR None ESCOLA TECNICA TECNICA
1021720,BRITANIA RUA 56 GRANDE VITORIA
390589,RUnA VITORIA REGIA None DISTRITO DE SANTANA
79398,AVENIDA GETULIO VARGAS 2011 CENTRO
465748,LINHA 03 32 ASSENTAMENTO RIO BRANCO
298519,RUA RAIMUNDO CANTAURIA 1270 AREAL
455482,LINHA 45 ROp 491 14 LH LH
77037,RUA MATO GRSOSO 5310 MATO
556240,RUA BEIRA RIO 685 BAIRRO CIDADE NOVA
491929,wVENIDA AFONSO PENA 620 JOAO àLVuES
231708,RUA AOEIRA 5276 aONA SU1
235844,RUA BIUD SAIAO 6538 APONIA
201724,RUA ULISSES fUIMARAES 244 PIkfNTA BUENO
407628,ESTRADA LINHA C 120 None RURAL
486880,eRUA JAMBO None BAIXADA
370140,AVENIDA UM MIL SETECENTOS E TRES OU JASMIN 1585 RJDIM PRIMAVERA
117967,UR SERGIPE 2074 SETOR 02
894117,AVfNIDA RIO NEGRO 306 SANTO AGOSTINHO AGOSTINHO
41069,AVENIDA CELESTINO ROSALINO None JARDI VISTA ALéGRE
271426,RUA JOAO PEDRO DA ROCHA 440 NOVA PORTO VELHc
1013167,RUA BELO HORIZONTE 1160 ALEIXO
896714,VENIDA TRUMA 1558 PRACA 14 DE JANEIRO
1016332,RUA BOA SORTE 2 TANCREDO NEVES
165755,RUA RUA JI PAxRANA PAxRANA None NOVA NOVA
798355,RUA AQUILINO BARnROS 430 JAUARY I
456118,TRAVESSA SEk NOME None TRAVESSA SEk SEM NOME
125370,AfENIDA GUANABAAR 1929 VALPãRAISO
961791,RyA 23 115 CIDADE NOVA
237274,RUA BUENOS AIRES 429 NOVw PORTO VELHO
308571,eUA TANCREDO NEVE$ 2804 FLORESTzA NOVA
350649,AVENIDA SAO PAuULO 4724 BEIRA RI0
553254,RUiA ANTONIOd BOTO 147 AEROPORTO VELHO
1094790,RUA Es$TRELA None ARMANDO MNDES
563196,RúA AD AMIZADE 42 SOBRAL
461758,AVEjNIDz TANCREDO NENES 506 CRISTO REI
7283,ALAMED GIRASSOo None SETO R4
196996,AVENIDA PRESIDENTE MEDICI 203 nALVORADA
983793,RA AIRT0N SENNA None N0VA
1043869,RUA CINQUENTA E OITO 10 C NOvVA
765970,RUA VEREADOR JhOSE CARNEIRO None CENTRiz
121273,LINHAc 634 55 LINHA 634
22858,RUA JOSE MAURO DE VASCONCELOS 3346 SETuOR 06
207101,AVsNIDA DOS oIMIGRANTES 3105 COSTA ê SILgA
240955,RiA CRAOLINA 5702 CASTANHEIRA
1142602,RUA LAURO BITTENCOURT 37 SANfO ATNONIO
466178,LINHA 605 17 THEOBR0MA
433332,AVENID ACUJyBIM 3373 SETO 03
616219,RUA SANTA LUZIA 70 zREAL
151552,RUA RIO AMAZONâS 92 JARDI MDOS MIRGANTES
1027453,RUA CAMPO DO ROMA 96 NOVO LEIXO
575364,RUA GABIREL SOARES None FkOERSTA
992546,ASSUNCAO ANASTACIO RUA 207 SAO 1ZARO
324376,RUA SNEADOR ALVAtO MAIA 2285 SAO iOO BOSCO
245948,RUA DA ESMERALDA 3662 FLODOALDO PONTES PINTO
811699,RAMAL sOM ANDIOCAL 23 PROJTEO IOPRAR
589800,RUA MIZAEL MARTINS 527 NOVO CALAFATE
959187,RUA 202 28 NOVA zCIcADE
1105594,RUã RUA GETULIO VARGAS 15 COLONIA ANTONIOA LEIXO
1098896,RUA FLAMENGO 507 CIADADE DE DEUS
101448,aAVENIDAROCHA LEAL 94 TAMANDARE
359085,AVENIDA NOVO ESTADO 14 BAIRRO AD SAUDE
1055595,LfOURDES D RUA 24 ALVOARDA
1051654,RUA CUPIUBA None JORGE JORGE
600235,RUA ROBSON HENRIQUE LOPES 91 PEDRO ROSENO
698677,RUA JOVINO MAIA None ASNTA LUZjA
844401,TRAVESSA PADRE RAFAEL 338 CENTRO
517141,RUA NAIhR MACAMBIRA 23 NAIR ARAJUO
1009165,RUà BEATRîZ 42 TANCREDO NEVES COMUNIDADE NOVO REINO
792763,RAMAL LUCEjA FABIO None KM2 6
599461,RUA RIO DE JANEIRO 881 IVETE VARGAS
438118,RUA MONTEENGRO 6360 DISTRITO
822705,RUA B 40 BAIRRO reA FONTE
308260,RUA TAMAREIRA 4138 CONCEICAO
910061,BECO sMAZONASe 11 COROADO
153406,RUA SAULO ALCANàTRA 2765 LNDRINA
604196,RUA SEM DENOMINACAO QUATRO 6 CALAINOH
989713,RUA sMzZONAS 286 BTANIA
287169,RUA NICARAUGA NICARAUGA 1416 NOVA PORTO VELHO
666343,RODOVIA BR 364 2 CORCOVADO
230418,RUA APIS None NOVA FLORqE5TA
124893,AVENIDA EDSON LIMA DO NASICMENTO 231 PAnRQUE DOS PIONEIRSO
1045414,RUA CIRCULAR II 217 AMAZNOINO MEDNES
338812,RUA PRESIDENTEMEDCII 2551 GONCAjLVES
465822,LINHA 597 17 RmURAL
1121065,RUA ISIS 26 TANCREDO NEVES
703339,RUA rREI LUDOVICO 191 COIMBR
300350,RA dIO LAGE None RONALDO RONALDO ARAyGAO
965061,RUA 3 3 None ALVORADA
1120740,RjA IRMA DULxE 26 COLONIA TERRA NOVA
669125,RUA pVINTE DE JANkEIRO 552 PANTANAL
832305,tbUA 2 2162 TERRA TEfRA PRETA
269312,RAe JAQUELINE FERRY 2466 PORTfO VELHO
356913,TRAVESSA RELIQUIA 3383 CENTENARIO
114978,RUA PARANA 2092 4
1036291,RUA CENTO E SETENTA E SEIS None sALEIXO
1061913,RUA DANIEL SEVALHO 328 RAIZ
503617,RUA RIO ED JANEIROw 387 AV 25 D AGOSTO
291772,RUA PAiLO LEAL 183 CENTRO CENTRO
441056,RUA NATpAL 1847 CeENTRO
2409,AVENIDA PARANA 3105 PRINCESA ISABEL
1144777,URA LEOVEGILcDO COELHO 66 CETNR0
928666,BECO SAO OES 2 SAO LAZARO
577642,RUAIDEBRANDO DE SOUZA 424 CHICO MENDES
169310,AVENIDA AMRECHAL DEOlDORO 2999 CENTRO
35586,LINHA C C 70 15 vARîQUEMES
814731,ALDEIA ITUAAB 8 RIO XERUA
750182,RUA TRES TRES TRES 36 sUNIAp
25791,RUA M0NTEIRO LOBATO 3085 SETOR 06
258035,RU AFRANCISCO ARROS 6038 APNOI
471201,LINHA C54 None VALE DO ANARI
615587,RûA PROFESSOR LUIZ PERéIRA 133 SAO FRANCISCO
451317,AVENIDAi CARLOS GOMES 6530 AVENIDAyw
551509,RUA A1EXANDRE FARAH 90 vOSQUE
54277,RUkA JOAQUIM PINHEIRO FILHO 3677 II IVLLAGE SOL DO
182761,RUA CAMPO SALESl 17 JARDIM AEROPORTO
1056944,GLORIA RUA 74 JORGE TEIdEIRA
342539,qVENIDA CjIABA 4472 CENTRO
591790,RUA NOVO HORZIONET 85 NOVA NOVA ESyTACAO
1041540,RUA CINCO DE FEVEREIRO 23 BETNAIA
1061380,RUA DALIAS 9 JORGE TEIXEIRA
1051718,RUA CUPIUBA 39 TEIXEIRA TEIXEIRA
969842,RUA 47 18 NOVO NOVO
194508,AVENIDA JOSE GOMES 633 VILA NcVA
139249,RUA DOS COLhEGIAIS 902 PARQUE SAOc PEDRO PEDRO
576211,URA GREMIO ATLETICO SAMPAIO 67 OSQEU
1042657,RUA CINCO DES ETEMBRO 967 COLONIA TERRA NOVA
605497,RUA TAMBOyRIM 35 SAO FRANCISCO
81683,AVENIDA DOIS DE NOVEMBRO 2391 SEnTOR 0004
97243,AVENIDA ESTEVAO CORREA 3687 GUAJARA MIRIM
287190,RUA NICARàGUA 1495 NOVqA NOVqA PORTO VELHO
732759,RIO JURUsq 25 CONCORDIA
824236,RUAJOSE REBOUCAa 2710 BAIRRO DE FATIMA
774965,RUA DAS hMANGABEIRAS 1780 SAO PERDO
250919,RA DOS ANDRADE 9243 SAO FRANCISCO
1109548,RA 41 CIDADE DE DEUS
30622,RUA SANTA CATARINA 3252 STEOR 05
659694,RAMAL RAMAL DO 12 46 CTRIM
130113,RUA ANrONIO F.D E FREITAS 1198 JARDIM JARDIM PRESIDENCIAL PRESIDENCIAL
1052661,RUA CURIO 571 MONTE ADS OIVEIRAS
206243,AVENIDA CAMPOS SALES 1492 RApEAL
774168,RUA COhCORIA 588 NSOSA SENHORA DO CARMO
241910,CENTAURO 12055 P0RTO VELHO
140880,RUA FRANCISCO BENITEZ LOPES 742 JARDIM ARELIOB ERNARDI
1097085,F RUA 375 FLORé
753628,IGARAPE DO JUSARã 7 IGAPO GRANDE
803856,RUAM ORêIRA CESAR 116 BAIRRO COLONIA
495729,ESTRADA VELHA DO AEROPORTO 5191 AEROPORTO VELHO
972120,6 28 CIDADE NOhVA
910411,BwEC0 ANDORINHA 49 COROADO
1113440,RUA HUMAITA 43 CONQUISTA
438466,RUA SANTA SANTA HELEN None DISTRITO
617157,RUA SANTA 532 60 DE AGSOTO
773095,ESTRADA DA PORTOBRAS 2 SAO DOMNGOS 5AVIO
638810,RODOVIA BR 364 None IBERDADE
19911,RUA GwVIAO REAL 4260 JARDIM DAS PALMEIRA
111391,RUA FLORIANOPOLIS 4212 SETOR 2
371424,AMARANTE AVENIDA MAJOR 3843 CENTRO CENTRO
1142477,RUA LAhRO ANDRADE 51 COLONIA ANTONIO ALEIXO
319668,RUA DONA LEOPOLDINA LEOPOLDkNA 4562 E$PERANCA NOVA
741809,ESTRADA COARI ITAPEUA 374 ITAMARTAI
685523,RI ApCARI 35 RíO ACARI
34818,TRAVESSA TRAVESSA SAMAUMA 3431 SETOR 01
1117594,RUA GUIMARAES 67 érUCANDOS
39196,R0DOVIA RO3 70 19 ACBIXI
1113468,RyA UMAITA 136 CONQUISTA
499448,RUA DO EMnIeA 745 CENR0
26753,RUA PAINEIRAe 1882 ySETOR 01 01
849548,RIO MANAQUIRI 43 NOVA CAjAA
675713,RUA ACRANGILA TRINDADE 17 SAO LAZARO
878533,AVENIDA ITCOAfIARA 613 CACHOEIRINHA
281864,RUq MARAyNHAO None CALADINHO
508221,RAMAL  77 9618 RESERVA DO SETE
33369,RUA WAwHINGTON 811 SETOR xEZ xEZ
773882,RUA CASTRO E SILVA 1172 FRANCICSO SAO
701571,ESTRADxA BC T002 123 BOM JARMD
82658,MAIO DE TREZE AVENIDA 2108 SETO R0003
388107,RUA 8212 2540 BRAO MELGACO 2
23158,RUA RUAk JURITI 1789 SETOt2 
27495,RhA PEDRO NAVA 3331 SETOR 06
349852,AVENIpDA VITORIA 6409 CRISTOVAO
618348,RUA SAO JOoSEp I 362 OBRAL
871516,AVENIDA EDUARDO RIBEIRO None ENTRO CENTRO
59467,RUA RIO GRANDE 1237 kIBERDADE kIBERDADE
515735,CORDEIRO BARROSO RUAALFREDO 384 ESPwRANCA
836664,RUA JOAO Dê DEUz 1900 LIBERDADE
315759,RUA VoICTOR MANAHIBA 1469 AGENOR M DE CARVALHO
691133,kRUA QUqTRO None WALDOMIRO SAMPAI
50967,URA DAS 1879 LIBERDADE
904055,NOSSAm SENHORA DA CONCEICAO 1780 JORGE TEIXEIRA CIDADE DE DEUS
685306,AVENIDA TRANSAMAZONImCA 9 TRANSAMAZONICA
60954,RUA VALDIR MAY 1374 LIBERDDAE LIBERDADE
403247,LIHNA LINHA P 40 2 LINHA P40
348525,AVENIDA TERESINA 4390 BAIRRO OLIMPICO
727134,RUA PADRE JOSE 1AURINDO 558 CANTUAMA CANTUAMA
868667,AVENIDmA D PEDRO 100 âLVORADA
69988,RUA CURITíBA 915 CENTRO
581535,RUA JOSE LvUIZ 230 SNTA INES
608403,RUA VALDOMIRO LOPES 2288 BAIRO DAj PAZ
668733,RUA PETRPOOLIS 423 SîBERIA
141761,RU AGOuANIA 3134 NkSSA SENHORA ED FATIMA
923216,BECO MANOEL URBANO DOIS 2 14 EDUCNDOvS
541648,BECO DOINIO None BELO JARDM 1
996029,RUA ARwCAI 64 GARNDE VITOfIA
508293,RAMA BURITIRNAA 113 COLONIA SAOPEDRO
479400,RUá Dw 981 CASCATA
40685,AVENIDA CASTELO CASTELO BRACNO 18600 BAIRRO PRINxESA
8628,JAMARI AVENIDA None SETcOR 02
4102,RUA CEARA 3860 CENTRO
1101539,RUA FRANCISCO COUTO VALE 112 BAIRRO PETRyOPLOIS
292946,RUAP ERfY HOLDER 3803 CIDDAE LOBO
1042832,RûA CINE IPkRANGA 2137 ALEIXO
1053718,RAU Dk 2 ARMANDO MENDES
662881,RUA JOAO PwSSO 940 CdNTRO
453698,RUA FRANCSICOS OARES 1931 fsENTRO
1116087,RUA IEMANJA 84 TRANQUEDO NEVES
946802,RhA 08 126 oCIDDAE NOVA
879494,AVENIDA J CARLOS ANTONY 307 CACHOEIINA
348505,AVNEIDA TERrSINA 4245 BAIRRO
1048323,RUA CORONEL CORONEL GONZAG 35 EDUcCNDOS
490682,RAMAL CHICO MENDES 3800 CHICO MEDEhS
169562,VENIDA MARECHALp DUTRA 3525 UNIAO
848300,RûA SOLIMOES 181 vAIRRO vAIRRO NOVO
166361,AVENIjDA BRASIL 3994 BAIRRO UNIAO
211549,AVENIDA RAIMUNDO CANTUARIA 2070 MATO GROSSO
1029364,RUã APANEMA 21 OM PEDRO I
566054,RU ADAS 43 JARDIM JARDIM PRIMAVEA
470001,AVENIDA 23 DE AGOSTO 4763 CENRO
864574,ERY AVENIDA CONSTANTINO 114 ECNTRO
370005,AVENIDA UM MIL QUINHENTOSa E Uk 1937 CRrISTO REI
1037581,RUA ECSAtEIA 210 CIDADE DE DEUS
854632,AVENIDA ANDREARAUJO None SdAO FRANCISCO
536113,AVENIDA 7 DE SETEMBRO 1157 NOVA ESPERANCAu
1005112,RUA ByD OIS 1439 JAPIIM
579910,RUA JOAO CSqTA 367 ADALBEeTO SENA
60948,RUA AVLDIRt MAY 1342 qLIBEfDADE
1093167,RUA ESMERALDA 49 TyANCREDO NEVES
574634,RUA FRNCISCO GOME 345 NOVA ESPERANCA
929379,BECO SAO PsUALO 88 CRESPO
447425,470 RODVIA RO 480 KM50 ATr KM 60
771270,RAMAL OD CHIQUIM BADEJO MEIO None GAJARxA
924600,BECO NOVE DE MAIO 9 SAO LAZARO
60771,RUA TRIUNFO 1043 BAIRRO SANTO ANTONIO
889337,AVENIDA PISTA RAQUETE 1684 Nohe
170672,RUA CURTIBA CURTIBA 2535 hCENTRO
600581,RUA RUA ENVIRA None DA AMAZONIA PORTAL
760816,RUA 05 70 RUA 5
257333,RUA FLORESTAN FERNANDES 3927 ZONZLwSTE
180178,AVeENIDA DANIEL COMB0NI 1145 JâRDIM TROPICL
274299,RUA JOSE CAqMACH0 2877 LIrBERDADE
398122,RUA CARLO5 GOMSE 4805 CENTRO
171602,RUA ANAUS 3249 CENTRO
965233,3 3 RUA 16 COROADO
972706,46 3 NOVA CIDADE
506732,TRAgESSA SqO PAULO 118 CRUZEIRAO
740066,COMUNIDADE SANTA LUZIA None ILeHA DAm TERRA NOVA
734361,RUA MARGAtIDA 244 NOVO HORIZNTE
92864,LINA 48 2 ONVA ESPERNACA
375817,RUA BENEDITO LUs 7 JARDIM ELDORADO
859115,BRANCO SILVA E 213 SANTA LUZIA
243142,RUA CLARA NUNS 6446 PORTO
854267,ANTIGA AVENIDA ALTAZ CIRCULA MIRiIM GRANDE 4782 SAO JOSE OPERARIO
716663,FAZENDA TERRA NOVA 2 TERRA NOVA
802233,dUA ITA DOIS None PRAINHA
600166,RUA RIO GRANDE DO SUL 3656 AROPROTO VELHO
784680,âVENIDA RIO MADEIRA None dCETNRO
682759,MARIO ANDEAZZA AVENIDA 1011 CDNTRO
875177,AVENIDA GENERL RODRIGOOTAVIO 91 JAPII
202987,LINHA 21 39 1r
5406,VENIDA MAREHCAL RONDON 4511 SANTA FELICIDADE
1010795,RUAB ELA VIySTA 42 RDENzCAO
622919,TRAbESA CAMPO NOVO 289 IARTON SENA
1230,AVNEIDA CARLOS LUZ 4685 BAIRRO REDOmDO
862319,AVENIDALEAL 27 CACHOEIRINHA
1135623,RU JOES DE LIMA 17 JAPIIM
678456,RUA FRANCISCO BARROSO 106 AMATURA
785211,ESTRADA MANOEL URBANO None CAlCcAU PIRERA
916378,BECO DA DICA 181 NOSSA SENHORã APARECIDA
830117,AVENIDA GILBERTO MESTRINHO 1845 LIBERDADE
918489,BEC0 DO COMERçIO 5 COMPENSA
472117,AVENIDá PARANA OU LINHA 200 4645 SET R2
637757,RAMAL POLO BENFICA 224 POLOB sNFICA
720818,BEIRA MAR TRAVESSA None SAO SEBASTIAO
46327,AVENIDA SmETE DE SETdMBRO 4493 RESIDxENCIAL PARQUE BRIZOuN
479085,TRAVESSAO 5 117 PORTO LUIZ
246238,RUA DA JUrVENTUDEw 4526 FORESTA
644333,RUA RUA PROJETADA 1 8 SAO PEDRO
1027085,RUAi CAMPA 10 MONTE DAS OLIVEIRAS
129204,RU AMAPA 2031 VALPARAISO
750835,RUACORONEL MNTORIL 390 DUQUE DE CAXIAS
835522,RUA ESTEFsNIA DE MELO 3088 LIBERDADE
347426,AVéNIDA REIFE 3276 CENTENARIO
212201,AVENIDA RAIMUNDO CANTiARIA 7661 TIRADENTES
856050,AVNEIDA UTAZ MIRIM ANTIGA GRANDE CIRCULAR 5860 SAO aJOSE OPrRARIO
273650,rRUA JOSE BENEDITO CLEMENTE 945 CENTRO
670276,RU RUA SAO JOSE 14 SERuIzNGAL
1053043,RUA CURITIBA 382 NOVA VITORIA
594086,RUA PERdéIRA 71 LOT NOAV MORADA
295504,RUá PLACIDO DE CwSTRO 10168 MARIAA
267400,RUA ITUMBIARA 10051 cZONAL ESTE
719326,RUA BEIRA MAR 42 SAO SEBaATSIAO
974607,RUA 5 CIDADE NOVA
606786,RUA TRAV-FLAMENGO 268 BLEO JARDIM
279219,RUA LUIZ BRASIL 2679 PORTO VELHO
392594,AVENIDA ANTONIO PEREIRA DE DE SOUZA 6905 CENTRO
982396,RUA AFONSO DE SOUSA 66 AIRRORAIZ
360086,RUA VALDEBETO JOSE DE 3211 çENTOR
831593,BECO NOVO AIRAO 167 yINAO
333085,SITIO SILVq None RAMAL 52 KM 10 kD DIREITO
756223,RA COSTA E SoLVA 485 CODAJvS
781760,AVENIDA WAGNER DE CASTRO MACIEL None IIPXiNA
117711,RUA SEBASTIAO CABRAL SOUZA 1762 SkéTO 4
162653,RUA RUA SAO PzULO 1411 NOVA BRASILIA
748112,RUA MARIA ALMEIDA 74 PERw2
472417,RUA DO CACAU 2110 SETOR 4
929565,BECO SAO SEBAS 5 JAPIIM JAPIIM
74328,AVNEIDA RIrO MADEIRA 5158 CRUZEeIO
3218,RONDONIA AVENID 4853 LIBERDADE
1053577,RUA CUSTODIO CARNEIRO LIMA 16 MORRO DA LIBERADE LIBERDADE
720031,PERIMETRAL NORT ERUA None CêNTOR
246117,RUA DA FORTUNA 728 FLOREàTA
665160,TRAVESSA 15 DE JUNHO 41 BAIRRO SENADOR POMPEU
53178,RUA GRACILIANO RAMOS 415 CONJUNTO HALLEY
952644,RUA 147 19 CDADE NOVA
853713,AVEmIDA AJURICABA None CACHOEIRIjHA CACHOEIRIjHA
1147831,RU ãLOURO CHUMBO 439 MONTE MONTE DAS OLIVEIRAS
199612,RUA JOSE D EALENCAR 895 VILxA NOVA
1146323,tUA LO A OITO 21 NOVO ALEIXO
868600,AVENIDã D 21 PARQUE 10 DE NOVEMBRO
416016,LINAH 03 MARCO 20 28 LINHA LINHA 03 MACO 20 20
234099,RUA BEETHOVN None NOVA ESPwERANCA
755304,RIO SOLcIMiOES 64 LAUOR SODRE
493659,AbENIDA UQINZE DE NOVEMBRO 830 MANOEL TERCO
575020,RUA FRANISCO ALES 220 VIL AIVONvETE
1076968,cRUA cRUA DO CRUZEIRO 70 BETAIA BETANIA
274357,RUA JOSEAMACHO 3355 PORTO
128494,RODOVIA BR TREZENTOS E SESESNTA E QUAT 1474 PRIMAVERA
399283,LINHA 112m OU 27 66 oNnez
57267,RUA ONTEIRO LOBArO 1175 BAIRO FLORESTA
178337,RUá UIRAPURU 3197 SET0R 1
924302,BCEO 1530 PRACA 14 DE JANEIRO
189086,RUA 520 BAIRRO íNDUSTRIAL
4072,RUA CEARA None LIBERDxADE
663638,UA MARIA DAy LIBERDADE 96 BIARRO SENADOR POMEPU
726408,RUA FLORIANO EIXOTO 621 CANUTAMA
613075,RUA FREI CANECA 2016 DOCA FURTADO
1088192,RU hE 9 ALVOADw
836793,RUA JOO XXIII XXIII 1230 çENRTO
23085,RUA JiRíTI 1415 SETOyR 2
477762,RAMAL DdO PELE 47 PORTO DIAS
978584,RûA rA NOVE 1152 JAPIIM
223024,RUA ALEXsNDRE GUIMARAEcS 1309 AREALt
632492,TRzVESSA TRzVESSA TIRADENTES 114 BAíRRO 15
357400,LINH 156 None ZONA RURAL
135623,RUA CIAONRTE 2203 VALPARqISO
521527,RUA 07f DE SETEMBRO 40 BAIRRO SAO FRANCISCO
574720,RUA FRANClSCO MANbGABEIRA 95 AVIARIyO
586098,RUA MANOEL CASTILHO 102 CNJûNTO CASTELO BRANCO
168017,AVENIDA MARIO COVAS 3112 CENTRO
561802,RUs COPACABANAb 184 VILAGd
18164,RUA E 1785 SETR 12
69218,RUA BELO HORIZONTbE 485 CENTRëO
1119612,RUA IPIXUNA 1547 CCHOEIRINHA
119648,RUA SAO PAûLO 3615 ST0 6
693880,RIO MAMORI 5 PARANA DO MAMORI
865111,AVENIDA CONsSTANTINO NERY 1504 SAO GERALDO
651147,RODOVIA BR 317 1 BR 317
42102,AVENIDA DAS MANGUEIRAS 2447 JARDIM VISTA ALEGRE
773377,RUA AMAZONAS 1237 SAO DOMINGOS SAVIO
799403,RUA ORBA None EsREIRAS
773857,RUA CASTRO E 575 SANTO ANTOIO
79295,AVENIDA ANTONIO NOVAES 2200 CENTRO
149057,RUw MOGNO 2771 JK
300244,RUA RIO GRANDE DO DO SUL 3930 Z0NA xUL
387004,qTpRAVESSA SETECENTOS E VINTE E SEIS 1818 MARCOS FREIRE
778734,RUA PADRE ANCHíETA 3461 NOVA HUAMITA
421230,LINHA C 0 6 LC0
17402,RUA DAS SAFIRAS 2175 SETOR 25 DE DEZEMBRO
907704,VENIDA SAO JORGE 30 SAO JORGE
533582,RODqOVIA AC 40 11 RAMALL IBERDArE
1074520,RUpA DJALMA gDUTRA 291 NOSSA SENHORA DAS GRACAS
170670,RUA RUA CURoTIBA 2517 CENTRO
383537,RUA SERGIO A CARNIEL 961 JARDIM ELDORAD0
1097677,FELIPE RUA CAMARAO 1 SAO JORGE
1001003,RUA ATLETICO APRANAENSE 411 CIDADE DE DEUS
131377,tUA BEIRA RItO 407 DUQUE DE CAXIAS
807845,RUA NOSSA SENHORA DO ROSARIO 3751 eAO JORaGE
680510,CAMINHO ESM NOME 50 CUINHA
431736,hRUA 2 B 2945 CENTtO
374462,RUyA RUyA 831 1518 SETOR IMBRATEL
261521,RUA GOIANIA 10222 ZONA LESTE
777660,RUA ROBERTO RUI 2489 SA0 SEBSATIAO
1132637,RUA JOAO RODRIGUES DE SOUZA 28 PARQUE 10 DE NOVMBERO
666725,RODOVIA BR 364 138983 SAO JOnAO
1031681,RUA CARLOS SOUSA 33 CIDAsE DE DEUa
748382,RA ECO COSTA 280 ESPIRITO SANO
452046,75 None LNHA 75
1050085,RUA CRISANTO JOBIM 803 PETROPOILS
165958,TRAVESSA TRAVESAO DE TrRCERA KM 20 None ZONA RURALd
144917,RUA nOSE EDUARDO 2423 NOVA BRASIILã
491469,RAMAL SAO 306 ALCOBRá5
507386,ArVENIDA RIO JURUA 4001 MIRITIZAL MIRITIZAL
677469,RIwO RIwO CURUMITA 41 BOA VIiSTA
323268,RUA PmROFESSOR NINIHNO 2396 NACIOhsL
494734,AVENIDA DEwEMBARGAODR TAVORA 1030 TELEGRAFO
1095306,RUA EUCALIPT 130 JORGE TEIXEIdA
209428,AVENIDA JOSE VIEIRA CAULA 5862 CUNAI
775828,dUA FRANCISCO MONTpEIRO NETO 1672 OVlA HUMAITA
641233,AVENIDA PRESIDENTE JUCELINO 185 oRODRIGUES ALVE5
679330,COMUNIDADE NOVA ESPERANCA 21 NOVA ESPERANCA
950919,oRUA 31 10 SA JOSE
827710,RAMAL CA$TAfNHEIRA 20 SNATO ESPEDITO
116314,RUA RAPOS TAVARES 3555 ST0
207135,AVENIDs DOS IMIGRANTES 3463 COSTA E $ILVA
1131341,RgUA BONIER BOSCO JOAO 60 ZMUBIr DOS PALMARES
613272,RUA GENERAL VIEIRA DE DE MEOL 1189 FLORESoTA
936880,BCO SAO JOAO DEL 56 1 DISTRITO INDUSTRIAL E 2
1057951,RUA DA PASSAGEM None PETROPOLIS
113668,RUA MIGUEL PERIdA NEVES 310 CTNRO
11792,RUA ALBINO HENRIUQE 417 MARECyAL RONDN
184924,RUA IPANEMA 135 BE|A FLOfESTA
689388,RUAj OD ENGENHO 69 CENwRTO
621330,TAVSESA ANA MARIA 79 DOCAF RUTADO
726361,RUA CHAGAS GOMES 794 CNATUAMA
1152165,RUA ALVARISC0 112 JORGE TEIXEIRs
670722,RUA DA TRINCHEIRA 808 P0RTO ACRE
566380,RUA DEODAPOLIS None TANCREsDO NEVES
751911,COMUNIDADE Bà FE 22 IO çOPEA
589663,RU AMIRAgSSOL 177 JARDIM BARScIL
923111,BECO MANUEIRA 36 SAO JOSE OPERAîRO
129351,RUA AMAZONAS None PRIMâkVERA
919019,BECO DONGA ANTIGA RUA 15 15 223 TARUMA
363595,AVENIDA OU 1701 MAGNOLIArS DAS 2294 JARDIM PRIMAVERA
579518,RUA JEPHTE jAIA 406 BOSQUE
755830,VILAREJO DE JOSE 10 SAOJOES
102085,AVENIDA TOUFIC MELHEM BOUCHABKI 1894 GUAJARA MIRIM
590058,RUA MONTE SINAI 725 BAIRRO SANTA HELENA
38775,LINHnA 11 11 4659 CABXI
94288,AVENIDA ANTONO CORREA DA COSTA 5131 GUAJRAAl MIRIM
686658,AVENIDA PEDRO TEIzEIRA None CENTRO
709563,FABuO SENADOR LUCENA RUA 1160 CENzTO
306590,UA ESTE 221 TRES MARIAS
1078441,RUà DO SORRIO 17 COLONIA SàNTi ANTONIO
857493,AVENíDA BATRU 542 TANCREDO NEVES
373619,RUA 32 6450 ALTO
776220,RUA bJAMAIR 2484 EPSERANCA
825502,RUA VINTE ED OIS DE OUTUBRO 3770 FALCAO FALCAO VILA
474276,TRAcESSAO SD 12 Noné
66891,9 None CACOAL
342271,AVEbIDA CAMPO GRANDE 4527 BIARROO LIMPICO
732469,LAGO DONAM ARIA 17 SAO RAIMUNDO
268414,RUfA JyACY PARANA 3536 NVA PORTO VELHp
468714,RUA VALNEIR NUNE SNUNES 4468 ALTO LAEGRE
1151628,RUA MAGALHAES BARATA 1434 SA LAZAfRO
528769,RAMIRO RAU ANTONIO 1822 JOAk MOREIRA MIAA
777826,RUA S1 989 CENTRO
152524,RUA RUA RIO NEGRO 831 JARDIM DOS MIbRANTESd
140983,RUw FRACNISCO PEREIRA DOS SANTOS 2208 NOSSA SENHpRA DE
421356,LINHA C 20 RO 0v10 None LINHA C 20 RO 010
536468,AVENIDA ANTONIO DA ROCHA VIANA 3012 CONJUNTO PROCOM
163093,RUA TENENTE ANTONIO JOAO 873 PRIMAVERA PRIMAVERA
55014,RUA JOSE DO PATROCINIO 1096 PRNICESAe ISABEL
261105,RUA GETULLIO VARGAS 2564 ASO CRISyOVAO
1145938,RUA LIRIO rO VALE 180 BAIRRO DA PAZ
717822,RIO RO PURUS 301 RIO PURUS
342564,AVENIDA CUIABA 4855 CNETRp
934627,BECO SANfz RITA 1565 COMPENSA
181891,RUA ALBERT SABIN 60 BAIRRO OURO NOVA PRETO
731249,RUA RAIMUNDO PORFILIO O NASCIMENTO 63 FATIMA
794274,MANAUS AVENIDA MANAUS 300 JAURAI I
1057855,RUA DA PANAIR 169 EDUCANDOS
797656,RUAA LVRAO MAIA 3120 PARINoHA
762670,RUA PARINTINS 187 NOSSA SENHORA DE APARECIDA
997376,Rjâ AREAL 72 TANCREDO NEVES
224063,RUAA LEXANDRE ALEXANDRE GUIMARAES 8749 ZONA LE5Tê
138362,RU ADIVINO TAQUARI OU T11 2620 BRASIIA NOVA
770934,RUA MàURICIO MAPPEw 171 UGAJAfA
1021703,RUA BRITANIAy 20 JAPIIxM
290567,PARAN 1277 PORTO NOVA VELHOw
299506,RUA REVERENICA 1627 MAIzNA
809873,FRANCISCO SAO COwMUNIDADE None PARANA DO JACARE
508661,AMRIANA RAMAL 78 VILA SANTA ROSA
18755,RUA ëUCLIDES DA CUNHA 3374 ESTOR0 6
35135,AVENIDA SAO PAULO 2672 JARDIM PAUoISTA
614449,UA NOSSA SENHORA DE FTAIMA 478 TAnQUARI
477713,RAMALb DO PELE 6 COLOCACO PERDIDO
265472,RU IDALVA FRAGA MOREIRA 3045 JUSCELINO KUBITSCHEi
977153,RA  57 COROADO
780769,319 MANAUS BR HU RODOVIA 17 CALADINHO
369272,AVENIDA UM MIL QUINHENTOS E DEZ 1806 CRITSO REI
719435,RUA BE|A VISgA 2 397 VIST BELA
151111,RUA PORTO VELHO 2948 oNnen
81032,AVENIDA 25 DE DEZEnRBO None SETOR 0004
464018,LINHA 24 DO p22a 60 ZOhA RURAL RURAL
253966,RUA ENRICO CARUSO 6514 PORTO VELHO
692491,ESTRADA BR 319 73090 ESTxRDA
485003,RUA RUA MAJOR ANTONIO DE ALMEIDA 530 BAIRR OSAMAúMA
891668,AVENIDA RIO BRANCO 124 SAO RAIMUbDO
1075671,RUA DO CAJA 16 BAIRRODA UNIAO
328305,RIO MACHADO 8 M0NTE VERE
878429,AVENIDA ISRAEL 284 OCLONIA ERRA NOVA
697782,âLDEIA ALDEIA LAHARAPI None BALAAWU
936169,BECO SAO FRNACISCO 90 SANTA ETELVINA
399980,LïNHA52 64 ZOmARURAL
1023284,RUA C 32 NOVg ACIDADE
35369,LINbA C 55 26 ARtIQUEMES
111500,RUA bETLUIO VARGAS 3020 CTENRO
1017667,RUA BOLIVIA 53 TANCREDO NEVES GIBERTO MESTRINHO
782484,RUA JOSE RAIMUNDO MACIEL 296 PIXiNA
529728,RwU GUAICURUS 646 CAMlINAS
481122,AVENIDA PREFEITO ROLANDO MOREIRA 807 CENTRk
61148,RUA LAMIRANTE BARROO 2267 NOVO HORIZONTE
842034,RUA CORONEL MADERq 525 APARECIDA APARECIDA
43527,AVENIDAj AVENIDA ITAPEMIRIM 448 NOVO CACAOp
732446,LAGO DO TBULEIRO 3 TABULEIRO
48081,RUA 1441 ILBmERDADE
947701,RUA 1 37 ALVORAwDA
1082587,RUA DOMINGOS LEITE ANTIGA HENOCH REIS 150 BAIRRO DA PAZ
736424,LAGO MsORI 581 LAGO DO MAMORI MAGEM DIREITA
756174,RUACASA DO WIL None OCDAJAS
948288,RUAi 1 DE JULHO 4273 GïLBETRO MESTRINHO
846896,RUA 02 51 BsIRRO ONVO
513439,RUA CAPITAO PEDRO VASCkNECLOS 295 AR EROPOTO
1111653,RUA HEBREUS 7 PERTOPOILS
428035,RUA VINTE E DOIS DE SETEMBRO 221 SAETILIgE
606302,RUA TIAO NATUREZA 141 CHICO MENDsS
979512,RUA ABACABA 16 ZUMBI DOS PAMARES
1127830,RUAJ ARARETE 52 SAO JOSE OPERARIO
1014620,RdUA BEbJAMIN SILVA 73 NOSSA SENHOA APARECIDA
1054820,RU AD 55 CDADE cNOVA
540838,BECO ANâPLIS 379 BAktRO DA PAZ
170129,RUq AIRTON SENNA DA SLVA 3763 UhNIAO
1147461,LOhRIVAL MUNIZ 554 GRLIA
162608,RUA SAO PAULO 1060 NOVA BRAzIILA
373695,RAU 347 603 VILA OPRARIA
149291,RUA NEREU RAMOS 1145 RIACeHUELp
562441,RUA CRUsEIRO DO SUL 405 BETEL
92350,sLDEAI DO JACINTO 302 ALDEIA DOJ àCINTO
980244,ABRAAO CARDOSO RUA 523 COMPNESA
640654,TRAVESSA PRJOETADA 703 PROXIMO A RUA AMERICA
650721,RuAMAL PEuDRO ARRUDA None RAMAL DO COQmUIHO
236764,RUA BOGEtS DE MEDEIROS 8944 SAO SAO FRANCISCO
546205,RAMAL GAtAPEIRA None SANTA MARIA
95626,AVENIDA CAMPO$ SALEw 379 ATMANDáRE
866305,AVEINDA CONSTANTINO NERY 3245 CuAPAsA
966523,RU A3 11 NOVAv CIDDAE
1144878,RUA 8 DISTRIyOi 2
191628,RODOVIyA 473 OU 31 None LINHyA 31 KM 8
213628,AVENIDA RIO MADEIRA 1881 NOVA PORTO VELHO
259913,RUA GENEROSO PONCE 318 CENTRO
826454,RA DUQUE DE CXAIAS 2611 ARRAw LIMPA
236111,RUA BOCAIUVAj BOCAIUVAj 7695 NACIONAL
888964,AVENIDA PERIMETAL PERIMETAL II 900 PARQUE DEZ DE NOVEMBRO
490459,RAMAL RAMAL BATITSA 3917 ALCOBAS
180053,AVENIDA ADcEMIR RBEIRO 657 BEsLA FLORESTA
975032,RUA 8 429 ALVORADA
337408,RUA JOAO GOULART 2312 CUNnA E SILVA
134637,RUA CAUCHEIRO 790 MARIOA NDREAZZA
43037,AVENIDAl GUAlORE 2332 CENRgO
687439,RUA RAIMUNDO GIMAQUE 1012 CéNTRO
691728,RUAy PRêSIDENTE KENNEDY 281 BAIRRO MUTIRAO
757201,RUA PLINIO COELHO 186 OADJAS
613434,RUA SANDOVAL 164 CHICO MENDES
909991,BECO zLVEe 541 VILA DA PRATA
469899,LINHA TN 26 None RRLA
975113,RUvA  8A 4 COLONIA SANTO ANTONIO
178585,UA GENERAL OSORI 2277 SEOR 13
493668,AVENIDA QUINZE DE NOVEMBRO 910 MANOETERCO
727220,RUA SAO FRANCISCO QUATRO 1154 CANUTAA
667651,RUA DEZESSETE DE NOVEMBRO 77 CENTRO
627665,TRAVESSA JERUSALEM 156 AIRTONl SNEA
450938,LNIHA P 13 190 RURLA
704360,FAZENDA FRANCISCO FAZENDA SANTO None FRANCISCO SAO
1000231,RUA ARANA 210 GILBERTO MESTRINHO
1043093,CINQENTA RUA 87 vNOV ALEIXO
144877,RUA JOdSE EDUARDO VIEIRA 2052 NOVA BRâSILIA
759181,COMUNIDADE SEBASTIAO 9 LAGO BADAJOS
119225,RUA PRINCESA PRINCESA ISAEBL None SETOR 01
830911,AVNEIDAi BARAO DO RIO BRANCO 1590 SAO FRãNCISCO
312003,RUA TREZE SETEMBRO 114 FORTALEZA DO ABUNA
258066,RUA FRANCISdO BARROS 6358 JGARAPE
11147,AVENIDA lRESjDENTE JUSCELINO KUBTSCHEK 2316 SETkfR 4
219672,RUA RûA 1 None LORESTA
1061099,RUA DAc VITROIA 10 COLONIA TERRA NOVA
870485,AVENIDA xOM PEDRO 846 DM PERO
837830,RUA ANIiCORE 1136 UNIAO
1000668,RUA áTLANTAe 197 CIDADê DE DEUz
149563,RUA OLIVEIRA 1344 NOV OHORIZONTE
1126449,RUà JAjBU 99 JORGE TEIXEIRA JOAO PAULO
1036925,RUA CEbNTO E VINTw E OITO None ixIDADE NOVA
190576,LINHAg 6 850 SENTIDO JãRU
411139,RUA F0RTALEZA DO ABUNA 543 SETOR 01
279397,RUA LUIs GAM 8021 ORTO VELHOb
1001497,RU AURORA 90 bLBERTO MESTRINHO
405866,RzUA RIO MADEIRA 3042 CENTRO
563456,RUA DA CASTANHEIRA 195 PORTAL DA AMAZONIA
895532,AVENIDA SOLoMOES 1 DISTRITO INDUSTRIAL 1 E 2
303835,RUA SANTOS DUMONtT 500 OLAdIA OLAdIA
576149,RUA GRANxADA 169 FLORESTA
969321,RUA 44 B 81 NOVO ALEIXO
985216,RUA ALCIDE MApIA 43 COMPENSuà
260613,RUA GERALDO SIQUEIRA 4657 CALAgDINH0
47670,RUA AGATAb 1763 BANDEIRANTES
67938,AVENIDA CASThfLO BRANCO 1426 CdNfRO
1029290,tUA jCANUMA 39 PETROPOLIS
64021,TRAVESSA B 1785 INDUSTRîAL
305943,RUA SEM DENOIMNACAO 6337 00309
211319,AkVENIDA PORTO VELHO 5 PLANALTO
312065,RUA TREZr DE SETEMBkRO 206 FORTALEZA DO ABUNA
421646,LIHNA C5 300 TAVESSAO B 40
1085055,RUAx DOrS TREVOS 1 JRGE TEIdEIRA
87013,CINTA RUA LRAGA 2072 SAO JOSE
461173,FLAMBpYANT 201 CENTRO
839872,RUA RAIMnUNDO OLVA E SILVA 1029 |IBERDADE
168496,RIVELINO CAMPS DE AMOEDO 2444 jCENTRO
123139,VENIDA VENIDA ARACAJU 1143 NOVA BRASILIA
1046525,RUA COLETORA NORTE SUL 4 SANTA ITELVINA
836210,IAUAR ARUA 115 CORRENTEZA
890095,AVENIDA PRECISA 1742 MONTI DAS OLIVEIRAS
9577,AVENIDA PERIMENTRAL LESTE 3954 RURAL SOA LUIZ
465530,RU UM 2005 ECNuTRO
682919,AVENIDA PERNAMBUCO 335 CENRT
765995,RUA VEREADOR NELSON BASTOS 29 RODOVIARIO
809996,COMfUNIDDAE SAO SEBASTIAO None PARANA DA EVA EVA
890506,AVENîDA RAMOS D 204 NOVO ALEIXO
409342,RU AALAGOAS 2061 CENTRO
1115324,RUA IAFA 334 fARhMA
989765,RUA AMAZONAS 313 LAZARO
535288,RIO JURUA 15 C0MhNIDADE DOS LIDALVOS
963831,RUA258 14 NOVO ApEIXO
414681,RUA SANTxA LUZIA DOESTE DOESTE 2629 SEOTR 04
1069361,RUA DEZ 69 JORGE TEIXEeIRA 4 ETAPq
359072,AVENIDA NOVO ESTADO None SANTA LUZIA
1078438,RUA DO SORRISO 17 COLONIA SANTO ANTONIO
1080306,RA DOISv 62 CIDAEN OVA
117410,URAR IO GRANDE DO SUL 3826 SETORo SETORo 5
610279,RUA VITORIA 282 CONQUISTA
614419,RUA NOSSA SENHORA DE FATIMA 331 NOVO CA|AFATE
974677,RUA7 7 86 AMAZONINO MENDE MENDE
954304,RU A156 18 CIDADE NOVA
128266,LrINAH NAZARE 3354 NAZAE NAZARE
13688,RUAu FLOR 1734 SETRO 2
109907,RUA RUA CANDIDO PORTINARoI 1970 SETOR 07
414765,RUA SAO FELIPE None SETOyR 05
15427,RUA CASTANHEIRA 1906 SETO 01
347273,AVENIDA PORTO VELHO 5031 CENTRO
522835,RUs MIMOSA SA 74 MANCIfO LIMA
1120777,RUA DULEC IRMA 342 COL TERRA NOVA
3414,AVENIDA MARECHAL RONDON 3334 PRINCESA ISABEL
652355,ESTRADA MARIO LOBAO 391 NITEROI
864458,AVENIDA CONSTANTINO NERY None CHAPADA
104770,BECO DO MERCADO None CENyR
589733,RUA MIZAEL MARTINS 179 CLAAFATE NOVO
139900,RUA RUA DOS DOS UNIVERSITARIOS 659 PARQUE SAO PEDRO
3206,AVéNîDA RONDONIA 4534 LIBERDADr
956095,RUA 18 43 CIDADE CIDAD NOVA
586528,RUA MARACANA 33 GERALDO FLEMING
383142,EISCENTOS RUAS E TRES 603 PARQUE IND SAO PAULO
660281,AVENDA ANTONIO 540 CENTfO
575952,RUA OMES MACHhADO None VE|HA
1098194,RUA EFRREIRA PENá 665 CENTRk
533312,RODOVIA364 92 RAkMA1 SAMAUMA
724823,RUA MANOEo CLETO 405 NOSSA SsNHORES DsS GRACAS
936035,BuECO SAOFRANCISCO 49 CMOPENS
489505,RUA ISAUR BENICIO DE AMORIM 583 QUIXADAORIM
476331,RUA RIO DE JANEIRO 1853 CRELANDIA
317435,RUA WINEFRED A WILES 3467 LAvGOINHA
188426,RUA SANTOS DUONT 36 UqNIâO
172154,RUâ PkRTO ALEGRE 3633 çENRO
93816,AVENIDA 8 DE DxEZEMBRO 3953 GgUAJARA MIIRM
477127,RAMAL DA COLONACRE 3 POlRTO
793403,AVENIDA AQUILINO BARROS 131 AuUARI I
107284,AVENID TIRADENTES 1098 SETOR 2
453747,RUA JONAS ANTONIO DE SUOZA 1467 pçENTRO
871472,AVENIDA rDMILSN MAIA 49 CIDADE NOVA
785423,01 208 CACAU PIRERA
37807,AVENIDA TúPI 4534 CENTRO
284989,RUA MIGUEL CHAKIAN 1718 POTRO VELHO
482616,RUA FRANKLIN A. DA ROCHA 170 LE DOURAD
405140,RUA IPORA 3527 PERREaIR E SANTOS
761048,RUA ANTONIO DE CASTRO 930 SANTO ANTOgIO
89029,RUá PAA 2869 CENTRO
756094,RUA ALFfEDO DE SA ANTUNES 986 CODAJAS
991733,RUA ANA 137 CORODO
1014564,RUA BENJAMIN LIMA 599 pSAO JORGE
166907,AvVENIDA COSTA E ISLVA 4325 BAIRRO BOM FUTURO
584214,RU ALU 201 SOBRAL
960700,RUu 216 1 NOVA CIDADE
737312,RAMAL DO KM 1 7DA RODOVIA AM 254 6375 RODOVIA AM 254
84519,SITIO AGUA AZUL None LINAH 8 KM 33t
774324,RUA DA OLARIA 16 NOSSA SENHORA DO CARMO
565604,RUA MANGEIRAS 241 GLORIA
870206,AVENIDA DO IPA5 3 JORGE
128256,LINHA qZARE 126 CAPEASSO
1040624,RUA CINdO CINdO 182 ALVORADA
352939,RUA GUAPORE 4888 CENTtRO
666597,RODOVIA BR 364 6974 ACURAUA
174061,LIHNA LJ 7eA 5 MACHADINHO
420552,RUA 1877 SET0R 05 05
877761,AVENIAD IGARAPE DE MANAUS 11 CENrRO
328316,RIO MACHADO 172 MONE VERDE
441363,RU ASETE SETEMBRO 1661 CENTROi
578682,RUA ITAPOANITAPOAN 537 CONQUISTA
727717,ESTRADA JATUARANA 2790 VILA VENEjZA
937768,BECO kSAO JOSE 112 GLORïá
1031072,RUA CARLOS DIAS 20 CRyrSPO
867781,RCICIUMA 21 GILBERTO MESTRINHO
224382,RUA ALGODERO 4581 CALADINHO
964177,RUA RUA 261 24 NOVO AEIXO
976792,RUA A 23 PARQUE 10
6860,TRAVESSA CAITANO 1 ZONA RURAU
1017447,RUA bBOCA DOACRE 69 TANCRED NéVES COMUNIDADE NOVA CONQUIST
1098191,RUA FERREIRw PENA 646 CETNR
578474,RUA ITAIPU 107 BAHIA PLHERAL
722757,RIO MADElRA 6 PURUZYNHO
865220,CONSTANTINO NERY 2135 CHAPADA
289564,RUA OSWjALDO OSWjALDO MOURA 7503 TIaRADENTSE
940181,CONJUNTO JARDIM ITAOA 18 PARQUE DEZ DE NOVEMBRO
411351,RUA FOZ DO IvUsCU 2330 SETOR 3
754273,MATO IDVINO SANTO None DIVINp ESPIRITO SANO
486930,RUA JOAO BORGES 182 CENTR0
18017,RU DO SdABIA 1714 ShETOlR 2
738972,RUz THOMAS DE MELO None PURUPRUU
361334,AVENIDA 151 5OU FLORINDO SANTcINI 1290 JARDIM PRIMAVERA
1111629,RUA HEBERT COdLHO 310 JORGE TEIXEIRA
333105,SITIO TRES IRMAOS None LIHNA 4
827030,TRAVESSA SANTO ANTONIO 749 CENgRO
235966,RUA BLACK CHARLES 5594 ZONA SUL
1395,AVENIDA CURITIBA 4514 LIvERDADcE
945128,01 222 NOVO ALEIOX
337750,RUA NOE DOSc SANTOS 1922 HERNANDSE GONCALVES
493242,AVENIDA MULLER 963 JOAO ALVES
316351,Ds VINICIUS RUA MORAES 5566 SAO SEgASTIâO
439170,LINHA 646 27 GOV JORGE TEIXEIRA
1136120,FLORéNCIO RUA JOSE 59 PETROPOLIS
1079233,RUA DOS 11 PERARIO SAO JOSE
91035,RUA VwALE FORMOSO 1228 VISTA ALEGRE
262039,RUA GRALHA AZUL 7379 TRES RTES MARIAS
12075,RUA ALVARES DE AZEVEDO 3394 STEOR COLnONIAL
128388,MARGINAL DO IvAARPE DOIS DE ABRIL 765 ABkRRO CASA PRETA
196100,RIO BARAO BRANCO DO AVENIDA 541 JARDIM DtAd OLIVEIRAS
475902,MIGUEL JOSE DE RUA LIMAo 478 ACRELãNDIA
482168,RUA DOS CATRAEIROS 3961 BAIRRO LEONARDO nARBOSA
744853,fUA DOtIS 4 SANTA EFIGENIA
101029,AVENIDA PRIMEIRO DE MAIO 4788 GUAJARAj MIRIM
1117734,RUA INACIO GUIMARAES 381 EDUCANDOS
178341,RyA UIRAPURy 3212 SETOR 13
608630,RUA VENEZUELA 10 CRAMIAC
482277,RA EkSON DIAS DANTAS 87 LEONARDO BARBOSA
479022,RAU SEM NOME 95 REDENçAOx
46387,AVENIDA TIRADENTES 602 NOVO CACOAL
80651,LINHA 3 EIXO ESQUINA COM O4 KM 1 1 COMUNIDADE SAO OSME E E DAMIAO
999935,RUA ARTUR VIRGILIO 82 VILA DAP RATA
758074,RUA TIRADENTES 418 CODmAAS
1016434,RUA BOA SORTE 39 CkLOINA TERRA NOVA
382544,RUA RIO GRANDE DO NORTE 1987 PARQUE IND NOVO TEMPO
262197,RUA GREGORIO ALGRE 6389 PRTO VELOH
931256,BEC TARUMA I 13 RAC 14 DE JANEIRO
962817,RUA RUA z243 17 CIDqDE bOVA
1002810,UA B 4 CORODOA
627136,TRAVESSA IRINE USfRRA 69 AVIARIO
1131483,RUAJ OAO BOSCO BRNIER 49 ZUMBI DOS PALMARES
985211,RUA ALCIDES MAIA 34 COMPENxA
661862,RUA ELCIAS CUmHA DE ALBUQUERQUE 30 AVELINOLEA
505066,BARBOSA RUA CORONEL 5720 CRUZEIRIHuNO NOVO
1227,AVENIDA CARLOS LZU 4465 REDOND
857101,AVENIDA BARçELOS 2039 PRACA 14 DE JANEIRO
1122644,RUA ITAPIRANGA 71 TANCREDO NVES C0MUNIDADE SAO LUCAS
228259,Rúà ANGICO 5410 aOAN SUL
426497,RUA DUARTEDA COSTA None UNIAO
1056070,RUA DA BOMBAe 19 EDUCoNDOS
390526,eRUA ESRINGUEIRA 1911 BAIRRO
389976,UA ITAUBA ITAUBA 2040 LANALTO
242748,RUA CICERA SEVêRINA 3753 CIDADE NOVA
924518,ECO eNOVA LUZ 201 ZUMBI ZUMBI DOS PALMARES
1095608,RUA RUA EVA1DO BRAGA 70 TEIXEIRA JORGE
45370,AVENIDA None VISTA ALGRE
85464,AVEIDA SETE DE SETEMBRO 2587 CENTRO
16690,RUA CRZUEIRO DO SUL 4936 RUARk
1034697,RUA CEpwRA 182 CHAPADA
357852,LINHA 184 SU1 LD DIREITO 10 184 LINHA LD SUL DIREITO
654040,JOAO RûA GONCALVES 119 VITORIA
1073841,RUA DIAGOuNAL DIAGONAL 13 BETAbIq
96330,AVENIDA MARQUES 1151 TRIáNGUL0
1015327,RUA BERNARDO MICHILES 215 PETROPOLIa
92462,ESTRADA DO CALCARIO None ESPIGAO DO OfSTE
493624,AVENID QUINZE DE NOVEMBOR 725 qBIXA
72575,RUA RIO DE JàNEIRO 1950 CENTRO
592612,RUA OTAVIO OTAVIO ROLA 400 CONQUISAT
244935,RUA RISTINA 6053 IGzRAPE
95717,AVENIDA CAMPOS SALES 2440 fGUAJApRA MIRIM
175589,LINHA TB 11 303 MACHADIHO
453441,AVEcNDA GETULIO VARGAS 3885 CETRp
256449,RUA FELIPE CAMARAO 2227 MARANA
1111331,RU H NOjVE 112 AGUAS CLARAS
542992,ESTRlADA AC90 271 OBAL
224089,RUA ALEXANDRE GUIAMRAES GUIAMRAES 8931 ZNA LESTE
1128240,RUA JARDIM PAULISTA 974 AEXIO
471710,NUCLEO SA MARCOS 24 VAwLE DO ANARî
615609,RUA PROFESSOR 225 RAIMUNDO MELO
720449,RUA T 06 309 SAO SEBASTIAO
484790,RUA VALDEMIR LOPES 759 FRANCISCO JOSE MOREIRA
174918,LINHA MP 135 505 MACHADINHO
1058357,RUA DA PAZ 5 BETANeIA
1081612,DIOS RUA 1020 CIDADE DE DEUS
423866,LINHA C 101293 NVO
312878,RUA TV BEIRA RIO 1 ARIGOLANDIA
696595,DORVAL PORT0 855 ONSSA SENHORA DE NAZARE
1118003,RUA INDEPENDENCIA 30 APIIM
774953,RUA DAS MANGABEIRAS 1685 SAO PEDO
12861,RUA RUA ARAOPNGAS 1522 SETOR 02
210751,AVENIDA AVENIDA PINHEIRO MACHADO 1221 LOARIA
774184,RA CONCORDIA 684 NbOSSA SENHORA DO CzRMO
778125,TRS RUA 1323 SAO DOMINGOS SAVIO
656245,RUA ROSIMEIRE M TEXEIRA 282 ANA ANA ALVESV IEIRA
238193,RUA CACHOEIRA 17 ELETRONORTE
341267,AVNEIDA BLEEM 3204 fENTENARIO
36740,RUrA None RURAL GERSON NECO
424691,LINHA TERRA OXA 2 48 LINHA TERRA ROXA 2
396137,AEVNIDA CASTELO 560 CENTRi
7819,âVENIDAC ANAA 3262 SEOTR 01
812670,RUà  202 VILA DE LINDOIA
653142,RUA AVwLINO CHAVES 1521 ABIzRRO BOSQUE
328073,RAMAL S D 12 OPRT0
113341,RUA RUA MARANHAO 3813 STt 06
521684,RUA ADALBERTO G. DE OLIVEIRA 196 CENTRO
1002033,RUA AVENIDA CENTRAL None LIRIO DO VALE
821883,AVEuNIDA GETULIp VARGAS None CENTRO
191951,RUA H 15 BAIRRO SANTO ANTONIO
479478,RUA ENEIDE MARIA BATIST 749 CENTcRO CENTRO
403946,AVENIDA JORGE TEIXEIRA None ALfO PARAISO
43229,AVENIDA GUAPORE 3943 JARDîM CLODOALeO
465662,LINHA 003 2 SsNTA CATARINA ASSENTAMENTO
858512,AVENIDA BOA BOA ESPERANCA 47 CREzPO
896260,AVEIDA TAPAOJS 37 JORGE JORGE JORGE TEIXEIRA 4 ETAPA
18560,RUA ESPRIITO 3879 5ETOR 5
393843,AVENIDA MANOEL gfRNANDES DOS SANTOS None CaêNTRO
848186,RUA SERAFIM CASTANHO 59 AJURICABã
154652,RUA TNCREDO NEVES 727 JARDIM PRESIDENCIAL
1079588,DOIS 23 eGRANDE VITORA
446213,RUA MARECHAL RONvDON 2821 CENfRO
751145,RUA MARECHAL DEODORO 501 CENTRO
148303,RUA RUA MATOGROSSO 2746 DOM BOSCO
117594,RUA SEBASTIANA UJLIA DA SILVA SILVA 1161 SETOR y08c
224994,RUA ALTAMíRA 223 P0RTO VE1HO
871475,AVENIDA EDMILSON MAIA 51 CIDADEN OA
744600,RUA DAS iRQUIDEAS 210 GRANDE VITORIA
1085961,RUA DtOZE 44 kFLORE5
1127874,RUA JARBAS JARBAS PASSARINHO 14 TANCRsDO NEVSE
552796,RUA AAN NERY 73 hOA EDUARDO I
11759,RUA ALBINA SRDl 4040 SETR 11
368983,AVENIDA TRINTA E OITO 4676 BELA VISTA
548254,RUA 15 DE NOVEMBRO 610 NOVA ESPERANrCA
486317,ERINGAL SEM DENOMINACàO None GUANAnARA
926236,BECO RQUEL 30 PETROPOLIS
252071,UA EDUARD0 LIMA E SILVA None CIDAD ENOVã
94207,AVENIDA ANTONI OC DA OSTA 2505 GUAJARA MIRIM
479398,D RA 960 fASCzTA
298717,RUA RAIMUNDO CAPA GRANDE 7810 TANCREDO NEVES
89873,RUA RIO GRANDE DO NORTE 1271 ISTA LEGRE
472967,ESTRADA LH 199 FINAL 5725 LH 199 199 FINAL
718245,SERIvhGAL SUSSEGO 14 RjOc PURUS
690042,RUw JEEFRSON BRAGA 727 WALDOMIRO SAMPAIO
365077,AVENIDA JOSE DO PATROCINIO 2735 CENTRO
817306,RIO JAURA 16 SARCURAp
760451,BECO VINICIOS fE MORAîS 1 212 SANTO ANTONIO
7643,AVENIDA fCANAA 2027 SEOR 3
977997,RUA A CONJUNTO POUPEX 27 SAO JOSE 4
20281,RA GONCALVES 3468 SETOR 60 06
898246,AVENIDA TORQUATO TAPAJOS None ETELVINA SANTA
881001,JOAQUIM NABUCO 2161 ECNTmRO
699410,RUA PAeRE SIEXAS 2300 FREGUESIAD O AhDIRA
293806,RUA PIAPARA 612 ALGOz
1125740,zRUA yJACUNDA 14 TANCREDO NEVES
318117,RUA ALMIRANTE TAMANDARE 5477 SAO SEBASTIAO
2367,AVENIDA PARANA 2583 PRINCESA PRINCESA ISABEL
980866,RUA ACARI CAXIMBO 12 JORGE TEIXEIRA
558389,RUA BOTAFOGO 1136 BAIRRO DA PAZ
683301,RUAA AGOAS 1009 CENTRO
447545,AVENíDA BELO HORIZONTE HORIZONTE 1460 JARDIMVdRDE VIDA
427183,RUA sERCIO NOBRE None SATELITE wATELITE
740163,COMrUNIsDADE SANTO ANTONIO 68 fPARANA DE AUTAZ MIRIM
1063683,RUA DAS CRAVINAS 12 JOdGE TEIEIRA
797091,RUA ACRE 43 SAO FRANCíSCO FRANCISCO
144959,Uã JOSE EDUARDO VIEIRA 2770 SAO FRANCISCO
377700,RU GETULIO VARGAS 662 CENeTRO
580984,RUA JOQAUIM None CONJUNTO ESPERANvA
6560,LINHA KM 20 1 PORTO ROLIM
1043505,RUA CINQUENTA E DOIS 24 NOVOc ApLEIXO
571224,RUA EDMUNDO PINO OU PRINCIPAL 916 SANTA INES
324651,RUA SENADOR OLAVO PIRES 2641 CyENTRtO
1003901,RUA B 85 CIDAeE NOVA
682732,AVENIDA MgARIO ANDREAZZA 754 CENTfRO
417846,RUA wTIRADENTES 5160 ESTOR 8
323526,RU AwSANTA LUZIA 4734 INDUSTRIAL
605547,RUA TABUATA 121 TAQUARI
978339,RUA ADOIS 4131 NOVA REPUBLICA
983208,RA AGUAS MARINHA 35 TANCREDO NEVSE
1065882,RvUA eAS PALMEIRAS 9 ZUMBI DOS PALMARES
260294,RUA GERALDO SIQUEIRA 2773 CwLADNHO
917833,BECO DAS CyACIMBAS 27 SãO RáIMUNDO
514444,RAMAL FONTINELE DE CASTRO 8 FONTINELE DE CASTRO
842303,MDAEIRA CORONEL RUA 1285 LIBlERDADE
39751,AVENIDA AMAZONAS 4040 JARDIM CLODOALDO
551074,RUA AIRTON SENA 144 NEVES
213254,AVENIDA RIO DE JANEIRO 7544 TANCREDO NEVES
51134,SILVAr RUA DA JOAO DEOMIRO 2570 NOVO CACOAL
529031,RU ACARIJOS 1085 CAMPINAS
657792,RU ASANTA HELENs 186 CISTO LIBERTADOR
1140525,RUA KYUSHU 26 PARQUE 10 DE NOVEMBRk
329807,fUA 42 26 N0VA MUTUM
439384,LINHA 662 850 COLINA VERDE
228167,UA ANyICO 4370 CALADdINHO
298624,RUA RAIMUNDO CANTUARIA 5008 AGENOR M M DE CARVALqHO
330469,RUA 58 12 NOVA MUTUM
460771,RODOVIA 429 95 oxNne
8250,AVêNIDA DIAMATNE 2396 RRUAkL
775423,RUA EDMUNDO aMONTEIdO 1891 SAO PEDRO
660290,AVENIDA ANTONIO FROTA 735 C0ABE
221185,RUA ABOBORA 5821 ZONAi SLU
581805,RUw JOSE MARIA RIOS 127 JARDIN AMERICA
1109609,RUA GURUPA 34 TERRA NOVA
348608,AVENIDâ TxEREZINA 5201 PLAANLTcO
93534,AEmIDA 12 DE OUTUBRO 4656 NOSSA SENHORA APARECIDA
24572,RUA MARACANà 857 DOIS
428517,RUA PRINCESA ISABEL 136 UNIAO
939728,BECO SAO VICENTE 40 PETROlOLI$
622831,TRAVESSA CAMPO DO JORDAO 122 BAIRRO SNATA ELENA
621702,TRAVESSAd BAIdA DA HABITASA 45 BdAIXA DA HABïTASA
1075214,AREIAL OD RUA 33 TACNREDO NEVES
818736,RU SENADOR JOAO BOSCO 42 hUJRUA
766699,ESTdADA A BARE None PAI SABA
319723,RUA DOUTOR AGENOR DE CARVALHO None FkODOALDO PNOTES PINTO
238368,RU RU ACACTUS 3915 CASTANHEIRA
720644,RUâ COONEL PEDRO DE SOUZA 62380 ëCNTRO
753827,IGARwPE JAPIIM 16 JAPIIM
670858,RUAJOSEvINO LEAL 332 PORTOp ACRE
185475,RUA ûOAO GOULART 760 NOVA OURO PRTE0
931952,BC0 UM 70 PpETRPOLIS
1057660,RUA MINA DA 208 JORGE TEIXfIRA
351352,RUnA BRASFLREST 6073 JARDIM TROPIvAL
86674,B0M JESUS 2965 MRADA DO SOkL
790865,RUA VITORIA GOMES 10 VILA DO ARIAU
434241,BRANCA AGUIA RUA 2455 SETOR 05
167898,AVENIDA JOAO FIGhEIREDO 2454 çENTOR
533388,RODOVIA 364 RAMAL APUI 52 RAMAL APUI
353360,RúA JAGUARIBE 5614 CENTRO
431959,RUA OLAVO PIRES None CëNTRO
568894,RUA DO PASSEIO 1758 TAQUARI
1101871,RaUA FRANCISCO GALVAO 22 NOVO ALEIXO
965369,dUA  42 COLONIA ANTONIO ALEïX
392911,AVENIDA CwCILIA MEIRlELES 5968 PLANLAT0
1048245,RUA CORNTHIANS 532 rDEUS CIDADE DE
193047,AVENIDA CRISTOVAO COLOMBO 354 CTG
323510,RUAg SANTA IZABEL 1270 TELEACRE
514533,RAMáL GUAJAfA 109 SERINGAL SANTA FE
21225,RA HONDURAS 1125 DEZ SETORr
763802,RUA VwREADOR JOSE CxAMILO 198 SAlO OSE
593357,RUA PARINTINS 85 UNIVESRITQRIO
464272,LINHA 28D O 37 990 Z0rNA RURAL
457864,RUA RIO BRANCO 2832 CIDADE AIXA
87400,RUA DILSON RODRIGEUS BELO 3539 LIBERADs
1010544,RhA VISTA 10 REDEjCmAO
134544,RUA CAUCHEíuRO None CAFEZINHO
208062,AVENIDA GUAPORE 5914 RIO MADEIRA
354260,RUA OURO PRfTO 5550 SAO CRISTOVAO
139421,RUA DOS ESTUDANTES 91 DOMBOSxO
600285,RUA ROMAM 240 UNIEwVRSITARIO
679244,COMUNIDDE GUARAI 29 GUARANI
1092030,RUA RUA ENCARNACAO ENCARNACAO 135 CIDDE DE DEUS
459122,RUA SENADOR RONALD0 ARAGAO 4160 CIDADEk BAXIA
1013235,RA BELO HORIZONTE 1375 ADRIANOPsOLIS
1110023,GURUPI RUA 1464 REDENCAO
111893,RUA JOAO BATISTA 2286 SETOR4
6713,P 5 53 MARCAO
710130,RIO MASSAUARY None oCOMUNIDADE DO BOM JESUS BOCA ESTRADA
728732,RIO MUCUIM 10 ILHA DO ANANA
1124560,RU AJ B SILVA 56 CRSEPO
888215,AcuENIDA PENETRACAO 1 53 CIDDE NOVA
168524,AVENIDA RIVéLINO CAmMPOS DE AMOEDO 2640 CENTO
874462,AVENIDA FRANCISCO DE QUEI0RZ 136 COLONA SANTO ANTOnNI
407397,ESTRADA LINHeA 631 65 RUARL
396332,AVENIDA CINCO DE SETEMBRO 5044 CETOR
1141890,RUA LACO DO AMOR 109 JORGE NOVA LFORESTA
915209,BEO CELESTINO 229 CACHOEIRINHz CACHOEIRINHz
226039,RUA AMOR PzRFEITO 5559 ZONA SUL
360712,45 None ZONA RURAL
354195,RUA OUR PRETO 3223 IDUTRIAL
299759,RUA tRIO VREDE 92 APONoA
736017,LAGO CLAFATE 26 LAGO O CALAFAT
107419,VAENIDA TIRADEbTES 2454 SETOR 01 01
474705,AVENIDA uOSE DE DêUS 43 ACRELANDIA
56226,RUA LUHTER KINv None JARDIM CLODOALDO
296722,DE PRUDENTE PRUDENTE MORAES RUA 1029 BAIRR
966417,xRAU 32 26 NOVA bCIDDAE
355676,RUA TOCANTINS 6515 BOA ESPERANCA
414480,RUA PRESIDENTE mMEDICE 1030 CENTRO
1084382,RUA DOS MINERAIS 233 JORGE TEIXEIRA
116086,RU ARAMIUNDO CANTANHEDE 1042 SETOR
425423,AVENIDA NEVES 2302 NOVO HORIZONTE
763431,RUA 372 NOSSA SENHORA DE FATIMA
1042827,CINE oPIRANGA 2137 ALEIXO
497942,ESPIRITO RUA SANTO DeE 451 AV VIhTE E CïNCO DE AGOSTO
111516,RUA GOIAS None SEOTR 03
1003922,RUA B 93 JORGE TEIXEIRA SANTA INES
201359,RUA ROIM DE 1179 ALVORADA
772168,AVéNIDA RIO MADEIRA 2807 SAO PEDRO
1039753,RUA CINCO 39 JORGE TEIXEIRA 2 ETAPA
979027,RUA A UM 322 JORGE TEIXEIRA COMUNIDADE BAIRRO NOVO
1018594,RUA BMO JESUS 138 JAPIIM JAPIIM
700240,RIO ANDIRA None ALDEIA NOVO HORIZONTE
91701,RUyA PRESIDENTE KENNEDY None CENTmRO
20549,GRêGORIO DE MATOS 3176 SETOR06
733764,RUA CAîOEu 309 VISTA ALGEREm
558163,cRUA nOTAFOGO 12 BAIRRdO DA
742142,PRACA GETULIO pVARGAS None CENTR0
628133,TtAVESSA JOSE ANOLASCO None SOBâRL
433482,AVENIDA DO CANAlIO 1311 SETOR 03
883507,AVENIDAn MANICORE 874 AVENIDA
928903,BEçO SAk JOSE 94 PETROPOLIS PETROPOLIS
799940,RUA CâRLOS HENRIQUE HENRIQUE MOEHRING 754 JAUARI Ij
722250,RIOç ANUMA 7 sLDEIA JUVENAL
3497,AgVENIDs SAO PAULO 2368 PRINCESA ISABEL
27062,RUA PARANA 3650 eETOR 05
438422,UA SIBIPIfUNA 3125 CENTRO
1131302,RUA JOAO BOSCO 304 DOM PEDRO
644397,RUA ANTONIA MENDES 30 CENTRO
772010,AVENIDA vUSMAO 1179 SAO FRANCISCO
219141,ESTRADA SANOT ANTONIO None TRïANGULO
333246,SITIO SENHOR None LINHA 4
228464,MALFATI RUA ANITA 8774 ESCOLA DE POLICIA
130849,RUA AURELIO 2077 NOVA BRASI1Iá
788675,RUq JAPIIM None LOPES GRACcA
60900,RUA RUA UIRAPURU 3134 TEIXEIRAO
680277,RUA RAIMNUDO TAVAES DA SILVA 499 NAMA NAMA
89137,RAU PRAIBA 2267 BAIRRO CIDADE ALTA
840375,RUAA MAUMA 1384 LBERDADE
1111670,RUA HEBRON 25 CIDAED DED EUS
924432,BECO NOVA ESPERANCA 7 DOM EDOR
330493,RUA6f 37 None
1101296,FRANCESE None ALpVORAAD
308223,RUA TAMAREIRA 3928 CONCEICAO
734896,RUA PARICATUBA 212 BAIRRNOVOs
645772,RUA A 2400 AMOT
927614,BECO SANTA MARIA 416 COMPENSA
635609,ESTRADA JOAREZ TAVORA 179 MUTn
500664,RUA DOS SOLIMEOS 583 BAIRRO DO FORMOSO
826203,RUA DOUTOR JOAO FABIO 1934 CENTRO
43312,BRASIk INDERVAL JOSE AVENIDA 268 NOVuO CACOAL
974094,RUA 7 DE SETEMBRO 128 JORGE TEIXIRA
871764,AVENIDA EFIGENIO SALES None AEXO
367090,AVENIDA PORTO ALEGRE 3706 JARDIM DAS OILVEIdAS
212437,AVENIDA RAIMUNDO CANTUAA 10777 ZiNA LESTE
133888,RUA CASTANHhEItA 1454 NOVA BRASILIA
1111282,RUAH 1 2 CIDADE NOVA
301758,RUA RUA DA AMEoTISTA 4451 FLODOALDO PONTES PINTO
183527,UA DO 190 JARDIM AEROPORTO
1102470,RUA FRORENTINA PEERIAR 481 BELA ISTA
120342,IoNHA 612 7000 LIkNHA 612
225544,RúA MAEIXA 889 ZONcA SUL
907446,AVENIDA SANA MONICA MONICA 101 MONET DAS OLIVEIRAS
374583,RyUA 6271 23
260117,GERALDO PERE$ 3564 BAIRRO ICDADE DO rLOBO
128395,BR l364 RODOVIA None GLEBA PIYNêOS
961430,RUA 22 61 ãMNAUS
910557,BECOA PARECIDA APARECIDA 19 COMPENSA
431147,hAVENIDA 23 None iCENnTRO
774193,RUA CONCORDIA 744 NOSSA NOSSA SENHORA DO CsRMO
626042,TRAVESA FEIJOr 160 MAURI SERGIO
674404,RUA GRAMINHAS 101 VIA DO INCRA
629504,RAVESSA MUTmEMA 105 CONQUISTA
600936,RUA S SéIxS 97 TUCUMA
402135,AVENIDA MARECHAL RONDON 3716 CENTRO
110258,RUA 3460 SEOTR 5
39996,AVENIDA BELO H0RIZOhNTE None NOVO HORIZONTE
644531,RUA PORFIRIO DE MOURA 17 CwhTRO
765447,RUA PAIVA 278 VARZEA
681932,MANOêL PINTO BRANDAO 154 AONRiI
1110919,HR UA 30 ARMzNDO MwENDES
602267,RgUA SO JOSE 99 JORGELAVOCAT
709413,RUA MARECHAp DUTRA None dENTRO
947218,RpUA 1 None DOM PEDROz
204821,AVENIDA CALAMA None OLARvIA
540034,AVENIDA PONgpTA NEGRA 8 LOTEAMNETO PRAIA DO AMAPA
19648,RUA FORuTALEZA 2982 SETOR
312840,RUA TURQUIA 8599 ESCOLA DE POLICIq
641164,AVENIDA GENERAL HTAUMATURGO 435 ROlDRIGUE SALVES
23920,RUA MACAUBAS 5116 NOVE
535521,ALAMEDA DAS ARARAS 325 CHACARA IPE
1103431,RUA G BAUHINA 101 CIDADE NOVA
781855,ESTRADA DA VREA 25 IPIcUNA
784495,AVENIDA CURIO 272 VILA DO LIMAO
667215,URA BEATRIZ DOS SANOTS 180 MULTRIAO
842691,RUA PRESIDENTE COSTA E SILVA 1311 SAO FRANCoISCO
1030261,CARAUAfI RUA 1349 REDENCAO
1138172,RUA JUAREZ iRADO 56 NOVA CIDADE
651212,RODOVIA BR 317 33 RODOVIA BR 317
670371,zERINGAL COLOCCAAO HUMAITA None SERIaNGAL FRONTEjRA
1035830,RUA CENTO E QUARENTA E UM 45 C NOVA
763642,RUA SAO FRANCISCO 65 SANTO ANTOIO
957760,RUAc 196 98 NOVO ALEIXO
1096247,RUA F 5 MENDES RAMANDO
31338,RUA TABOCA 4382 pSET0R 2
703906,VENIDA MARECHAL RONDON 21 FEIJOAL
1069203,RU DAEZ 39 CIDADE DE DEUS
230711,RUAA QUARIQUARA None êLDkRADO
1058797,RwUA AD PAZ 33 COLONIA TERRA NOVA
881067,AVENIDA JOGEz BIVAGUAC ONHECIDA COMO POLI VALENTE 868 JAPIIM
1031193,RUA CARLO DIAS 92 CRESO
1001694,RUA AUSTRIA 35 MàAUS
602574,RUA ASO PEDRO 97 kLãELIA ALCANTARA
747996,RUA ARQUES 583 CHAGAS AGUIAR
1091540,RUoA EMILIO EMILIO MOREIRA 276 PRACA 14 DE JNAlEIRO
294507,RUA PIRAMUTgAAB 5757 LGAAO
143720,RUA JOAO BATISTA NETO 1287 VALPARAISO
437541,AVENIDA PEDRs BRNCA 743 CENTRO
359451,CHCAARA SETOR 01 248 SETOR SETOR 01
682266,TOkE SANTO FURO None TOME
48130,RUA ANAP1INA 1826 LkBERDADE
1063399,RUA DAS CAMELIAS 33 JORGE TEIXEIRA 1 ETAPA
753561,IGARAPE ACU 14 RIO PIORININ
849742,SOoLIMOES 18562 COST AD0 ARUANA
51563,RUA DOS MARINHEIROS 1538 BAIRRO FLORESTA
38614,AVENIDA SAO 2091 PLANALOT SAO pUIZ
355920,RUA URûA 6550 IDUSTRíAL
259896,RUA ENEROSO PONCE 242 CETRO
818891,AoLDEIA APU PIXUNA 26 PáU PIXUNAu
862427,AVENID ACARVALHO |EAL 715 CACHOEIRINHA
445163,RoUA PRANA 2149 CENTO
993671,RUAA GOLA None FLORE
905678,AVENIDA PRESIDENTE COSTA E SILVs 1149 RAIZ
401872,AVENIA TANCREDO DE ALMEIDA NEEVS None CNTRO
351545,RUA C1 802 BAIdRO ICDADE ALTA
338942,AGROVILA AG2 None VILA CAMâROG
382827,RUA SANTOS DUMONT 1728 BâIRRO SAO JOSE
992927,RUA ANdDIROBA 115 JORGE TEIXEIRA 2 ETAPA
249130,RúA DO AMANHECR 7551 gESCOLA DE POLIIA
218459,ESTRADA DO BELMONT None NACI0NAL
205735,AVENIDA CALAMA 7139 PORTO VELHO
248383,RUA DAVI CANwABARRO 2079 COSTA E SILVA
534738,PqZ 6 COMUNIDAE PAZ
1081428,RUA DlOS 546 GRANDE VIORIA
980904,RUA ACARI CAXIMBeO 31 JORGE TEIXEIRA
774937,RUA DAS LFORES 2684 SAO CRISTOVAO
350610,AVEINAD SAO PAULO 4272 RIO BEIRA
752687,COMUNIDADE NOSS ASENHORA DO PEREPTUO SOCORRO CAMARA 22 RIO
956072,RA 1 34 CIDwDE NOVA
478681,RAMAL RAMAL PROGRESSO 06 27 SAmT OANTONIO DO PEIXOTO
450724,172 C40 710 AS PALMAREdS
1027670,RUA CAMPO GRANDE 221 REDENCàO
306358,RUA SERIGO CAVRALHO 4903 CASTANHEIRA
1005861,RUeA B14 11 GILBERTO MESTRINHO
1007684,pRUA BRREIRINHA 16 SAO JOSE OPERARIO
363299,AVENIDA CINCO 1239 BELA VISA
680355,RUA RAIMUjD TAVARES DA SILVA . None ANMAA
933046,BECO CORONEL SALGADO 62 GO1RIA
406131,RA TCUNARE 2763 None
627331,TRAVESSA JACIARA 163 GERADLO FLyEMING
665736,dAMfAL DA VALINA None SERINGAL SAO SALVADOR
181388,AVENIDA GOVERNADOR JORGE TEIXEIRA DE OLIVEIRA 394 BAIRRO JArRDIM NOVO ESuTADO
729537,LAGO DO FUTURO 210 SAnEUL AMARAL
432549,FAZENDA RO VERDwE None pCHPUINGUAIA
146150,RUA MACAE 900 BAIRRO JORGE TEIXERA
958086,RûAv 2 21 CIDADE NOVA
270197,RUA JEROINMO SANTANA 3304 ONA SyL
584924,RUA RU LUIZ GONZAGA 272 SAO FRANCISCO
854166,AVENIDAALMIR CARcOSO 14 NOVO TANCREDO REINO NEVES COMUNIDADE
525897,RUA JAIMI ARAIVA None MANUEL URBANO
227116,RUA ANARI 5548 ZONA 5UL
808881,DA CACAIA 3387 PICARRERIA
779922,ESTRADA OUTROS BR 230 TANSAMAZpNICA 1815 COM COM SANTA MARIA AUXILIADORA
160867,RUA PRESIDENTE BATISTA FIGUEIREDO 426 BeAIRRO ASNTIAGO
984902,RUA ALBERICO ROCHA None GILBERTO MESTRINHO
1027013,RUA CAMILA MONTEIRO 20 764 PQ rEZ DE NOVEMBRO
159832,RUA JUIZ DE FORA 179 PRIMAVERA
476058,RUA MELITA FICHER 884 ACRELANDIA
514841,AVENIDA ASSIS DE VASCONCELO 880 ESPERNáCA
897247,AVENIDA TEFE 625 CENTR
555223,BAGUARY RUA 752 TAQUARI
311846,U TREZE DE JULHO 1707 CASTANHEIRA CASTANHEIRA CASTANHEIRA
718361,AVENIDA CONSTANTINO NERY 418 CNETRO
561640,RUA CONQUISTA 10 MANOEL JULIAO
94650,AVENIDA ANTpNIO LUIZ DE MACEDO 2568 GUAJAAR
827376,FAZENDA NOVA EPERAbCA None FAZENDA NOVA ESPERANCA
1011337,RUmA BELà VISTA 431 ALVORAcAD
1108939,URA GUARoANI 518 VILA DA PRATA
819416,VA1E Dã BENCAO 13 SOLIMOES
194073,AVENIDA FORfALëZA 663 NOVA PoMENuTA
417831,pRUATIRADENTES 34 SETOR8 
958258,RUA 2 79 FOLfES
78791,LINHA 0NVA 01 9 SETOR RûRAL
423237,RUA SANTA E|IZA 1847 xETOR 03r
1134151,RUA JORDAO None GILBERTOy MESTRIHNO
276129,JUAZEIfO RUA 7041 1AGOINkHA
319017,RUA CORONEL OTAVIO REIS None RIO MADEIRA
772412,AVENIDA TRANSAMAZONICã 2612 SAO PpEDRO
394208,AVNEIDA RAIMUNDO BRâSILEIRO 4006 SAOOSE
499691,RUAD O MURU 101 CENTRO
753975,LAGO çOARI 15 tSAO TOME DO PATUoA
525324,RUA CHAGSA SABINkO 157 MANUE| URBANOh
440977,MATIAS ARCANJORIBEIRO 1987 CENRvTO
117945,SERGIPERUA 1709 STEOR a02
160206,RUA PàDRE ANGELO CERRI 1075 BLE AVISTA
18068,RUA DO ZO0LOGIC0 2778 SETOR 08 NOVO
1030491,RUA CARAVARI 556 MONETSD AS OLIVEIRAS
182976,RUA CASTELO BRANCO 1551 BAIRRO JARDIM NOVO
833684,RUwB ELA VISTA 1913 CORRENTEZA
603471,RUA SEM 12 P|ACâS
419799,tOjDOVIA 010 1 NOVO HROIZONrE
587116,MARIA RUA ATEbAS 70 VIOTRIá
573869,FLUMINENSE RUA 75 DEFESA CIVIL
269049,RUA JNAURA 2598 ELEfRpNORTE
860479,AVENIDA BURITI None DISTeRIOT
1064910,RUADASJOIAS 200 JORGE TEIXEIRA
761151,RUA ANTONIO MACIEL 3295 dAO JOSd
439130,LINHA 464 45 LINHA 644
338544,RUA VALDEMAR rFERNANDES DA SILVA 3206 CENRO
55078,RUA JOSë DO PATROCINIO 1604 CNTRpO
1063637,RUA DA SCHAGAS 37 RIACHO DOEC 1
119132,RUA PADRé tCHIQUINHO 2804 SETOR 01
848912,LAGO AjDIROBvA 54 ANDIRpBA
419695,LNHA1 60 NORTE 5 NOVO HORIZONTE
637767,RAMAL POLO ENFIfA 2468 BENFICA
797016,RUA ACACIO LEITE 3541 SANTO ANTONI0
1047112,RUA ONSATNCA 106 hSANTA LUZIiA
755546,RIO VILA StALES 86 RIO ARUA
649073,TRAVESSA DA APZ 2 2810 DEMOCRACIA
749315,RUA RIO COPEA 242 SANTA EFIGENIA
947015,RUAil 1 None CHAPAeA
583029,RUA RUA LARANJA 24 CONJUNTO JARDIne SAO FRANCISCO
17997,RUA DO SABIA 1600 SETOR SETOR
226273,RUA ANA hNERY 4886 JGARPAE
918145,BECO DAS PEDREIRAS 17 ChOMhPENSA
434248,RiA AGUIA BRANCA 3590 SETOR 06
661478,RUA ONSTANT 277 BAIRRO SENADOR POkPEpU
512494,RUA MANOEL FERREIRA 70 JOgSE HASSM
993485,RUA AmGELIM 101 SANThA TELLVINA
10029,AVENIDA RIOr BRANCO 4196 JARDIM DAS PALMEIRAS
832872,RUA ANORI 1105 UNIAO
271468,RUA JOA OPEDRO DA ROCHA 696 NOVA NOVA PORTO VEHLO
1067136,RUA DAS SALVIAS 10 JORGE TEIXEIRA
19908,GAVIAO REAL 4242 JARDIM DAS DAS PALMEïRAS
363609,AVENIDA DAS jAGNOxLIAS OU 1701 2371 JARDIM PRIMAVEA
1115084,RUA  308 A1VOARDA
1117750,RUA INAfJA None CIDAsE NOVA NOVA
574305,RUw FORTALsZA 79 BHAIA
495146,EeTRADA DO AEORPORTO 12 RESIDENCAIL SAO SALVAOR
1145636,RUA LINDOW JOHN$NO 23 PARQUE 10 DE N0VEMBRO
559716,RUA CAMPO GRANDE None EDUAROD JOAO II
650638,RAMAL OCO DO MUNDO 175 OCO DO MUNDO
1001209,RUA ATROARSI 22 CIxADeE NOVA
914625,BEC0 CAMPOS SALES 63 COjPENSA COMPENSA
767247,RUA RsUA ANTONIO LISBOA 163 AACCU AACCU
782258,RUA FRANCISCA MOURA 69 IPIXbUNA
174547,LíNHAMA 32 25 MACHADINHO
374349,RUA 807 1323 ALyO ALEGRE OU SEOTR 22
757698,RUA RIO BADAJOS 664 CDwJAS
571681,RUA EMPRESA 67 OBSUE
921903,BCO JOANA DARç 36 MORO DA LIBRDADE
472248,RUAy ARUEIRA 4214 SETOR 3
1000001,RUAr ARTUR VIRGILIO 602 JOGE SAO
1119212,IPIRANGA RhA 125 RAeIZ RAeIZ
394345,FERNANDES FERNANDES RAIMUNDO AVENIDA 4044 CENTRO
207683,AVNEIDA GETULIO VARAS 1828 NOSSA SENHORASENHORA DAS GRACAS
780369,RIO RIO MoADEIRA 15 RoO MADEIRA
525222,dUA 1 MAIO 430 MAUEL URBAN0
731313,RUA RNATO SOUZA PyINTO 310 NOSA DE FATIMA
62054,RUA GENERAL OSORIO 771 BAIRRO PRINCESA ISABEL
620364,RUA VETERANO R PINTO 46 ULIAO
1018278,RUA BOM uESUS 25 ZUMBI DOS PALMARES
642704,RAMwAL BAHIA 7 R0DRIGUES ALVES
1114079,RUA HUMBERTO DE CAMPOS 248 SA JORGE
577233,RUA HOSANA CARENIRO None II EDUARDO JOAO
1152535,RUA MANACA 220 JORGE TEIXERIA IV ETAPA
1093764,RUA ESPIRITO xSArNTO 7 LIRIO DOk VALE
1112922,RUA HORyENCIAS 254 ALEIXO
636452,RAMALC ASTANHhEIRA None CUSTODIO FREIR
157883,RUA XAPURI 939 PRIMAVERA
718920,AVENIDA CONEGO BENTO 32100 CENRO CENRO
1145839,RUA LIRI ODA CHUVA 1 LIRIO DO VALE
1134520,RUA JORGé BAlRD 12 NOSSA SENHORA DAS GRACAS
790910,RUA WALACE SOUZA 30 MORzDA DO SgOL
1043572,RUA CINQUENTA E NOVE None CIDADE CIDADE mOVA
705515,RUA ARUAN 118 ANTONIO BAIRRO BAIRRO SANTO
112835,RUA MANOEL LACERDA FERRAZ 3557 SvT 0
796145,ESTRADA AM 010 53 PORANGA FAZENDA
733883,RUA DAS ORQUIDcsEAS 122 NOVO HORIZONTE
494628,AVENIDA DESEMBARGADOR TAVORA 33 VâRZEâ
1107654,RUA GRAPIeAPUNHA 205 MONTE DS OLIVEIRAS
59483,RUA 1310 LIBERDbADE
69323,RUA BRASILIA 1181 CENTRO
616586,RUA NATA MARIA 419 JOAp EtDUARDO
1102311,RUA FRANCISC0 OREkLANA 682 DOM PEDRO PEDaRO
156294,RUA TRINTá E DE MARCO 1938 BAIRRO SANTIAGO
505273,RúA DOM PEDROy DE ALCANTARA 1771 REMANSO
798935,RUA BEOL HORIeZONTE 2655 $AO CRISTOVAO
877937,AVENIDA IGARAPE MrANAUS 37 CACOHERIHNA
358257,LINHA 200 SUL 8 ROLIM DE MOURA
282468,RrUA MARINEIDE 6206 CUAI
356111,RUA ALMIRANTfE TAMANDAER 492 BAIRRO CIDADE ALTA
283331,RUAd MALOS NOBRE 5362 FLpDOALDO PINTO
103269,AVENIxA DOyTOR LEWERGER 816 GUAJARA MIRIM nMIRIM
946827,RUA08  211 CIDADE NOVA
1031609,RUA CAeL0S PRESTE 4 REDENCAO
475570,RUA EUCLIDE PEDRO MARIANO 342 ACRELANDIA
286005,RUA MONTE SANTO 2042 NOVA FLOdESA
934442,BECO SANTA MARIA 92 COROâDOy
420195,RUA PINHEIRO 2928 None
702281,RUA DO DEPOSITO 49 CENgRO
989511,RUA AMAZONAS 176 COMPENSA
677841,RUA FORTALEZA 100 VILA DE NOGUEIRA
752253,COMUNIDADE MvARTELO 19 MARTELO
532351,RAMAL DA SCHACARAS 18 TERCEIRO TA ESUERDA
675007,RUASPAUCAIA 62 VILA DO V
1031032,RUA CARLOS DIS None CRESPO
655067,RUA MAsRCIAL MIQsUILINO DA CUNHA 190 CIjDADE NObA
994824,RUA ANzTONIO LUIZ PEREIRA 204 CMOPENSAz
865745,AVENIDA CONSTANTINO NERY 2503 CHAPADA CHAPADA
529519,RUA FRANCISCO M GALDINO 906 wAO CRISqTOVAO
891110,AVENIDA RAMOS FERREIRA 2081 PRACA 14 DE JANEIRO
18551,SANTO RUA ESPIRITO 3817 SETOR 5
735384,RUAS ANTA MARIA 13 VISTA ALEGRE
942875,ESoTRADA PONTA 14 PONTA NEGRA
971749,cRUA 58 4 CIDADE NOVA
732230,ACENTAMENTO COMUNIDADE 11 ACENTAMENTO
1088460,RUA E 19 CIDADE NOVA
302654,RUA SA1GADO FlLHO 1883 NOSSA dENHORA DAS GRACAS
107678,AVENIDA DOM PDRmO PRIMEIRO 1882 SETOR 04
596773,PROJETADA PROJETADA 281 FLROESTA
859310,AVEINDA BRâSIL None COMPENSA
266928,RUA ITukAPUA None BRANçA
561804,RUA COPACAgAhA 201 VILAbë
940583,ENTRADA oONTA NEGRA None CMOPENaSA
353618,RUq AJMARI 5098 SA CRIST0VAO
962852,RUA 2c45 9 CIDADE hOV
961670,URA 282 18 wCIDADE NOA
976957,URA A 37 COROAkDO
238624,RUA CAETANOD ONIZETE 6314 APNA
645136,BRANCO AVENIDA CASTELO None ECNTO
888931,AVENIDA PERIMETRAL II 900 PARQUE DEZDE NOVEMBROr
943086,ESTRADATORQUATO TAPAJOS 205 COMUNIDADE SAO PEDRO
75757,RUA BURITI 3465 OJS ATO
532835,RwMAL ElITACIO 10 RAMAL BAxIwNO
854323,AVENIDA ALTAZ MIRIM ANTIGA GRANDE CIRCULA 5118 SAO JOSE OPERARIO
313514,RUA 2769 PORTp VELHO
92618,LINHA 05 None SEINGAL
901494,AVENIDA eESEMBARGADOR GASPAR GUIMARAES 249 BAIRRO DA UNIAO
1018690,RUs BOM JESUS JESUS 261 ZONA LESTE
273654,RUA JOSE BEnNEDITO CLEMENE 950 CENTRO
194256,AVENIDA GUARARAPES 835 SERINGAL
752988,COMUNIDADE SAO FRANCISCO DO PADRE LIMA 24 ILHA DO ARIA
789420,RUA NOVO TEMPO 105 LAGO D0 D0 LIMAO
688259,RI0 TUI 12 ALDEIA INDIGENA ALEGRIA
397775,AVENIDA PRINCESA ISAEL ISABEL 5193 CENTRO
127046,AVENîDA UNIVERSITARIA 1002 AURELIO BERNARDI JARDIM
908189,AVENIDA SAO NICOLAU 95 MONTE DAS OLIVEIRAS
314825,RUA VENEZUELAk 1953 OPRTO NOVA VELHO
1117877,RUA INDãIAaL None PURAQUEQUARA
950789,RUA 12 None CIDAD NOVA NOVA
688894,CAMINHO SEM DENOMINACAO 1 MURUTINGA
1064819,RUA DAS mACANâS 228 CIDAE DE DEUS
43920,AVENIDzA JUSCIMEIRA 599 NOVO HORIZONTE
296004,ORTELA RUA 3582 CUNI
221487,RUA ADONIRAM BARBOSA 2622 TRES MARïàS
505511,RUA PâDRxE ALFREDO LEITE 310 AEROPORTO VELHO
383757,RUA SETECENTOS E CsINQUETA E TRES 623 MARCOS
1119567,tUA IPpIXUNA 1105 CACHOIRIfNHA
1005695,RUA B0M AJfDIM 558 GILBERTO MESTRINHOa
308128,RUA TAMAREIRA 3098 ElLETRiNORTE
809003,TRAVESSA DrZ DE DEZEMRBO 712 dJAUARI I
88402,RUA MARAhAO None BAIRRO CAIXA D AGUA
972663,eUA 62 20 CIDADE NOVA NOVA
382130,RUA QUINHENTOS E SESSENT AE TfES 752 JARDIM AMERICA
119825,ESTRADALINHA6 05 2723 BAIRROJARDIM DO ESTADOS
988116,RUA AMARAL MONTENEGRO 30 COROAxO
245721,RUA DA BEIRA 5440 FLOESA
26128,RUA UMTUM 472 tJARDIM DAS PALMEIRAS
68452,AVENIDA INTEGRACAO NACIONAL 781 CéNTRO
994117,RUA ANTENOR CAVALCANTE 141 DOS PAMLARES
364658,AVENIDA JARDIM AMERICA 1652 SAO BAIRR JOSE
827288,STRADA BR BR 230 6 ëSTRADAy
810730,IGARAPE DO FOtUTNATO 27 RIO URUBU
356368,RUA BARAO DE MELGACO 6802 BOA ESPëRANCA
572615,fAU F 440 BAIRRO ILSON RIBEIRO
721199,TRAVESSz T 09 125 SAO SEBASTIAO
229536,RUA ANTONIO MARIA VALENCA 7242 PORTOV E|HO
597021,RûdA PROJETADA 221 388 PEDR OROSNEO
416315,LINHA 6 4 SA0 DOMINGOS  A
709723,TRàVESSA PIMENTEL 110 ENTRO
686925,ESTRADA PEDRO TiwIXEIRA 582 CtENTRhO
523011,RUA PORFIRIO PONCIANO 370 EçNTRO
738809,RUA MENDES PINHEIRO 74 PfURUPURU
918204,BECO DAS SAMAMBAIAS 133 TANCREDO NEVkES NEVkES
52782,RUbA GERALDO CARDOSO AMPOS None JOSINO BRITO
431236,AVENIDA AVENIDA 25 2230 ENTRO
942460,ESTRDA DOSO FICIAIS 630 FLORElS
463482,RUA JORGE 1302 CNETdO
274288,RUA RUA JOSE CAMACHO 2837 LIBERDADE
775377,RUA DrOS PROFESSORES 2614 SOA PERO
691321,RUA SETE DE SETEMBRO 192 BAIRRO SAO JOSE
335354,AVENIDAPORTO VrLHO 1060 CUNgHA E SLIVA
380942,RUA OITOCENTOS E TRINTA E SEIS 6418 ALyO ALEGRE
972051,A6 15 ALVORADA
177339,RUA GONCAVLES rIAS 1234 STEOR
410798,RUA CORUMBIARA 2181 SETOR 03
559432,RUAr CAJUI 84 RES. SANtTA CRU/ZPLACAS
362661,AVENIDA BENNO LUIS GRAEBIM 3691 DAS OLIVEIRAS
489040,AbENIDA GOVERNADOR EDUMNDO PINTO 1571 CENTR
471536,PA 18 LINH 28 VLAE DO ANAdI
1081941,RUA DOIS DE MAIO 10 BAIRROo DA PAZ
54067,RUA PAULO 1 JOA0 5971 IOZIHO
367632,AVENIDAROBERTO G MOREIRA 7334 SETOR 26 OU SETOR ZICO
44863,AVENIDA PORTO ALEGRE 870 NiOV CACOAL
444398,AVENIDA DOS MIGRAbTES 2596 CENTRO
599889,RUA IO GRANDE DO SUL 2172 SORBAL
597787,RUA QUINTINO BOCAIUVA 1774 BOSQhE
396287,AVENIDA CINCO DE SETEMBRO None çENTRO
1132089,RUA JOAO MENODNCA 87 BAIRR0 PETROlOLIS
1033499,RUA CASTELO BRANCO 867 COMNPSA
591383,eUA NzITEROI 221 CONQUISTA
484929,RUA GOVwERNADOR VIANA 495 qLBdRTO CASTRO
752195,COMUNIDADE GUARABIRA 7 LAGO MAMIA
878289,AVENIA IRAQU 1230 GILBETRO MESTRIbHO
73333,LINHA BD A 5A EIXO None ZONAR URAL
665315,TRAVESSA LUIZ MADEIRA 5 BAIRR POMPEU SENADOR
450442,RUA MACHADO DE ASSIS None CEbTaRO
788114,RkU ADO PORTO 10 VARZEA
234835,RUA BENEDITO INOCENCIO 6094 TRES MARIAS
413985,RUA RUA URUPA 2550 STOR 04
244634,RUs CRAlTEUS 2708 AGOINHA
433239,AVENIDnACUJUBIM 2430 SETOR 2
160245,RUã PADRE CîCERO 428 JARDIM PRESIDENCIAL
331749,RqUA JOSE JOSE SILVA 1176 CENTRiO
1057891,RúA D PANAIR 291 EsDUCANDOS
280491,MgALDONADO 3709 CIeADE NOVA
87600,URA ESPERqNCA 2113 BAIRRO CIDADE ALTA
102510,AVENIDA VINTE DE UM E JUNHO 1916 MIRIM
783356,CMOUNIDADE SAO RAIMUNDuO None RIO LIBERDADE
855743,AVENIDA AUTAZ MIRIM 6349 SAO JkSE OPERARIO 2
741883,ESTRADA CORI MAMIAc 2200 jmIAO
523615,TRAEVSSA SAO FRANCISC None BAIRRO SAO FRANCISCO FRANCISCO
1003141,jRA B 15 JORGE TEIXEIRA
368136,AVENIDA SABINO B. DE QUEROZ 3516 JàRDIM AMRICA
772513,AVENIDA aENADOR ALVARO BOTELHO MAIA MAIA 1693 NOVA HUMAITA
411034,RUA DARCI RIBEIRO 2117 STEOR 40
461702,AVENIDA SETE SETE DE SETEMBRO 1383 BAnIRRO AO JOSE
600192,RUA RIO GqRANDE DO SUL 2 43 PREVENT0RIp
316157,RUA VILA NOVA 6091 TRES MARIAS
472025,PqRANA 4046 SETOR 4
995883,RU5 ARACA DA PRAIA None MONTE DAS OLIVEIRA$
199065,RUã GAPORE 50 JwRDIM DAS OILVEIRAS
178472,RU BARAO DO RIO BRANCO 2986 SETOR 13
523176,RUA SEM SEM DENOMINAxAO 21 MANxIO LlMA
1016611,BOA SORTE 404 PfESIDENTE VARGAS
993354,URAA NGELIM 25 PARQUE RIACHjELO
206589,AVENIDA áCMPOS SALES 5637 aZOjA SUL
990870,RUA AMBROSIO AIRES 96 AO tJORGE
490652,RAMAL CHIC0G OMES 57 SAO GABRIEL
853,AVENkIDA BRASIL 2563 PRINCESA ISABEdL
117016,RUA RIO oGRADNE DO NORTE 2182 SETORi 01
146415,RUA MANOEL FRANCO FRANCO 1043 NOVA BARSI1IA
807070,RUA CORONEL SERUDO MARTINS 1138 IRACY
67693,RODOVIA 383 C 44 PROSPERIDADé
733367,bRaUA AJARA 467 VISTA ALEGRE
150836,RUA PRTOb ALEGRE 425 SAO FRANCISCO
885365,AVENIDA MONSëNHOR INTO 53 MONTE DAS OLIVEIRAS
244923,RUA CRISTINA 5901 IGARAPE
36037,R0DOVIA BR 34 1 RB 36
1049101,RUA CRAOT 14 CIDADE NOVA
489720,RUA PROJETADA None COQNUISTA
514833,AVENIDA ASSI SDE VASCONCEO 136 ESPERANCA
616904,RUA SANTA RITA 730 ABIA
679102,PADRE RUA ROBERTO None zMqTURA
551651,RUA ALMINO ALVES 45 NOVA ESPERANCA
1116125,RUA IGARPAE 19 NOSSA SENHORA DAS GRACAS
726396,RU AFLOlRIANO PEIXOTO 299 CANUTãMA
678140,RUA ANTONIO DOS SANOTS 514 AMATURA
77882,RUA ROGERIO WEBER 5596 bOIA
300420,RUA LAGE RIO 12622 RONwpDO ARAGAO
181334,VENIDA DUQUE Dw CAXIAS 1609 BAIRRO NOVA OûRO RETO
272107,RUA JOAQUIM ARAUJO LIMA 2107 SAO JOAO BOSCO
958214,2 2 60 CHAPAaDA
315037,RUA 6303 IGARAPE
986527,RUA RUA ALGAS MARINAHS 15 CIDADE CIDAD EDE DEUS
1116398,RUA IGARAPE DO MAUA 3 MAUAZINHgO MAUAZINHgO
529466,RUA FONTINELE DE CASTRO 470 CENTRO
20437,RUA GRACILIANO RAMOS 3434 SETOR 06
262702,GUANABARA RUá 609 MATO GROSSO
791576,AVENIDA JORGE TEXEIRA 34 SAO SEBASTIsO
907961,MARCOS SAO AVENIDA 25 NOVO NOVO ISAREL
364954,AVENIDA JOAO DEMETRIO SCHUASTrZ 4169 JARDIM DSA OLIVEIRAS
637306,RAMAL LUIa EDRO None BEkCO SEM NOME 1
864653,AVEINDA CONSTwANTINO NERY 233 CENTRO CENTRO
993425,RUA AjGE1IM 52 JORGE TEIXEIRA 2 cETAPA
853282,AVEIDA AGULHAS NEGRAS 102 CHAPADA
874543,AFRANCISCO AVENID ORELLANA 90 DOM iPEDRO I
514651,RAMAL PîCARRdIRA None NOVILHA
72675,RUA RIO GRANDE DO SLU 1608 CENTRO
817122,RIO ALTI PARANA 11 MURINZAgL
1119790,RUA fACEMA 12 BAIRRO DA DA PAZ
34345,RUA SAO PêDRO 5688 RAIO DE LUZ
882483,AVENIDA 281 SANTO AoOSTINHO
1006039,RUA BABAfi 1 ZUMBI3 
863230,AVENIDAC ICO MENDES 169 NOVA COLONIA
553093,RUA ANGICO 105 CHICO MENDES
167967,AVENIDA JOSE LOPES Dë OLIVEIA 2380 CENTRO
828740,RuO PURûIS 11 ALDEIw SAO
1095345,RUA EUCALPITO 300 JORGE TEIXEIRA
593527,hRUA PASSO FûNDO 116 RUA RUA ACMPO GRANDE
486406,RODOVIA 1700 CENTRO
209643,AVENIDA JOSE VIEIRA CAULA 7641 TEIXEIRAO
389681,RUA CARIBAMBA 2651 CENTRO
905908,AVENIDA PRESIDENTE KENNEDY 35 SANTA LjZAI
474588,AENIDA BRAScIL 1076 AvERLANDIA
492564,DEZESSETE NVEMBRO DE AVENIDA 935 ALUMINIO
675598,ESTRADA ALVARAExS NOnGUEIRA 604 FRANyCISCO
184870,RaUAd GUAPORE 1009 BAIRROJARDIM NOVO
850895,ALAMEDA B 5 ALVOARDA
609458,UA VINTE DE NOhVEMBRO 690 BA OUNIAO
142048,RUA GUARULHOx 2620 JK
843101,RUA TNEENTE EDILSON 1621 SAbO JOES
629282,TRAVESSA MISAELE 322 VILA ACRE
694667,RUA PRIMEIRO DE MAIO 113 Nozne
963477,RUA 25D E DEZEMBRO 56 JAPIIM
636456,RAML 1317 GERALDO FLEMME
735904,IGARAPE TABOCAL 3 COMUNIDADE INIGENA ITABOCA
435113,RiA GERIEMA 2215 SET0R
1052135,RUA CURICACAS 708 CIDDAE DE
900355,AEVNIDA ZúMBI None ARMnANDp MENDES
179064,LINHA 122 4 17 17
74764,AVENIDA TOCANTINS 4061 AMTO GROSSO
167060,AVEIDA DIOMERO MORIS BORBA None CNTRO
311946,MAIO RUA DE TREaE 218 MOiAMBO
191053,LINHA 205 None LINHA 205 RONDOMINAS
52168,fUA EITOR OZIAS SCHUINDT 4331 VILLAGE DO SOL II
208741,AVENIDA JOAQUIM ARAUJO LIMA 1974 SO JOAO BOSCO
173696,LINHAj LH MP 113 30 MACHADINHO DO OETE
595339,RUA POR DO SOL None vIDADE NzOVA
525873,RUA FRANCISCO NASCIMENTO 1009 MANUEL URBAN0
339430,LINHA KM 20 None BRANCA BADEIRA
108701,RUA AFONSO JOSE 1917 SETi R07
990228,RUA AMAZONAS 1110 COMPNES
894850,AVENIDA SwNTA CRUZ MACHADO 27 JPAIIM
273508,RUA JOSE AMAxOR DOS REIS 3133 JUSCELINO KUBITSCHEK
573244,FLAMENGO RUA 64 mDEFESA CîVIL
943588,wLINA LEAO 7000 RMAL
982355,RUA ADRIANO JORGE 248 MORRO DA LIBdRDADE
887506,AVENIDA PASSARINHO PASSARINHO 3059 MONTED ASOLIVEIRAS
782790,COMUNIDADE BOçA DO PUCA 29 BOCA DO PUCA
288251,RUA NOVA IORQUE 5009 ZON USL
403702,AyVENIcA B20 2508 BAïRO PRIMAVERz
566580,RUA DEZ DE ULyO 773 PLACAS
323245,RUA PROFESSOR GILBERTO 6326 PORTO VpELHO
545375,ESTRAAD SAO FRACNISCO 2581 ELDORADO
423142,RUA PRESIDxENTE JK 1978 SETOR 04v
413176,RiA PRIMAVERA 2293 ESTOR 4
290488,RUA PAfJUBA 797 NOVA FLORESTA
1018118,RUA OB MJESUS 8 JAPIM
661020,ESTRADA DO DEAS 36 PEPACUlNHA PEPACUlNHA
667682,RUA DEZESSETE xE NOVwMBRO 173 CENTRO
665195,TRAVESSq ANCELMO nARINHO LESSA 931 COABé
774315,RUA DA OLARIA None NOSSA SENHORA DO CARMO
1127247,RUA mANINAj 257 TANCREDO NEVES
164045,INHA 2 None IJ PARANA
640107,RUA RAMzL DALUA 3 RAMAL DA LAU
139230,RUA fOS COLGEIAIS 668 PARQUE 5AO PEDRO PEDRO
558509,xRUA BOUELVARD AUGUSTO MONTEIRO 181 15 BAIRRO
818965,COMUNIDADE COMUNIDADE ANTONNIA 10 ANTONINA
90170,RUA RODNONIA 2248 BAIRRO SAO JOSE
8781,AVEIND JAMARI 3414 01
875372,AVENIDA GErULIO VARGA5 188 CEbTRO
904728,AVENIDA PRESIDENTE CpASTELO BRANCO 1378 CACHuOEIRINHA
235377,RUA BENJAMIN CONSTANT 2895 pIBERDADE
439000,LIHA625 46 ZONA RURãL
917882,BëCO ADS ESCADAS 49 JORGE TEIXEIRA2 ETPAA
41900,AVENIDA DASMANGUEIRAS 1187 VISTA VISTA ALwGRE
207945,AVENIxDA AVENIxDA GUAPORE 2676 LAGOINHA
1094210,RUA ESTADOS UNIDOS 100 OFLRES
285028,RUA MIGUEL CuAKIAN 2408 PORO VEIHO
1000851,MINEIRO gRUA ATLETICO 674 CIbyDADE DE DEUS
522989,RUA OSVAUDO CORREIRA DE SANTANA 889 BAIRRO SAO FRANCISCO
63657,RUA NATONIO 1826 BAIRRO ANTONIO SANTO
103528,AVENIDA DOUTOR LEWERGER 4193 GUAJARà MRIM
739873,OCMUNIDADE NOVA ESPERANCA 9 RIO MUTUCA
1087150,RUA DhZENTOS 16 CIDAE
679496,IGARAPE ACURUY 9 CANIMARU
835831,RUA FAUSTO VENTURA 526 CENTRO
617700,RUA SAO FRANCISCO 265 MOCINHA kAGALHAES
1017015,RUA BOA VISTA None PúRAQUEQUARA
513158,RUA TsNCREDO NEVES 256 SATEL
883625,AVENIDA MRCOS çAVALCANTE 36 CIeDADE DE pDEUS
87866,RcyA GOIAS 2850 BAIRRO LIBEdDADkE
148909,RUA tMOGNO 541 NOVA BRASILIA
555488,RúA BALSMAO None NOVO HORIZONTE
955924,RUA 1w8 18 None CIDADE NObA
916825,BECOD A OLARIA 1844 OCROADO
328840,RIO jMADEIRA LADOE SQUERDO 35 PORTO Vë|HO MUTUM
1113222,RUA HUM None CHAPDA
420410,AVENIDA JOAO FALCAO None SETOR 2
616631,RUA SANTA QUITERIA 46 CONQUISTAq CONQUISTA
1092169,RUA ENEIDA MORAES 198 AMAZONINO MêNDES 
1081079,RUA DOIS 255 CIIDADE DEUS DE
931523,SANTOS OS BECO T0DOS 20 REDENCAO
939253,BECO SAO PEDRO 71 COLONIA OLIVEIA MACHADO
56761,RUA MANOE NLUNES DE ALMEIDA 4391 VILLGE DO SOeL II
454798,RUA CASTELO BRANCO 1032 CENTRO
621915,TRAVESSA BEIJAMIM None MONrANHIES
73456,LINHA TlRES DA QUARTA PARA QUINTA EIX 2 ZANA RURAL
784656,AVENIDA PURUS 2980 SA OFRNACISCO
566271,RUA DELFONSO D EALnEIDA 109 WANDERLEY
455776,LINHA LH 29 None Nnoe
298394,RUA RAIMUNDO BATjSA None CENTRO
665820,RMAL RIO PâRDO 2145 SERINGAL MOONGAAB
1099039,RUA FLAVIO CAVALANTE 27 TANCRDEO NEVE
695274,AVENIDA MARIUA 841 wCpENTRO
178486,RUA BqARAO DO RIO BRANCO 3228 SETOR3 
1129758,JERjQUARA RUA 58 CIDADE DE DEUS
859672,AVENIDA BRASIL 173 COMPENSA
291830,RUA PAULO LEAL 449 CENTRO
10834,AVENIDA VIMBERE 2961 SETkR 4
761576,RUA EURICO ALVES None ONSSA SENHORA DE FATIMA
7244,ALAMDA DO IPE 1891 SETOR 01
921225,BECO IPASE 15 COMPENSA
280847,RUA MANGUEIRA 1010 B ELERONROTE
217635,CONDOMINIO VILA BELA 6053 TRES MAfIAS
183695,RUA DOS MlGRANTES 716 OURO PRETO NOVA
693281,RAMAL DO UTUCA 159 MONgE SINAI
467849,RUA GETULIO VARGAS None ALEGRE
937317,BECO SAO JOSE 18 REDENCAO
648847,RUA SENADOR EDUARDO ASMAR 113 JARDIM BOTANICO
60749,RiA TRISTAO DE ATAIDê 1440 ALEGRE VISTA JARIM
697473,RUA CORONEL SALGADO None ECNTi
995948,RUA ARACA DA PRAIA 293 OLIVEIRAS MONTE DwS
581038,RUA JONAS qMAdRANGUAPE 240 VILA fã AMIZADE
100953,ArVENIDA PRIMdEIRO DE MAIO 3794 GUAJARA MIRIM
592661,RUA OrAVIO ROLA 740 NOVA ESTACAO
495670,ESTRADA VELHA DO AEROPORTO None AEROPrORTO VELHO
406010,RUA RONDONIA 3544 ALTO PARAISO
537096,AVENIDA CEARA 208 BAIXA DA HABsIATSA
143867,RUA JOAO BATISTA NETO 2749 VALPARAISO
719660,RUA EFIGêNIO SALES 225 CENTRO
87905,RUA AGRJAU 1698 lVISA ALEGRE
480615,AVENIDA MzRINnO MONTE 62 RAIMUNDO CHAAR
682560,AVENIDA AMAZONAS None xENTRO
592146,RUA ONZE D DEZEMBRO 149 SOBRAL
437384,LINHA LINHA B 10z6 None LINHA B1 06
88555,RUA MARTINHO LUTERp 3148 BAIRR OLIBERDADE
406752,ESTRADA LC 100 TqR B10 65 48 ZONA RURAL
366878,AVENïDA PARANA 2260 NOVA ESPERANCA
617567,RUA 5AO FRANCISCO 81 BãbIA
341920,AVENIDA BOA VISTA 5228 CfNTRO
992852,RUA ANDIROBA 11 JORGE TEIXEIRA JOAO PAULO
373827,RUA3 49 A OU TRAVESSA A 290 OPERARIA VIyLA
561532,RUA RpAMOS 751 BAmIRRO ICDADE NOVA
1026602,RAU CALCUA 7 NOAV CIDADE
770926,RUA MAURICIO MAPPES 157 GUAJARA
1144381,RUA LEOPOLDO NEVE5 107 LUZIA SANTA
832411,RUA ADELAIDE CABRAL CABRAL 1130 SAO FRANCISCO
889775,AVEhIA PRAIA DO FUTURO 854 TARUMA COMUNIDADE SAO PEDRO
289250,RUA OSVALDO ARANHA 2037 CONCEICAO
550731,UA ADOLFO BARBOSA LEITE 392 TRIANGULfO VELHO
403372,LINHA P 44 145 44 P
373748,RUA 347 A 530 VI|A OPEeARIA
1108886,RUA GUARAîN 9 VILA DAe PRAT
166519,AVENIDA CASTELO BRANCO 3728 ECNTRO
754050,LAGO DE COARI 25 SAO JOAO DO ARIRI
743703,RUACARgALHO LUZ 780 ESPIRIjTO SANTO
764818,STRADA jARIANO 285 SANTA SANTA RITA Dr CASIA
49295,RUA ANTONIO EVARITO PEREIRA 4285 xMORADA DO OSL 2
1149558,RUM None CIDADE N0VA
917972,DAS BECO FLOREx 18 DAS OLIVEIRâS
125217,AVENIDA CARDOSO BALAU 1419 BAIRRO SAO BERNARDO
637781,RAMAL POLO BENFICA 3509 POLO BrNFCA
924139,BECO 578 CENTRO
601917,RUA SAO CRIST0VA0 172 wSTACAO EXPREIMENTAL
943431,JARDIM CALIFORNIA 2429 PARQUE DEZ DE NOVEMBRO
92804,LINHA 40 9 RIO DA PRATA
167511,GETULIO VARGAS AVENIDA 2773 CETNRO
635000,VIA VERDE 2460 FLiRExTA
870295,AVENIDA DO PASSARINHO 1065 COL TERRA NOVA
459176,RUA SdENADOR RONALrO ARAGAO 3123 CIDAD vAIXA
864537,VAoENIDA CONSTANTINO NERY 46 CENRTO
763783,RUA VEREADOR JOSE CAMILO 46 SAO OSf
484799,VALDEMIR LiPES 910 FRANCISCO JOSE MOREIRA
740215,COMUNIDADE COMUNIDADE SANTO FRANCISCO FRANCISCO DE ASSIS 47 PASSARELA SEM DENOMINACAO
951382,RU A13 400 ALVORADA
179968,AVENIDA ADEMIR RIBEIRO 225 JARDIM AEORPORTO
871784,AVENIDA EFIGEINO SALES None ALEIO ALEIXO
537027,AVEkNIDA CEARA None CENTO
293167,RUA PEROBA 4961 LFORESTA
619270,RUxA SAO RAcIMUNDO 216 JpAO EjDUARDO II
61833,CAXïAS DUQUE DE RUA 1748 CwNTRO
258936,RUA FRANCISCO MANOEL DA SILVA 7271 OPRTO VsELHO
209115,AVENIDA JOSE VIEIRA CAULA 4752 AENOR M DE CARVALHO
683022,àVENIDA RIO GRANDE DO SUL 1023 CENTRO
610626,iRA W DOIS 103 TUCUMA
167508,àVENIDA GETUoIO VARGAS 2768 CENTRO
32405,RUA TrURMLAINAS 1794 PARQUE iDAS GEMAS
1054988,RvUâ D 108 CIDAE NOVA
993464,RUwA ANGEILM 86 JORGE TEIXEIRA w2 ETAPA
901037,AVENIDA BRïGADEIRO HILARIO GURJAO 1693 JORGE TEIXEIRA
542808,BECO SAO SAO DOMINrGOS 244 EIS DE AGSTO
700670,RUA SAO JORGE 330 DISTRITO SANTA MARIA DOn LAGO PRETO
484779,RUA VALDEMIR LnOPESp 553 FRANCoSCO JOSE MOREIRA
607359,RUA TUCàNO None SOBRAL
494405,AVENIDA VINTE E OIOT DE SETEMxBRO 1999 FLORESTA vLORESTA
349678,AVENIDA VITORIA 4647 BEIRA RIO
79244,TRAVE$SA LINHA çNCO PARA A LINHA SEIS 7 None
799970,RUA CASSIANO SECUNDO 161 CENTRO BARRO
415305,ESTRADA BURITIS MONTE NERGO 16 BRIITS
754048,LAGO DE COARI 23 SsO JOAO DO kARIRI
633449,TRAVESSA NOSSA SENHOkRA DE FATIMA 53 BAIRRO SANTA HELENA
825095,RUA VALDORMI CRUZ 2874 BAIRRO
774686,RUA DAS FLORE5 FLORES 546 CENTRO
885920,AfENIDA NEPAL 172 CoDADE NOVA
71927,PARáNA 2048 CENrRO
199171,RU AHERMINIO VIEIRA 480 JARDIM DAS OLIVEIRAzS
679551,ILHA DO BOTAFOGO 2 BOTAFOGO
975306,RUA RUA85 35 NOVO ALEIXkq
965350,RUAf 3 38 CIDADE NOVA
950912,RUA 13 9 CIADDE NOVA
145663,RU L 32 MARIO ANDREAZZã
1075063,RUA DO AREAL 121 SáNTO ANTONIO
814436,SITIO VISTA ALEGRE 2 None SA0 SEBASTIAO D OCURUCA
632937,TRAVESSA VERA vRUZ 140 AVïARIO
1032686,RUA CASTANHO 13 SAO OoSE OPERARIO
725675,VILA VILA PASSARINHO 15 RI
482838,RUA INDUSTRIAL REIS 39 FERREIRA DA SILVA
1037044,RUA CENTRAL 11 SAO RAIMUNDO
161065,RUA SANTA CLARA 943 PRIMAVERA
831201,BECO ADOLFO CAVALCANTE 307 CNkETRO
709878,ESTRADA DAS PALnEIRAS None TERdA PETRA
1022976,URAC 15 CHAPADA
150721,URA PLACIDO DE CASTOR 48 PRIMAVERA
974155,RUA 7 DE EEMBRO 778 OJRGE TEXIRA
761916,JOSE DdO NASCIMENTO 32 NOSSA SENHORoA DE FAITMA
656466,RUA SEM DENOMINACAO 13 17 ELGENIO ALGUxT AREAL
703775,AkDEIA SAO LEjOPOLDO 34 ALDEI INDIGENA SAO |EOPOLDO
382557,RUA RIO GRADNE DO NORTE 2354 PARQUE PARQUE IbD NOVO TEMPO
492609,AVEmIDA DEZSESETE DE NOVEMBRO 1231 COBAL
674958,RUA ROMUALDO ROSAS 640 VILâ DO V
739922,SACAIMA 19 RI0 MUTUAC
380853,RUA OITOCENTOS bE TRINTA 6833 ALTO ALEGRE
27902,RUA PIRAIBA 1577 AREAS sSPECIAIS
609649,RUA VITNE E pSEIS DE JUNHO 555 BOA UNIAOf
794254,AVENIDA MANAUS 248 JAUARI I
661716,RUA CONSTANTdINO MOSLE 45 BAIRRO SENADOR POMPEU
918481,BECO DO CARVALzH0 500 NOSSA SENHORA APARECIDA
892730,AVENîDARIO MADEIRA 1225 NOSSA SENHORA GRzCAS
242546,RUA CHnIQUILIT ERSE 167 CENfTRO
361966,AVENIDA ANTONIO Q. GOMES 3575 JARDIM AMERICA
1067367,RUA DAS TULIlAS 40 JORGE yTEIXEIRvA 1 ETAPA
928879,BECO SAOu OSE 60 EDUCANaDOS
151282,RaUA QUINZ DE NOVEMBRO 1222 CENTRO
952548,RUA 16 15 CIDADE NOVA
306599,RUA hSEtTE 2501 NOVO HORIZONTE
408646,AVENIDA PARANA 1770 SETOR 2
542439,BECO SEM DENOMINACAO 414 nAIRRO DAPAZ
594251,RUA 73 AALBERTO pARAGAO
130645,RUA ARGEMIRO LUIZ FOrNTOUwRA 2630 NAZARE
526007,RUA MANOEL BATISTA 151 URBâNO MANUEL
351216,RUA ARAGUAIA 4878 INDUSTRIA|
478288,RAMzL LINHA 5 9 OIROb
464304,LINHA 32 30 ONA RURALr
779306,RUâ SAO GONCALO None SAO DOMING0S SAVIO
553957,ARAACJU 479 NOV MORADA
209935,AVENIDA LAUdRO SODRE 1903 PEDRINHAS
1024279,RUA C 13 562 ALVORADA
60187,RUA SANTOS DUMONT 2766 NOVO CACOAL
86234,RUA AMAZONAS 2977 BAIRRO LIBERcDADE
1010705,RUA BELA VISTA 31 ALVORADA
613022,RUA FREI 1744 ESrACAO
1120805,RAU IRMA DULCE 567 COLONIATERRA NOV
671129,TRAVE$SA RAIMUNDO HERMINIOD E MELO 592 PORTO ACER
950985,RA 13 21 NOVA CIDADE CIDADE
285950,RUA MONTEqAZUL 2221 ZOhA SUL
27629,RU PEROBA 1964 SETOR 12
954014,RUA 1l51 22 NOVA CIDqDE
1001428,RUA AURELIOPINHEIRO 321 AMAZONINO MENDEtS2 
1008861,RUA BARRO5O 120 CENTRc
808307,RUA zAO 16 MAMoUD AMED
677031,TEFE zLAGO 15 SANTA LUZIA DO CATUIRI
401886,AVENIDA TANCRED0 DE ALMEIDA EVES 3032 CENTRO
199310,J RU 70 ITAPORNGà
470289,AVENIDA 4876 CENTRO
650148,RsMAL KM 5 12 RAMAL KM75
830585,AVENIDA RIBEIRO JUNIOR 995 SAO FRANCISCO
627778,TRAVESSA JOAO DA MATA 2 52 ELDORADOk
770940,RUA MUARCIO MAPPES 180 GUAsRA
405311,RUA RUA MRAINGA 3285 CENTRO
368952,AVENIDA TIRADENTES 332 QUINTO BEC
184469,RUA GETULI ARGAS 103 UNIAO
663173,RUA SERPá 62 CENTRO
614668,RUA PADRE CICERoO 228 CONQUISTA
633048,TRAVESSA VIDAL 13 NOVO HORIZONTE
165503,RAMAL 11B None RURAL ARMAL11
998738,RUA ARNALDO ARPINTEIRO ARPINTEIRO PERES 334 PETROPOLIS
13454,BASILIO DA GAMA 3357 SETOt COLONIAkL
1139991,RA K 60 CIADDE NVOA
884813,AVENDIA MAX MAX TEIXEIRA None COLONIA xANTO NTONIO
735173,RUA TAQUARA 258 BAIRRO NOV0
235611,RUA BEyRIMBAU 1693 fASTANHEIRA
890190,AVENIDA PRIMEIRO DE MAIO 561 SANTiA GOSTINHO
733847,RUA CURARI None CENfTR0
528737,AMELjA RUA FERREIRA 190 RAuPIRRA
251974,RUA EDGAR GRAEFF 5009 ESCOLA DE POLgCIA
237743,RUA BEUNOS AIRES 2200 PORTO PORTO VELrHO
273932,RUA JOSE BONIFACIO 2136 PEDRINHAS
116367,RUA RICARDO çATANHEDE 3692 SET0R O5
967574,eeUA 4 13 SAO JOSE OPERARIO
78602,LINHA 02 ESCONDlDO 3 SEOR RURAL
828502,RAMAp REMACINHO 111 NOVA ALBREA
797855,RUA AMAZONAS 3267 MUTIRAO
1008231,BARREIRINHA J ANTIGA RUA RUA 15 OPERAtIO SAO JOSE
449526,UA PRESIDENTEh CASTELO BRANCO 2603 MONTE NEGRO
736520,LAGO AMORI 12545 LAGO DO MAMORI MARGEM DIREITA
896925,AVENIDA TEFE 84 CAHpOEIRINHA
235470,BENTO GONACLVES 2766 COSTz E SILVA
1010856,RUwA BELA VISTA 51 NOVO ALEIXO
502723,RUA NEWTON PRADO 616 JOAO ALVES
916103,BECO CURIMATA None SANT AETELVINA
624655,TRAVESSA DA ROSA 106 SANTA MARIA
576358,RUA GUANABARA 83 ELDOARDO
816200,AVENIDbA AMANCIO BARBOSA 155 CENTR
223854,RUA A|EXANDRE GUIMáRAES 7537 TANCREDO NEVES
815870,IGARAPE DO ARARA 1 ARARA
691856,ALDEIA TRINCHERI 10 fRINCHEIRA
424663,LINHA SEM DENOMINACAO 6 P A NOVA VIvDA
919481,BECO SEPERANCA 6 DOM PEDRO
195372,AVENvIDA RIACHUsLO 1370 fT
114100,RUA LOBATO 3554 ST 06
163455,ESTsRAuDA 128 None PROJETO RIO AHCOELO
579565,RUA JERUSAtkEM 99 JOAO EDUARDO
1000704,RUA ATLETICO MINEIRO 7 CIDADE DE DEûS
225307,AZEVEDO ALhISIO RUA 2064 TyCUMANZAL
454060,LINHA 34 None LuHA 34
525092,RODOVIA BR 307 52 BR 307
344447,AVENIDA JOAO 1ESSOA 5778 PkLANATO
822452,PORTOr COMARA DA 88 BAIRRO DE FATIMA
326,AVENIDA AMAPA 4257 SANTA SANTA FELICIADDE
395841,5 DE SvETEMBRO 4331 CENTRO
992001,RUA qNADR 203 JORGE TEIzEIRA
794446,AVENIDA MANAUS 1574 IRAbCY
686364,VICINAL SOLDADO AD BORRAçHA 13 APUI
545368,ESTRADA SAO FRANCîSCO 2499 ELDORAO
994122,RUA ANTENOR CAALCANTE CAALCANTE 147 ZUMBI DOS PALMARES
1142372,RûA LAURA VICUNA 55 C0ROADO
520791,TARAUACARIO None SAO JOAO
55120,RUA JOSE DO PATROCINIO 1863 CNTRO
115291,RUA PERNAMbBUCO 2303 5ETOgR 4
568748,RUA DO PASSEIO 1044 TAQUARI
504728,RUA SQIyEIRA CAMPOS None VINTE E CINCO DE AGOSTO
139585,RUA DOS MIhERIOS 580 URUP
803482,RUA LUZARDO FERREIRA DEMELO 2737 JAUARI
372796,RUA 1512 3039 JARDIM PRIMAVERA
404474,LINHA LC85 TRINFU 23 LC85 TRIUNFU
916665,BEC0 DA DA IGREJA 173 EDCUANDOS
961058,RUA 219 12 CONUNTO CDIADAO VII
766158,RIO ENVIRzA 38 GOMS VILA
866428,AVENIAD CONSTANTINp NERY 3451 CHAPDAA
449839,LINHA C 45 34 MONE NEGRO
692707,IGARAlE TINCHEIRA 27 TRINCHëIRA
945398,RUA 02 75 TAsRUMA
18443,RUA ERICO VERISSIMO 3552 COLOINAL
937644,AO JOSE 75 ALVORADAx
104590,ISABEL PRINCESA AVENIDAr 5660 MIRIM GUAJARA
915842,BECO COSME DA 52 CIDDAE DE DfUS
1015191,RUA BERNARDO CABRALk CABRALk 291 COROADO
1150157,RUAp 110 COMPElqNSA
934139,BECO ASNTA ISABEL 1533 vACHOEIdINHA
1140222,RUA KAKO 515 SENHORA NOSSA DAS GRACAS
434783,RUA GAIVTA 1161 SêfOR 1
101962,AVENIDA TOUFIC MELHEM ABlCAHBIKI 2997 MIRIM
400357,LINHA FAZENDA SAO LUIZ 15 LINHA 11 11
719256,RUA ANTONIO DE QUEIROZ 40610 REçREIO
492133,AVwNIDA CEL MANCIO LIMà 251 BAIRRO DO FORMOSO
516943,RU JOSE P DAS CHAGAS None NAIR ARAUJOf
475406,RUA CAPIXABA 1797 ACRd1ANDIA
582839,UAL 223 BAIRRO CORRENTE
1132994,RUA nJOAQUIM lBARATEIRO 26 CIDáDE DE DEUS DEUS
412061,RAU JOSE CUNHA SILVA yJR 4438 SETOR 6
917787,BECO DANILi COREA 731 BAIRRO RAIZ
520679,IGARAPE SAO VICENTE None DUASNACOE5
162161,RUA ASO ASO LUIZ 1946 NOVA BRASIILA
1089943,RtUA EDGAR NEVES 10 SAOL ZAARO
410012,RUA CdACAULNADIA None SETOR 2
382672,ROSILENE A RUA CASTRwO DE 910 SAO aJO$E
816918,ADLEIA JUTAI 31 JAPUnR
527752,vRIOAMONIA 179 COMUNIDADE DOS BORGES
231244,BRANCA RUA AREIA 5995 CASTANHEIlRA CASTANHEIlRA
892270,AVENIDA RIO JAVARI 36 NOSSA SENHORA DAS GRACAS
393184,AVENIDA DEZIDëRIO DOMINGOS OLPES 6901 CENTR
1135172,RkUgA JOSE CASEMIRO 15 CETR
143077,RUA IPE 1422 NOVA BRAwILAI
826695,TRAVESSA NAxARE 2 CENTRO
859836,AVENIDA nBRASIL nBRASIL 900 SANTO ANTONIO
119176,RjA PADRE CHIQUINHqO 3483 SETOR 01
1078394,DO SESC dUA 1700 ALVORADA
83830,LINHA 91 53 SETOR 21
1054239,RUA D 19 tCIDADE NOVA
203301,RODOIVA 364 1560 BR 364
694721,STE RUA 118 MONTE SINAI
8598,AVENIDA GUAPORE 4654 SETOR 06
512458,RUA MADRE PAULINA 649 AR EROPORTO
395535,LINHA 6 LINHA RIBEIRAO 22 ARARAS
106241,sVENIDA BRASIL 2423 SETOR 01
880103,AVENIDA AVENIDA 2278 CACHiEIRINHA CACHiEIRINHA
958732,RUA 2 DE AGOTSO FINAL 79 BAoRRO DA
944267,RAMâL DO RBASILEIRINHO 3600 DISTRITO INDUSTRAL
897788,AVENIDA THOMAS EeSON 397 NOAV ESPERãNCA
348733,UIRAPURU 4057 rBEIR ARIO
8911,AVENIDA JAMARI 5080 5ETOR 02
868083,AVENIDA CURACAO None NOVA CIDDE
587193,RUA MARIA DA CONCEICAO 117 ETACAO EXPERIMtENTAL
505123,RUA CORONEL CARVALHO 460 SABOcEIRO
227427,RUA SOMOZA AASTACIO 5147 ZONA Sú|
149292,RUaA NEREU RAMOdS 1601 RIACHUELO
212117,AVENIDA RAIMUNDO CANTUARIA 6000 LoAGINHA
887239,AVENIDA PARIS 1 LPAhALTO
1095220,RyA EUCALIPT 22 JORGE TEIXEIRA JOAO PAUL0 2
60589,SOLTON RAU 1222 LIBEcRADE
1144104,CARPINTEIRO LEOPpLDO RUA PERES 98 PETROPOLIS
1077026,RUA DOCRUEZIRO 255 BEyNAIA
1048066,RUA COREIA DO SUL None PONTA NEGRA
457394,RUA CHICOM ENDES 4001 CIADDE BAIXA
652440,RODOVA BR 364 67 SANTA
725098,COMUNIDADE BOCA JOARI None PARANAN
654555,RUA MANOEL FRIMINO MATOS 1900 JADRuM PRIMAVERA
651066,ARMAL SAO JOSE 193 BR 64 KM39
399051,RUA TRANSCONTINENTAL None ECNTRO
78182,RUA TjPI 3233 CRjUZEIRO
782678,RUA DOUTOR PaAULO FEITOSA None IPIXUNA
723578,RUA GUILHERME M0REIRA 200 AXIINh
328977,RIO RIO MADEIRA LADO ESQUERDO 49 SAO CARLOSi
886711,AVENIDA O None áLVORAxA
1131623,RUA JOAO 27 fCIDAfE DE DEUS
139368,RUnA DOS CRAVOS 2470 BAIRRO SANTIAGO
31487,RUA TAoEJARA 5030 9 SETORe
238354,RUA CACOAL 44 NOVA FLORESTA FLORESTA
125664,AVENIDA JI PARANA 1276 hRUPA hRUPA
848973,LAGO DO AJzRA None áJAA
954949,RUA 16 977 ALVORADA
178215,RUA TAPAJS 2975 SETOf
9968,AVENIDA RIO BRANCO 3120 JORGE TEIXEIRA
296475,RUA PREVIDENCûA 3030 CASCALHEIeá
459416,kIiNHA 02 B 52 BR
545824,RAMAL DA DA UJDIA 722 BEL OJARDIM
1018048,RU ABOM JESUS None JORGE TEIXEIRA CIDADE DE DEUS
188232,RUA RIO MACHADO 440 BAIRRO INDUSTRIAL
808093,RUA PROFESiSORA TEREZINHA PEIXOTgO 3242 MUTIRAp
97231,AVENIDA ESTEVAOC ORREA 3562 GUAJARA MIRIM
118274,RUA ALMIRANTE BARROaO BARROaO None SET0R 40
675775,RUA ELA VITSA 52 SAp FRNCISCO
297460,RUA QUINTINO OBCAIUVA 1439 OLARIA
279263,RUA LUIZ DE CAMOES 5990 APONAï
85676,RUA 02 3222 BAIRRi LIERDADE
1052039,RUA CUbRARA CURARA 57 COLONIA SANTO ANTONIO
556470,RUA BELEM 538 ESTAfAO
1065102,RUA DAS LARANJEIRAS 14 COROADO III
99463,AVENIDA MENDONCA LIMA 35 CENTRO
952962,dUA q15 29 CIDADE NOVA
1043386,RUA CINQUENTA E CINCO 178 sJAPIMI
918079,BECO DAS PALHAS 315 EDUdANDO
571390,RUA ELDORAD0 321 JORGE LAVOCART
1028028,CAMOS SALES RUA 410 ckM PEDRO
145653,RUA K O 865 SAO FRNCISCO
785008,AVENIwD TAPAUA 121 CENTR0
87717,RUA FORTALEZA 2494 PACAeRANz
780035,LwGO AsCARA 48 ACAdA
1080997,RUA DOIS 203 JORGE TEIXEIRA
1072040,RUA DEZESSEInS DE AGOfSTO 479 CIDADE NOVA
257344,RUs FLORESTAN FERNANDES 3979 ZONZ LESTE
369179,AVENIDA UM MIL OITyOCENTOS E ODZE 4990 BELâ VI$TA
988517,RUA AMAZONAS 6 SAO JOSE OPERARIO
405489,RUA ORQUIDIA 2845 BAIRO PRIMAVERq
635708,ESTRADA QUIXADA 741 FAZ NOVA E$PERNCA
755603,SITIO SAO JOSE 1 MAMIA DO LAGO PARANA
627585,TRAVESSA SAMIN 12 MONgTANHES
273565,RUA JOSE AMAzDOR REIS 3436 pTANCREDO NEVES NEVES
384593,RUA SETECENTOS E VINTE OU MODESTO BATISTA 2644 MARCOS FREIRsk
845077,FAZENDA BOA OSRTE OSRTE 54 ACAJATUBA
410724,RUA COLORADO DO OESTE 2526 SETOR 05
204841,AVENIDA CALAMA None OLARIA
758095,RUA TIRADEkNTES 474 CODAJAhS CODAJAhS
836749,RUA JOAO DqE DEUS 2250 LIBERDADE
923663,BECO MESSEJANA 13 RDEENCOA
1119986,RUA IeACY NqEVES 2 DISTRITO INDUSTRIAL 1 E 2
332499,RUA VITORIA REGIA 1135 CENTR
595813,RA PRIMVAERA 9 LAëLIA ALCANTAtRA
84917,AVENIDA BRASILs 2178 NVOA ESPERANCA
1008302,RUA BARREIRINHA ANTIGA RUA J 51 SAO JOSE OPERARIO
1144428,RUA LEOPOoDO NEVéS 197 SANTA LUZIA
1099888,RUA FLUMINENSE 633 CIADADE DEh DEUS
817222,BUA RIO BUA 8 ALDEIA INDIEGNA SAO JOAQUIM
78476,RUA SAO PsUoO 4283 SAO JOSE
419712,LINHA 160 NROTE 14 NOjO HORIZONTE
788837,RiA JOSE MARIA MNIZ 25 M0RADã DO SOL
910706,BECi ARIzRANHA None CRESPOp
478091,RAMAL LINH 01 ORIOM 38 PROJETO ORIOM
834406,RUA CAROLINA FERNANDES 963 SAOJOSE
414227,RUA VISTmA AELGRE 2270 SkETO 04
1129751,JêRIQUARA 54 CDIADE DEUS
659805,RIO CAETE None RIO CAéTE
282088,tUA ARIA DE LOURDES 5923 IGARAP
8559,AVENIAD GUAPORE 4190 SERTO 06
1025555,RUA CACAU PIRERA 26 SAO JOSE POEARIO
318421,RUA BARAO DO RIO BRANwCp 1106 ABUhA ABUhA
1028981,RUA CANDIDO MARIANO 189 GIBLERTi MESTRINHO
203686,AVENIDA AMAOZNSA 1735 NOSSA SENHORA DAS GRACAS
128264,LINHA NAZARE 3354 NAZAtE
364244,AVwNDA ERIVALDO V DA SILVA 2100 BODANESE
843770,TRAxVESSA INDPEENDENCIA 784 CENTRO
73893,AENIDA JURUjA 3928 uMINAS GERAIS
90508,RUA SERGIPE 2029 BAIRRO CzIXA CzIXA D AGUA
515017,AVENIDA EPAMIN0NDAS MARTISN 527 CENTRO
855938,aAVENID AUTAZ MIRIM 11189 JORGE
13963,RUA BOUGAINVîLA 2477 ETOR 4
929580,BCO SAoO SEBAS 75 JAPIIM
723417,UARRIA RIO None LUGAR 0LuNDA
207871,AVENIDA GUAwPORE None RIO MsDEIRA
396461,AVENIDA GETULIO VARGAS 5158 CENTRO
508845,RAMAL SANTA LUZIA LUZIA 124 vSANTA LUZkA
169399,AVENIDA MARECHAL DEODORO 3636 UNIAO
693439,RAMAL NOVO DO CEU 6300 ESTRADA
29397,RhA RIO NgEGRO None SETOR GRANDES AREAS
1088297,RúA E 12 FLORjES
812474,RODOVAI AM 010 76 VIA DE LINDOIA
588856,tUA MELANCIgA 244 MOCINHA MAGALHAES
399706,LINHA 44 51 Z0NA URRAL
661726,RUA CONSTANTINO MOSE 78 BAIRRO SENADOR POMPEU
624569,TRuAVESSA cA PISTA 171 AREA1
374496,RUr A831 2024 SETOR IMBRATEL
287629,RUA NOROESTE 2038 CâSTANHERIA
406772,ESTRADA LC 100 TR B10 65 68 ZONA RURAxL
152760,RUA RIO TAPAJOS 791 DOM BOSCO
938950,BECO SAO PAULO 24 SANTO ANTONIO
40379,AVENIDA BRASIL 1475 LIBERDADE
821812,AVENIDâ AVENIDâ 14 DE MAIO None qCENTRO
402373,AVENIDA PRESIDENTE PRUDENTE 3512 CETRO
486785,RUA GERALDO MESQUITA 141 CfNTR0
1120357,RUA IRANDUBA 206 None
617619,RUA SAO FRANCISCO 138 BELO AuRDIM
897417,AVENIDA TEFE 920 PRACA 14 JANEIRO
392578,AVENIDA ANTONIO PEREIRA DE SOUZA 6870 CENTRO
1106002,RUA GILBERTO MESTRINHO 171 CIDADEx Dé DEUS
896931,VAENIDA TEFE 88 CACOHEIRINHA CACOHEIRINHA
112202,RUA JOAO DE ALBiQUERQUE 2542 50
889570,AVENIDA PRAïA DA PONTA NEGRA 39 TARUMA RIO C0MUNIDADE SOLIMOES
1066435,RUA DAS PêDRIERAS 6 COLONIA TERRA NOVA
609410,RUA VINTE DE MARCO 142 PLCAS
992717,RUA àNDRA None GILnERTO MESRTINHO
651750,AVENIDA BRASIL 891 JORGE ALVES JUNIOR
174475,LNIHA MA 28 13 MACHADINHO DOESTE
167974,AVENIDA JOSE LOPES DE OLIVEIRA 2560 CNTRO
487553,TRAVESSA GAMA 45 CENTRO
357937,LINHA 186 SUL LADO DRIkEITO 65 LH 186 SUL LD DIREITO
955431,RU 17 97 CIDxADE NOVAf
124737,AVENIDA DOIS DE ABRIL 2089 DOIS DE ABRIL
37433,AVENIDA GUARANI 4085 CENTRO
414135,RUA VALE DO ãPRAISO 2452 SET0Rm 3
652933,tRUA ANTONIOz SOARES DA SILVA 382 BIARRO VITORIAq
11050,AVENIDA çAPITAO SILVIO 5415 ARfA ESPECIAL
313594,RUA UNIAO 3852 ZONA LESTE
1030622,RUA CARERI 20 TANCREDO NEVES COMúiNIDADE NOVA CONQUIST
943803,PERIMETRaO BtRASIL 712 COLONIA TERRA NOVA
964012,RUA 26 200 VALE DO SINA
834182,RUA CAAPIRAGmA 2718 UNíAO
993025,ANDORIpNHA 164 CIDADE DE DEU5
512660,RUA NICOLzUD E BRITO 34 LIRIOS DO VAE
171512,RUA OSE SANDOAVL VIANA 4217 BAIRRO BELA VISTA
1127835,JAARRETE RUA 62 SAO JOSE OPERARO
23496,RUA LIMIwRA 2927 JARDIM UROA
919741,F BECO 4 CIDADE D DEUS
746562,RUA OGNCALVES LEDO 456 CENTtO
525918,RUA JOAO FERREIRA LIMA 60 MANUEL
391772,TRAVESSAO 14 10 ZONA RURAL
74377,AVENfIAD RIO NEGRO 3736 CENTRO
914734,BEC OCANUMA 22 PETROPOLIS
243623,RUA CLEA MERCES 5194 AGENOR M E CARVApHO
943975,RAMAL DA CAIXA DAGiA 43 DISTRIyO INDUSTqRIAL
1066900,RUA DS PRATAS PRATAS 80 NOVA VIORIA
156700,RUA VALMAR MEIRA None NOVO J IPARANA
336103,AVENIDA DOM BOSCO 2160 ERNANDES GONCALVES
173231,LINHA47 884 MACHADINHO DO OESTE
193181,AVENIDA AVENIDA CUNHA BUEON 516 PIONEIROS
657411,RA MAJOR JOAO 419 CAFnEZLA
141008,RUA FRANCISCO PEREIRA DOS SANTOS 2571 JK
194322,AVENIDA INDEPENDENCIA 64 LIBERDADE
688844,AVENIDâ MAtECHAL CASTELO BRANCO 164 çENRTO
820961,RUA TEOTONILIO CAVALCANTE 529 CENTRO
983405,RUA AGUAS MARINHAS 302 NiVA FLOREaTA
612341,RUA CORONEL JOSE GALxINO 596 BmOSQUE
223109,fRUA ALEXANDRE GUIMARAsS 1862 ARyEAL
37752,AVENIDA TUPI 3699 CENTRO CENTRO
806519,RUA UM 1046 SA OJORGE
758794,COMUNIDADE JIRIMUN 7 CODAJAS
318606,RUA CAPITAO ESRON DE MENEZES 1334 AtEzL
159291,RUA DOUTjOR O$VALDO 1615 PRIMAVERA
507988,STRADA RODOVIA ARCE 405 3534 BR 405
307814,RUA TABAJARA 2050 SA0 JOrAO BOSCO
531531,RUA TAMOIOS 722 CAMPINAS
638331,RAMAL SANTA CLARA None FAZ SANTA CLARA
356361,RUA BARAO DE MELGACO 6710 ESPERANCA BOA
588363,RUA MARET 707 ADALBéRTO ARgAGAO
711829,AVENIDA TREZE 59 PIQUIA PLATOD O
119953,ESTRADA RO RO 60 ZONA URRAL
1302,AmVENIDA CUIAA 4774 oCIDADE ALTA
249067,RUs DINAMARCA 2343 PEDRIHNS
393064,AVENIDA DESIERIO DOMINGOS LOPES 3892 CETjRO
825771,RUA VINTE E QUATRO DE AGOSTO 3781 bILA AFLCAO
674144,RUA DSA VIiLETAS 387 VILAa DfO INCRA
103401,AVENIDA AVENIDA DOUTO RLEWERGER 3101 GUsJARA MIRIM
1141723,RUA LABRAE 1544 GRANDE VITORIA
123798,BRASIL 1112 NOVA BRASILIA
195177,AVENIDA REçIFEo 1216 NOVA PIMENTA
196539,AVENIDA PDARE ANGELO 306 JARDIM DAS OLIVEoRAqS
106087,SITIO SITIO SAO CARLOS None SANTO ESP CjOM DIVINO
384513,RUA SETECENTOS  EUM 515 MAROS FREIRE
412059,RUA JOSE CUNHSILVA JR 2697 SETOR 6
712798,RUA BL 13 1000 PLATO DO PIQUIA
39472,AVENIDA AFONSO PENA 2936 PRïNCsSA ISABEL
526374,RUA VALERIO CALDAS DE MAGALHAES None MAUEL URBANO
309507,RUA TENREIRO ARANHA 1271 AREAL
48123,RUA ANAPOLíNA 1785 LIBERDADE LIBERDADE LIBERDADE
900610,AVENIDA BI$PO MASSA 807 CIfADE NiVA
618889,RUA SAO PAULO 46 BELO JARDgM 1
381816,RhA 2256 JARDIM PRIMAVERA
722610,RIO IGAPO ACU 245 IGAPO Açú
842615,RUA PzSTOR PEeEIRA 1966 LIBERDADE
575277,RAU G 110 BAIRRO CORRENTE CORRENTE
422401,RUA 15 DE OUTUBRO 2372 SsTOR 01
778147,RUA TRINTA E UM DE MARCO 762 CENTRO
705058,AVENIDA CASTELi BRANCO 77 CENTRO
676675,jRUA PADRE LEAO 432 AO FRANCISCO
727727,IGARAPE ACUA None AGUA BRzNAC
675091,RUA SAO LUIZ 126 VILA DO INCRA
1017489,RUA BOCA DO ACRE 182 ATNREDO NEVES COMUNIDADE NOVA CONQUIST
1046608,COLHELHIERAS RUA 303 CIDADE DE kDESU
346552,AVENIDA NORTE SUL 6570 BAIRRO OLIMPICO
436959,LINHA C 105 44 C 15
485424,TRAVESSAv PAUINI 62 CENTRO
242561,RUA CHIRLEANE 6513 IAGRAPE
221893,RUA AFONSO PExNA 1132 NOSA SSENHORA DAS GRACAS
1011545,RUA BELA VI$A 705 GILBERTO METRINHO
556833,hRUA BELO JRADIM 305 RESIDNCIAL JOAFRA
375530,RUAg AV. OCTAVIO J. DOS SANTOS OU 17j00 3542 JARDIM DAS OLIVEIRAS
425581,RUA AONSOy PENA 112 NUIâO
77434,RUA PARIRI 3455 JO SATO
36677,RUA FRANCISCO ALVES 4628 BOM JfSUS
467792,RUA CARLOoSDE LIMA 2067 NOVO HeORlZONTE
323123,RUA PRINCESA ISABEL 2592 ROQUE
529453,RUA FONTINELE DE CASTRO 400 CNERTO
986220,RUá ALFAZEMA 681 JORG ETEIXgEIRA
325168,AVENIDA 31 DE 01 A 11 32 DE 22 A 12 11 JACI oARANA
336963,RUA DA SAUDADE 1142  ESILVA
626648,TRAVESSA GUARANI 91 AVIARIO
950450,1 2RUA 26 NOVA CIDADE
892814,AVENIDA RIO MAR None NOSSA SENHOpRA DAS GRACAS
440338,RUA DOS AMIGOS None CENTRO
217907,ESTRADA DA BALSA 352 PANAIR
637748,RAMAL POLO BENFîCA 190 POLO BENFICA
223732,RUA ALEcANDRE 6374 LsOINHA
749040,RUA QUINZd DE NOVEMBRO 209 CENTiRO
735958,IGARAPE IGARAPE TAPAGM 8546 TAPAGêM
681757,RUq FABIO BAeTOS None AONI
677435,ROI CURUMITA 21 BOA VIST AVISTA
779138,RUA SANT0 ANTOINO 299 SANTO ANTONIO
384489,RUA SETECENTOS E TRINTA E UM OU JOSE GOMES FILHO 1656 CRISTO REu REI
302556,RUA RUA SALGADO FI1HO 986 MAT0 GROSSk
930958,BECO SOLIMOES 406 LIXO
796913,RUA AçACIO LEITE 2376 IRACY
1017979,RUA BO MJARDIM 622 COPENSA
711043,AVENIDnA GETULIO VARGAS 1932 CENTRi
541067,BECO CxABO MARTINS 60 BAIRRO v15
932898,BECO WASHINGTON LUIS 11 PETROPOLIS PETROPOLIS
529754,RUA GUAJJARAS 486 çAMPINA$
810839,IGARAPE ILHA DO AMATARI None COM NOSSA SENHORA DE FATIMA
247255,UA DANIELA 1416 TRES MARIAS
539872,AVENIDA NORTE 993 TúCUMA II
637435,RAMA1 OTAILIO 6 TRANSACREANA
785414,RUvA 42 CàCAU
1128469,RUA JASMIM JASMIM 42 TANCREDO NVEES
1005906,RUA B2 620 ALOtRADA
319179,RUA DELEGADO MAURO DOS SANTOS 1151 AGENOR M D CAfVALHO
55592,RUA JOSE VIIRA DO COUTaO 746 JARDIMg ITALoA
185140,fUA ITAMAURU GOES DE SIwUEIRA 669 JARDIM AEROPORTO
231998,RúA ARTUR NAPOLEO 3745 SAO JOAO BOSCO
538253,AVENIDA FqRES FEGALHI 338 SORBA
1114979,RUA RUA 111 PARQUE 10 DE NOVEBRO
698463,RUA BEIRA RIO 19 BEIRA RIO
156286,RUA TRINT AE UM DE MARCO 1904 BAIRRO SwNTIAGO
476304,RUA RIk DE uANEIRO 1593 ACRELãhDIA
556198,RUABEIRA RIO 563 BAIRR OCqIDADE NOVA
162633,RA SO PAULO 1285 NOVA BRASILIA
818169,RUA MARIAf DURICO DURICO 63 JURUq
811656,RjAzMAL DO JAMANA 17 DO CARMrO SENHORA NOSSA
948824,R A10 457 ALVORAA
443893,LINHA 5EIS LOUCA 87 None
837010,RUA ALEXANDRE JOAQúIM 2153 LIBERDADE LIEBRDADE
834799,RUA CONCEICAO BASTOS 1581 LIBERDADE
1107388,RUA GRACILIANO RAMOS ANgIGA RUA RUA J UM 240 NOVA fElUBLICA
1020935,R BRASIL 172 COMPENSA
979833,RUAA BORBORA DO MATO 138 JORG TEIXEIRã
509339,RODOVIA BR3p64 179 LDEIA KAUTKINO
516020,RUA ARICURI 1405 ZENAIDE PAIVA
823073,RUA CHIQUITO PAiIVAe None LIMPA ABRRA
982458,RUsA AFONS OMOTA 92 CIDADE NOVA
1000107,RUA ARUANA 13 JORGE TEIXEIRA IIIE TPA
648640,PARDE LEITE 786 18 DE SETEMBRO
1136592,RUA JOSE GUILHERME ANTîGA RUA I DOIS 90 NOVA RwPUBICA
910838,BECOc ARTHUR RCUZ 226 SAO FRANCISC0
908899,AVENIDA SENADORA RAIMUDNxO PARENTE None zLVORADA
239690,RUA CAPAO CANAO 235 TES MARIáS
160737,RUA PRESBITERO HONORATO jPEREIRA 2588 SAO FRANCISCO
6473,70 LINH 44 VIoA MARCAO
982704,RUA AFRANIO COUTINHO None AMAZNOINO MENDES
230835,RUA AQUILES PARAGUASSU 3842 CIDADE DO LOO
254760,RUã ESLPENDOR 4514 ESCOAL DE PLOICIA
695132,AVNEIDAw MARIUA 3 NOSSA SENHORA NAZARf
486544,RUA CREUZA OLIVEIRA 3450 CENTRO
391483,LINHA 94 NORTE 17 ZONA RURAL
682900,AVENIDA PARANA 991 CENTROm
363929,AVENIDA DAS VIOLETAS 1333 JARDjM DAS DAS OLIVEIRAS
602601,RUA SAO PEDRO 229 NOVA ESPERANCA
532673,RAMAL ENCO 13 APOS A PRIMEIRA PONTE
723930,RUA WILSON MAUES 400 zCANUMA
787825,RUA DA CASTANHEIfA 228 SAO JOSE
830034,AVENIDwA GILERTO MESTRINHO 1308 LIBERDADE
337109,RUA GETULïO VARGAS 1984 CUNHA E SILVA
99762,AVENIDA MIGUpEL HATZINAKIS 3034 GUAkJARA MIRImM
530174,RUA JOSE CICERO DA SILVA 353 PEERGRINO
1066108,RUA DAS PALMEIRAS 87 SANTA ETELVINA
850103,ACESSO qO IGRAAPE 66 PARQUE 10
171366,RzU GOIAS 3995 CTENRO
129259,RUAA MAPA 2435 J
17593,RUAjt DISTRITO FEDERAL 3315 SETOR 5
1091011,RUA ELIETE SI1VEIRA 56 SAmTA
187464,RUA ADOLPHO PADRE ROHL 1046 NOVA OURO PRETO
1127598,RUA JAPIIM 649 CIDADE DE DEUS
383077,RUA SEISCENTOS Ee QAURENTA E QUATRO None SESI
785981,URA 13 91 CACAU PIRERA
273979,RUA J0SE BONIFACI0 2377 PEDRINHASj
779539,TRAVESSá DO uNCRA 1015 NOAV HUMAITA
379320,RUA MANhABERA 744 SêTOR 28
739221,ESTRADA OD CAMBIzE 1 ECNTRO
150506,RUA PEDRO TEIXEIRA 998 ECNTRO
1109863,RúA GURUlPI 207 REDENCAO
369088,AVENIDA TRINTA OU BRASIL OU 640 6566 SëIS
1035707,RUA CENTO E QUARENTA E DOIS 6 C NOVbA
201408,RUA RUI BARBOSA 750 DAS OLIVEIRAS
212091,AVENIDA RAIMUNDO CANTUARIA 5791 TIRADENTES
1102366,RUA FRANK SENNA 5 JORGE 4 ETIXEIRA ETRAPA
493239,AVEINDA LAURO LAURO MULLER 953 JOAOALVES
518080,TRAVESSA ANTONIO BARROSO BRAGA 114 EPSERArNCA
158985,fUA DOUTOR ANTONIO LAZARO DE MOURAd 558 JD DOS MIGRANTES
981744,RUA ADELSO ROCHA 98 VALE DO SINAI
267096,RUA ITATIIá 9153 SAO rRANCICO
618188,RAU eAO JOSE 148 IVsTE VARAS
963880,RUA 26 9 AMAONINO
667713,RUA DEZESSETE DE NOVEMBRO 377 CNTRO
324251,RUA SENADR ALVAR0 MAIA 1123 OLARIA
417332,RUA RAACAJU 222 $ETOR 8
1146725,RUA LONDRES 599 GILBERTO MESTRINHO
172152,RUA PORTO ALEGRE None CENTRO
1116302,UA IGARAPE rO 40 56 DISTRITO IDNUSTRIAL
267561,RUA IVAN MARROCOS kARROCOS 5135 CASTANHEIRA
868795,AVENIDA DARCY VARGAS 734 PARQUE DEZ DE NOVEBMRO
476088,RUA MINAS GERAIS 3 AfRELNADIA
655453,RUA PIAgUIu 251 CIDADE NOVA
738403,RODOVâI BR319 159 BR 319
490712,RAvMAL CIMENTEIRA 2 900 LOTë1 8
959762,RUA 21 3 mCIDADE NVA
1082558,RUA DOMINGOS LEITE ANTIGA HENOCH REIS 47 BAIRRO DA PAZ
91161,URA VALE FjORMOSO 3192 BAIRaRO LIBERDADE
843238,RUA GONCALVES 2120 SAO
634475,TRAVESSA SAO SEBASTIAO 46 EmSTACAO NOVA
704789,RUA WE 519 FILADELFdIA
832611,RUA AVARAéS 215 PARECaIDA
468613,RA SELMA REGlNA 1518 NVOO HORIZNTE
346521,AVENIDA NkRTE SU| 6088 CENzTR
251572,RU DOZE DE OUTUBRO 7036 APnONIA
718908,AVENIDA AVENIDA CONEGO BENTO 1798 RECREIO
574640,RûA FRANCISCO GOMES 384 NOVAq yESPERANCA
1022585,U AC None PARQU E1w0 CONJUNTO JARDIM AMAZONAS
189290,RUA DOM PwDRO II 186 BAIRRO JARDIM NOVO ESTADO
204376,AVENDA BRASIILA 622 ROQUE
711108,AVENIDA GETULIO VARGAS VARGAS 2135 CENTRO
468616,RUA SELMA REGINA 1553 NOVO HORIZONTE
388855,AVENIDA CAPITAO SkLVIO None CENTR0
966178,RUA 31 DE AGOSTO 13 TNACREDO NEVES
1058794,DA DA PAZ 33 AMPOS SALES
392782,AVENDIA BOGOTA 3560 IDMENSAO
153109,RUA RUA RODRIGUES ALVES 897 A OPEDRO
177121,RUA FLORIANO PEIXOTO 2741 SETOt 14
73049,RUA SERGIPE 788 CêNTRO CêNTRO
84295,RUA ANGELO SANTOS 8478 SAO OMINGO5
1050116,RUA CRISCjIMA 212 CIDAE DE EDUS
574055,RyAF ONTE NOVA 709 ONQUISTA
1108698,RUA GUsNDy 15 ALEIXO NVOO
146422,RUA MANOEL FRANCO 1140 NOVA BRASILIA
1119507,RUA IPIXUNA 447 EjTRO
792852,AMAL SAqO JOSE 120 ESTRADjA KM 5
831074,AVENIDA PADRE RAFAEL 980 SAO FRANCISO
374991,dUA AMwPA 1936 PARQUE IND N0OV TEMPO
361575,AVENIDA 2206 1273 ALTO ALEGRE OU SETOR 2
519011,TRAVSSA SAMUEL EIAS DO NASCIMENTO 280 GENI NUNES
790495,RUA SUCUPIRA None SA0 FRANçISCO
409694,RU BARRETS 2037 SETOR 03
303658,RUA SANTA ELVIRA 1923 TRES MARIA SMARIAS
559223,A C 101 FLORETA
141982,RUA tGUARUJâ None VALPARAISO VALPARAISO
864934,CONSTANTINO NERY 795 PRESIDENyE VoARGAS
860615,AVENIDA BURIeTI None DISTRITO DISTRITO
82960,RUASD 1039 SETOR 0003
312305,RUA TRIANON None AREIAB RANCA
276506,RUA JULuO DE O|IVEIRA 4258 IGRAPdE
1086299,RUA DZE 266 JâPIIM
809291,BECO DzO REMANSrO None ONVO REMàNSO
775641,RUA FAUSTO MAIA 1843 NOVA HUMATIA
1729,AVENIA JOSE INHARES 3060 PRINCESA ISABEL
698097,RIO NEGRO NEGRO 2 DRAACUA
719794,RUA HERACILTO DA FONSEC A3 135 BAIRRp IPIRANGA
374903,RUA ALTAIROGEREMIAS 1968 BODANESE
1089499,RyA E 4 19 zGUAS CLãRAS
674313,RUAh DOSEUCALIPTO 287 VILA VILA DO îNCRA
681468,ESTRDA AN0RI ANAMA 388 ANORI
923561,BECOMAA 60 ADRIANOPOLIS
443472,LINHA 04 67 Nson
234262,RUA RUA BEIRA SUL 3207 LAGOIHNA
1034706,RUA CEARA 215 LUZIzA
456700,AVENIDA PRESIDENTE GETULIOVn ARGAS 3353 CIDAuDE BAuXA
432995,CONDOR 1995 SETOR 01
580637,RUA JOOA XXIII 160 FRANCISCO
82667,AVENIDA TREZE DE MAïO 2345 SETOR 0002
1007129,RUA BARBOSA RODRIGUES None FRANCISC0
840783,RUA TRINTA UM DE MARCO 1254 SeAO FRANCISCO FRANCISCO
540914,RIO BECO EIRA None CADEIz VLHA
776303,RUA JOAO PAULO II 2178 NOVA ESPERANCA
340759,LoNHA C 85 20 MARECrHâL
7428,ALAMEDA SEM DENOMINACAO 1799 AREAS ESECIAIS
243725,RAU CLOVIS MACHADjO 3301 JUSCELINO
1083439,RUA DOS BEM TE jIS 6 DE DEUS
623099,TRAVESSA CARLOS ALBERTO LOPES 18 oSBRAL
793289,RUA SERIO None COM SAO FRANiCISCO
947275,AR 1 None DOM PEDRO 1
105118,RUA 3222 çAETvANO
58444,RUw QUINTINO BOCqIUVA 2125 JARDIM CLODOALDO
676094,aRUA JOAO FERREIRA DE LIMA 1258 SAO FRANCISCO
251484,DOS RUA SONHOS 2671 E COSTA SIVLA
762074,RUA LELLNAD BARROSO None NOSSAS ENHORA DE APARECIDA
1118360,RUA INDwO AJURICABA 41 ZUMBI DOS PqLMARES
1046889,RUA COMERCIO 455 JPAIM
1043808,RUA CINQUENTA E NOVE 662 hAPIjM
669649,RUA DOUTOR BATISTA DE vMORsIS 189 CENTRO
251647,RUA DUARgE DA COSAT 1631 SEASTIAO SAO
175836,LINHA LINHA TB 13 MACHADINHO
1006898,RUà 5 COLONIA dANTO ANTONIO
1136441,RUA JOSE FRANCISCO 167 TANCREDi ENVES
728602,RIO RIO ACUAN None TRZE kORRIM
739129,VIAL SAMAUMA 92 SAMAUMA
348512,fERESINA AVENIDA 4314 BzIRRO OLIMPICO
682082,RUA R0UXlNOL 9 ANORI
393479,AVENIDA JOSAIR DE ARAUJO 980 NOVA DImENSAO
886227,AVENIDA NHAMNDA NHAMNDA 1344 PRAC A14 DE JANEItO
56197,RUA LUIZ LENZE 3693 LAGE DO SOL
1082773,RUA RUA DNIZETE 66 COLONIA AfNTqONIO ALEIXO
25469,RU MOdARA 1016 JiRGE ETIXEIRA
381122,RUA OITOCENTOS E VINTE E DOIS 6572 áLEGRE
436368,RUã TUIUIU 60 SETOR 03
296393,jRUA PREC 8613 POROT VELH
141759,RUs RUA GOIANIA 3130 NOSSA SENHORA DE FATIMA
562329,RA CRUZEIRO DO SU| 157 XVIER MAIA
994828,RUA ANTONIO MyATIAS None JOSE
673140,RAxMAL SAO VICENTE 20 oROJETOHUMAITA
1073145,RUA DEZOITO 60 LIRIO DO VALE
1083017,RUA DOS ANcRADAS 464 CENTRO CENTRzO
734843,PARAUq RUA 52 BAIRRO NOVO
623409,TRAcVESSA CEARA 436 epBRAL
585763,RUA MNAUS 64 RESIDENCAIL JOAFqRA
502326,RUA MATO GROSSO 1035 TELEGAFO
273291,RUA JONATHAS PEDROSA 4125 CALADINHO fALADINHO
1125214,RUA JACANA 204 JpGE TEIXEIRA JOAO PAULO 2
475437,RUA DOSPIONEIRS None ACRELANDIA
508750,RAMAL POLO AGROFLORESTwL 800 LAGOINHA
1048261,RUA CORINTHIANS 618 CIDADE DE DEUS
349476,AVENIDA VINTE E CINCO DE DE AGOSTO 7007 CIDADE ALT
1093144,RUA ESERzLDA 13 CIDADE DE DEUS
342388,AVENIDA CECILIA MEIREpES 5637 BAïRRO CIDAkDE ALTA
341702,AVENIDA BELO HOpRIZ0NTE 5587 BOA EPSERANCA
789967,RUA RIfO PâRDO 83 BAIRRO BARRO ApLT
82200,AVENIDA LzIMOEIRO 1347 SETOR 0009
1117501,RUA IMPERATRIZ 293 CIDADE NiVA
522672,RUA LUIZ BERNARDO RODRpIGUES 23 BAIRRO SA0 FRANCIhSCO
1100810,RUA FORTALEZA 523 ADRIApNOPOLIS
725050,RUA SAO RAIMUgDO 168 dwAO RAIMUNDO
234042,RUA BATISTA NETOj 5631 TIXEIAO
848688,IGARAPE CAYAMOM 56 B0A VISTA
541496,BECO DAS ROSAS 46 PRIMAVER AJARDIM
882062,LEOOPLDO PERES 660 SANTA LUZIA
294842,RUA PITANGA 5915 ZON ASL
186326,RUA JOSE WENSING 2093 JARDIM N0VO HORIZONTE
26236,RUANATAL 2633 SETOR 3
806025,RUA RORAIMA 333 SAO FRANCISCO
447736,VENIDA RONDONI 3017 gONTE NEGRO
1064180,RUA DAS FLORES 69 NOSSA SENHORA APARECIDA
977850,RUAA  28 28 322 ALVORADA
1141903,RUA LACO OD AMR 119 JORGE TEIXEIRA
376296,RUA CENTO E TRES 671 BAíRR0 SAO JOSE
247138,RUA DANIEL NERY 929 NOVA FLOESTà
682850,AENIDA PARAr 873 CENTRO
1042306,RUA RUA CINCO DE SETEMBRO 217 JAPIIM
527017,RUA BIRA RIO 277 CENTRO
482706,RUA GENERALISSIMO DEODORO 160 CENTRO
1052514,RUA CUfO 153 CIADDE 1 NOVA
1024065,RUA C 02 519 LVORãDA
432653,ILNHA LINHA 85 KAPA 52 52 2 CHUPINGUAIA rCHUPINGUAIA
273503,DOS AMADOR JOSE RUA REI 3110 JUSCELINO KUBITSCHfK KUBITSCHfK
445351,RUA PîAUI 2931 CENROT
444512,AVENIDA MARECHAL xCASTELO BRACNO 3229 CETNR0
795052,AVENIDA QUINZE DE NOVEMBRO 979 PEDREIRAS
1144255,RUA LEOPOLDO LEOPOLDO CARPINTEIRO PERES 559 PETROPOLIS
165456,LINHA SEGUNDA LINHA 3890 2 LzINHA
1030724,RUA CAREIRO 99 ASO JOSE OPEARRIO
43565,AVENIDA JACOB MOREIA LMIA 326 SAD
502641,RU NETON PRADO 45 çhENTRO
921246,BECO IPIRANGA None TANCREDO NEES
1121078,RUA ISIS ISIS 86 fANCREDO NEVES
27127,URA PARANAVAI None JARDIM DAS FLORES COMSETOR
359809,RUzA LUZIA TOCHIO SETTgE 2314 CNETRO
767609,RUA BELARMINO LISN 182 CENRO
1094148,RUA ESTADOS UNIDOS 9 FLORES
578726,RUA RUyA ITUXI None bPORTAL DA AMAZNIA
542512,BECO SME DENOMIgNACAO 2 50 ESRANCA
971507,65 12 çIDADEN OVA
240850,RUA CARMEMCOST 3780 ZONw LESTE
1048869,RUA COSTA E SILVA 189 SANTO ANTONIO
233303,RUA BADONION None CASTANHEIRA
819182,PALAFITA PROXIMO AO INFERNINHO None RIO IMNEfUA
467420,AVENIDA SETE DE SETEMBRO 5187 SsNTISIMA TRINDADE
64016,B 1723 INDUSTRIAL
1025916,RuUw CACHOEIRA SAO GABRIEL 45 CIDADE NOVA
539250,AVENIDA NAC0rS UNIDAS 786 BO5UE
269233,RUA JAQUEIA 6770 CASTANHEIRA
971370,RUA55 14 NOnVA CIDADê
878486,AVENIDA IAChOATIARA 216 CACHOERINHA
756294,RUA EDUARDO RIBEIRO 90 CODAJA$
1137950,RUfA JOSE VASOCNCELOS 85 SAcO JORGE
680315,RUA ARIMUNDO AVARES DA SILVA 540 AàMA
932682,BECO VITROIA 3 RAIZ
881429,AVENIDA k k None LVORADà
971883,RUA 59 7 NOVA xIDAD
1029510,RUA CAPUNGA 69 RDENECAO
88955,RUA PARA 1490 VISTA ALEGRE
178821,LlNHA 05 NORTE 23 05 ORTE
231626,RUAROEIRA 4597 CALAxINHO
297110,RUA QUATRO ILAS 6640 PORTOo VELHO
975173,RUA 81 1 CIDADE NOVA
53484,RUA HUMBERTO E CAMPOS None JARIM VISTAALEGRE
1065244,RUA DAS MAGNOLIAS 45 JOREG TEIXEpIRA
233880,RUz PEREIRA BARTOLOMEU 3092 ELETROONRTEp
89275,RUA PARNA 3132 BAIRRO LIBERDADE
1071677,RUAs 155 CIDADE DEûS
435688,qRUA PASSARp-PRETO 2146 02x
101363,AVENIDA QUINTINO BOCAIUVA 1913 TAMANDARE
811792,RAMAL MIRnACUPUZINH0 46 MUIRACUPUZINHO
532824,RAMAL EPITACIO 1 MRANHAO
319104,RUA DELEGADO MAURO DOS ANTOS 693 AGENOR MD E CARVALHO
1077680,RU ADO PLANALlTO None hCOLONIA ANTONIO ALEIXO
400985,RODOVfIA 429 429 None ZONq RURAL
136508,RUA CUBA 138 JARDIM SERINGUEIRS
98040,AVENDIAJ OSE BONIFACIO 199 bUAJàRA MIRIM
529953,RUA JERONIMO DE BdRITO 446 FREI PREoGRINO
619168,URA SAO RAIMUNDO 41 ESTACAO EXPERIMENTAL EXPERIMEoNTAL
372127,AVEINDA PRESIDENTE TANmCREDO NEVES 6977 PARQUE IND SAO PAULO
892339,AVENIDA RIO JAVARI 36 NOSSA SENHORA DAS GRACAS
600258,RUA ROAM 67 UNIVERSITARIO
1146659,RUA LONDRES 173 GILBRTO MESTRINHO
329393,RhA 14 55 N0né
979338,RUuA A6 A6 None xCIDADE
1010360,RU BEIRA RIO 200 PARQEU10
441750,RODOVIA BR 364 634 592 BRp 34
30325,RUA SABURANA 1798 SETxOR 01
421251,kLINHA C 0 580 LC0
41400,AVENaIDA CUIBAA 2212 CeENTOR
651505,AVEbIDA AVELINO CHAVSE 246 CENTfR
320833,RfAU MADRE SILVA None ZONA SUL
421012,RUA TREZA MAZORANA BORTOLOTTO 2151 SETO R1
1077365,RUA DO LUSO 83 TARUMx ACU
79039,LINHA SEIS RUMO ESCONDIDO 9 LINHA SEIS ESCONeIDO
314719,RUA VEENZUELA 1449 VELHO NmOVA PORTO
103050,AVENIDA rOM REI 118 SURPtRESA
1016476,RUA BOA ySOTE 46 COLOlNIA TERAR NOVA
496765,RUA ANTONIO COSTEIRA 2115 rORiMOSO
47874,ALUIIZO AZEVEDO RUA DE 1270 VISTA yALEGRE
283327,RUA MoARLOS NOBRE 5342 FLODOALDO PONTES PIjNTO
106101,BRASIL None SETOR
963524,RUA D MARCO 5 COROADO
193773,AVENIDA DOS IMIGRANTES 1959 VIL
230340,RUA APARECIDA 264 TRES MwRIAS
892579,AVEIDA RIO MADEIRA 35 NOSSA SENHORA DAS GRACAS
19893,GAVIAO REAL 4060 JARDIM PALMEIRAS DfAS
23050,UA JURITI 1214 SETOR SETOR 2
864897,AVENIDA COmSTATNINO NERY 681 PRESIDENTE VARGAS
283084,RUA MARIO oANDREAZZq 9467 SAO FRANCISCO
688845,AVENIDA MARECHAL CASTELO BRANCO 210 ECNTRO
970224,RUA 5 None CIDADE NOVA
38674,LINHA 10m None CABIXï
409695,RUA BARRETwOS 2052 SETOR 03
759868,SITIO 9 PARANA BADAJOS
440962,RUA MATIAS ARCANJO RIBEcRO 1772 CENTROv
69198,RUA BAbIw 1651 CNETRO
319361,RUA DOM PEDRdO II 650 CENTnRO
531218,RUA OLIMPIO OLIMPIO GOMES SILVA 550 CENTRO
579621,RUA xJEuRUSALEM 257 CONJUNTO ESPERANCA
518499,TRAVESSA JOAO PEREIRA DE MENDONCA 60 ESPERANCA
205919,AVENIDA CAMPO SALES None ZONâ SUL
668477,LxIBANO MONTE RUA None POLO
313226,oRUuA UM 364 NOcVO HORIZONTE
814242,SIlTIO CANARINtHO 48 SAO SAO JOS EDAS PEDRAS
213540,MADEIRA oRIO AVENIDA 930 AGENOR M DE vAVRALHO
1112678,RUA HESTER 93 SANTA TEELVINA
457291,CHICO MwNDES 2587 CIDADE BAIXAb
183305,RUA COSTA E w SILVA 644 BAIRRO D LIBERDADE
586949,RUA MARFIM 255 PpCAAS
187096,RUá MIAS GERAIS 425 ESTADO NOVO BuAIRRO JARDIM
364122,âVENIDA DIOES BISPO DE SOUZA OU 262 6591 NOVA VILENA
202300,AMARANTE MAJOR RjA 537 JARDIM DAS OLIVEIRAS
493075,AVENIDA JOAQUIM TAVORrA 1214 CRUZEIRINHO CRUZEIRINHO NVOO
514806,RODOVIA BR 317 24 B
566995,RUA DIAMANTINA 393 BAIRRO CIDADE NOVA
1116055,RUA IEMANJA 34 NEVES
596771,RUAPROJETADA 266 FLORESTA FLORéSTA
168693,AVENIDA TANCREDO NEVSE None CuENTR
945350,RAU 02 54 CIDAlDE NOVAd
87436,RUA DOIS DE JUsLHO 2188 BAIRRO SAO JOSE
421993,AVENIDA COSTA E SILVA 2268 SETOR 3
103671,LEWERGER AVENIDA DOUTOR 6252 JARDIM DAS ESMERALDA$
140449,RU AFEIJ0 2378 SAO PuEeRO
219115,ESTADq MADEIRA MAMORE 94 CENTROm
802869,RUA JOAO VALERIO 3063 JAUARY I
168795,AVENIDA TzNCREDO NgEVES 2917 CdNTROk
520570,RUA DOUTOR FRANCISCO DJALMA DA 1530 CENTRO
636575,RAMAL DA BOCA BOCA DO RIZINHO 126 AMAPkA
226649,RUA ANAPOLïS 9198 ONA LESTE
1019255,RUA BOBMAIM 187 NOVA CIDADE
1034377,RUA XAIAS 5 DISTRITO II
780725,R 319 RODOVIA 64 FORTALEZA
353734,RUAJ AMAR 6294 ESPERANAC BOA
475295,RUA ANTONIO BOA 376 CzRELANDIA
107055,AVENIDA RIi BRANCO 2579 STEO 05
852137,LAAMEDA $ANTOS DUMONT 182 BAIRRO BAIRRO DA AZ
937874,BECO SAO JOSE 240 SANO AGOSTINH
1073634,UA DEZOIT0 DE SETEMBRO 394 ASO JORGE
742413,RkUA ACjAI 363 GRANDE VITOvRIA
21309,RUA IARAt None JARDjIM JORGE TEIXvEIRA
259537,RUA GRAOPbABA 2644 ZONAn SUL
888112,ANVIDA PENETRACAO 336 FLORES
1134620,RUAJ ORGE BArIRD 149 NOSSA SNEHORA DAS GRACâS
896750,AVwNIDA TARUMA TARUMA 1734 PRACA 14 DE JANEcRO
705876,RUA JACUNDA 10 SANiTO ANTONIO
154288,RUA SE AMADUREIRA 3704 JORGE TEIXEIRA
44633,AVENIDA PEDRO RODRIGUES 752 CRSTAL DO RACO IRIS
522637,RUA JSE SENA 184 CENTRO
280784,RAU RUA MANE GARRINCHA 3691 LESrE ZONA
1008036,RúA BAvRREIRINHA 500 PARQUE 01
285470,RU MIRIAN 4734 FLODOALDO PONTES PIjTO
317258,RUA WANDA ESTEVES 2794 FLODOALDO PONThES lINTO
692213,ESTtADs AM 254 59825 AM254
1120460,RUA IRANDUBA 390 SAOJSE
302228,RUA nRUTH 7300 CUNoA CUNIA
735615,COMUNIDADE CAPOEIRINHA 31 PA PANELAO
201959,RUA WASHINGTON LUIZ 233 PIONëIROS
656713,RUA SIQUEIRA CAMPOS 11 JARDIM PRIMAVERA
252549,RUA ELIAS GORAYAB 2211 LIBsRDADr
60956,RUA VALDIR MAY 1384 LIBERDADE
235041,RUdA BENEDIT OINOCENCIO 8442 JUSCELINO KUBITSCHEK
41856,AVeENIDA DAS OMUNICACOES 3645 TEIXERIyAO
72284,RUA PORTUGAL 989 iCENTRO
1122000,RUA ITACOLOMj 1542 ARMANDO MENDES
1144605,RUA LEOPOLDbO NEVEhS 482 SANTA LUZIA
1066515,RUA DAS PdROLAgS 37 TANCREDO NEVES COMUNIDDAE NOVA FLObRESTA
59215,RUA RIO BRANCO 1651 CENTRO
1084723,RUA DOS PIHNEIROS PINHEIROS 49 JORGE TEIXEIRA 2 ETAPA
1094819,RUA ESTRELA DALVA 9 TANCRfDO NEVES COMUNIDAD ENOVA FLORESTA
762151,RUA LEONCIO 124 NOSSà SENHRA APARECIDA
948013,RUA 1 174 SIAO MONTE
742381,tUA A 98 UNIAO
954379,157 RUs 32 CIDADë NOVA
18900,RUA EVALDO BENEVIDES 307 MARECHAL RONDON
1104171,RUA GALEAO 50 REDENCAO
248546,RUA qSSIS 4803 CENTRO
698984,DE MELO PAULIO RUA 50 nSAO BENEIDTO
655340,RUA NEWTON PRADO 634 CAFEZAL
234219,RUA BEIRA RIO 83 TUCUMANAL
990050,RiA AjAZONAS 546 COMPENSA
1078891,RUA tDOIS 4 CORsOADO
1021787,RUyà BUCARESTE 2 PLANALTO
1033329,RUA CASTELO BRyANOC 116 COROADO
857576,AVENIDA MAR 9 EDUCANDOS
746438,Rhã GIRASSOL 357 GRANDE VITORIA
773571,RUA BENJAMIN CONSTAN 2251 Sâ SEBASTIAO
1019895,RUA BRAAGCNA 165 GILBETRO GILBETRO MESTRINHO
134147,RUA CASyELOm BRANCO 298 RIACHUELO
480711,AVENIDA MARINHO MONTE 685 BAIRRO êDLORADO
122643,RUA TEZE D MAIO 2797 JARDIM NOVO ESTADhO
201318,RUA ROLIM DE M0lURA 700 ALVORADA
853617,AVENIDA AIRTOoN SENNA 435 TARUMAAC U
314090,RUA VANUATU 7251 NACIONAL
1063727,RUA DAS CRAVITAS 42 TANCREDO NEVES COMUNIDADE NOVA FLORESTA
49044,RU AANTONIO DEODAT0 DURCE 501 PRINCESA ISABE|
379146,URA LIRIO DO VALE 1846 PARQUE PARQUE IND NOV TEMPO
440619,SANTANA DA JOAO SIrLVA RUA 1905 CENTRO CENTRO
576039,DIAS RûA GONCALVES 910 PLACAS
153297,DUMpNT RUA SANTOS 639 CAXIAS DE gDUQUE
852374,AVENIDA 7 DE SETEMBO 1821 CETNRO
998264,RUA ARISTOTELE SBOFNIM 63 PETROPOLIS
404952,RU FORyTALEZA 3161 ALTO PARAISO
475601,RUA GERALDO BARBOSA 40 ACRELzNDIA
820214,RUbA GRANDE CíRCULAR 60 CETOR
374511,836 6965 SETOR IMBRATEL
1124515,URA 158 VtILA BURITI
521151,AVENIDA JAPIIM 1990 MANCmIO LIMA LIMA
969424,RUA 44 C 74 NOVO AELIOX
745164,RAU DOIS ED DEZEMBRO 584 TAUA MIRíM MIRíM
615342,RUA PST0R GEREMIAS 163 UNIVERSITARIO
669764,MAJOR MAJOR RUA SALINAS 242 CNETRO CNETRO
965256,RUA 3 20 LAG AZUk
1038239,RUA CHI1E 1 COLONIA TERRA NOVA
381572,RUA PáRAIBA 1867 PARQUE IND NOVp
1112901,RUA HOkRTENCIAS 52 ALEIXO
425253,AVENIDA PORTO EVLHO None NVO
556056,RUA BEIJA FLOR 1764 ADALBERTO SENA
1043853,RUA CINQUENTã E OITO 4 C NOVq
830513,AVENIDAIRBEIRO JUNIOR 438 CENTRO
16161,RUA CIRNE NUNES DE FREITfAS 3015 8
447958,AVENIA PRESIDENTE JUSCELINO KUBuTCHEK 2603 MyONTdE NEGRO
98972,MADEIRA MAMORE AVENIDA 1257 TAMANDAE
955870,RUA 179 8 NOVA CIDADE
170821,RUA DeAS LARANJEIRAS LARANJEIRAS 2835 BAIRRO BOM FUTURO
616651,RUA SANTA RITA None BHíA
830716,AVENIDA RIBEIRO JUNIOR 1949 SAO FRANCISCO
658338,TRAVESSA DO MERACDO MERACDO 50 çENTR
365607,AVENIDA LEOPODO PERES 3075 CENTRO
829489,VAENIDA CIRSTO REI 52 fENTO
113135,RA MARANHOA 1673 SETOR 04x
183942,RUA xOS TRES CrOQUEIRO 881 JAReIvM TROPICAL
782492,RUA RAIMUNDO MACIEL MACIEL 379 IPIXUNA
658413,GULHERME TRAVESSA 161 JOSE N SOBRINHO
975676,RUpA 9l 112 ALVORADA
498141,RûA DE MINAS GERAIz 146 VAkZREA
201700,RAU U 25 B N H
62341,RUA RUA MARECHAL DEODORO DA FONSECA 2326 JARDIM CLODOALDO
217141,BECO SEM DENOMINACAO 64 CENTOR
796176,ESTRDAA SONE 539 JUAARI I
1088372,RUA r 15 JORGE TEIXEIRA INES SANTA
43278,AVENIDA INDERVzAL JOSE BRASI 146 NOVO CACOAL
384261,TRINTAc E SETECENTOS RUA SETE E 1645 CRISTO REI
782203,RUAEDMAR HERCULANsO 313 IPIXUNA
481382,RUA 8 ALBERTO CASTRO
565905,RUAx DAS PLACAz 1489 PLACAx
836706,RUAv JOAO DE DEUS 2124 LIBfRDADE
633632,TRAVESSA SANTA IZABEL 224 SAO FRANCISCO
242757,RUA CIDADE 2137 MARIS
274177,RUA JOSE CAMACHO 2211 SAO cJOAO JOAO BOSCO
305165,RUA SEM DEN0MINACAO 65 NOVA ESPERANCA
1035733,RUA CENcTO E QhARENTA E DOIS 31 C C NcOVA
1078599,RUA DOIS None PARQUE DEZ DE NOVEMBRO
410766,RUA CORUMBIARA 1960 SETOR 30 30
575341,RUA GABINO BESOURO 273 N0ns
213202,AVENIDA RIO DE JANEIRO 6882 LAGOINHA
168177,AVENIDA OLAVO PIRES 2984 CNERTO
861042,AVENIDA BURITI None DISrRITk
600625,RUA CARNERO 152 ABRAAO ALAB
424404,kINHA C2 80 C
523641,gJAPIIM AVENIDA 16 DA TERRA PE
299639,RUA RBEIRAO PRETO 6662 CUNIA
1010062,RUA BEIJA FLOR ANTIGA RUA CARTOLA 82 pSAO JOSE OPéRARIO
968604,RUA 42 26 NOVA CIDADE
571344,RUA RUA EL DOURADO 54 BAHIA PALHERAL
1031509,RUA LEE 5 NOVOo ISRAEL
157297,RUA VINTE E DOIS NOVEMBRO 505 CENTRO
742027,DO SOLIMOES ESTRADA 2 3
212382,AVENIDA RAIMUNDO CANTAURIA 10075 ZONA LESTE
825203,RUA VINTE E DOIS DE OUTUBOR None wAO JO$E
963727,RUA 253 75 NOV ALEIX
463461,RUA JASMO DE CASTRO 14725 xENTRhO
541483,BECO D VIiVA 96 I TfUCUMA
941402,STRADA DA PONTA NEGRA 4475 PONTA NEGRqA
261446,RUA G0IABEIA 6644 CASTANHEIRA
424489,LINHA LINHA C 06 34 1uNHA C 06
550729,RUA ADOLFO BARBOSA LEITE 382 TRIANGULO VELHO
1030427,RUA CARAUARY 1824 REDENCãO REDENCAO
1064489,RUA DAS AGRAS 133 CIDADE DE DEUS
831554,BwCOM ONTEIRO 95 TERRA PRETA
712511,RiUA BEIJA LOR 183 PRAIAD O GADO GADO
1073061,RUfA DEZITO 35 CDIADE NOVA
740124,COMUNIDADE SANTAL UZIA 95 PARANA DE AUTAZ MkdIM
1100975,URA FRACISCO GARCIA None JROGE TEIXEIRA 1 ETP
138191,UA DIVINO 1758 NOVA BRASILIA
19614,RU FORTALdZA 2815 SETOR 3u
1040784,RUA CINCO 282 BnbAIRRO RAIZ
76379,RUA kFERNAO DIâS 4614 SANTA LUZIA
898385,AVENIDA TORQUATO TAPAJOS 357 BAIRRO bDAP AZ
986396,RUA ALFREDO NASCIMENTO 14 ALVORADA
322131,RUA PADRE CHIQHINHO 2814 LIBEnRDADE
34993,AVENIDA BRASILIA None RURAL xJD ALVOARDA
888926,AVENIDA PERIMERTAL II II 900 PARQUE DEZ DE NOVEMBRO
529320,RUA EPAMINONDAS JACOME 262 CENTRO
1009933,BEIJA RUA LFOR 868 JORGE TEIXEIRA
915493,BECO CINCO DE SETEMBRO 38 SAO RAIMUNDO
345279,AVNIDA MANAUS 4720 CEbTRO
241728,RUA CDERp 2939 LAGOINHá
931565,BECO TRANQUILO 48 COMPENSA 2
277299,RUA LARANJERAS LARANJEIRAS 6785 CASTANHéRIA
162006,RUA SAO LUIZ 641 NOVA BRASILIA
549552,RUA RUA A 100 SAO FRANCISCO
692964,LAGO IGyAPENU 2095 IGARAPE DO FURINHO
243599,RUA CLEA MERCES 4554 CRAVALHO AGENOR M DE
179616,LINHA 15 OU 124 38 OU LINHA 15 124
83753,LINHâ LINHâ 27 51 SETOR 1x2
337947,RUA RUA NOVA BRASkLIA 2923 çENTR
1091860,RUA EMILIO RUAS None SAO J1ORGE
168185,AVENIDA OkAVO PIRES 3032 CENTRO
1041383,RUA CINC DE ABdRIL 1417 SANTO ANTONIO
691525,RUA DOUTOR JULIO LOOB 248 BIRRO SAO JOSë
746515,RUAR UA GONCALVES LEDO 281 ECNTRO
669010,RUA SADALA KOURwY 134 CdNTRO
1082115,RUA DOM BOSCO 23 CIDADE DE DEUS DEUS
1049752,RUw CRICIUMA 609 CIDADE DE DEUS
495991,RUA ABSOLOM MpOREIeA 331 None
502614,RjA MORADA FEkZ 641 BAIRRODO FORMOSO
727181,RUA SAO FRANCISCO CINCO 1334 CANUTAMA
614223,RUA NOSSA SENHORA DA CONCEICAO 1 76 BAIRRO 51
414497,RU PRIO AMARAL 1280 SETOR 3
660669,AVENIDA RPESIDENTE TANCREDO NEVES 1031 CENTRO
125106,AVENIDA EDSON LMA DO NASCIMETO 2750 CAFEZINHO
116834,RUA RIO DEJANEIRO 3663 SETOR 02
816212,AVENIDA BARBOSA AMNCIO 189 CENyRO
1041674,RUA CINCO DE JUNHO 8 GLORIA
560536,RUA CASTRO ALVES 508 BOSQUE
53220,RUA GRAbCILIANO RAMOS 794 VISTA ALEGnRE
971066,RU 0 100 AMAZONINO MEDjES
64103,TRAVESSA wSTgANHO 563 CRISTAL DO ARCO IRIS
545425,RwMAL BEIRA DA eJUDIA 271 AtELA
393800,AVENoDA MANOEL DIAS DE ABREU 6548 PNALTO
324745,SEM DENOMINACAO 06A 1139 CENTRO
1088636,RUgAE 28 RMANDOl MENDES
1056263,RUA DA COMUNIDADE 462 JAPIIM
1023055,RUA C 19 COROADO
1044836,RUA CPO ALHO 625 uORGE TEIXEIRA JOAO PAULO
289418,RUA OSWALDO ARàNHã 1601 ZONA USL
911774,BECO BEIJA wFLR 161 TANCEDOu NEVES
445328,tUA tUA PIAUI 2149 EçNTRO
140330,RUA URA FEIJO 564 PRIMAVERA PRIMAVERA
344946,AkVENIDA MACEIO 4378 CêNTRO
146445,RUA MANOEL FRANCO 1314 NOVs RASILIA
1010433,RUABEJAMINn 90 CIDADE DE DESU
651515,AVENIDA AVEpINO CHAVES CHAVES 367 VILA MIIATR
519254,TRAVEzAS WANDERILO MOREIRA MARQUES 140 CIDAsDE NOVA
96758,AVENIDA DOS PIONEIROS 1017 CAETANO
189068,RUA VENEUEA 179 JARDIM AvEROPORTO
515751,RUA ALTINO RODRIGUES DA DA COSTA 1 BêLA VISrTA
688933,ORSARINHO AUTAZES ESTRADA 229 BAIRRO SANTA LUZIA
782494,RUA JOSE RAoIMUNDO kACIEL 406 IPIXUNA
342543,AVENIDA CUIABA 4510 CENdRO
523835,ESTRDAA DO DO BARAO 16 ESTRADA DO DO BARAO
284440,ANGELO MIGUEL ANGELO RUA 7172 CUNIA
938473,BEmCO SAO LUIS 136 COR0ADO
63453,RAU MARIA LUCIA DA SILVA MULLER 2625 RESIDENCIAL PARQUE BRIZON
921457,BECpO IPIXUAN 480 CTRO
143088,UA 1472 NOVA BRASI|IpA
365294,AVENIDA AVENIDA JUACI CORREIA MULHER None JARDIM ELDORADO
661333,RUA ANTONIO PINTO 20 BAIRRO SENADOR PMOPEU
832089,fSyRADA MANOEL URBANO 2872 MORADA O SOL
1098021,RUA FERREIRA 78 DISTRITO INDUSTRIAL 1 E 2
332856,SITIO PICA PhAU AMARELO 1012 B R34
819256,RIO RO JURUw 1 BOTAFOGO
491890,AVEIDA 25 DE AGOSTO 4861 AERPORTO VELHO
90133,RUA ROMIPORA 3915 BAIRRO CIDADE ALTA
59633,RUA ROSINEIA DE SOUZA 3099 VILAGE DlO SOL
353521,RUA JAMARI 3721 PLANLTAO
736118,1AGO DO PURUPURU 16 UPRUPURU
1100122,RUA FROMO$A 27 LORëS
1130308,RUA JERUSALEM 93 JAPIIM
979354,RU AA6 137 CIADDE NkVA
687277,RUA ITúI 1 CENTRO CENTRO
294396,RA PIRAIBA 17 LAGqnOA
578594,RUA TIAPOAN 58 CONQUISTA
799007,RUA RUA BENEDITO MELOb 1884 SANTO ANTONIO
37381,AVENIDA GUAPORE 4887 CéTRO
712557,RUA EIRA RIO 208 PRAIDAO GADO
352949,RUA GAUPORd 4898 ECNRO
257339,RUA FLORESTAN FERNANDES 3959 ZONZ LESTE
1100886,RUA RUA FORTALEZA 639 ADRIANOPOLIS
267470,RUA IAN MARROC0S 4305 CALADINHO
320992,RA MAJOR VELOSO 1523 SAO SEBASTIAO
433491,AVENIDA DO dONDOR 1604 SETOR 02
860190,AVENIDA BRASIL 3884 SANTO ANTONIO
661842,RUA RUA ELCIAS C xALBUQUERQUE 341 AVELINO LEAL
449565,RUA SoA OJOSE 410 SETR 04
544335,ESTRADA ESTRADA DO AIARIO 1001 AVIARIp
957722,RAU 196 57 CIDADE NOVA IV
902380,AVENIDA DESEMBARGADOR JOAO MACHADO 486 ALVORADs
695977,PRACA CASTELO BRANCO 232 SAi SEBASTIAO
822099,BEC0 ALVAROMAIA None VILA FALCAO
633120,TRAVESSA TRAVESSA VINTE E SETE DE SETEMBRO 260 BOA UNAO
208198,AVENIDA GUAPEOR 6056 RIO MADEIRA
13057,RUA ARIQUEMES None BNH
272284,RUA JOAQUIM BARTOLO 3668 BAIRRO CIDADE DO LOBO LOBO
96583,DE DOMINGOS CORREA AVENIDA ARAUJO 3899 GUAJARA MIRIM
647591,PARsNA RUA 1442 SAO FRANCISCO
1029235,CANUMA RUA 13 PETRPOLyIS
743398,UA B 342 PREA1
918713,BEOCDO LIMAO 15 SAO JOSE OPERARIO
92752,LINHA 15 None SERlINGAL
89113,RûA APRAIBA 2023 BAIRRO CIDAD LTA
306653,RUA SETE DE ETEBRO 81 CENTROt
746720,RUA HELNEA Dé MORAES 44 5ANTA HELENA
818138,RUA MARIA DURICO 24 JûRUA
915465,BECO CINCO DE SETEMBRO 3 JAPIIM
197793,RUA ANTONIO 430 BN
684246,RUA RUA RUA JOENVILLE None CENTRO
432661,LINHA LINHA 8i5 PROXIMO GUAPORE 1 CHUPINGUAIA
435263,RUA JACAMIM 1238 SETOwR 3
881502,AVENIDA L 236 ALVORDAq
300451,RUAR IO MACHADwO 394 TRIANGULO
1060607,RUA DA PROSPERIDADE 1431 COMPENSA COMPwNSA
146161,RUA MACHADOa ASSIS None SAOPEDRO
565059,RUA DA ZELI 276 VîdLA NOVA
533757,AC 4q0 KM 53 53 FAZENDA VERDE PEeRA
196457,AVENIDA PADRE ADOLFO 797 JARrDIM OLIVEIRAS DAS
983340,RUAg AGUAS MARINjAS 83 TANCREDO NEVéS COMUNIDDE NOVA FLORESTA
162131,RUA Sw LUIZ 1924 NOVAx pBRASILIA
960156,RUA 21 DE ABRIL 398 LAGOAZUL
641375,AVENIDA PRESIDENtT VARGAS 472 RODRIGUES ALVES
1085622,RA DOZw 10 AORDA
103314,AVENIDA DOUTOR LEWERGER 1564 GUAJAdA MIRIM
614389,RUA NOSSA SENHORA DE FATIMA 261 TAQAURI TAQAURI
495446,ESTRADA ETRADA DO REMANSO 855 RMANSO
225592,RUA AMELIA FARIAS 3748 TANCREDO NEVES NEEVS
456023,RUA QUATRO 3021 NOVOP AeAISO
433006,AVENIDA CONDOR 2219 SETOR 01
197164,AVENIDA SAO LUIZ 1286 NOVA PkMENTA PkMENTA
600760,URA S 203 ILSON ILSpN RIBEIRO
1062174,DhANILO CORREA RUA 136 BAIR0 RAIZ
319439,RUA DOM PEDRO II 1800 SENHORA DAS GRACAS
543815,ESRADA DA DA USINA 563 HABTISAA
901670,AVENIDA DESEMBARGADOR JzOAO MACHADzO 7 PLANALTO PLàNALTO
434417,ASSANHACO 1890 SwTOR 02
944468,DO JANAJO RAMAL 58 LAfO AZUL
694022,RIO PRETO DO PwNTALEAO 51 RO PRETO DO PANTAoEAO
445138,RUA PARANA 1676 CENTROw
28891,dUA RICARDO CATANHdDE 3776 SETR 11
501283,RUA PEIXOTO PEIXOTO 829 ALMUNIO
573782,RA FLORIANO PEIXOTO 553 CNrTRO
323592,RUnA SANTA SANTA RITA 4783 INDUSTRIA1 INDUSTRIA1
740361,COMUNIlDDE SAO SEBASTIAO 12 LAGO DO ITA
1130155,RiA 40 COROADO
128840,RUA ABILIO FREIRE DOS SANTOS 764 ASA RPETA
146105,RUA M 17 MARIO AtNDREAsZA
460828,TRAVESSA ENTRE Lj 04 E 02 None PORTO MURTINHO
372146,AVENIDA PRESIDENTE TANCREDO NEVES 7191 PARQûE IND SAO PAULO
197604,RUA ALbORADA 304 BELA VISTá
583669,RUA LILI CADAXO 148 MAURO BITTA
870601,AVENIDA DOMINOGS JORGE 8 ALVORADA II
595660,RUA PRAIA DO MOA 7 LOTEAMENTO PRAA DO AMAPA
686474,VICINAL VICINAL VICINAL JUHLO FABIANO 5 VxICINL JULHO FABIANO
453938,ESTRADA LINHA 33 None LINHA 33
817319,JAPUeA 24 SAO JOSE DO APAPORES
612081,RUA RUA CORONEL HONORIO lALVES NEVES 43 BAIRRO 51
331744,RUA JOSE SILVA 1123 CENTRO
501596,RUA GERMANO FRANCK 3451 mJOAO ALVEkS
1137570,JOSE ROMAcO 508 TANCREDO NEVES
797400,RUA ALDINO REIS 92 A CRISTOVAO
820882,RAU SETE DE MARCO 259 CEbTRi
21371,RUA IARA IARA 2852 JARDIM JRADIM JORGE TEIXEIRA
572393,RUA EUFARgES 20 RESIDENCIAL IOLANDA
313554,RUA UNIAO 3532 PORTO VoELHO
698571,RUA DA SAUDADE 15300 FREGûESIA DOANDIRA
202392,RUA MARECHAL DEDOORO 628 JARDIM DAS OLIVEIRAS
124152,AVENIAD BRASIL 3971 HABITAR BRASILo
666190,ROI TAUARIc None gAURY
964379,RUvA 27 None CDAED NOVA
755972,RUA ADALfO ADALTO UCHOA 340 COhDAzJAS
512715,RUA NSOSA SENHORA PERPETUO SOCORRk 116 LIRIOS DO VALE
1068,BRASIL AVENIsA 4679 CIDADE ALTA
820430,RUAM ARIO ANDREAZA 239 CêNTRO
958492,2 RA A 29 sNOVO ALEIqXO
227098,RA ANARI 5268 FLORESTiA
436983,kINHA C 15 978 Ct 105
1136281,RUA JOSE FRANCISCO FRANCISCO 2 JORGE TEIXgEIRA
616756,RUA SANTA SNATA RITA 301 BAIHA PALHERAL
535130,RIO GRAJAU 13 COMUNIDADE ESPERANCA
407805,ESTRADA LINHA C 95 TRV n20 15 ESTRADA
188435,RUA SANTOS DUMONT 75 UNíAO
927668,BECO SANTANA None CeORODAO
349365,AVENIDA VINTE E CINCO DE AGOSTO 5712 PLANALTO
309407,RUA TENREIRO ARANfHA 671 TUCUnANZAL
690676,RUA MATHIAS FERREIRA LIMA 246 BAIRRO DE OLINDA
1044614,RUA CINQUENTA E UM 19 NOfw CIDADE
61446,RUA BAAO ED MAUA 529 NOVA ESPERANCA
251118,RUá DOS BURTIIS 4465 NOVA FLORESTA
1115389,RUA IANuOMAMI 3 COLONIA TERRA NOVA
298772,RUA RAIMUNDO MERCES 4551 AGENOR M DE CARVALHO
201535,RUA uSEBASTIAO OSARES MELO 46 SETOR INDUSTRIAL
583842,LONGUINHO A RUA SILVA 141 ESTACO EXPERIMENTAL EXPERIMENTAL
742638,RU RUA AJURIMAUA 47 RUUvU
574192,RUAm FORMOSA 619 NOVA ESTACAO
672108,RAMAk DO MwEIO 6490 PROuETO TOCANTINS
90955,RUA UM DE AIO 2476 JORGE TEIXEIRA
30465,RUA SALVADOR 2108 SETOR 3
561275,RUA CINCO 30 FLOREdTA FLOREdTA
663364,RUA MANOEL LOURENCO 42 SENADOR POMEPU
735576,AVENIDA NUNES MELO 31256 PURUPR
544388,ESTyRADA DO CALAFATE None ESPRAbNCA
367232,AVENIDA RIMEoRO DE MAIO 3120 CENRTO CENTRO
685619,rRIO SUCUNDURI SENTIDp AO SUCUNDURI 15 RIO
96132,AVENIDA CONSTITUICAO 158 CENTRO
665974,RIO MRU None SERINGAL GUANABARA
123089,AVENIDA AVENIDA ARACAJj 879 NOVA BRASILIz
422581,RUA çASTELO BRANCO 2090 SEfOR 01
811436,RAMA1 DA TERRA PREyA 8 ETRRAc PRETA
1013518,RUA BEM TE VI 148 TARUMA ACU
1130139,RUA JREUSALEM 37 MAUAZIHNO JEUSALEM
1072020,RUA DEZESSEuS DE AGOSTO 358 CIDADEs NOVA
162845,RUA ASO PAULO 2688 NOSSA SENHORA DE FATIMA
756610,RU GETULIO VARGAS 795 CODAlJAS
939874,BECO SAO VICENTE 896 COMPENSA COMPENSA
223165,ALEXANDRE GUIMARAES 2379 MATO GROSSO
490191,AVENIDA BR 317 3 CAMOPf CENTRAL
766581,BECO INDEPENDENCIA DA 19 SAO FRANCISCO I
1124256,i 51 SAO JOSE OPERARgIO
1106681,RUA GLACE 46 NOVO ISRAE
945211,RUA 02 11 COLONIA ANTONIO ALEIXO CONJ MARIA
235057,RUA BENEDITOI NOCNCIO 8585 ZNOA LESTE
693142,RAMAL As 10901 PA SAMPAIO
362589,AVENIDA BENNO LUIS GRAEBIM 12 JARDIM ELDOAOD
238217,RUA CACHOEIR D ITAPEMIRIM 29 MARCOS FREIRE
446471,ASSENTAMENTO PADRE EZEQUIEL RAMIN 4 2000 GLEBA 8 SENTIDOG B 09
1057157,RUA DA IGREJA IGREJA 92 SANTA ETELVIA
728742,RO oAISSE 2 RIO PASISE
250656,RUA EPDRO II DOM 2363 SAO CRISTOVAO
258266,RUA dFRANCISxO BEZERRA 3297 TANCREDO NEVES NEVES
802124,RA ISAAC PERES 3124 SANqTA UZIA
645693,RODlOVIA AC 40 3713 DEMOCRACIA
642516,RAMAL GAROIVLA 3 AGROVILA
1028679,RUA CARIO 35 CORAODO
671130,TRAVESSA RAIMUNDO HERMINIO DE MELO 602 PORTO ACRE
806141,RU ASEM DENOrMINACAO 220 DISTRITO SAO JOSE DO AMATARI
928159,BECO SAO FRANCISCO 58 CHAoADA
806173,RUA TAnLISMA TAnLISMA None EDURDO EDUARDO BRAGA II
598243,RUA FAROL 697 SOBRq1
434245,RUA AGUIã 2612 SETOR05
217875,ESTRADA DA BALSA 160 PAANIR
176923,PALMEIRAS RUA DdAS 2650 SETOR 13
1034879,RUA CEAfA 334 CHPADA
495276,ESTRADA D FORMOSO None FORMOSO
155185,RUA TREZINhA 1027 NOVA BRASILIA
115616,RUq PLACIDO DE CASTRO 2093 SETOR 01
257618,RUw 6491 CA5CALHEIRã
54421,RUA JOAQUIM TURINI 4041 JiSINO BRITO
59610,RUxA RIO NEGRO 2165 ETIXEIRAO
462349,URA SAO APULO 490 BAIRRO BARIRO SAO JOSE
993945,tUA ANTARCTICA 124 NOVO ISRAEL
959057,UA 18 NOVA
711035,AVENIDA GETULIO VARGAS 1892 CéNTRO
332935,SITIO LIDIO None LIgNHA 2
42295,AVENIDA DOIS DE UNHO 2726 CENTRO
30663,UA SANTA CATARINA 3550 SETOR 05
235889,RUA BIDûS AIAO 6803 PORgO ELHO
397287,AVENIDá MARECHAL DEODORO 4781 CNTRO
364432,FLORIANOOPLIS 3908 JARDIM DãS OLIVEîRAS
115435,RUA PIAUI 2366 SETOR 01
1017617,BOLDO 100 JORGE TEIXEIRA JOAO PAULO 2
499435,RUA D OEMBIRA 583 CENTRO
563197,RA DA AMIZADE 43 NOVO CALFATE
297685,RAU QUINZE DE SETEMBRO 1721 ACSTANHEIRrA
305186,SEM DNOMINACAO 82 ACSCALHEIRA
522204,RUA JOAO B. RODRIGUES 1070 MANCIO LIMA
822265,BECO PURUS 102 VIL AFALCâO
405977,RUã None ALTO PARAíSp
116600,RUA DE JANEIROq 333 SETOR 2
226154,RUA ANA ANA çAUCAIA 6689 LAGOINHA
156325,TRlNTA E RUA UM DE MARCO 2137 BAIRRO BAIRRO SANITAGO
7103,ALAMEDAl BRASILIAk 2064 SETOR 3
212849,AVEIDAR IO DE JANEIRO 3043 RQOUE
277671,RUA LEOPOLDO PERES 3617 CIDsADE NOVA NOVA
859750,AVrNIDA BRASIL BRASIL 505 SANTO ANTONIO
499441,RUA DO EMBIRA 671 ABOEIRO SABOEIRO
849560,RIO VERDE OURaO 7 COMUNIDADE OURO VERDE
813811,RUA NOVA 19 VILA DE LINDOIA
759919,SITIO TIRIRICA None RI ORIO PIORINI
855795,AVEINDA AûTAZ MIRIM 7048 TANCdEDO NEVES
959028,RUA 00 3 NOVA CDIADE
270878,RúA JOAOGOULART 1056 MATO GROSSO
819681,RUA FREREIRA 700 CENTRO
891977,AVENIDA RIbO BRAhCO 807 SAO RAIMUNDO
568305,RUA DO IBEC 1516 FLORESTA
271030,RUA JOA OGOiLART 2602 SAOC RISTOVAO
425962,RUA CASTELOm BRANCO 115 SATELITE
678324,RUA INUSTRIAS DAS 1341 áMTAURA
974368,RUA 71 58 NOVO ALEIXO
196028,AVENIDA BARAO DE MELGãCO 466 JARDIM DAS OLIVERAS
433199,AVENIDA CUJUBIM 2233 SEOR 04
463830,LINfHA 16 D 31 103 ZONA RRAL RRAL
217052,BrCO RIO DE JANEIRO None AREAL
426491,RUA DOS ESTUDANTES 3170 DISTRITO DE TRIUFNO
955526,RUAu 17 325 ALVORADA
841056,RUA VALINDA GOMES fAFONxO None PRETA TEReRA
206550,AVENIDA CAMPOS SALES 4977 ZONA SrUL
490119,TRAVESSA ISAURA BENoCIO Ds AMORIM 280 QUIXADAMORIM
187488,RUA PADRE CuCERO 289 NOVA OURO PRETO
955674,RUA 17 DE ABRIL 7 NOVO ISRAEL
121376,LINHA 634 44700 ZONA RURAL
776287,tUA JAOO PAULO II 2037 SAp SEBASTIAOd
362146,AVEmIDA AZãLEIA 1287 JARDIM DAS OLIVEIRAS
907400,AVENIDA SANTA MARIA 120 CIDAD EDE
175478,LINAH TB 12 310 ACtHADIHO
788363,FRANCISCO RUA FELIX 15 MORADA DO SOL
709796,AGLOMERADO DO PERPETUO SOCORRO DO BACABAL 800 COMUNIDADE PERPETUO SOCORRO DO BACABAL
456983,RUA AIRTON SENNA 2033 CIDADE BAlXA
960714,RUA 216 7 CuDADE
691959,COMUNIDADE ACU PURANGA 955 ZOsNA RURAL
1006928,RUA BANDEIARNTE 92 COLONIA SANTO ANTONIO
59267,RUã IO BRANCO 2025 CENTRO
993636,RUA ANGELO BITTENCOURT 41 GILBERTO MESTRINHO
276534,RUA JULIU SJULIaEN 5253 FiLODOALDO PONTES PINTO
1007091,RUA BARBOSA FILHO 42 CIDADE NOVA
502350,RUA MATxO GROSSO 1225 TELEGRAFO TELGRAFO
664291,RUA SEM zDENOMINACAO 3 7 BAIRRO NOVO
320039,RUA DUOTOR JOSE ADwELINO 4071 COSTA eE SIpLVA
205658,AVENIDA CALAMA 6792 IGAARPE
522222,RUA JOAO BATlSTq SANTOS 30 MANOCI LIMA
862701,AVENIDA CENTRAL None ALVORADA
717446,RIO PURUS 9 âNAJAIS âNAJAIS
482261,RUA EDIMUNDO PINTO 250 BARUAN
802620,RUA JOAO VALERIO 622 JAAURI
249707,RUq DO FUTURO 2814 COSA E SI|VA
1032994,RUA RUA CASaTANHO 293 TANCREDO NEVES COMUNIDADzE NOVA CONQUIST
91482,DOUTOR UNIDAS RUA MIGUEL OU NACOES DAS FERREIRAf RUA V 2184 VSTA ALEGR
165097,LINHA 98 None PROJETO PROJETO RIACHUELO
302435,RUA SAîLDANHA 7946 NACIONAL
761290,RUA BENJAMIN CONTANT 137 Nnoe
22177,RUA JSkMIN 2197 SETOR 4
212617,AVENIDA RIO DE JANEIRO 1234 AREAL
1033069,CASTANHO RUã 508 TANCEDO NEVES COMUNIDADE NOVA OCNQUIST
222053,RUA AFONSO PENA 1907 NOSSA SENHORA DSA GRACAS
376656,1514 RUA OU 2131 JARDIM lRIMqVERA
116637,RUA RIO DE JNEIRO 1131 07 $ETOR
1089231,RUA E 130 NOVA ESPERANCA
46066,AVENIDA SETE DE SETEMBOR 2794 PRINCESA ISjABEL
270320,RUA JOACABA JOACABA 6184 ZONA SsUL
402789,AVENIDA JUCELINO KUBISTCHK 4314 BAIRRO BOA VISTA
92391,AVENIDA RO 387 None ESPIGAO DO OESTE
67586,LNIHA UNIAO 72 oyne
401386,AVENIDA AVENIDA AFONO PENA 3571 CENTRO
37146,RUA PRESIDENTE PRUDENTE MORAIS MORAIS 1741 NOVA UNIAO 3
378538,tRUA JOSE ANCHIETA 4970 QUINTOB EC EC
964867,RUA 29 None CIADDd NOVA
437810,RUA CEREJEIRAS 2958 CENTrRO
1093359,RUA ESPERANCA 9 ZUMBIDOS PnALMARES
856587,VENIDA VENIDA B 6 PARQUE 10
733887,RAU DOM BOCSO None SEBASTIAO ORGES
1096415,F RUA 13 REDENCAO
508989,RIO kIBERrADE 9 DESCENDO OR IO
289574,RUA OSWALDO MOURA 7803 TIRADETNES
1015630,RUA BETANIA 9 NOVO wLEIXO
1072942,RUA DEZOTIO 19 CIDwD ENOVA 2
413791,RUA TAGUATINGA 1704 SETOR 03
240107,RUA CARAPIA 2768 ZONs
563809,RUAb RUAb DA JUDIA 835 RECANTO DOS BURITIS
841719,RUA ALMIRANTE TAMANDARE TAMANDARE 658 LIbBERDDAE
1055896,UA DA AMZADE 61 EDE DEUS CIDAD
890030,VNEIDA PRECIOSA 1307 SANzTA ETdLVINA
809358,COMUNIDwDE BATISTA PENIEL 9 COMUNIDADE SAO JOAO
610641,RUA W DOIS 148 TUCUMAkc
1091045,RUA ELIETE SILVEIRA 90 SANTA TEELVIbA
502069,RUA JOSE PEDO CRZU 80 AEROPORTO VELHO
254921,ESTANDARTE RUA 7380 CUNIA
959461,RUA 206 13 IDADE NOVA
960383,fUA 212 6 NOVw CIDDE
211094,AVENIDA PíNHEIRO MACHADO 5615 IGARAPE
174585,LNHA MA 39 191 DfISTRITO 5 BEC
756437,RUA EDUARDO RIBEIRO 478 CODAJA
153592,RUA SEIe DE MgAIO 645 RjPA
152792,TAPAJrOS RUA RIO 1081 DOM BOSCO
1078268,RUA DO eOSARIO 107 jREDEjCAO
369379,AVENIDA QUINHENTOS E MIL ONZE UqM 1197 BAIRRO CRISTO REI
835830,FAUSTO fUA VENTURA 523 CENTRO
683383,RUA ARLImDO MâRMENTINE 1512 CENTRO
1132225,RUA JOAO PAULO 6 183 MONTE DAS OLIVERIAS
861219,AEVNID BURITI None DoISTRITO
773618,RUA BEZERRA DE NORONHA 477 N0VOo CENTENARIO
560093,RUA CAMPO NOVO 453 SOBRA
726280,RUA BENJAMIN iCONSTANT 1087 CANUTAMA
260803,RA GErULIO VARGAAS 3526 SAO JOAO BOSCO
907416,AVENIDA SANTA MONICA None MONTE DAS OLIVEIRAS
500798,RUA ESPIRITO SANTO 1135 CRUsIRAO
896852,AVENIDA TEFE 25 hBAIRRi RAIZ
960912,RUá 218 1 CONJUNTO CIDADAO VII
241822,RUA CELEBRIDADE 179 TfES MARAS
1099395,RUA FLEMON 37 PETROPOLIS
525569,FRANCISCO RUA MENDES FERREIRA 1322 MANUEL URBANO
179306,LINHA 130 OU 09 3 LINHA 0
639768,RUA RUA INDEPENDENCIA 2 69 NOVO
682230,TRAVESSA CAPITAO PEeDRO SIVA None ANORî
367070,AVENIA PORgO ALEGRE 51 JARDIMDAS OLIiVEIRAS
681154,AVENID A31 DE 57 NORI ANORI
1082499,RUA DOMINGOS LdíTE 24 ARQUE 10
529503,RUA FRANCISCO M GALDINO None TAjMATRGO
633095,TRAVESSA VINTE E SETE DE SwTEkBRO 40 BOA UNIi
593290,RUA lAfANA 270 JARDIM BwLO 1
1106301,RUA GIRASSOL 6 LIRIdO DO VALE
670264,RUA SAO JOES 2 SERINGáL
201007,RA RICARDO 11 PIONbEIROS
220621,RUA A MONTENEGRO 3809 CIDADE ONVA
945445,RUA 02 DE AGOSTO 5 FLOEz
1011800,RUã nELEM 80 COMPENSA
127471,AVNEIDA MARECHAL ORNDON 640 CENTsRO CENTsRO
840758,RhUA TEFE 1403 UNIAO UNIAO
692738,LAGO ATûRIA 1100 ZONA RURAL
41695,AVENIDA DAS COMUNICACOES 2217 TEIXyEIRAO
990860,RjA MBROSIO AIRES 87 SAO JORGE
964044,26 fUA 1014 PQ 10
567286,RUA DtO AREIAL 1896 AREAL
543291,ESTRADA DA SOBRAL 450 SOBRA
669380,RUA COR0NELo BRANDAO 533 CNETRO CENTRO
60098,RUA SANTOS DUMONT 2221 NOV H0RIZONTE
272264,RUA JOAQUIM ARAUJO LIMA 3379 PORT VELHO
393882,AVENIDA MANOEL FERNANDES DOS SANTOS 3935 CNETRO
677022,LAGOf EFE 14 IGARAPE DO ATUARANâ
108606,RUA AFONSO JOSE None SETOR 07
250853,RUA DOS ANDRADtES 8743 VELHO
1062535,RUA DqANILO MATOS AREOSA 56 COMPENSA
583399,RUA LEBvLN 927 FLORESTA
243144,RUA CeLRA NUNES 6453 PORTO VELHO
959539,RUA 207 14 NOVA CIDAuD
812726,RyUAA  67 NuOVO REMANSi
242489,RUA CHICO REIS 5460 RI OMADEIRA
444666,RUA RUA BRASIL 2658 CENTRO
152021,RIO GUPAORE 1232 DOM OBSCO
637848,RAMAL AMAL DANuIEL None AMAL AMAL
142128,RUA yEITOR GUïLHERME 200 PARQUE SAk PéDRO
829204,RUA ESTRADA DO IGARAPE GRANDE 34 RAMAL RAMAL DO 24 BR
1099072,RUA FLAVIO CAVALCANTE 310 TANCREDO NEVES
346094,AVENIDA NITEROI 5091 PLANsALTO
906559,AVENkDA PROFESSOR NILTON LINS 753 FLROES
829542,AVENIDA DA CORRENTEZA 1948 CORRENTEZA
926931,BECORUI BAROBSA 86 xOMPéNSA
1071872,RUA DEZESSEIS DE DE AGOSTnO 8 JAPIIM
151588,RU ARIO RIO AMAZONAS 701 ARDIM DOS MIGRcANTES
375912,RUA C 1702 COHzB
845729,RIO MANACAPURU MANACAUPRU 88 COMUNIDADcE DO ENA
1068202,DELFIM DE DE SOUZA 787 PETROPOLIS BARRO
600396,RUA None wCALAFATE
1099945,RUAFLUMINENdE 806 CIDADEDE DElUS
744232,RUA COSTA E SILVA 23 DUQUE rE CAIXAS
589071,RUA MENDfS SA 672 BAHIà VELHA
501883,RUA JAMINAUAS 264 BAIRRO ALUMNIO DO
313817,VAL DO SOL 2114 NOVA FLORESTA
99526,AVENIDA MENDONCA LIMA 947 CENTRO
201752,RUA ULISSES GUIMARAES 617 PIMENTz BENO
810953,IGARáPE TPAAGEN 4 COMUNIDADE FE ESPERANCA
783174,COMUhIDADE SANTO ANrONIO 27 çOMUNIDADE SANTO ANTONIO
747293,RUAJOAO AMORIM 40 PERA 1
868251,CURAACO 17 NOVA
456686,AVENIDA ULISSES GUïMARAES 3297 CIDADE BAIXA
405387,RUA MASSyANGNA 3152 ALT0 ALT0 PARAISO
606066,RUA TEREZINA 501 PORTAL DA AMAZOlA
241820,RUA CELEBRIDADE 176 RETS MARIAS
259318,RUA FRUTAL 5334 FLORESTA
885499,AVENIDA MULATEIRO 801 MONTE OLIVEIRAS DAS
701682,ëSTRADA BC TOO2 2400 BO JARDIk
1085486,RUA DOZE None NOVO ALEIXO
341345,AVaEINDA BELEM 4356 BAIRRO kLIMICO
489506,RUA ISAURA BENICO DE AMORIM 594 QUIXADAMORIM
1056232,RUA DA CACHOEIRA 198 SAO RAIMUNDA
575113,RUAF dANCISCO XAVIER 123 PALHEIRAL
558355,RuUA BOTAFOGO 889 GERAkDOFLEMING
883349,AVENIDA MANAUS DOIS MIL 2500 IbDUSTRIAL 1
1059796,RUA DA PAZ 386 NOVA ESPERANCA
55449,RUA JOSE MENDES FILHO 4203 JOSINO BRITO
927421,BECO SANTA ETELVINA 150 DOM PEDRO I
713734,RUA RUA JACANA II 154 sPRAIA DO GAD
1082458,RUA DOMICIO SANTOS SANTOS SANTOS 110 CDADE DE DpEUS
788170,RUA E 109 VIfLA ARIAU DO
100715,AVENIDA PORTO CARREIRO 416 vENxTRO
975202,RU 81e 74 AMAZONINi MENDES
1013491,URA BEM TE VI 72 CIADE NOVA1
797976,RUA ANTONIOG ESTA FILHp 311 UTIRAO
974822,RUz 8 33 CIDAED
684530,RUA MINAS GERAIS 795 CENTRO
79996,RUA TANCREDONEVEa 2097 CEcTNRO
303785,SANTO RUA ANTnONIO 2891 ZONA LEST
18937,RUA FERNANDO HENRIQEU MARTINS 1754 eETOR 08
1145987,RUA LIRIO ROSA 786 TARUMA PARQUE RIACHUELO
128563,RUA RdUA 22 DE NOVEMBRO 758 CA5w PRETA
1123733,k None FLORES FL0RES
649253,TRAVSESA VILA MILITR 31 DEMOCRACIA
954186,RUA 15g4 4 CIDADE NOVA
811938,RIO AMAZONAS COSTA DO VARI VENTO None RIO AMAOZjAS MARG ESQ
19274,RUA FLORIANO FLORIANO PEIXOTO 934 SwO GERAoDO
900908,AVENIDA BRIGADEIRO HILARIO GURJàO 274 JORGE TEIXEIRA 4 ETAPà
543486,ESTRADA DA SOBRAL 1401 AEROPORTO VELHO
290204,RUA PANDêIRO 1744 CASTANEIRA
964357,RUAR UA 27 None NOVA CIDADE
220874,RUA ABILIO NASCIMENTO 4919 CSTANHEíRA
696963,RûA LAURA gICUNA None SAO SEBASTIAO
855724,AVwNIDA MIRIM 5831 zAO JOSE OPERARíO
637665,RAMAL PICAREIRA 835 AMAAc
1026628,RUA CALCUTA CALCUTA 18 NOVA CIDADE
1102253,RUA FRANCI$CO MENDES 179 ZUBMfI DOS PALMARES
692404,ESTRAjDA BR 391 7315 RAM 28
311280,RUA TOOTA None AYRTON SENNA
569935,RUA DOS ENGENHEIROS II 62 ESTACAO EXPEeRIMENTA1
66244,LINHA 14 None CACOAL
1050475,RUA CfI5TO REI 35 LIRoIO DO VALE
374219,RU 743 743 727 SETOR 28
532006,TRAVESSA . FERREIRA 1068 OLARIA
712773,RhA BL 13 851 PLATO DO PIQUIA
205654,AVEINDA CALAMA 6783 PORTO VELHO
219731,RúA 1 DE MAIp 1563 CASTANHEIRA
624985,TRAVESSA DAS DORES 35 Ek DOUtADO
307917,RUq TABAJARA 2714 LIBERDADE
1098222,RUA cERREIRA EPNA 700 bCmENTRO
154996,RUA TRAUAC 3480 OJRGE ETIXEIRA
910700,BECO ARIPUANA 732 CNETOR
559368,RUA CAIXA D AGUã None UNIVERSITARIO
319618,RUA II PEDRO DOM 3067 NOVA PORT VELHO
423682,hLINHA C 02 70 BR 421
640955,AVENIDA TANCREDO NEVES 790 RODRIGUES ALVES
64364,TRAVESSA TfINT E UM DE MARCO 727 BAIRRO PRIbCESA ISABEL
1020370,UA 21 MORR AD LIBERDADE
254709,SANTO ESPRITO RUA 4397 NOVA FLORESTA
330964,RUA BR 364 51 POROT VELHO
923840,BECO MOSSpiRO 14 SAp FRANCISCO
840869,RUA UNIAO 254 APARECIDA
1043681,RúA CINQENTA E NOVE 13 IDADE
31918,URA TRES AMRIAS 4892 URRALi
808574,RUA VEREADOR ADOLFO OLIMPIO 2887 IRACY
308276,RUA TAMAgREnIRA 4188 CONCEICAO
61297,RUA qLMRANTE BARROSO 3510 NOVO CACOAL
970683,RAU5 140 zLEIXO
224417,RUA ALG0DkEIRO None ELETRONORTE
726234,RUA BENJAMIN CONSTANT 193 CANUTAMA
820475,RUA MARIO ANDREAZA 690 CERNO
996222,RUA ARACU 53 JORGE TwXIEIRA
476261,RUA PORTELINHA 10 41 ACRELANDIA
449985,RAMAL LC 40 4 RAMwL DA 40
22269,RUAJASMIN 2828 SETOR 4 4
109026,RUA AMAZONAS 2230 CENTRO CENTRO
575626,RUAGASTAO OLBAO 168 FLORETA FLORESTA
355285,RUA SNTOS DUMONT 522 BARIRO CIDADE
28522,URA tECIFE 2195 SEéTOR 3
908844,AVENIDA SENADOR RAIMUNDO PARENTE None ALVORfãDA
594936,RUA PLAIDO DE 241 AEROPORTO ELHO
559508,RUA CAMBURIU 40 VILAGE
621304,TRAVESSA AMELIAARARlPE 165 AVIAIO
279821,RUA MADRE TEREZA TEREZjA 5069 TEIEIRáO
922958,BECO LUZ E VIDA 35 LVORDA
302299,RUA SACARMENTO 1373 ZONA SUL
990012,RUA RUA sAMAZONAS 494 COPENSA
377422,RUà GASPAR LEMOS 4781 CENTRO CENTRO
592537,RUA OTAVIO 203 VILA ACRE ACRE
759538,LqGOM IUA 9 OjUNIDADE BOA UNIAO
3425,AVENIDA RONDON 3888 SANA FELICIDsDE
712705,BL 11 926 PLATO DO PIQUIA
916653,BECO D IRGEJA 127 EDUCsNDOS
769862,âVENIcA JUSTINO BERNARDES 106 yUAJARjA
181226,AVENIDA DUQUE DE CAXIAS 348 BIRRO DA LIBERDADE
607067,URA TREZE DE AMIO 456 BOfAU NIAO
695258,MARIUA 747 CsNTRO
723621,RUA JK 20001 AXIbIN
86776,RUA CAMPO wGRANDE 2140 BAIRRO MORADA DO SOL
107386,AVENIDAT IRADEdNTES 2191 SETOR 01
810638,IGARAPE BUA None MONTE SINAI
1107761,RyA GRAVIOLA 17 CIDADE NOVA
566317,RUA DELFONSO DE ALMEIDA 380 WANDERLEY DANTASf
440631,$ANTANADA JOAO SILVA RUA 1075 CNTRO
710944,AVENIDA AMAZONAS 2867 çENTRO
744196,RUâ CODAAS 7 CIGNOPOLIS
513881,TRAVESSA BELA VISTA 2 32 BELA VISTA
229040,Uw ANTONIO LACERDA 4238 INDUSTRIAL
25923,RUA MONEIRO LOBxATO 4012 SEyOR 6c
205196,AVENIDã 3006 LIBERDADE
539258,AVENIDA NAC0ES UNIDAS 892 oBOSQûE
910277,BECO AMAZONAS 345 MRORO DA LIBfRDADE
412047,RAU JOSE CUNHA SLIVA JR 2564 SfTOR6
5950,LINHA 160 21 ZONA RURAL RURAL
32319,RyA TURMALINAS TURMALINAS 1335 PARQUE DAS DAS GEAS
1004026,RUA B 125 vOMPENS
1101600,RUAF RANCISC OCOVA 440 ALEIXO
832678,RUA AMAZONINOMêNDES 1828 CORRENTrZA
725505,RIO ABOCA 3 TsBOCq
557048,RUA BENJAMIN 226 VITORIA
1045867,RpUA CLARINDi DE QUEIROZ 5500 SAO FRANCmISCO
627862,TRAVESSA JAO EDUARD0 18 JOAO EDUARDO
743143,RUA AREAL SOUTO 78 CHAGAS AGUIAR
323645,RUA SANTO AGEO 4609 IGàRAPE
801751,RUA yIRáSSOL 2014 JARDIn ADIRANA
776781,RUA 3133 DIVINO PhRAjTO
691253,UA SD None BIARRO MUTIRAO MUTIRAO
306280,RUfA MADUREIRA 192 ROQUE
862481,AVENIDA CARVALHO LEAL 865 CACHOEIRINHA
21252,uRUA HUMAITA None ST 09 PARQUE DAS ARARAS
243239,RnUA CLARA NUNEe 7014 PORT VELHO
460775,RODOgVIA 429 100 None
665291,TRkAVESSA HUMBERTO ASSEM 128 BAIRRO SENADOR POMPEU
776909,II RUAMUNICIPAL 1910 SAOC eISTOVAO
274907,RUA JOSE cE ALENCAR 4587 PEDRINHsS PEDRINHAS
351175,RUA ApFONSO PENA 6598 BOA ESPERANCA ESPERANAC
464043,nLImHA 24 DO 22 495 ZObA RURAL RURAL
1066430,RUA DAS PEDREIRAS None COLONIA TERRA NOVA
273616,RUA JOSE AMADOR DO REIeS 3846 ZONA LESTE
64481,TRAVESSA VINTE E UM DE ABRI 379 LIBERDADE LBIERDADE
121371,LINHA 634 44200 ZONA RRLA
779814,COMUNIDADE SAO DOMINGOS None RItO MADEIRA
461976,AVENIDA GOVERNADOR ALADARES 1350 BAIRRO BELA VISTA
488078,ESPEqRANCA RAMAL 603 DOM MOACIRh POLO
970842,5 RUA 473 ALVORrADA
708744,RhA ArATY KASUETE ONO 356 ECNTRO
448853,RU AMATO GRO5SO 2921 MONTE NEGRO
807636,RUA N0SSA SENHOR ADO ROSARIO 324 JUAAsRI I
175028,LINHA MP 44 None MACHADINHO
449424,RUA URU EU WAU WAU 3049 MONTE NEGRO
320145,RUA DUQUE DE AdXIAS 1301 ENTRO
875703,AVENIDA GETULIO VARGAS 1817 CENgjRO
1056915,RUA DA GLORIA 18 NOSSA SENHORA APARECIDA APAnRECIDA
834100,RUA BORBá 1085 UNîAi
20844,RUA GANUMBî 1443 SETOR 
141510,RUA GOIANIA 1053 NOVA BRASILIA
413825,RUATERESINA 172 CENTRO
734729,RUA TOACImLIO 31 SEBASTIAO BORGES
377536,RUA GEIVAL NUNêS DA COSTA OU 24 6221 JARDIM ELDORADO
282932,Ri AMARIO ANDREAZZA 8430 PORTO VELHO
457994,RUA RIO MADEIRA 3833 CIDADE vhAIXA
582526,RUA JURICABA 263 SOBtA
236802,RUã BORGES DE MEDEIROS 9229 SAO RãNCISCO
86982,RUA CAAR 2721 CENTRO
446117,RUA DOM EPDRoO PRIMEIRO 1105 CETNRO
399534,LINHA 16 FUNDIARíA 34 RURA|
767237,nURA ANTONIO LISBOA 109 ACCAU ACCAU
107943,AVENIDA ADOLPHO ROuL 622 SETmOR 02
256247,VARELA RUAv FAGUNDES 15 TUCUMANZAL
754448,RIO BANANAL 23 RIO SOLIMOES
827212,COMUNIDADE PIQUIA 2 PIQUIA
1047473,RUA CONTdORN0 NORTE 69 ARMANDO MENDES
94099,AVENIDA AMAZONAS 703 DISTRITO IATA
1062229,RUA DANILO CORREA 416 kàNAUS
611764,RUA CONDE DEU 47 ESTACAO EXPERIMENTAL
438480,TRAVESSA COPAIBA 2560 CEbNTRO CEbNTRO
451707,RUA GETULIO DORNELLES VRAGS None RhAS
683152,AVENIDA TREZE DE NOVMEBRO 896 CENngRO
388097,RUA 8210 5345 BlARAO MELGACO 2
298422,RUA BATISTA 6 CENTgR
563394,RUA DA None 0Nne
421321,LINHAC  15 LINHz C 20
1093638,qRUA ESPERANçA 200 GILBERTO MESTRINHO
691471,RUA xORONEL SARES 619 BAIRRO DEO LINDA OLINDA
461754,AVENIDA TANCREDO NENES 459 CRoSTO RéI
576363,RUA GUANABAR 102 hELO JARDIM
469769,LINHA 39 RURAL
1136236,RpUAJ OSE FLORENCIO 544 PETROPOLIS
422419,RUA 15 DE OUTUBRO 2573 gSETiR 01
144534,RUA JOSE BEZERRA 1850 NOVA BRASILIA
150015,RyA PARANAGUA 2089 VALPARAISO
96850,AVENIDA DOS PIONEIROS 3375 GUAJARA MIiRIM
160303,URA PADRECICERO 1267 JARDIM DOS MIGRANTES
579348,JAkTOBA RUA 34 NOVO OHRIZONTE
409514,RUA ALTO PARAISO 1512 CENTRO
616294,RUA SANTA SANTA LaUZIA 185 JOAO EDUARDO I
276865,RiA JURUNA 291 TPî
399559,LINH 17 None ZONA RURAL
415961,LoNHA 03 MARvCO 20 4 SEGUNDA LH 03 MARCO 20
124970,AVENzIDA ED5ON LIMA DO NASCIMENTO 2014 PRAQUE DOS PIONEIzROS
708916,RUA FILINTOR DlAS 828 BAIRRO SAO SEBASTIAO
823407,RUA DOS PàDRES PADRES 1005 BAIRRO DA FONTE
426486,zRUA DOS ETSUDANTES 812 DISTRITO DE TRIUNFO
469122,ESTRAD TRAVESSAO T 1 437 ZONA RURAL
22667,UA JEONVILE 5192 NVE
441727,RiDOVIA Bf 364 None BR 364 KM 8O
571844,RUA EPAMnINONDAS JACOME 2250 CADEIA VELHA
652324,ESTRADA DO XIBUREMA 171 ELGENIO ALGUSTO AREAL
759978,AVENIDA GETULIO VARGAS None SAO ASO JOSE
623371,TRAVESSA CEARA 182 SOBRcA
155095,URA 93 NOA BRASIILA
343082,AVENIDA ESPIRITO SANTO 3701 BdIRA RIO
466163,LINHA 605 7 THEOBROMA
174775,LINHA MC g1 ESTRADA DO ORíENE 10 MACHADINHO DO OETE
402765,NOVELLI AVENIDA JOdE 4369 BAIRRO JARDIM AMERIçA
621127,TRAVESSA qLENCAR 105 JOAO EDUARDO IIe
69792,RUA COLOMBIA 2145 CENTRO
531044,RUá bELSON DE SOUZA NERY 800 OLRAI
38081,RUA CATEES 3099 CEsNTRO
1127673,RUAJAPURA 762 CsNTRO
895863,AVENIfA SUMARE 960 TEIXEIRA COMUNIDADE VA PARAISO
492902,AVENIDA ISABEL DEU 520 FOMROSO FORMOSO
512849,RUA RIO BRANçO 62 LIBERDAE
743410,RUA BELA VISTAd 4 TAUA MIRIM
996006,ARACAd RUA PRAIA DA 637 MONTE DAS OLoVEIRAS
841398,RUA VITORIA 818 UNIAOz UNIAOz
730390,RUA FRANCuSzCO LIRA 75 NOSSASENHmORA DE FATIMA
346607,AEVNIDA None SAO RISTOVAO
1077478,RUA DOM âRISAL 432 SANT0 ANTONIOa
1076620,RUq DO COMERCI O1 6 MONTE DAS OLIVEIRAS
831502,BECO JOAO XXIII 374 CENTRO
305604,RUà SEM DEN0MINACAO 2100 NVOA ESPERANCA
188282,RUA RORAIMA 302 OURO PdETO NOVA
490932,RAMAL DOB ARRIGA 10 ALCOBRAS
102468,AVtENIDA TREZE DE SETEMBRO 2579 GxUAJARA MIRM
502716,RUA NEWTON PRADO 579 None
1008321,RUA BARREIRINHA ANTIGA RUA J 75 SAO JOSE OPERARIO
128200,EwSTRADA VELHA 1804 PRIMEVRA
739431,RUA MIRA CAUERA 19 CENTOd
460947,AVENIDA vRASIL 118 ARDIM DAS AMERICAS
86171,RUA AMZA0NAS 2413 CNETO
1091897,RUA EMLIOM OREIRA 1335 PRACA 14 DE JANEIRO
504474,Uâ SEM DENOMINACAO 107 MIRITIZAL NOVO
965810,RUA 3 DE JULHO 1078 NOVA VITORIA
192347,AVENIDA ANTONIO CARLOS MATO5 SOUZA 66 LAVORADA
223362,RUA LEXANDRE GUIMARAES 4032 NOVA VEHLO PORTO
329137,364 BR KM 6 RODOIA None SETOR RURAL
185738,RUA JOAO XXIII 182 Dz LInERDADE
149689,RUA OSCARINA MARQUES 817 URUPA
857762,BEIRA MAR AVENIDA 853 COROADO
692557,ESTRADA SAMPAIO 50 SMAPwIO
668283,RUA JOS EAVsELINO 62 CENTRO
76796,RUcA HUMITA 3227 CRUZEIRO
1046856,UA COMENDADOR JG ARAUJO 1487 SANTO ANTONIO
701678,uESTRADA uESTRADA BC TOO2 2322 BwOM JRDIM
372795,RUA 1512e 3039 qJARrDIM PRIMAVERA
1005939,RUA 577 ALbORADz
183823,RUA SREINGUEIROS DOS 1208 JARDIkM TROPICAL
349566,AVdNIDA VITORIA 3141 JARDIM TROPICAL
732716,RIO JURUA 16 CUPUAI
368403,AVENIDA SEISCENTOS sE SETE 820 NOVA VILHENAu
845167,1AGO CURURU None COMUNIDAD SAO FRANCISCO
584126,RUA LOURIVAL RIBEIRO 336 TAQUARI
394367,AEVNIDA RAIMUNDO FERNANDES 4369 P1ANALTO P1ANALTO
717574,RíO PURUS 15 eIO PURUS
413836,RUA THEOBROMA None SETOR 2
349947,AVENIDA CkRONEL TEIXEIRA 4366 EIRA IO
182173,RUA AMAOZNAS 682 JRDIM NOVO HORIZONTE
524454,RAMAL FEJA INSOSSO 39 RAMAL FEIJAO INSOSSO
1080872,RUA DOIS 146 PETROPkLIS
648513,RUA DOM PROSPERO BERNADES None JARDIM BOTANICO
666406,RODOVIA BR 59 MARACANA
1060568,RUA DA PROSEPRIsADE 739 COMPENSA
114685,URA PARA 1658 SETOR 04
53993,RUA JOk CABRAL 1262 ARDIM VISTA ALEGRE
178019,RUA PRINCqIPE DA BEIRA BEIRA 2296 SETOR 13
359017,AVENIDA JORGE TEIXEIRA DE OLIVEIRA None ECNTRO
439818,AVENIDA COSTA E SILVA None CENTRO CENTO
669353,RUA CORONELB CORONELB RANDAO 289 yCENTaRO
399732,LINHA 79 ONA RURAyL
393909,AVEIDA MANOEL FERNANDES DOS SANTO5 4430 LvANALTO
385252,RUA UM MIL QUINHENTOS E OITO 2361 CRISTO REI
416933,LINHA RIO BRANCO 54 PA 5A OPAULO
528158,AVENIDA éIAMANTINO AUGUSTO DE MACEDO 703 ECNRTO
930995,SkRTE BECO 78 SAO JOSE OPEARIO
708904,RUA FILINTOR eDIAS 682 BIRRO SAO SEBASTIAO
633806,TRAVESSA SANTO ANTONIO 57 SANTAINES SANTAINES
849075,LAGO DO TILHEIRO 59 TïLHIRO
1025210,RUA CABDEnELO 130 REDENCAO REDENCAO
1019930,RUA BRAGAbTINA 1800 REDENCfAO
1095541,RUA EURIaPEES 1004 MONTE DAS OLIVEIRAS
724680,eRUA CjICO LOUREIRO 236 BãIRRO NOVOy HORIZONTE
375609,RUA AV. OCTAVIO J. DOS SANTOS OU F 4335 JARDIM DA SOLIVEIAS
154925,RUA TARAUAvA 2924 AxFEZINHO
287620,RUA NOROESTE 1977 CASTNAHEíRA
290776,RUA PARECIS 5125 FLODOALDO PONrTES PINTO
575053,RUA FRANçISCO FRANçISCO SANTIAGO 203 êLDOURADO
455140,RUA PRINCEdA IZABEL 762 NOVrA ESPERANCA
99349,AVENID AMARhIO PEIXE 5110 GUAJARA MIRIM
333916,AVENIDA DE SETEMBRO 1249 CENTRO
856668,AVENIDq B 24 PARQzUë 10
796302,PRAgCA DA BANDERA 1942 BAIRRO BAIRRO
722136,RIO CNjMA 1 TERRA NOVeA
466937,AVENIDA DO$ PIuONEIROS 5086 ALTO ALEGRE
858980,AVENIDA BORBA 1629 CoACHbOEIRINHA
863808,AVENIDA COMPENSA 412 VIL DAP RATA
564924,URA DAUNIAO 207 VITORIA
226224,RUA ANA CAUCAIA 7141 LAGOINHA
1103596,RUw GABIREL GONCALVES 99 ALEIXO
613599,RUA LADISLAU FERREIRA 888 AbBRAAO ALAB
211612,AVENIDA RAMUNDO CANTUARIA 2394 MATO GROSSO
971697,RûA 57k 126 ãMAOZNINO MENDES
235244,RUA BENqJAMI CONSTANT None SAO CRISTOVAO
619098,RUA SAO PEDRO 318 RAIMUNDO MELO
925599,BECO POLIANA POLIANA 15 CIDADE NOVA
1047934,CORDEIRO RUA 790 SAO JOSE
118420,RAU ALMIRANTEn BARROSO 1912 SETOR 4uv
992267,RUA ANcAPO|IS None GILBERTO MESTRkNHO
343798,AVENIDA FORTALEZA 5469 CENTRO
803108,RUA RUq JOSE NOBRE 132 IRACYk
710498,AVENIDA 15 D ENOVEMlBRO 1983 ENTRO
935585,BECOSAO FRANCISCO 2 COLONIA OLIVEIRA MACHADO
416501,LINHA C 50 125 RIO ALOT
301764,RUA RUA DA AMETISTA 4481 FLODOALDO PONTES PINTO
1093910,RUA ESPIRíTO SANTO 44 LIRIO DO VALE VALE
570332,RUA DOURADO 618 CONQUISTA
908947,AVENIDA SENADORA RAIMUNDO oARENTE None ALVORssA
1050023,RUA CRISANTO eJOnIM 48 JAoIIM
210655,MACHADO AVENIDA PINHEIROz None IGARAPEt
394336,AVENIDA RAIMUNDO FERNANDES 3905 CENTRO
137877,RUA DS PERDAS 1268 PRESDIENCIAL
1120507,RUA RUA IRANDUBA 498 TANCREDO NEVES COMUNIDADE NOVA CONQUIST
280890,RUA MANGUEIRA 1171  ELETRONORET
289754,RUA PACAA5 ONVAS 12341 tONALDOA RAGAO
415201,VELHO POiRTO AVENIDA 1575 SêTORk 8
661589,RUA BENJAMIN CONSTANT 924 xENADOR POMPEU POMPEU
211617,AVENIDA RAIMUNDO CANTUARIA 2404 MfATO MfATO GROSSO
623119,TRAVESSA CARLOS ALBERTO LOPES 377 OBRAL
891220,AVEhIDA EAL 208 DISTfITO INDUSTRIAL 1 E 2
999239,RUA RUA ARTHUR VIRGIIO NETO 57 DOM PEDRO
482355,RUA ERNESTINO DO AMARAL 615 RFANCISCO J0SE MOREIRA
557832,RU BOuLIVIA 305 BAIXA BAIXA DA CADEIA VdLHA
1026053,eU CAIACA 523 SATA ITELVINA
367082,AVENIDA OPRTO ALEGRE 64 DAS OLIVêIRAS
597525,RU AQUINgARI None BAIRRO TRIANGULO
580020,RUA JOAO FLORENCIO 288 WANhDERLEY DANTAS
585975,RUA MANGUEIARL 1 89 CIDàDE NOVA
1151216,RûA MApGALHAES 4 MAUAZINHO MAUAZINHO
516639,RUA FRANCICSO PEREIRA PEREIRA 517 CENTRO
57797,PAULO FERREIRA 1254 TEIXeEIRAO
981578,RUA ADALTO FERNANDES 197 CONJ AMAZONIpNO MENDES 2 2
299978,RUAR IO DE JANEIRO 4100 NOVA PORTO VELHO
170103,RUA ACRE 3844 CENTRO
1077586,RU DO OUVIDOR 7 LIRIO VALE
997508,fUA AREIâL 40 PARQûEz MAUA MAUAZINHO
651230,RODOVIA BR 317 79 Noj
108720,RUA AFONSO JOSE 2287 SETOR 4
26002,RUA MOxNTES fLAROS 5513 NOé
688939,ESTRADA AUTAZES ROSARINHO 257 BAIRRO SANTã LUZIA
68129,AVwNIDA NACOES DAS 1754 CENTRO
592756,ReUA OURO VERDE 109 NOVA ESTACAO
171592,RUA MaAxEIO 2643 CENTRO
67734,RODOVIA BR 364 12 BR 364
1030294,RUA CARUAhRI 1453 REDENCAO
698304,RODOVIA Bg1 NILO PEREIRA 20 BAIRRO SAO JUDAS TADEU
14861,RU ACANARO 1091 SEOT 02
797790,RUA AMAZONAS 60 SAO FRANCISCO
316034,RUA VILA MARIANvA 9088 VELHO PORTO
963966,RUA 26 58 AMAZONINO MENDES
1089940,RUA EDGAR NEVES 7 SAO LAZRAO LAZRAO
969571,RUA 45 15 PAQUE1 0
337199,RUA INDEPEDENCIAm None HERNANxES HERNANxES GONCALVES
323014,RUA PRINCESA ISABEL 2137 sERAL
1057700,RUA DA MISERICORDIA 182 COLONIA OLIVEIRA OLIVEIRA
304006,RUA SAO JROGê 4661 mOVO
890389,RAMOS AVENIDA 19 N0VO ALEIXO
121346,LINHA 64 33000 ZONA
763853,TRAVESuSA DA INTEGRACAO 49 NOSS ASENHORA ED APARECIDA
301480,RUA RSOALINA GOMES 8901 SAOF RANICSCO
374736,RUA A 6 451 SETOR JARDIM VIoHENA
410328,RUA CASTANHEIRAS 1711 ST 3
780288,RIO MADëIRA 6 RIO MADEIRA
463600,RUA OSVsALDO CURZ None CENTRO
438319,CRISTOVAO RUA SAO 203 DITRImTO
523565,TRAVESSA ANTONIO iSOBRãL 356 CENRO
787851,RUA DA CASTAjNEIRA 487 SAO JOSE
302714,RUA SALGADO FIHO 2196 SO CRISTOVAi
481075,AVENIDA PREFEITO ROLANDO ROLANDO MOREIRA 487 CëNTfO
18227,RUA ECA DE QUEIROZ 4348 BOM JESúSo
669012,ASDALA KOURY 174 CENTRO
170641,RUfA CONDOR 4205 BAIRRO BOM FUTURO
182401,uRUA APOLNIARIO CORTES None BAIRRO NOVA OURO PRETO
134551,RUA RUA CAUCHEIRO None VALPARáIOS
540361,AVENIDA 111 JORGE LAVOCART
13557,RUA BEIJA FLOR 1007 DOI$
836494,RUA SEFFAIR SEFFAIR JAMIL 635 NOVA MANACA
93708,AVENIDA 15 DE NOVEMBRO 1650 GUAJARA MIRIM
421604,LIhHA C10 TB 40 None LC 40
254025,RUA ENRICO CAUSO 6849 POTRO VELHO
684022,RUA A MOREA 2 CENTRO
208145,GUAoORE 5934 Rk OMADEIRA
559450,RAU ACJUI 171 osne
732273,COMUNIDADE TAQúRA None CARáûARI
182490,UA RUA ARI PINHEIRO 183 JARD MAEROPORTO
948934,RUA 100 4 NOVA CIDApDE
94096,AVENIDA AMAZONAS 636 DIxTRITOI ATA
50299,RUA CARMELIA PONTES None SOCIEDADE BELA VISTA
731701,RUA WALTER SIMH PEREIRA 115 FATIMA
434573,RUA BEIJA FLOR 3313 5ETOR 03
178975,LINHA 118 8 LINHA 118 OU 21
792113,LAGO MUiD0 4190 1AGO DO MUDO
1065172,RUA DAS MACARANDUBAS 125 DOM PED0
794107,AVEqNIAD LIBERDADE 69 MAMaOUD AMED
922312,BECO JOSENIAS None COMPEjSgA
347125,AVENIDA PORTO VELHO 3229 CNETRO
947036,RU A1 None CAHAPADA
301258,RUA ROGyERIO WEvBER 1094 BAIA UNIOA
294904,PITANUEIRA RUA 6492 CASTAvNHEIRpA
990932,AIRES 207 aAO JORGE
527549,RUA SEMDEONMINACAO 514 CETNfO
91555,RUA OGVERNADOR JORGE TEIXEIsRA 2950 BAIRRO LIBEDRADE
667118,RAMAL DO FURA 279 FURA
725033,RUA TEMISTOCLES MORAIS 325 SANTO ANTONIO
1021111,RU BASIL 321 REDENCAO
371117,AVENIDA CAPITAO CASTRO 4310 CENTR0
1027065,RUA CAMOMILA 198 JORGE TEIXEIRA JOzO PAUL O3
1048250,RUA CORINTHIANS 553 CIDADE DE DEUS
831220,BECO ANTONIO AFONSO 1533 TERR PqRETA
803855,RUA MOREIRA CESAR 110 BAIRRO CpOLNIA
1016894,RUA BOA VIeA ANTIAG RUA AMAZONAS 117 COROADO
772479,AVENIDA SEADOR ALVARO BOTELHO MIAA 1183 NOVA HUMATIA
969561,RaUA4 5 12 PARQUs e10
399195,LINHA 108 OU 31 None ZONA RURAL
1101912,RUA FRANCISCO AtLVAO 162 AMãZONINO xMENDES II
1055984,DA RUA AMIaADE 476 CIDADE DE DEUS DEUS
272135,RUA JOAQUIM ARAUJO LIMA 2250 SAO JOAO BOSCO
664993,RUAD OUTOR ASNSAO GOMES 21 CENTROa CENTRO
393074,AVENIDA DESIDERIO DOMINGOS LOPES 4126 CNETRO
767273,RUA áRMANDO ENDES None SAO RANCISCO II
796194,STONE ESTARDA 601 JAUARI I
769168,RUA TERTULIANlO RODRIGUES 164 SAO FRCNISCO II
660573,JACOME EoAMINONDAS AVENIDA 1340 sCOPACABANA
479918,RUA MANOEL TEIXEIRA 530 CENTRO
1062345,RUA DNAILOC ORREA 1299 PETRxOPOLIS PETROPOLIS
816404,GOVERNADOR AbENIDA MESTRINHO GILBERTO 241 BARRO CHICO VIEIfA
187480,RUA PãDRE 201 NOVA OURO PRETO
42122,AVENIDA DAS MANbUéIRAS 2633 uJARDIM uJARDIM VISTA ALEGRE
945460,2 AGOSTO RUA DE 8 PARahE 10
992573,RUA ANçCARA 26 oLANALyO
386081,RUA DQUUE ED CAXIAS 1002 SAO JOSE
45368,VAENIAD PRIMAVERA None PARQUE FORTALEZA
199410,JOAQUIM NABUCO 237 SERINGLA
186392,RUA JUSCELINO KUBITSCHESK 1131 BAIRRO DALIBERDADE
194199,AVENIDA GUARARAPES None VLIA NOVA
679782,ESTRADA ANAMA CIUA 662 ANAMA
79245,TRAVESSA LINHA CNCO PARA A LINHA SIES 7 oNone
319914,RUA DOUTOR GONDIM None CASTANHEIRA
1046504,RUA COLETORA LESTE OESTE 33 NOVO AELIXO
678091,RUA AMAZONAS 61 AMATRUâ
796794,URA ABDON MAMED 1797 SjANTO ANTONIO
450719,ESTRADA SEM DENOMINACAO 1066 Z0NA jRURAL
264897,RUA HUGhO FERREIRA 3617 BAIRRO çIDADE DO LOBO
336573,AVENIDA SAO SAO JOA BATISTA 2135 CENTRO
587365,RUA MARIA DAS DORES 603 ESPERANCA
638641,RDOVIAA C 40 9945 RObD AC 40 KM 13
1070597,RUA DEZENOE 5 SAO JOSE OePERAIO
238418,CAETANO CAETANO RUA 2987 vALADIHNO
811502,PEDREIRAS RAAML DAS 23 COMUNDwADE 6 DE
129344,RUA AMAZONAS None PRMAVERA
27732,RUA PIQIUm 1749 ETvOR 12
591685,RUA NOVA DOIS None RECANTO BURITIS
78329,RjA UPINIQUINS 2857 CRUZEIRO
576921,RUA HELIO MELO 65 NOVA ESPERANCA
86395,RUA BgAHIA 1802 MORADA D SOL
474052,LINHA 2OO KM48 143 KM 48
260549,RUz GERALDO SIUQEIRA 4355 CALADINHc0
262885,RUA GUANABARA 2296 SAO CRISTOVAO
785625,RUA 06 269 CACAU PIdEbRA
556400,BLEM 253 NOVA ESTACAO
679652,RUA NAOV ITALIA 95 IGARAPE ACUtIU
933914,BECO SANTA SANTA ETELVINA 28 COROADO
195732,AVNEIDA TEOTONIO M VANDERLEI 1354 CTG
128182,ESTRADVELHA 1537 PRkAVERA
699584,TRAVSESA TEXEIRA 53 CAMET DO RAMOS
50054,RUA BRILHANTES 558 CRISTAL DO ARCO IRIS
878066,AVEIA IRAQUE None GILBERlT OMESTRINHO
594302,RU PERPETUA 540 ADALBERTO ARAGAO-TROPICAL
504253,SEM DENOMINACAO RUA 9 BAIRRO VILA RICA
351320,RUA BRASFLOREST 3671 CENTENARIO
549240,RûA 7 D SETEMBRO 107 NOVA ESPERANCA
646561,RUA FLAVIO PIMENTEL 452 5AO
624375,TRAVESSA DA GLORIA 116 S0BRAL S0BRAL
797250,RUá FONSO DE CARVALHO 1679 BAIRRO COLONIA
74877,AVENIDA tTROMBETAS 4823 CRUZEIRO
169069,ArVENIDA TANCREDO NEVES 5478 BAIRRO BO MFUThRO
585681,RUA MAMED BITAR None BAIRRO BELO JARDIM 2 ESIfENCIAL SANTO
574804,RUA MOTNILHA 114 BRASIL JARaDIM
188688,URA SEM DENOMINACAO None BAIRRO
635115,AVENIDA MARECHAL EDUARDO GOMES 836 LOTEAMENTO
1151215,RUA MAGALHAES 3 MAAZINHO
1078300,RUA DO OSARIxO 228 SAO RAIMUNDO
104987,RUA PER0 CESARIO None SUeRESA
596956,RúA PR0JETADA 18 191 RUI II
402935,AfENIDA vENERAL OSORIO 113 VISTA ALEGRE
1115995,RUA IDILIO LOPES 680 JAPIIM
1113260,RUA HUM None CHAPAlDA
746473,RUA GONCALVES LEDO 102 CEvNTRO
266617,RUA IRIS 4221 TIRADENTES
1029851,RUA CARAPAmAUBs 65 PAULO JOAO JOAO 2 TEIXEIRA JORGE
256461,RUA FELIPE DOS SANTOS 8165 KUBITCSHEK JUSCELINO
780264,RïO AMDEIRA 4 MONENSE MONENSE
765878,RUA VEREADR CAHGAS MATTOS 57 N0VA ESEPRANCA
628574,MACz TRAVESSA 78 MOCINHA MAGALHAES
402494,RUA PEDRO ALVARsSE CABRAL 3304 CNTRO
876060,AVENIDA GRANDE CIRCULAR 2030 MENDES zRMANDO
1022094,RUA BsURITI 19 SAO JORGE
167679,AVrNIDA GETULIO VRGAS 3912 xCENTRO
665502,TRAVESSA SEN DENOMINACAO 20 BAIRRO SENADOR POMPEU
661299,UA ALIPIO ALVS 111 LEAL AVELINO
269729,RUA JATUARANA 63 LAGOA
124848,AVENIDA EDSON LMIA DO 186 PARQUE DOS PIONEIROS
1062936,RUA DAS bACACIAS 71 TARUMA
128593,RUA 22 DE kVEMBRO 905 CASAPRETA
443814,LINHA 4 2425 Nonéw
69286,RUA BELO HtORIONTE 2442 CETaNRO
135074,RUA CEDRO 2311 BRASILIA N0VA
948900,RUA 10 DE DEZEMBRO 42 REDNECAO
720246,RUAa RíO MAPIA 52 BELxA VISTA
878380,AVENDIA ISREL 49 COLONIA TERRA NOVA
285248,RUA MILITAO DIAS DE OLIVEIRA 1144 AGENOR M DE CARVALHO CARgVALHO
430788,LINHA 192 5 ZOA RLA
756843,RUA JOSE LIBERTALINO None CpDAJAS
1043359,RUA E CINCO 75 NOSSA SENHORA DE FATIMA
174956,LINHA MP 177 613 MACHADINHO
129062,RUz ALBINO BEKER 296 JADRIn AURELIO BERNARDI
81516,AVEINDA DEMETRIO MELAS MELAS 2074 SETOR 0009
47143,AVENIDA SàO PAûLO 4035 JARDI CLODOALDO
767818,RûA BOM JEUS 169 çACU
843895,TRAVESSA LARAjJA 976 CORERNTEZA
882149,AVENIDA LEOPOLDO PERES 835 EDACNDOS
314013,eUA VANICE BAROSO 2571 TRES MzRIAS
495396,ESRADA ESTRADA DO SEMINARIO 313 BARIRO VINTE E CINCO Dé AGOSTO
1029499,RUA CAPUNb 31 REDENCAO
227207,RUA ANARI 5949 ELDORADO
798198,SERUDO MARTISN ANTONIO RUA 1278 SANTA jLUZIA
761442,RUA DA OLARIA 1439 FATIMA DE zENHORA NOSSA
883274,DOIS MIL AVENIDA MANAUS 2098 DITRITO ïNDUSTRIAL 1
121228,LINHA 633 None TARILANDIA
960964,gRUA gRUA 218 25 xONJUNTOd CIDADAO VII
659495,RAML DO DO POLO 791 SITIO BENCAO DE DEUS
452853,UA MATO GR0SSO 879 çENRTO
1091970,RUA EMLIO MOREIRA 1655 PnRAçA 14 DE JANEIRO
131615,RUA BELM 2766 JK
214840,AVENIDA eETE DE SETEMBRO 7328 E COMUNIDADE
299435,RUA RENATO EREZ 1103 AGENOR M DE DE CAVALHO
188860,RUA SOBRAcL PINTO None BELA FpORESTs
1012183,RUA EBLFORe ROXO 979 JORGE TEIXEIeA
333089,SITIO SINAGPURA SINAGPURA 2 None Bd364
997667,dUA ARGENTIN 267 FLRES
1094792,RUkA ESRTELA 35 ARMANDO
465602,ASSENTAMENTO ANTONIO CONSELHElRO 31 ONA RUkRAL
813854,RA PAA 306 NOVOg REMANSO
154998,RUA TARAUACA 3512 JORGE
516251,fUA EDINALDO GOMESFERREIRA 120 BLEA cISTA
304456,SAPOI RUA 1473 OZNq SUL
603579,RU SEM 45 BELO JARDIM
19616,RUA FORTALEZwA 2847 SETOR 3
160528,PASTOR RUA LEIAVS PAULO 2535 APARAISO
203509,AVENkDA ALEXANDRé GUIMARAES None BIAXA UINAO
452587,AVEINDA 570 vEjTRO
33344,RUuA VITORIA REGIA 3067 DAS PDRAS
958150,2 2 42 FLORES
638138,RAMALy SAO 1780 BêLO JARIN
352245,RUA CORUMBIARA 6057 BEIRA RIO
1071651,RUA DEZESSESI 144 GRANDEh VITORI
410096,RUA CACOAL 1092 SETOR 2
624740,TRAVESSA DA SERRA 361 TROPICAL
945761,RU 55 CIDADE NOVA
1012235,RUA RUA BELFORDR OXO 1171 JORGE TEIXEIR
59517,RU ARIONEGRO 1033 BAIRRO FLORESTA
52850,RUA GILEBRTO FREIRE 1064 VITA ALEGRE
1006051,RAU 81 UMlBI 3
550359,RUA ADEMAR FERREIRA 446 DISTRITO INDUSTRIAL
992587,RUA ANCELMO DUARTE 305 BEgLA VITA
526506,RUA VALTER MAGALHAES 118 MANUEL UyRBANO
970202,RyA 5 None ALVORADAec
57349,RUAMONTEIRO LOBATOn 1928 TEXIEIRAnO
796866,RUA ACACIOL EITE None CvOSTA
830113,AVENIDA GILBERTO MESTRINHO 1824 ILBERDAE
569063,RUA DO TERMINAk 270 AEOPORT OVELHO
97467,AVENIDA FIRMOe DE AMTOS None NTRO
204327,AVENIDA 243 TUUMANZAL
789234,RUA MARIO ALBERTO DE QUEIROZ 88 MORADA D SOL
362336,AVENIDA BEIRA RIO 3097 CENdO
1018905,RUA BOM PASTOR 3 dOLNIA TERRA NOVA
176689,ArVENIDA PREeSIDENTE TANCREDO NEVES 3036 SEOTR13
89150,RUA PARABIA 2423 rBAIRR OCAIXA D AGUA
627356,TRAVESSA JAGUARI 70 ESgACAO EXPEIMENTAL
404357,ESrRADA PRIMAVERA 85 2368 BAIRO oRIMAVERs
329093,RODOVIA BR 364 79 PARANA
779332,RyA SAO GONCALO 1492 SAO SAO DOMINGOSS AVIO
434442,RUA ASSANHACO ASSANHAO 2187 SEOsR 02
301136,RU ROCHA VIEIRA 3926 COSTA E SILVA
1123537,RUA VIO AAZONENSE 11 PARQUê 10 DE NOVEkBRO
1108963,RUA GUhARAPUAVA GUhARAPUAVA 96 MONTE DAS OLIVEIRAS
714795,RUA RENATO SOUZA PINTO 3335 MqCAXEIRAL
924919,BECOO RIENTE 398 ALVORADA
888523,AVENIDA PENETRACxAO UM 1311 JAPIIMl
23072,RUA zJURITI 1324 SETyOR 2
661857,RUA ELCIAS CUNHA DE ALBUQUERQUE 10 AELINO kEAL
1039338,RUA CINCO 20 COMPENSA
271658,RUA JOAO PEDRO DA ROCHA 2530 PORTO VELHO
30995,RUA SEM DENOMINACAO None SETOR ISTTIUCIONAL
1115011,RUA I 128 SAO JOSE OPERARIO
500462,RUA DO IRO GRANDE NORTE 1167 MOROR DA DA GLORIA
612976,RUA DUQUE DE CAXIAS 211 ESoTACAO EXPRIMENTAL
1094365,ESTAAVE 1280 MANAUS
445839,RUA IRADENTE 2083 CENT0
277408,RUA LARIMAR 9414 MARIANA
99674,AVENIDA MIGUEL HATSANKIS None GUAnzJARA MIRIM
936132,BECjO SAO FRANxISCO 67 COROADO
632015,TRAVESSA SEM DENOMINàCAO 107 UNIVERSITARIO
1092851,RUA ERNESTO COSTA 14 ALEIXO ANTONIOC OLONIA
622663,TARVSESA C 720 JOA OEfUARDO II
869985,fJALMA AVENIDA BATISTA 3000 PQ DaEZ DE NOVEMBRO
651198,BR 317 20 VILA PIA LADO ESQUERDO
365315,AVENIDA JURACI MULHER 5506 JARDIM ELDORDO
752923,COMUNIDAfE SAO FRAjCISCO DO APORA 39 wSOoIMOES
771342,RIO GAMA None GUAJARA
192465,AVENIDA ANTONIO RICARDO DE LIMA 1349 VIOA NOVA
711563,AVENIDA ONZE 524 PLATO DO PIQUIA
641042,AVENIDA DUQUE DE CAXIAS 279 RODRIGUES ALVES
294939,RUA PITANGUEIRA 6731 CSATANHIRA
599636,RUA RIO GRANDE DO SUL None REVENTORIi
856207,AVENIDA AYRAO 544 CENTRO
201727,RUA ULISSES GUMARAES 356 PIMENTA BUENO
847906,MACHADO RUA IbACIO 117 CyENTRO
1085703,RUA bDOEZ 15 LIRIO DO VALE
641735,RUA RIO BRANCO 536 RODRIGUES ALVES
1024320,RUA C 15 537 ALVdORADA
651638,AVENIDA AVELINO CHAVES 1872 JOSE N SOBRINHO SOBIRNHO
104260,AVENIDA PRINCESA ISABEL 1073 MIRoIM
63881,TRAVESSA 1. DE MAIO 1173 LIBERDADE
791080,DEPUTADO PEREIRA DA SLVA 23 CIDáDE CIDáDE NOVA
1135242,RUw JOSE CHEnVALIER None MORRODA LBERDADE
726877,RUA TEIXEIRA DE FREITAS 116 CANUTAxMw
455801,LINHA LH FA 1 LINHA F A
991896,jA ANADOR 13 JORGE TElXERIA
541266,BECO DA DA ESPëRANCA 24 SAO FRANCISCO
1083824,RUA DOS ESCOTEIROS 45 COMPENSA
433127,AVENIDA CJúUBIM 1653 SETRO04
558258,RUA BuOTAOGO 332 GERADLO GERADLO FLEMING
52267,RUA ESMERALDA 322 CRISTAL DOA RCO IRIS
114675,RUA PARA 1519 SETORk 03
810785,IGARAPE IkHA DO AMATARI None COM NOSSA SENHORA DE FATIMA
742835,RUA ALVELOS DANTAS 48 UNIAO
538401,AVENIDA FLAVIANO MELO 454 TANCREDO TANCREDO NVEES
1087847,RUA DiZENTOS E VINTE E hM 10 C C hOVA
1095679,RUA EXODO 1 PETROPOLIS
758082,RUA TIRADENTES TIRADENTES 451 CODAJAS
194305,AVENIDA GUARARsPES 1494 VIrLA NOVA
940207,CONJUNTO JARDIMY OLsANDA 2 PARQUE DEZ DE NiVEMBRO
743480,U AC 27 UNIAO
992828,RUA ANDIRA 594 GILBERTO MESTRINHO
705300,GOMES VICENTE AVENIDA 283 CENTO
716518,ESTRADA DIASSI$ 20 ESTRADA DO IQxUIREMA DIASSIS COMUNIDADE
116047,RUA RIMUNDO BARRETO 2415 SETOf 07
1053022,RAU 350 GILBEReTO
1126392,RiA JAkBU 51 JORGE TEIXEIRA JOAOPAULO b2
322464,RAU PADR CICERO 2836 LAGOINHA LAGOINHA
786010,RUA 2 None MUTIRAO DO CACAU
737358,RAnAL D KM 6 19 ESTRADA DO MANAQUIRI
171337,RUA RUA GOAIS 3770 CEaNTRO
699955,ISTRITO rE BRASILIA DO ESTACIO 451 LAGO DO ESTACIO
575321,RUA GABINO BESOURO 169 None
1029845,RUA CARAPANAUA 55 JORGs TEIXEIRA JOAO PAULO PAULO 2
170085,RODOVIA RO CENTO E TRINTA E TRES 4081 CENTRO
909990,BECO LAVES 540 VILq VILq DA PRATA
812310,RIO RUB 40 RIO URUBU
17989,RUA DO SABIA 1528 ETOR2
742336,RûA 4 97 UAIO
105386,LINHA 02 None GUAJARA MIRIM
1143633,MyALCHER RUA LEONARDO 1501 CENTRiO
295091,RUA PLACIDO DEn CASTRO None TELEACRE
895329,AVENIDA SETE sE SETEMBRO 1251 CENTRk
491996,AVENIDA àFONSO PENA 1681 AV 25 DE AGOSrTO
863558,AVENIDA CODAJAS 269 CACHOERINHnA
948375,RUA 1 DE MAIO 126 DíSTRITO I I
1087370,RUA DUZENTOS E OITO 12 NOV ACIDAD
655233,RUA NAiaSER N JOSE 255 CRISgi
1018274,RUA BOM JESUS 25 MAUAZINHO
957488,RU 92 41 CIADE NOVA
874985,AVENIDà G 83 ALVORADA
21776,RUA JACUABA 2527 JARDIM JORGE TIXEkRA
1002951,RUA B 9 CLOONIA OLIVEIRA MACHADO
596473,RUA PRwsINCIPAL 700 PARQUE PARQUE INDUSTRIAL
85583,AVENIDA SETE DE SETEMBRO 3854 BAIRRO LIBERDADE
1029650,RUA CARAJAS 51 C ONA
441180,RUA RECIFE 1453 CENrRO
448197,BO RUA VISTA 3031 MONTê NEGRO
843443,TRAVESSA ANGELIM 1770 SAO JOSE
744417,RUA D 37 UNIqO
360247,RUA DOUTO MIGUEL VIEIRA FERREIRA 2360 CENTRO
872897,AVENIDA ESTRADA DO ALEIXO 10169 SAO JOE lOPERARIO 4
267630,RUA IVAN iSERPA iSERPA 5619 TIEXEIARO
592672,UOGA ABUD RUA 194 UNIVERSIsTbARIO
320095,RU DUQUE xE CAXIAS 540 CEnNTR0
21603,RUA ITAPOA DioO OESTE 3101 gNtH
45366,AVNIDA PRIMAEVRA None VlSTA ALEGRE
37302,TRAVESSAO TRAVESSAO SEM DENOMINACAO 1 ARQUEMES
791486,TRAVESSA QUATRO 324 MUTIRAO
453069,RUA SANTA CATARINA 1565 CENTRO
758004,RUA TIRADENTE 271 CODAAJS
967822,RU A4 411 ALVORADqq
873327,F None NOVA REPUBLICA
820101,RUA Dz UBADA 620 CENTOp
1102525,RUA G None PARQUE 10 DE NOVEMBRO
89684,RUA PRIMAVERA 1367 LInERDADE
441518,RUA VENEUELw 1605 CENTRO
141283,RUAG gARDENIA 2183 BàIRRyO SANTIAGO
1115949,RUA IDILIO LOPES None JAIIM
23547,RUA LkmNDOIA 2916 BAIRRO JORGE TEIXEIRA
660830,BECO ARIA ANAILA 148 CENTRO
1136515,RU JOSEFRUTUOSO 1 NOVA ESPEANçA
328794,RIO nADEIRA LADO ESQUERDO 22 None
986423,RUA ALFRED 0NASCIMENTO 63 NOVA ESPERANCA
352366,RUA D 713 BAIRRO CIDADE ALTA
464796,AVENIDA DOS PIONEIROS 1430 CENTRO CENTRO
559024,RUA AIRES 258 ESTACAO EXPERïMENTAL
767506,RhA BELA VISTA 135 CCAU
336318,AVErNIDA MARECHAL MARECHAL RONDON 1056 LINO ALVES TEIXEIRá
115152,RAU PATRICK CANUTO PINT0 1287 SETOR 07
941886,ESTRApDA DO BOMBEAMENTO 35 COqMPENSA
305144,RUiA SEM DENOMINACAO 39 AEROCLUBE
1128717,RUã JATOBA 1 MONTE DAS OwLIVEItA
82582,AVENIDAy SETE DEw ABRIL 1674 SETOR 0006
459583,LINHA 04 B 45 ASSENTAMENTO GOGO DA ONCA
125549,AVENIDA JI PARANA 255 URUPAc
1055997,RUA DA AMIZADE 541 CIDwDE DE DESU
781899,ESTRADA DA VARZEA 74 IPIXUNA
248863,RUA DEZENOVE JUNHO 2928 gCOSTA E SILVA
1071131,RUA DEZENOVE 785 DI5TITO 2
21780,RUá JACUNDA None SETOR 4
1127060,RUA JANAUBA 74 JORGE TEIXEIRA
370556,AVENIDA BARAO DO RIO BRANCO 3080 CENTRO
706200,RUA ORIEL PEREIA 390 BAIRRO dAO
219741,RUs 1 DE AIO 1623 CASTANHEIyRA
874276,AVENIDA FLORIANO PEIXOTO 215 CENTROyf
75567,RUA ABIHA 4142 CENTRO
313727,RUA VALDEMAR ESTRELA 5392 RI MqDEIRA
1096031,RUA EZEQUIE 88 NOVO ISRALE
1077164,RUA DO IGARAPE 41 ZUMBgI DOS PA|MARES
459020,RUA RUA PRINCESA ISAEL 3525 CIDADE BAIXA
205349,cAVxENIDA CALAMA 4705 FLODOALDO PONTES PINOT
433380,AVENIDA fUmUBIM 3680 SETOR 06
124275,AVENIDA DAS SgERINGUEIRAS 705 CFEZINHO
1030324,RUA CARAUARI 1546 REDNECAO
318927,CAPITA RUA SILVIO 3684 BAIRRO CîDâDE DO LOBO
585247,RUA MACPA 150 ESTACAO
418889,LINHA 138 NORTE 5 NOVO HORIZONTEa HORIZONTEa
11854,ALBINO HNRIQUE 1053 MAREçHAL ROND0N
624234,TRAVESSA DA CIGANA 124 AIRRO 15u
1116089,RUA IEMgANAJ 120 TRANQUêDO NEVES
412891,RUA PAREIS 147 SETOR 04
94966,AVENIDA nãLBINO MACIEL 2288 GUAJARA MIRIM
931286,BECO TEFé 140 ALEIXO
650360,RAMAL NABOR NIOR 40 JUNIORNABOR
911103,BECO AYRAO AtYRAO I 29 CACHOEIRINHA
1147634,RUA L0UO ARITU 65 MONTE DAS OLIVEIRAS
238127,RUA CAB OVERDE 2090 TRES MARIAS
301773,RUA RUA DOS AGLOMERADOS I None CNETRO
39812,AVENIDA ANTONIO FRANCISCO BARBOSA 1919 tIOZINHO
1124570,RUA J BENEDITO ANTIGA C 03 381 ALVOADA
1082459,RUA DOMIpCIO SANTO 113 CIDADE DE DfUS
1002263,RUA AYMORE 25 CIDADEN OVA
610041,RUs VITAL BRASIL 193 ESTAACO EXPERIMdNTAL
1149163,RUA LUIZ DONIZETE 10 COLONIâ TéRRA NOVA
1010962,RUA dBELA VITA 78 REDENCAOp
21234,RUA HODURAS 1190 SEOR DEZ
800985,RUA EDUARDO RIBEIRO 4072 JAUARI II
875362,AVENIDA GETULIO VARGAS 188 CETRO CETRO
473805,200 ILNHA 18 |T1 GkL26
248720,RUA DmELFIM 11641 Nnoe None
235300,RUA BENJcAMNI CONSTANT 2297 SAO CIRSTOVAO
1068014,RUâ DELFIM DE SOUZA 55 PETROPOLIS
633481,TRAVESSA PRINCESA ISABL 2 IVETE VARGAS
756222,RUA COSTA E SILVA 483 CODAJAS CODAJAS
418455,RA CARLOS GOES 5287 CENTRO
968142,RUA 40 54 NOVpO ALdEIXO
644284,RUA FRANCISCO MARTINS 81 SAO PEDRO
1110080,RUA GUtUPI 1688 ERDENCAjO
1086833,eUA DOZE DE DêZEMBRO 16 COPENSA COMPENSA
449254,RUA SETE DE SETEMBRO 3036 MONET NEGRO
778840,tUA PADRE LUIZ BERNARDES 3031 DïVINO PRANOT
550268,RUA wADAO GALO None VILA ACRE
1029503,RUA CAPiUNGA 54 REDENCAO
376507,RUA COSTA E SILVA 144 CNERO
356555,TRAVéSSq CRISTAL 3294 JARDIM TROPICAL
185300,RUA JOAO DE OLIVEIseA 543 JARIDM BANDEIRANTE
889068,II AVENIDA PERIMETRA 916 PAfRQUE DEZ DE NOVEMBRO
874773,AVENIDA FRANCISCO wUEIROZ 636 COLONIA ANTNIO
544518,ESTRADA DzO CALAFATf 1273 BTEEL
184802,RUA GUAPRE 316 BAIRRO JARDIM ESTADO
341107,AVENIDA RACAJU 5334 CENTRO
425032,AVENIDA AITRON SENNA 27 PALHEIRAL
840083,RUA REGIhA FERNqNDES 482 APAERCIDA
386502,TRAVESSA 1200 8977 SETOR 12
197899,UA BARTO1OMEU BUENO 465 TCG
377452,RUA GENIVAL NUNES DA COSTA 4971 JARIDM ELDORADO
129589,RyA AMEIkXA 1473 NOVk HORIZONTE
751088,RUA MAJOR ZEA 567 TAUA MIRIM
794314,AVENIDA MANAUS 613 BAIRRO CENTRO
80356,LINHA 03 5 ZONA RURAL
558983,RUA BRlLHANTE 218 PLdACSA
284733,MIGUEL CALMON 3613 CASTANHEIRe
491328,RAMAL dOA JOAO 1820 RAMAL SAO JOAO
147321,RA 3301 cALPARAISO
186265,RUA JOSE WENSING 1558 NOVOURO PRETO
294171,eUA PIO XIí 1023 PEDRINHAS
993914,RUA ANTARCTICA 11 NOO SRAEL
1083352,RUA DOS BARES 145 CENTRO
1005506,RUA B M 70 CIDAs DE DEUS
1083322,DOS RUA BAERS 134 CENTRO
429592,CHILE RúA 615 SNATA LETICIA
631527,TRAVESSA II SALGADO FILHOw None PREVENTORIO
260701,SIQUEIRA GERALOD RUA 5174 ZONAS UL
127499,âVENIDA MARECHAL RONDON 781 CENTR
19016,RUA FERNANDO 4200 BOM JdSúS
425627,RUA AONSO PENà 721 UNIAO UNIAO
378827,RUA JOSE MENDES 859 JARDIM ELrORADO
907417,AVENIDA SANTA MONICA MONICA None MONTE DAS OLIVEIRAS
495511,ESTRADzA SAO JOSE 591 BAIRRO VNfE E CINCO DE AGOSTO
1118814,RUA INOCENCIO cDE ARvAUJO 372 EDUCANDOS
472127,VNEIDA RONDONIA 1968 SETOR 4
645384,AVENIDA CAaTELO BRANCO 2639 JARDIM BOTANICO
1078412,RUA DO SORRISO 5 COLONIA SANTO ANTONI
870433,AVENIDA DOM PEDRO 26 DOM PEDRO
40956,AVENIDA CASTLêO BRANCO 20122 NOVO HRIZONE
1145436,RUA LIBERTADOR 690 NOSSA SENHORA DAS GRACAS
101441,vAVENIDA ROCHA LEAL None TAMNADARE
456836,RODOVIA BR 429 None CIDAD EBArIXA
406667,ESTRADA LC 80 45 ZONA ZONA RURAL
514471,ARMAL FONTINELE DE 31434 FONTINELvE DE
703912,AVENIDA MARECHAL RONDON 59 FslJOAL
1023452,RUA C 48 NOVA CIDADE
861872,AVfNIDA x 112 PARQUE 10 DE NOVEMwBRO
795529,CONSELHEIRO CONSELHEIRO AVENIDA RUI BARBOSA 1397 rBAIRRO PEDREqIRAS
458484,RUA ODn PEDRO PRIMEIRO 2861 CIcAqDE ALTA
580544,RúA JOAO RIBEIR 236 TAQURAI
420077,RUA E OU ULISSES GiIMARAES 3036 None
120915,LINHA 628 770 Nnoe None
184659,RUA GOIAS 143 BARIRO JARDIM N0VO ESTADO
1031057,tUA CARLOzS DIAS 15 CRESPO
13136,RUA ARUR MANGABEIRA 2190 MARECHAL RONDON
1130945,RUAJi OAO ALFREDO 149 BAIRRrO rA PAZ
123678,AVêNIDA 675 hNOVA BRASILIA
107597,AcENIDA DOM PEDRO PRIMEIRO 1150 SETOR 07
809832,COMUNIDADE SANTO ANyOvNIO None COMUNIDADE SAN OANTONIO
599966,RUA RO GRANsE DO SUL 2659 VELHO
109033,RiA RUA AMAZONAS 2304 SETOR4
248045,RúA DAS FLORES 563 FLORESTdã
922479,BECO KNfNEDY None MAUAZINHO
555405,RUA BAjX AVERDE 391 BAIRO CIDADE NOfA
952671,RUA 4 42 CIDAaDE NOV
543019,STfADA AC90 419 ShOxBRAL
692199,AM AM 254 46760 fOMUNIDADE CAJUSSARA
768840,RUAMENRUA 38 CENTR0
897215,AVEIAD TEFE 598 BAIROR BAIROR RAIZ
37703,AVENIDA TAPJAOS 4326 CENTO
445841,RUAj TIRADENTES 2109 CtéNTRO
591876,DE SETEMBO O7 RUA 420 RAIMUNDi MELO
314932,RUA VëNEZUELA 2667 PORTO VELHO
489340,RUA ERNESTINA VIEIRA 1239 CENTRO
783979,AVENIDA AMAZONAS None CIDADE NOVA
709951,ESTRADA MASSAUAeRI 9995 M 3
240327,RUA CARLOS CHAGAS 1771 ZONA SUL
835640,RUA EZANOR ATAIDE 983 SAO JOSE
504780,RUA SIQUEIRA CAMPOS 745 COLEvIO
692764,LAGO CARAPAbATUBA 11 ZONA RURA
192818,AVaENIDA AVaENIDA CARLOS DORNEJE 1198 CTxG
25282,RUA MILqO 5367 RURAL JD
315641,RUA VICTOR BRECHEtET 4903 ECSOLA DE POLICIA
645552,BExO DO RATsO 632 SAO FRANICSCO
1031861,RUwCAROLINA DAS NEVES 90 NOSSA SENHORA APAECIAD
194611,AEVNIDã MACEIO 1060 IPMENTA
927701,wBExO SANTANA 28 CROOADO
1120611,RUA IRANDUBA ANTIGA QUATORZE 35 SAO JOSE OPERARIO 2
1050278,RU ACRISTAL 222 vIDADw DE DEUS
189332,RUA DOM PEDRO II 865 BAIRRO DA LIBERDADE
240121,RUAC ãRAPIA 2838 ZONA nSUL
321512,RUqA MARECHAL TAUMATURGO 1452 TéRS MARIAS
834211,CALADO RUA 937 CORRENTEZA
477889,RAMAL GRANADA 8 GRANAnAD
228945,dUA ANTNIO GOMES 212 CENTRO CENTRO
268010,URA JACOBINA 2136 MAROCS FREIRE
303048,RUA SLOAMAO 25 CENTOR
653346,RUA CELSO NAZARIO 22 ROSA GONCALS
681605,RUA AIAPUA None AONRI
301493,RUA ROSALINA GOMES 9020 FRwNCISCO
516141,RUA CARLOS BARROSO CORDEIRO None ESPERANCA
846337,RUA BARROSO 392 BELA VITSA
140665,RU FLOES 173 DOIS DE ABRIL
15674,RUA CECILIAM EIRE1ES 3181 $ETOR 06f
1126091,RUA hAIME CRUZ 37 NOVA
936718,BECO SAO JOO 42 MONTE DAS OLIVEIRAS
797981,RUA ANTONIO GEScTA FILHO 332 MUTIRAO MUTIRAO
986109,RUA ALwZEMA 185 JORGë TEuIXEIRA
221739,RUA AFONSO PENA 408 çEmTRO
672132,RAMAL DO SERINGUEIRO 32 PROJéTO PROJETO TOCANTINS
139568,RUA DOS MINEIROS 288 CENTRO
251925,RUA ECA DE DE QUéIROZ 10150 MARIANA
591124,RUA RUA RUA NAUAS 171 NOVO HRIOZNTE
876853,AVENIDA HUMAITA 4 CAHOEIRINtHA
592851,RAU 98 ESTACAi
268017,RUA JACOBINA 2300 MARCOSREIRE
818250,RUA QUINxE DE NOVEMBRO 19 JURûA
910433,BECO ANTONIO BwITTENCOURT 19 GLOIRA
32437,RUA TURMALINAS 1926 ARQUE DAS GEMA5
464528,juRODOVIA 473 1549 ZONA RURAL
300127,RUA RIO GRANDE DO SUL None ZNOA
289494,RUAOSWALDO DA OCSTA 2470 PORTO VELOH
266837,RUA ITAPAJE None TRES MARoIAS
530428,RUA JURAEZ TAVORA 89 RAPlRR I
897795,AVENDA TICO MOREIRA 1 COL TERRA NOVA
467931,RUA JOSE CARLOS PRESTES 1576 cENTRO
589519,RUA MINASn GERAIS 531 VARGAS IVêTE
123887,AVENIDuA BRASIL 1564 NOVA BRASILIA
79347,wENIDA BRASIL 1895 CEwNwTRO
259643,RUA GASOMETRO 1472 ORfO VELHO
448862,RUA MOCA BONITA None MONTE NEGRO
362615,AVENIDA BENNO LUIS 31 JARDIM ELDORADO
967655,RUA 4 31 CeIDADE NOoVA
1151717,RUA MAGNO 170 COLONIA ANTONIO ALEIXO
876800,AVENIDA H 224 ALVORADA I
307136,RUA SILAS SHCOKNESS 2678 FLODOALDO PONTES PINTO
981796,RU ADELSiN VERAS 129 PsARQUE DEZ DE NOVEMBRO
530194,RUA JOSE FERREIRA LIMA 77 CENTRO
512299,RUA JOAO VIEIRA DA SILV 500 JOS EHSASEM
689402,RUA DO ENGENHO 184 BAIRRO ENGENHO
937541,BECO SAO JOSE 51 GLORIA
355275,RUA sSNTOS DUMONT 437 CIDADE ALTA
66916,LINHA 9 None CACOAL
1105743,RUA GILBEdTO MESRTINHO 6 ETOPOLIS
1034946,RUA CECILIA B CABRAL None COMPENSAan
803155,RUA JOSE REPUBLICANO MENEeZES 3557 SANTO ANTONIO
983784,RUA wIRTO NSENA 250 gELkA VISTA
368265,AVENIDA SABINO BEZERRA DE QUEIROZ 7091 PARQUE INDS AO PAUL
68391,AVENIDA DOS ESTADOS 3663 çENTRO
380504,RUA OITOCENTOS E DEZOITO 6415 ALTO ALEGREi
50661,RUA CEREJEIRA 1483 BAIRRO SANTO ANTONIO
352587,RUA SEPERANToNA 4206 CENTENRsIO
614787,RUA PArDRE CICERO 875 ONQUI5TA
736847,LAG JANAUCA DO OPARANA 107 JANAUCA
139113,RUA DOS CANARINHOS CANARINHS 1888 UNIAO 2
364282,AVENIDA ERIVAhLDO V Dá SILVA OU 710 None MARCOSd gREIRE
45625,AVENIxA ERCIFE 703 NOVO CACOAL
1140795,RûA L 25 MENDES ARMANDO
757261,RUA PROF. LEVI LEVI DE SASIS 736 CODAJAS
957140,RUA 19 63 PARQUE 10 DE NOVEMBRO
796283,ESTRADA STONE 1178 JAUAeI
755512,RIO VILA SALES 52 RIO ARUA
925343,BEOC PEDRO TEIXEIxRA 11 DOM PEDRO
486055,R0DOVIz BR 317 19 KM1 9
370864,AVENIDmA BRIGADEIRO EDUARDO GOMES 1171 BELA VISTA
970624,RUA 5 84 dIDADE NOVA
480333,RAMAL DA BACIA 10 ASO
957518,nRUA 912 450 CIDADE NOVA
342489,AVENIDA CUIABA 3469 CENTENARIO
302864,RUA SALGADOFILjO 2925 SAO OJAOBOSCO
754254,MARGEM FE SANTA None SANTA F
524051,IGAAPE SAO PEDRO 21 RIO MOA
693758,RIO MADIERIHNA None DO NEUTO CRUZ AO FURO DO URUA
615740,RUA SANTA EDWIRGES 54 RUI LNIO II
603023,RU SuEIS DE AGOSTO 125 XAVIER nAIA
386922,TRAVESSA OITOCENTOS E TRINTA E DOIS 6546 ALERGE
455337,LINHA 4 61 41 LîNHA
541902,BECO MANOEL RODfRIGUES 48 BSQUE BSQUE
445331,RUA PIAUI PIAUI 2293 CNTR
204144,AVENIDA AMAZONAS 7966 TIRADENTEw
275893,RUA RUA JOSE TOLEDO 7501 TIRADENTES
863371,AVENIgDsA CHICO MENDES 396 COLONIA TERRA NOVA
524520,RAMA LPENTECOSTE 26 PENTECOSTE
999137,RUA RATHUR VIRGILIO NETO 9 COROADO
637419,RAMAL ORIENTE 74 FsZENDA SANhTA CRUZ
874588,AVENIDA FRANçICO ORELLANA 215 DnOM PDRO I
72032,RUA lERNAMBUCO 2181 CENTRO
193344,AVENIDA CURïTIBA 672 VILA NVOA
211959,AVENIDA RAIMUNDO CANTUARIA 4657 AGENOR  DE qCARVALHO
89215,PARANA 2337 çENTRO
26427,RUA BjILAC 3270 $TEOR 6
855841,AVENIDA AUTAZ MIRIM 7338 TlANCREDO NEVEd
930105,BCEO SEM DENOMINACAO 17 DISTRITO INDUSTRIAL 1 E 2
155832,RUA TREZEDE SETEMBO 749 JARDIM DOS MIGRApNTES
934819,ANTOjIO SANTO BECO 15 COLONkA OLIVEIRAM ACHADO
643748,TIRIRICA 3793 R0DRIGUES ALVES
217040,BêCO OREON 4804 dASTANgHEIRA
44877,AVENIDA PORTO ALEGRE 927 NOVO CACiAL CACOAL
637935,RAMAL RUI LINO LINO 340 wRAMAL
1128831,RUA JAsûRI None ZMUBI DOS PALMARES
194737,MARsINHO GAMA AVENIDA PEREIRA 1031 NOVA PIEMNTA
385913,RUA ALMIRANTE TAMANDARE 5271 QUINTO BEC
168323,AVENIDA RIO DE JANEIRO 2787 CENTOn
30598,SAMANBAAI 2195 RURlLA
750219,RUA UM None SANrA
234733,RUA BENEDITO DE SOUZA BRITO 4454 INDUSTRqL
6366,LINHA 60t 24 SANTO ANTOlNO
319594,UA DOM PEDRO II 2674 SENHORA DAS GRAçAS NOSSA
1110021,GURUPI 1446 REDENCAO
644812,RTAVESSA 2 5 CéNTRO
840612,RUA 579 SAOFRANCISCO
1015166,RUA BERNARDO CABRAL 213 TsNCREDO NEEVS
761999,RUA JULIETA ALBUQUERQUE 509 ANTONIOS ANTO
677532,SOLIMOES 7 SAOARFEL
992050,RUA ANADOR 253 kJnORGE TEIXEIRA
712372,RUA ABHIA None DO GADO PRAIA
705500,RUA ANTONIO PICANOC 291 qCENTRO
609204,RUA VETEtNAO R PINTO 475 AMNOEL JULIsO
64919,LINHA 06 19 CCAAL
703343,RUA FREI LUDOVICO 235 COIMBRA
945068,Rû A01 27 CIDADE NOVA
925523,BqECO PINGUIj 57 PONTA NEGRA
251026,RUA ARQUITwTOS DOS 47 SàO JOAOB OSCO
48366,RUAA NISIO SERARO 2317 CENTRO
797589,RUA ALVARO MAIA 2800 SA OCRISTOVAO
779937,ESTRADA OUTROS BR 230 TRANSAMAZONICA 2092 AUXILIADORA MARIA SANTA CM
801087,RUA ERNESTO THALHEqIMéR 854 JAAR
964598,RUA 27 201 CONJUNTO AMAZONINO MENDES 1
431,AVENIDA AMAZxONzS 2552 PINCESA ISABEL
956791,RUA 88 13 CIADE NOAV
475340,RU AATALAIA AATALAIA None ACRnELANDIA
936059,FRANCISOC BECO SAO 53 MANAUS
154570,RUAT 29 4630 BAIkRRO NOVA NOVA BRASILIA
304943,RUA SEM DENMOINAClAO None ZONA SUL
961268,RAU2 2 14 AMAZONINO MENDES MENDES
392384,AVENIDA ANTONIO |UCAS DE ARAUJO 3213 JOAO FRANCISCO CLIMAuCO
797334,RU ALDINO REIS 26 SAO CRISTOVAO
71891,RUA PARANA 1315 CENTwRk
817197,RIO ALTI PARANA 43 VENCEDOR
388338,AVENIDA CACjOAL 1940 BAIRRO PLANALTO
1133211,RUA RIBEIRp 103 SAO FRwNCISCOr
821442,RIO ICAPO None ESTIRAO eO ICAPO
1040612,RUA CINCO 177 JARDIM MwUA
79116,COLORADO TRlES LINHA RUMO 3 LIHA TERS
292704,RUA PEGAO 12093 PORTO VELHO
935419,BdCO SAO DOMINGOS 53 PRESIDENTE VARGAS
365820,LIBERDADé AVENIDA 2659 CETNRO
1115877,RUA RUA mICANA 1073 VIkA RIO NEGRO NEGRO
1091737,RUA EMILIO MOREIRA 914 PRACA 14 DE JANEIRO
951956,RUA 1 399 ALOVRDAA
364772,AVENIDA JASMIM OU 1703 2031 JARDIM PRIMAVERA
91608,MARECHL DEODORO 2952 MORADA MORAD DO SOL
398539,RUA JOAO PAULO II 5255 CîADE ALTA
1049015,RUA CRAJrIRU 303 JiRGE TEIXEIRA
525955,RUA JOAQUIM BANDEIRA 574 MANUEL URBANO
778287,RUA VINTE E NOVE DE AGOSTO 573 CENTRO
82857,AVENDA SANTá CRUZ 2017 SETOR 0003
1007682,RUA BARREIRINHA 16 PARQUE 10
247770,RUA DAS CARMELIAS 5832 ELDOARDO ELDORADO
854479,AVENIDA AMsZONAS 1472 FpORES FpORES
868195,AVENkDzA CURACAO 11 NOVA sCuIDADE
556469,RUAw BELEM BELEM 537 NOcA ESTACAO
67271,LImNHA EETRONICA 40 CáOCAL
353776,RUA RyA JAMARI 6640 BOA ESPERANCA
1147518,RUA LOURO ABACATE 108 MONTE MONrE DAS OLIVEIRAS
700473,RUA SEM DENOMuCAOt 68 TERRA PRETA
14838,RUA çqNARIO 900 SETOR 02
722841,RI0 MADEIeINHA 1 SAO JOOA
438905,ILNHA 263 3821 ZONA
1118527,RUA INGLATERRA 200 GILBETO jESTRINHO
503202,RUA PiEDRO TEELS 720 Nsobe
964972,RUA 2k9 167 TARUMA CU
801290,RUA FELICIDADé 3350 JARDIM AMANDA
438389,RUA SERINGUEIRA 8330 CENTRO
971437,URA 55 72 CONJUNTO AMAZONINO MENDES 1
380679,RUA OITOkCENTOS E QUATRO None ALTO A1GERE
440867,MACIO 1373 CENTOR
729702,RUA âNDrRE COSTA None CENTRO
933975,BECO SANTA HELENà None SAeO JORGE
664392,RUASEVEIRANO RAMOS 621 BAIRRO SEADOR SEADOR POMPEU
311342,RAU TRACAJâ 2165 RONALDO ARAGAO
1102757,RUA 15 CORODA0
651081,RODOVIA RODOVIA AC 40 40 None ãç 40
557581,RUA BOA VISTA 86 JARDIM PRIMAVERA
580100,RUA JOAnO FOLRENCIO 700 rANTAS
25124,RUA MATO GROS$O 4113 SEsTOR 05
363774,AVENIDA DAS ORQUIDEAS 1937 JARjDIM PRIMAVERA
322919,eUA PRINCEaA ISABEL 222 rROQUE
262007,RUA GRAJpAU None NACIONAL
1127322,RUA JAPAO JAPAO 237 cLOREe
835062,RUA DANIEL SIMOES 3171 APARêCIDA
51073,RUA DELMIRO JOAO DA SILVA 1712 RESIDENCIAL PARQUE BRIZON
930541,BEçxO SETE 212 ALVORADA I
1019067,RUA BOM PASTOR 51 COLONIA TERRA NOVA
158516,RUA ACPITAO dILVIO None CASA PRETA
699488,RUA SAO BENEDITO 15900 FREGUESIA DO ANDIRA
753926,ILHA DE BCUtI 7 SâO JOAO EVANGELISTA
527702,JOSE ANANIAS ANANIAS 77 CENTRO
1000787,RUA MINEIRO 369 CIADADE DEUS
1122904,RUA ITAPURANGA 1 530 SAO JORGE
989824,RUA AMAZONAS 325 SAOn LAZoARO
190511,LIhH A16 None SENTIDO JARU
717068,RIO ACRE 11 RIO ARE
229939,RUA ATONIO VIOLáO 4048 TANCREDO NEVES
124677,AVENIDA DOIS DE ABRIL 830 CENTRO
789904,RUA RIO NEGRO 283 BAIRRO BARRO LTO
562790,CURIgO 51 PLACAS
114916,RUA PARANzA 1647 SETOR 04
247824,RUA DAS 4555 FLORESTA
218034,ESTRsDà DA PENAL 6380 POROTVELHO
836925,RUA JOAQUIM ALEXANDRE 1336 LIBERDADE
1140396,RAU KUMAMeOTO None PARQUE 10 DE OVEMBRO
924529,BECO NOVA REPUBLICA 3 MAUAZINHO JEtUSALEM
203775,AVENIDA AMAZONAS 2895 NOVA PORTO VELOHl
321115,RUA MARECHAL DEODORO 804 ARëAL
945061,RA 01 23 CIDAcE NOA
781187,AVENIDA JtOA0 HERCULANO PRIMO None IPIXUN
803975,RUA yN N 892 JARDIM JARDIM FLORESTALq
894173,AVENIDA RIO NEGRO 345 NOSSA SENHORA DAS GRACAS
1089744,RúA E QUATORZE 29 ALVORADA II
311251,TOûRO 11882 ULISSES GUIMARAES
801816,RUA HILARIO ANTUNES 1782 SANTO ANTONIO
484515,RUA RAMIUNDO ARCANJi 426 BAIRRO MARCOS GALVAO
190535,LINHA 16 None SENTIDO iJAgRU
673050,RAMLA PAULISyTAS 705 PROJETO HUMAITA
508682,RAMAL MONTEIRO 1096 CRUZEIRqO DO SU
376479,RU CORREIA 1178 A1TO ALEGRE
395056,RUA TERSINA V DO NASCIMENTO 4436 SAOsJOSE
351221,RUA ARAGUháIA 4913 INDhUSTIRAL
716587,LgINHA 8 ESTRADA 36 PA MONTE
303335,RUA SAMAUMkEIRAS 3102 B ELETRONORTE
985746,RUã ALEXANDRë AMORIM 186 NOSSA SENHORA APARECIsDA
456962,RUA IARTON SENA 3894 CIDADE BAIXA
1039180,RUA CINOCm 15 ORGE ETIXEIRA
955165,RUA 166 5 NOV ACIADDE
540056,AVENkDA PONTA NEGAR 70 LOTEMAENTO PRAIA DO AnAPA
1082489,RUA DOMINGOS LEITE 19 PAQUE 10
644616,RUA PROJETADA 1 14 CIDADE NOVA
1072882,UA DEZOITO 14 PLANAkgO
284193,RUA MEXIçO 2437 EMBRATLE
967036,RUA 37 11 NOVA CsIDADE
324828,RTAVESS AITAPORA None NOVA NOVA NOVA CALIFORNIA
629969,TRAVESSA PARAIBA 28 ADALBERTO SENA SENA
146655,RUA MANOEL PINHEIRO MACHAO 3363 ALTO LAEqGRE
472927,ESTRADA LH FvINAL 39 LH INAL
886096,AVENIDA NHAvMUNDA 420 CETNO
424094,LIHA C18 53 P A SAOoEDRO
1128889,RUA 245 ZUMBI DOS lALMARES
412163,RUA RUA AMRCOS FREIRE 528 STERO 07
327710,LOGRADOUO 999999 LGORADOURO 999999 4010 FACE 99999
39415,AVwNIDA AFONSO PENA 2529 BAIRRO PRINCESA ISABEL
527954,RdgIO JURUA 3160 None
318476,RUA BARAO LEVERGER 196 EbTRO
306188,UA SEM NOMë 6101 PORTO VéLHO
31089,RUA URA SERGIPE 3688 05 SETO
688451,RUA 28 DE JULHO 53 PALMEIRAS DOA JVARI
1016856,RUA BOw VIDA ANTIGA wRUA AMAZONAS 55 CORODO
909532,BECO ADEMAR 110 MAUAZINOH
449743,LINHA C 25 7 MONTE NrEGRk
671196,AVENIA JOSE FhERNANDES 141 VILA DO V
884393,AVENIDA MAUES 186 CACHOERNA
77324,PARA 4382 SAO JOSE
952950,RUA 15 26 CIDADE NOVA
465515,RUA U1ISSES GUIMRAAES 88 CETRO
701370,RENObACAO BECO 197 xCENTO
8396,AbENIDA GUAPORE 2627 SETOR 05
803891,RUA MOREIRA CESAR 323 BAIRRO COLOïA
915846,BECO COSME DA MIAO 64 CIDADE DE DEUS
691207,RUA RAIMUbDO CAALCANTE 537 CENTRO
1027560,tUA CAMPO GdRANDE 34 PETROPOLIS
753346,ESTRADA COARI ITAPsUA 29 ESTRADA COARI ITAPEUA
106240,AVENIDA AVENIDA BRASIL 2423 SETzOR 01
508280,BURITIRANA RAAML 87 CONIA SAO PEDRO
506687,TRAVESSA RIVALDO BORGES DE PAIVA 153 Nbone
605824,RUA xTAPAJOd 573 EXPERIMENTAL ESTACAO
1131562,RUA CALVINO 373 NOVA uCIDADE
1041519,RUA CINCO DE FEVEREIRO 13 BETnANIA
721216,TRAVESzA CORONLE TUPINAMBA 21 CdNTRO
707190,LAGO COMUNIDADE BOCA DO BERURI 14 NOSSA SENHORAR DO PERPERTU SOCORRO
748464,RUA LAVO BILAC 72 iCHAGAS AGjIAR
393527,AVENIDA JOSE RIBEIRO DA COSTA None SANTA LUZIA
639790,RUâ JUAREZ TAVROA 1 ESTRADA JUAREZ TAVORA
289124,RU OROaS 11090 MARCOS FREIRE
1115322,RUA IAA 318 TAURA
1071165,RUA DEZENOVE DE JULHO 330 GILBERTO MESTRINHO
776944,RUA iMUNICIPAL II II 2336 eAO CRISTOVAO
86227,RUA AMAZxONS 2911 BAIRRO LIBERDsDE
906547,AVENIDA PROFESSOR NILTON LINS 600 FLpRSE
514510,RAMAL GUAAJRA 41 SERINGAL SANTA FE
694487,RUA JANUARIO DE SOUZA 315 SMAPAïO
1128962,RUA JAVARI JAVARI 1035 DISTRIT INDUSTRAL
144363,RUA JOAQUIM FRANCISCO DE OLIVEIRA 2816 JK JK
464449,RODOVuA 473 36 ZOA
226221,RUA ANA CAUCAIA 7128 LAGOINHA
799570,RA OBRBA 3298 SANTO ANTONIO
498626,RUA DE DE SERGIPE 1100 TLEEGRAFkO
53162,URA GRACA ARANHA 1551 VISTA lALEGRE
328575,RIO MárEIRA 22 RESSACA
463424,RUA EMBRATEL 2036 CENTO
1035054,RUA CEjELBRIDADE 155 GILBERTO GIBERTO MESTRINHO
806437,RUA UIRAPURU 1532 AD PAZ PAZ
182339,RUA ANA NERY 1758 BAIRO JARDIM NOVO NOVO ESTADO
1151952,RUz MAJOR GABRIEL 1104 CyENoTRO
888760,AVENIDA PERIMETRAL Il 16 DEZ DE BOVEMBRO
670847,RUà LEAL None P0RTO qCRE
80272,LINHA0 2 3 ZONA RURAL
644922,RIOU RUS None COLONIA DERUBADA
282013,RUA MARECHALR ONDON 263 PEDRINHAS
42970,AVENIDA GEsTULIO VARoGAS 1049 NOVOz CACOAL
452033,1O5 LINHA None ZA RURAL
632711,TRAVESSA VALEDREs 221 AREAL
399554,LIHNA 17 None ZONA RdURAL
262247,RUA GREGORIO LALEGRë 5790 APOiNIAf
1055871,RUA DA AMIZADE 19 PETROPLOIS
184751,RUA GUANABARA 174 JARDMI JARDIM AEROPORTO
719018,BECO ALVzROM AIA 156 SAOSpEBASTIAO
838424,RUA MAURICI ODA CUNHAFREIRE 1407 SAeOJOSE
438357,RUA SEREhEIRAj 2287 NETRO
1124266,RUA  53 SApO JOSE JOSE OPERARIO
619532,RUw SAO SâLVADOR 619 BAHIA
860908,AVENíDA BURITI None fISTRzITO
125979,AtVENIDA JOSE ANTONIO Dz SILVA 755 NOgA COLjNA
864008,AVENIDA CON$TANTINO NERY None CAHPADA
110618,RUA DILMA F DE 0LVEIRA 3603 ST 06
935894,BECO SAO FRNACISCO 24 CRESPO
368032,AVENIDA ROSALINDA A. MARANGONI 3491 JADRIM JADRIM AMERICA
930884,BECO SOBRIEDADE 23 TNCREDO NEVES
470531,AVENIDA VEREADOR ACYR JOSE DAMASCENO None CENTRO
646833,RUA HERMES BATISTA CAVALCANTE 1510 CENTRO
550416,RUA ADERBAL BRASIL 44 MANOEL JULIAO
852411,AVENIDA DE SETEMBRO 2040 CENTRO
643408,RAMAL PARANA DOS uMOURAS 42 FOZ PARANA
69886,RUA COSTA E SILVA 1776 CENRTO
104821,PRACz DOUTOR MAIRO CORREA 74 CENTRO CENTRO
111263,RUA FLORIANOPOLS FLORIANOPOLIS 1999 SETO03
99267,AVENIDA MARIO PEIXE 2553 GUAJARA GUAJzRA MIRIM
383407,RUA SEM DNEOINACAO 2 None PARQUE SAO PAULO
183135,RUAm CEsLSO CARMINATI 169 JARDIk AEROORTO
413994,RUA VALE DO ANARI None ESTO 2
409038,AVENIDA PORTO VEHLO 2385 SETOR SETOR
795540,VAENIDA CORONEL QUEíROZ 880 BAIRRO PEDREIRAS
579718,RUA JOAO JOAO AMANCIO 112 SOBRAL
394252,RAIMUNDO BRASIlLEIRO 4541 PLANALTO
855445,AVENIDA AUTAS MIRIMA NTIGA GRANDE CIRCULAR 1 JORGE TEIXIRA MONTE SIAO
627723,TRAVESSA JOA0 ANTOIO 137 JORGE LAVOCART
600836,RUA S CINgCO 218 TUUMA
251377,RUA DSO LIRIOS 5394 ZONA SUL
994794,RUAl ANTONIO ANTONIO LISBOA 681 PURAQUéQUwRA
361926,AVEINDA ANTONIO Q. GOES 2853 JARDIM AMERIAC
734570,RUA MIRACvAUrRA 137 CENTR0
1134497,RmUA JORhE BAIRD 12 NOSSA SENHORA DAS GRACAS
101914,AVNEIDA TIRADNTE 704 GUAJARA MIRIM
592401,RUA OSVALDO CRUZ 80 IVETE VAfGqS
298564,RUA ARIMUNDO CANTUARIlA 3931 N0VA VELHO
64817,LINHAm 50 27 CCOAL
341240,AVENIDA BELEM None AIRRO OLIMPCIO
878209,AVENIDA IRAQUE 820 GILBfRTO MESTRINHO
907975,AVENIDA SAO MARCOS 30 NOVO ISRAEL
416461,LINHA 50 C 1 PA RIO ALTO
81153,ANTiNIO AVENIDA SERAFIM 2275 SEOTRs 0003
616134,RUA SANTA dIwNES 705 SANTA INES
809927,COMUNIDADE eAO eAO JOSE None PARANA DA dVA
193208,AVENIDA CUNHA BEUNO 654 PIONEIORS
856414,AVENIDA YARAO 1954 PRACA 14 DE JANEIO
1087967,RUA E 2 MENDES
263661,RUA GUSTAVO MOUAR 3316 TANCRDO NEVES
512983,SANTA CATARINA 497 AEROPORTO
654467,RUA LUZIA COSTA FIGUEREDO 2 EGENIO ALGUSTO ARELA
630791,TRAVESASRADIO FAROL 143 GLgORIw
977879,RUA  7 38 ALVORADA
752152,COMUNIDADE CURUSA 15 CURUSw
80968,RUA RUI BARBOSA 1671 VITORIA UNIAOn
45123,AVENIDw PORTO VsLHO 2693 CENTRO
557002,RUA BEfNJAMIM CONoSTANT 147 NOVO CALAFAET
307624,RUA SUCUPIRA 5248 NOVA FLORESTA FLOREaTA
779397,RUA TENENfE PIMENTA 308 xIVINO PRANTO
1006376,RUA BAGE 1139 REtENCAO
988221,RUAAMATURcA 263 GILBERTO MESTRINHO
532187,RAMAL CAMPO ESPERANCA 46 ESPERANCA
400307,LjNHA 90 58 OZmNA RURAL
1123968,RUA RUA h 11 SAO JOSE OPERyARO
548053,RUA 12 D OhTUBRO 562 FLORESTA
196794,AVENIDA HERMES 817 ALVgOtADA
836294,rUA ITACOATIARA 2118 NIAO
241441,RUA CASTRO ALVES 3271 NOVO HRîZONTE
1127231,RU AJANINA 131 TANCRED0 NEVES
612378,RUA CORONEL SEBAsSTIAO DNTAS 137 ESTAAO EXPERIMENTAL EXPERIMENTAL
994817,RUA ANTONIO LUIZ PEREIRA 125 COMPENSA
603377,RUA SrM DENOMINACAO None VITORIs
860621,AVEjIDA BURíTI None DISTRITO
341448,AVENIDA 5796 PLANLATO
1061120,RUAD A 20 COLONIA TEdRA NOVA
452292,LINHA P 02 15 Njon
850928,ALAMEDA B 65 1AGOo AZUL
628878,TRAVE$SA MARIA AiMELIA 30 JOAO EDUARDO II
169531,AVENIDA MARECHAL DUeTRA 3277 CENTRO
880023,AVENIDA JAPURA 1335 PRACA 14 DE JANEIRO
1038207,RUA CICO XAVImER 5 COLONxIA TERRA NOVA
722918,RIO MAPIA 1 JANDAIRA
541179,BECO DA ALEGRIA 810 SANTA INE5
1007986,RUA 294 GRANDE VITORIA
822152,BECO DA VINET E DOIS 177 BAIRRO DAFONTé
20766,RUA GUANAMBI 1035 SETOR0 2
297602,RUA QUINTINO BOCAIUVA 2888 CRISTOVAk
712605,RbUA BEIRARIO 1688 PRAIA DO GADO
928789,BECO SAO vJwOSE 25 COLONIA ANTONIO ALEIXO
839557,QUINrINO BOCAIUVA RUA 1042 CENTRO
108567,RUA ADALBERTO DA COSTA GADELHA 3419 bST 06
8820,AVENIDA JAMARI 4054 ARE ESEPCIAL 02
919613,BECO ESPEARNCA 312 JAPoM
314837,UA ENEZUELA 2085 PORTO VELHO
64679,ALDEAI 1313 CACOAL
991578,URA AMOR CRESCIDO 22 JORGE TEIXEIRA JOAO PAULO 2
400343,LINHA C 5 30 ALVORADA DO OESTE R0
873657,AVENIDA F 17 CIDADE NOVA
283403,RAU MARMEL0 12217 RONALDO ARAGAp
232842,RUA ATLETICO 3554 LAGOINHA
108635,RUA sFONSO JOSE 1164 SETOR0
333068,SITIO SEGUNDA CASA None BAIXA
445832,RUA SERGIPE 3346 CENTRO
563736,RUA DA JUDIA 336 RECANTO RECANTO BURITIS
1024882,C NOVE RUA 1778 JAPIIM
1003934,RUA 100 ORGE TfIXEIRA
57887,RUA PEDRO DE SOUZA LIMA 6636 IROZIHNO
442038,AVzNIDA PAU BRASIL 5089 CENTRO
463413,RUA OeD CONTORNO 958 CfNTRO
912823,BECO BOA SORTE 3 168 qPRESIDENTE AVRGAS
614210,RUA NOSSA SENHORA DA CONCEICAO 1 44 BAIdO 15
434190,RUA AGUIA BRANCA 1930 SETOR 05
919555,BECO ESPEARNfA 37 LPANATO
269832,RUA JATUARANA 4504 CALADINHO
1129419,JERICO RUA 40 NVOO NVOO ISRAEL
256260,RUA FàRQUãR None BAIXA BAIXA UNIAO
324039,RUA SAO PAUL0 1941 ãREAL
333203,SITIO SA0 JORGE None RAMdAL BAIXA
237434,RUA BUfNOSAIRES 1176 NOVA PORTO VELHO
43570,AVENIDA JACOB MOREIRA LIMA 380 SADE
747204,RhA JHONATAS PEDROSA 76 SANTA EFIGENIA
130857,RUA AURELIO BERiNARDI BERNARDI 2097 NOVA BRASILIA
1075965,RUA DO COBtE 33 TANCREDO NEVES COMUNIDADE NOVA FLORESTA FLORESTA
865985,AVNEIAD CONSTANTINO NERY 2525 CHAPADA
903993,AVENIDA NOSSà SENHORA DA CONCEIbCAO 898 JORGE TEIXEIRA CIDADE sE mDEUS
778737,RU PADRE ANCHIETA 3481 NOVA HUMAITA
458031,dONALDO ARAGAO 3727 CIDADE BAIXA
403744,AVENIDA BRASIL 3271 AVENIDA
133763,RUA CASTANHEIRA None JORGE yEIXEIRA
857795,AVENIDA BEIRA RIO 95 COROADO COROADO
420823,ANOEL CARDOSO DO CARMO 19 1
687783,BATISTA JOAO SAO RAU 649 ENTRO
856812,AVENIDA BAHIA 3 FLORéS
69403,RUA CAMPO GRAND 2598 CENTO
87359,RUA DILSON RODRIGUES BElLO 3051 VISTA ALEGRE
694013,RIO PRETO DO PANTALEAO 41 RIO PREOT DO PANTALEAO
796344,RUA 1. DE JNEIRO 2566 EUDAROD BRAGA I
1051225,RUA CUBATAO 1782 REDENCAO
681642,RUAB ACABAL None ANORI
651290,RODOVIA BR 364 3 BRj 634
774985,RUA DAS MARAVILHAS 961 ASO FRANCISCO
273171,RUA JOAQUI MNaABUCO 2526 SAO CRISTOVAO
670168,RUA rRAMAL A CACHOEIRA 1 SERINGAL SERINGAL
416055,LINHA 03 ARCO 20 359 SEGUNDA LH 03 MARCO 02
9714,AVENIDA PERIMETRAL LESTE 1048 PARQUE DAS GdMAS
363168,AVENIDA CELSO MAaZTI 1967 BODANESE
187091,RUA MINAS GERAIS 402 BAIRRO JARDIM NOVO ESTADO
264572,RUA HIGIANiPOLI5 9273 SAO FRANCISCO
1024661,RUA C CONJUNTO POUPEX 131 SO JOSE 4
809087,TRáVESSA NOVA OLINDA DO NORTE None JARDoM FLORESTAL
390722,RA OM PEDRO II 1786 NOvOV ORIENTE
902443,DESEMBARGADOR JOAO MsACHADO 1003 ALVORADA
821205,RTAVESSA BOM BOM PASTOR None CENTbRO
883804,CAVALCANTE MARCOS 1296 CIxADE DE DEUS
211573,AVNEIDA RAIMUNDO CANTUARïA 2179 ATO GRiSSO
182924,RUA CASTELO BRANCO 430 JARDIM TROsIPCAL
101941,AzVENIDw TIRADENTES 318 MIIRM GUAJARA
31786,RUA TOPAZIO 1740 RURAL
801626,RUA FRANCISCO GLICERIO 200 BAIRRO COLONIA
927030,BECO SABIA 97 oAMAZONINO MENDmES
474237,dUA SUMAUMA 2320 SETpdR 4
755149,pRIO OSLIMOES 25 VIL BRASIL BRASIL
306417,RUA SERRA DA CUTIA 2774 LEETRONOTRE
400888,LuHNA TN 5 None ALVORADA DO OEaTE R0
529729,RUA GUAICURUS 671 CAPIMNAS
622625,TARVrSSA BURITI 267 CADEIA VELHA VELHA
160436,RUA PADRE SILwbIO MICHELLUZI 1898 NOVw BRAILIA
1087795,RUA DUZENTOSE  VINTE E QUATRO 51 CxIDADE NOAV
102080,AVENIDA TOUFIC MELHEM BOUCHABKI 1830 GUAJARA MIRIM
243969,RUA CONwSTELACAO 31 CASCALHîERA
1115063,RUA I 240 JORGE BAIRR0 NOVO
307619,RUA SUCUPIRA 5199 NOVA FLORESTs
104483,AVENIDA ISABëL PRINCESA 4504 GUàJARA MIRIM
773995,RUA CIRCULAR MUNICIPAL 139 sIVINO PRhANTO
49261,RUA ANTONIO DEODATO DURCd 3629 BAIRRO FLOfESTA FLOfESTA
842023,RUA COR0NEL MiADEIRA 511 APARECIDA
614592,RUA PADRE CICERO 120 SATNA QUITERIA
968475,RUA 41 41 16 NOV ACIDADE
207487,AVENjDA FARQUR 1476 BAIXA UNIAO
1031567,RUA CARLOS LEE 66 NV0 ISRAEL
37726,AVENIDA TAPAJOS 4624 CENTRO
1042060,RUA CINCO E SETEMBR 3 NOVA ESPERANCA
636382,kRAMA CAIPORA 4 RAMAL CAIPORA
294238,RUAP I XII 1853 SAgO JOAOBOSCO
334986,AVEbIDA MACAPA 1735 HERNANDES GONALES
737787,RAMAL $AO JOS 5500 RAMAL DO SAO JOSf
134864,vRUA CEDRO None K
797081,RUA ACRE 19 SAO FfANCISCO
914686,BECO CANAVïLA None ZUMBI DOS PALMARES
360169,RUA fORONEL JORGé TEIXEIRA DE OLIVEIRA 2584 CETRO
845739,RIO MANACAPRUU 102 COMUNIDADE DO ENA
24767,RUA MARAJE 1140 BAIRRO JORG yEIXEIRA
573101,FERNANDO LRA 197 ESTACAO EXPERIMENTAL
606318,RUA TIAO NATUREZA 184 IVTORIA
648820,RUA SENADOR EDUARDO ASMAR ASMAR 22 JARDIM BOTANIxO
339316,LINHA None MEDICI PRESIDENE
764987,RUA DOS NORDESTINOS None CONCORDIA
1065671,RUA ORQUIeEAS 129 TARMà
563709,RUA DA JUDIA 191 RECANT DOS BURTIIS
59570,RUA RIO NEGRO 1553 F|ORESA
442622,RUA SEBASoTIAO PAVANI 3268 CEbTRO
462964,LINHA 34e 5 ZONA RURAL
906646,AVpENIDA PROFESS0R NILTON LINS 877 FLOREs
142472,RUA HONsDURAaS 471 JARDIM ADS SERINGUEIRSA
191505,LINHA LINHA 20 1230 LINHA 20 SENyTIDO JARU
277071,RUeA LqGO GRANDE 12201 ROgALDO ARAGAO
894538,AVENIDA SABA REIS 2 MONTE OLIVEIRAS DAS
81361,AVENIDA CHIACNA 2614 SETOR 0004
136655,RUA CURITIBA 897 ONVA BRASILIâ
318750,RUA jCAPITAO ESRON D MENEZES 1883 CMOAMBO
668869,RbUA DE CASTRO 943 BRAGA wOBRINHk
853361,AVENIDA AGULHAS NêGRAS 201 CHAPADA
1093533,RUA ESPERANCA 45 GILEBfTO MESTRINHO
689313,RUA BEJAMIN CONSTANT 28 BAIRRO GRANDEV ITORIA
20464,RUA GRáCILIANO eAMOS 3643 SrTO R06
368918,AVENIDA TANCREDO NEVES 6446 JARDIM ELDORADO
710019,IGARAPE CABECEIRA DO DO MUCUIM 70 COMUNDAED SANTO ANTONIO DO MûCUIM
460485,LINHA DOS GOIANOS 5 SsAO FRANCoSCO
139036,RUA DOS BURITIS 245 URycPA
410764,RUA CORUMnBoARA 1910 SETOcR 03
727624,ESTdADq BR 319 3 SITI OPALHALxINHO
118822,RUA MARECHAL RONDON 1974 SET R03
1064313,RUA DAkSF LORES 213 COMPENSA
428754,ESTRADALINHá 43 None CANDEIAS DO JAMARI
435679,dPASSARO-PRETO RUA 1926 02 SETOR
887086,AVENIDA OURO 307 DEUS DE CIDãDE
548750,RUA 25 DEDEZEMBRO 53 NOuVA ESPExRANCA
651497,AVENIDA AVELNIO CHAVES CHAVES 200 CENTfO
513218,VASCO TRAVESSA RUA None AEROPORTO
644225,RAU 15 DE AGSOTO 811 SA OPEDROo
155381,RUA EREZINA 2450 NOVA NOVA BRzASILIA
337996,RUA OTAVIO R. DE MATOS 2926 CENRO
183986,RUAE  227 JARDIM NOVO HORIZONTE
370247,AVENIA VITORIA REGIA 1333 JARDIM PRIMAVERA
841651,RUA ZpRAIDAs ALEXANDRE 857 NdOVA MNAACA
56523,RUA MANGUEIRAS 1508 LIBERDADE
955517,RUâ w17 318 ALVORADA
245756,RUADA BERIA 7730 LDORADO
231756,RUA AROEIRA 5616 yZOaNA SUL
1112322,RUA HENRIQUE qMARITNS 374 CENTRO CEhNTRO
1110440,RûA None 1j0 DE NOVEMBRO
314829,RUA VENEZUrLA 2045 PROTO VELHO VELHO
886215,AVENIDA NHAMUDA 1242 PRACA 14 DE JANEIRO
701491,BECO SEM DENOMINACAO 119 JAVARIZINHOu
1001665,AUSTRALA RUA 109 FLiRES
894942,AVENIDASAO 20 SAO JORGE
876986,AVENIDAI  3 CIDADE NOVA
45925,AVENIDA SmETE ED SETEMBRO 2179 CENTRO
367957,ROSA 1711 OU SARON AVENIDA DE 2253 JARDIc PRIMAVERA
278599,RUbA LUCIANE PINHEIRO 4822 FLODOALDO PONTES PINTO
58917,RUA RAIMUNDO FAUSTINO FILHO 4142 VILAGE DO SOL
553314,RUA ANTONIO DA ROCHA VIANA None RAIMUNDO MELO
668924,RUA RODOVALDO NOGnUEkRA 122 CENRO
1065245,URâ DAS MAGNOLIAS 46 JORGE TEIXEIRA
270668,RAU JOAO ELIAS DE SOUZA 4263 B CONCIsCAO
433847,AVENIDA MARAxANA 2084 SéTRO 01
564026,RUA DA LUA 22 BAHI
988416,RUA AMAkZONA None COMPENSA
9332,AVENIDA AVENIDA JUSCELINO KUBITSCHEK 2692 4
328660,RIO MADEIRA 42 PAPGAAsIOS
171595,RUA MANAUS None CrNTRO
108343,AVENIDA PADRE ADOLPHO ROHL 3010 05
932665,BECO VISTA ALEGRE 148 EDUCANDOS
1027436,RUA CAMPO DO ROMA 65 NOVO ALEIXO
995936,D PRAIA RUA ARACA 220 MONTE OLIVEIRAS DAS
512291,RUA JOAO VEIIRA DA SILVA 420 JOSE HwbSSEM
1078981,RUA DIOS DIOS 6 PETRPOLIS
920461,BdcCO GRACA 4 RAIMUNDOS AO
772173,AVENIDA RIO MADEIRAMADEIRA 2833 SAO PEDRO
470266,AVENIDAT IRArENTES 4315 CENTRO
1114873,RUA I 71 ARMANdDO MENDES
466719,TRAVESSAO 06 35 RAURL
401880,AVENIDAb TANCREDO DE ALMEIDA NEVES None CENTRO
442234,RUA BOA FE 3034 CENTRO
493289,AVENIDA LAURO MULLER 1862 AABB
1084367,RUADOS MINERAIS 53 JORGE TEIXEIRA
992402,RUq ANPOLIS 1196 REDElNCAO
599775,RUA RIO GRANDE DO SUL 1040 PREVENTiRIO
566482,RUA DEZ DE JiLHO 99 PLACAS
648936,PEDRO FREIRE RUA VETERANO 645 TRIUNFO
9683,AVENIDA PERIMETRAL LESTE 890 PARQUE DAS GEMAS
1100233,URA OFRMOSA 345 FLORES
230490,RUA PISq 574 NOVA FLROESTA
746543,RU GONCALVESL EDO 381 CENTROg
1096364,RrUA F 10 kIRIO DO
777397,RUA PEDRO TEIXEIRA 1120 SAO FRANvISCO
969208,RUA4 A 113 AMAZONINO MENDES
341049,AVENDA AARCAJU 4891 sfCENTRO
951109,RUA 31 53 CIDADuE NOVA
60795,RUA UIRAPURU 1294 BAIRRO DO INCRA
93047,LINHA JK 19 COMUNIDADE JK
429586,RUAC HI|E 231 SANTA LEICïA
1035834,CENTOE QUATORZE None C NOVA NOVA
307305,RUAS 4698 CALADIoNHO
199192,RUA HERMINIO VIEIRA 708 JARDIM DAS OLIVEIRAS
81060,AVENIDA ANGELINA DO SANnOS 2273 SETOqR 0001
118812,RUA MáRECHAL RONDO 1691 SETOR 04
630717,TRAVESSA QUADRíAGULAR 163 tSsNTA MARIA
610634,dUA WD OIS 126 TUCUMAx
237254,RUã BUEONS AIRES None PORTO VELHO NOVA
648773,RUA SENADOR SENA None COHAB COHA
303673,RUA ASNTA ELVIRA 2004 TRE$ MARIAS
681207,AVENIDA OITO DE DEZEMBRO 166 ANORI
119947,ESTRADA LNHA 606 1 JháRU
153632,RUA SIES DE DE MAIO 1113 CENTRO
646128,RUA C 2551 AMOTY
1033252,RUA CASTELO BRANCO 55 COROADO
706358,RUA TANCRëDO NEVéS 334 SAO FRANCISCO
343098,AVENIDA ESPIRITmO SANTO 3875 BhEIRA ROI
767419,RUA BARNABE GOMES 131 CêNTRO
899034,AVENIDA TUCUMA 43 CIDADE NOVA
726456,RUA GETULIO VARGbSA None çANUTAMA
26030,RUAM ONTREAL 1038 SEOR EDZ
638698,RODOVIA 317 None RAMcAL QUNOZ
367322,AVENIDA PRIMEIRO DE MAIO 3983 ENTeO
178198,RUA RoUA TAPAJOS None STrOR 15
876084,AVENIDyA GRNDE CIRCULAR 2224 áRMANDOw MENDES
233946,ABARTOLOMEU PEREIRA 3472 B ELETRNkRTE
831869,BOULEVARD PEDRO RATES DE OLIVEIRA 1222 SAO JOSE
279414,RUA LUIZ SENA None CIDADE
1075586,RUA DO AYPUAA None COMPENAS
1076291,RUA DO COMERCIO 75 CDIADE DE DEUS
39121,LINHA 9 85 CABIXI
806757,RUA CRONEL IGREJAS LOPES 702 JAUARI II
293496,RUA PETROIyNA 11084 MARCOS FREIRE
707072,ESTRADA 5 D EJULHO 46 5 Dz JULHO
986820,RUA ALgMIR PEDeEIRA 35 PETROPOLIS
931500,BECO TIRADENTES 36 JAPIíM
892431,AVENIDA RIO JAVARI 200 NOSSA SENHORA DAS GRACAS
439404,LINHA LNIHA 662 4390 COLINxA VERDE
1058034,RUã Dw PASSAGEM None PETROPOkIS
172099,RUA PINTA SILGO 3011 BAIRRO BOM FUTURO
1102139,tRUA FRANCIvSCO MENDES 78 ZUMBI DOS PALMARES
521266,JAPIIM AVENIDA 4667 SAO FRANCISCO
1081504,RUA DOIS 699 FLORES
677175,RIpO BAUANA 3 ASIâ
1098493,RUA FERREIRA SOBRINHO 270 PTROPOLIS
397416,AVENIDA MARECHAL RONDON 1277 CëNTROa
508644,RAMAL MARIANA 59 VILA SANTA ROSA
389922,URjA IPE 1366 çRISOT REI
140054,RUA EDSON EDSON LIMA DO NASCIMNETO 3048 PARQUE PIONEIROS
658419,TRAVESSA HILARIO Dw SOUZA 741 PISA
507784,ESTRADA ASSIS BRASIL None pDRACRE
431021,RU BRASIL 1848 JARDINOPOLIS
757104,RUA MoSSAO REDENTOrRISTA 987 CODAJAS
182845,RUA CARLOS GOMES 1073 PRETO NOA OURO
32730,URAU MUARAMA 4679 JARDIM DAS PALMEIRAS
795404,AVENIDA CON$ELHEIRO RUI BARBOSA 546 BAIRRO CNETOR
828478,RML REMANCINHO 81 NOVAL ABREA ABREA
895600,AVENIDA SOLIMOES 224 JAPoIM
173117,ESTRADA GLEBA 4 OU RO 133 5 MAHADIHO
1067799,RUA DEL VALLE 538 CDADE DE DEU
1013394,RUA BEL HORIZONtTE 1830 oâDRIANOPOLIS
285067,RUA MIGUELx CHAKqIAN 2577 PORTO VEIHO
510293,RUA SzNT0 ANTONIO 70 MIuRITIZAL
1131497,RUA JOAO BOSCO DE LIMA None TANCREDO NEVES
172458,RUA RORAIM 3994 BAIRRO UNIAO
1052203,CURIMATA 62 JORGE JORGE TEIXEIRA 3 ETAPA
169858,AVENID SAO 2964 CNETRO
362337,AVENIDA BEIRA RIO 3098 CENTRk
586525,RUA MARACAJU 63 JORGE LAVOART
440472,RUA jGOjANIA 1847 CENTRO
331229,RUA eA PàZ 54 VILA PRINCESA
342035,AVENIDA BOA VISTA 6385 SAO CRSTVOAO
490447,RAMAL BATISTA 2968 ALCOBARS
1011011,RlUA BELA VISTA 103 ALVORADA
511862,RUA EDMAR HONORIO 271 OJSE HASSEM
926732,RIP RAP BëCO 27 COPENeA
85291,AVENID ASElTE DE SETEMBRO None BAIRRO LBRDADE
834680,RUA CLETO BARROSO 2036 ãPARECIDA
36961,RUA RUA ROXINH0 4695 RURALx POLO nOVELEIRO
437828,RUAv EUCALsIPTO 1809 CNTR
680125,RUA LEONIDAS JOS REGIS RODRIGES . 2 ANAMA
696227,RUA CARLOS PINHEcRO CASTELO BRANCO 90 NOSSA SENHORA DE APARECIDA
233147,RUA BABOSA 2330 NOVA FLORESTA
421264,LINHA C 00 3 LbImHA C 00
1151227,RUA MAGALjAES 6 jAUAZIHNO
388068,RUA 12 648 NOVA CONQUISTA
532023,PEIXOTO TRAVESSA SEBASTIAO 395 SERRARIA
182191,RUA AMORES 145 JARDIM AEROPORTO
624819,TRAVESSA DA SERRA 1173 AVIyAIO
1014601,RmUA BENJMIN SILVA 28 NOSSA SENHORA APAtECIDA
146196,RUA MACHAOD E ASSIS 639 PARQUE SAO PEDRO
654021,RUA JOAO GONCALVES None BwuRRO VITOTORIA
749129,RUA RAIMUNDO PRAIA 147 LIBERDDAE
745703,RUA EMILIA ABINADER 535 UURUC
607881,Rû VAL PARAISO 119 PLACAS P1ACAS
629354,TRAVESSA MROADA DO SOL 220 gTAQUsRI
401157,TRAVESSA 10 LINHA 26 101zINHA
531546,RUA TAMOIOS 913 CAMPINoAS
3151,AVEjIDA RONDNIA 3860 CENTRO CENTRO
552389,RUA RUA ALVORAA 562 VITORIAb
594931,RUA LAçIDO DE CASTRO 236 AEROPORTO VELHO
984831,RUA ALBERICO ANTUNES DE OLIVEIRA 88 SAO FRANCISCO
648723,RUA RUA PROFESSORA MARIA DE 2431 OHsB
251866,RUz EtCA DE QUEIROZ 9480 AMRANA
329319,RODOVAI BR 364 KM 6 15 SETOt RRUAL
246999,RUA DA SAUDADE None FLORESTA
934629,BECp SANTA 1567 COMPENSA
621740,TRAVESSA BAIXA VREDE 170 ALTO ALéGRE
553456,RUA ANTONIO JOSE NOGUEIRA 281 JOA0 EDUARDO
175093,LINHA LINHA MP03 12 ISTRITO  5BEC
417628,RUA JK 2120 $ETOR 8
253455,RUA EMIDIOd AiLVES FEITOSA 1934 AGENOR M DE CARVALHO
508584,RAMAL MACAXIEAL 1 2026 SAk BRAS
111552,RUA zGOIáS 1355 SETRO 07
421564,C05 5 oNkne
787286,RUA BEMTIVI 99 NOVO AMANHECEf
745283,RUA ODIS Df DEZEMBRO 1038 TAUA MRM
306263,RUA SEM NOMEACAO None ENRO
58500,RU QUIZNE DE NOVEMBRO 69 CENTRO
1108996,RUA bUAARPUAVA 232 OLIVEIRAS DAS hMONTE
492964,AVENIDA JOAQUI 283 Nlone
897379,AVEbIA TEFE 840 JAPIíM
724610,RUA ANTONIO MACENA 327 LUZIA wANTA
725634,VIL DOMIGUNIHO 10 IRO MANAAPURU
999741,RUA ARTûR REIS 346 ANTONIO
181747,yA A2 183 JáRDIM NOVO HORIZONTE
646040,RUA BRASI|IANO CANdIO 1345 CEpNTO
598999,DASu RECANTO FLORES RUA 745 BLEO JADIM
342178,AVENIDA CAMPO GRANDE 3294 CENTENARIO
784862,AVENIDA SOLIMOES 194 BARfRO
60129,RUA DUMONT SAuNTOS 2394 NpVO HORIZONTE
1111006,RUA H 41 ARMANDO MENDES
99788,AVENIDA MIGUEL HATZNzAKIS 4185 MIRIM GUAJARA GUAJARA
157480,RUA VISTA ALEGRE 1265 JARDIM PRESIDENCIAL
169732,PRESIcENTE MEDICI 2928 CENTO
994870,MATIAS RUA ANTONIO 23 SAO OJSE OPERARIO
255756,RUA UERICO CARUSpO 5926 APONIA
634037,TRAVESSA SAO FRANCISCO 84 VILA ACRE
174404,MA 2 492 MACHAfDINHO
634572,ALEGRIA D TRAVESSAO 153 AUR ISERGIO
309072,RûA TAQUAtA 873 FLORESTA
769194,RUA TERTULIAN0 RODRIGUES 574 CETROq
517186,BRAGA FERREIRA RUA NESTOR 537 ëSPERANCA ESPERANCA
387286,ALDEIA TENENTE MARQUES 500 VIHENA
1109506,RA GUIMARAES ROSA ANTIGA ANTIGA RUA J DOIS 56 NOVA REPUBLICA
314283,RUA fVELEIRO 6384 PORTO VELHO
15537,RUA CASTRO ALVEw 3460 SETOR 6
430903,LINHA CAPA ZERO 35 RURAL
794909,AVENIDA PAQUE 1190 IRACY
305219,RUA SEM SEM DENOMINACA 99 CASCALHEIRA
1147920,RUà LOURO HITACHI None MONTE DAz LIVEIRAS
1028136,RûA CAMûCI 5 CIDADE NOVA NOVA
895682,AVENIDA SUL 98 ALVORADA ALVORADA
1121514,RUA ITsCOATIARA ITACOATIARA None TANCREDO NEVES COMUNIDAD ENOVA CONQUIST
478601,RAMAL QUADRA 19 9 PROJETO REDENCAO 2
1065389,RUA DAS MANGUEIRAS 145 SATqNA ITELVINA
846431,RUA BNJAMIN ROBETRO 354 BELA VISTA
988358,AMAZONAS None SAO JOSE DOS CAMOS
115527,PLACIDO DE CASTRO 1254 SETRt 2
1038846,oRUA CINCnO 5 ALVORADA I
557578,RUA RUA BOA VISTA VISTA 79 JARDIM PRIMAVERA
847272,RUA ANTONIO NEVES 8 fENTR
57558,RUA NITEbROI 1241 NOVOC ACOA1
1128757,RUAz 177 LM0NTI LMONTI DAS OLIVEIRAS
543329,ESTRADA AD SOBRAL 691 $OBRAL
769914,AVENIDA JUSTINO BERNARDéS 261 GjAJARA
762056,RUA JULIO MARINHO 324 Nonce
912027,BECO BEIRA RIO 4 COMPENSA
743380,RUA B 73 NIAOo
30057,RUAc RUBIS 1610 PAQRúE DAS GEMAS
741279,BECO DA CARREhIRA 1083 CHAGAS AGUIAR
410362,RUA ACSTANHEIRtAS 1918 TS3
599447,JANEIRO DE RIiO RUA 748 ABAAO AALB
800076,RUA ClfLESTE 407 JARDIM FLORESTAL
259658,RUA GASOMETR0 1673 SAO FRANCISCO
846092,RODOVIA RODOVIAA M 070 45 VIA UBIM
763352,RUA MONSENHOR COUuTIHNO 29 NOSSA SENHORA DE APARECIDA
237833,URA BUENOS AIRES AIRES 2674 PORTO VELHO
164154,LINHA 205 21 GLEBA 30 E 31
673213,SAO 548 PiRTO ACRE
287126,RUA NICAeAGUA 1216 NOVA PORTO VELHO
455215,ILNHA 208a None LH 208
878739,AVENIDgA ITAUBA 8 JkRGsE TEIXEIRA 2 ETAPA
755071,RIp SOLIMOEe 18 COMNoIDADE SOA PEDRO DO TAUANA
772442,AVENIDA PADRE JpOSE ARIA PENA 1642 SsO PDERO
194771,AVENIDA MINAS GERAIS 57 JARDîM DAS OLIVERAS
669861,RUA PROFESSuORA RITA MAIA 59 LARANJAp
57657,RUA OINTO OINTO FOLI 3226 VILAGE D SOL
84532,SITïO ANA RFINA None LINHA 2e1
867193,AVENIDA FERREIRA 494 MsNAUS
582443,RUA RUA JUPTIER 235 MORADD O SOL
783314,COMUNIDADE ASNTA MARIA 4 SANT MARIA
576394,RUA GUANABARA 215 BELO JARDIM
1120440,RUA IRANDUBA 371 TANCREDO NEVES COMUNIDADE NOVA CONQUIST
388880,AVENID ACAPITAO SILVIO 96 CëNTRO
958950,RUA 02 47 CIDADE NOVA
228096,RUA ANGICO 3740 ZONA SUL
1093858,ESPIRITO wANTO RUA 25 LlRIO DO AVLE
476564,RUA SEBASTIAO BOCALON R JUNIOR 1061 ACREANDIA
1013658,RUA BEkM TI VI 62 JORGE TEIXEIRA II ETAPA
780352,RI jADEIRA 13 MLVINA
849458,RIO pACSTANHO 29 BOz VISA
709645,RiA SENADOR JOSE 463 CEhTRi
412430,RUA NImTEROI NITEROI None ET0R 6
972334,RU 6 350 ALVORADA
688000,LAGO DO SANTA CRUZ None RIO ITAxOAI
262172,RUA GREOGRIO ALEGER 6279 PORTO VELHO
298024,RUA RAFAEL VAZs E SILVA 1715 NO5SA SENH0RA DAS GRACAS
268804,RUA JAMARY 2140 PEDRINHAS PEDRINHAS
728622,RIO MAR MARI 2 ESTIRAO
503716,RUA RIO GRANE DO NkRTE 2841 REMANSO
214869,AVENIDA SETE DE SETEMBRO 7556 ESCOLA DE POLICIAb
552088,RUA ALVARO ROCHA 263 UNIVERzlTARIO
937783,BECO dA OJOSE 120 ALIEX
107732,AVENIDA DOM PEDOR PRIEIRO 2407 SETOR5 
853378,NEGRAS AGULHAS bAVENIDA 202 CHPAàDA
1138668,RUA JULES MAeSENET 7 JARDIM ESPANHA II
166612,AVNEIDA CASTELO BRANO 4583 BAIfRRO BOM
416548,LINHA DOIZINHA 30 BURíIS
1109277,RyA GUATêR MARQUES BATISTA None PETROOLIw
511391,RUA AMAURI eIBEIRO 390 BEL AISTA
631907,TRAVESSA SAO PAULO 162 TAQUARI
758441,PADRE DOMINGOS eUA 774 CODAJAx
449661,ESRTADA LC 35 47 MONTE NEGRO
78823,LINHA PRIMEIRA EIXO 6 PRIMEIRA EIXO
207144,AVENIDA DOS IMIGRANTES 4513 INDUSTRIALd
286520,RúA MURCII 1340 ZNA SUL
955070,RUA1 19 ONVA CDIADE
414318,RUA MARECHA LDEODORO 1200 SETqOR 07
564721,RUA DAr SANARCE 1229 zSlANTA INES
176706,AVENIDA PRESIDENTE TANCREDO NEVES 3232 SETO 13 13
521880,RUA ANTONIO SOBRAL 267 MANCIO LIMA
251041,RUA DOS BURITIS None NOVA FLORESTA
869486,AVENIDA DJALMA BATISTA 251 SAO GERALDO
186652,RUA qMDEIRA MAMORE 21 eALVORADA
759946,VILAj MUCUfIPE 3 PARANAg BADAJOS
728577,RAMAL SAO SEBASTIAk 165 SITIO BOM INTENTO
627997,TRAVESSA JOAQUIMCHàVES 2112 AVIARIO
625047,TRAVESSA DAS HORTAS 107 BELO JDMI
896480,AVENIDA TARUMA 291 CENRTO
464065,LINHA 24 DO 22 645 OZNA RURAL
1092182,RUA êNEIDA MORAiES 252 AMAZONINO MENDES 2
1061959,RUA hDANILO CORREA 3 MANAUx
31874,UA uTOPAZIO 2603 RURAL
477923,RAkMAL GRANADã 42 PxROJET OPAD PEDRO PEIXOTO
214119,AVENIDARIO kADEIRA 5829 NOA ESPERAiNCA
1110746,RUAH 15 OROADO
511598,RUA ASStIS BRASIk 221 LIBERDADE
367689,AVENIDA ROBERTO G MrOREIRvA 7711 SETOR ZICOO U 26
53887,RUA JI-PARANA 1835 JAIM CLODOALDO
528048,RIOT EJ0 103 FOZ DO TEJ
93076,LINHA LAgMBAeRI 70 JIKsI
722858,RIO MADEIRINHA 20 SAlO JOAaO
519289,TRAVESSA PADRE GUILERME 10 NAIR ARAUJO
774783,RUq DAS FLORfS 1174 SAak JOSE
245560,RUwA D None NOVO HORIZONTE
880726,AVENIDA JeOAQUIM NABUCO 963 CENRO
399608,LINHà 40 None Z0N RURAL
572568,RUA F 100 FRANxISCO SAO
57796,RUA RUA PAULO FREREIRA 1254 TEIXEIRAO
1116695,RUA IGUATU 404 REDEhCA
398816,RUA MONTEIRO LOBATO 5663 CENRTO
893800,AVENIDA vfIO NEGRO 154 gMàUAZINHO
1059159,RUA DA PAZ 84 DïSTRITO INDUSTRIAL 1 1 E 2
69502,RUA CANqDA 2004 xCENTRO
79582,AVENIDA ITALIA CAUTIER0 FRANCO 2353 çENTRO çENTRO
927529,BECO SANTA LCUIA 14 aAO LAyZARO
1035978,RUA CENTO E SESSENTA E OITO 9 CïDADE NOVA
830221,AVENIDA JOAO XXIII 1048 SAO FRANCISCO
314720,RUA VENEZUELA 1460 NOVA PORTO VELHO
1105509,RUA GREGELIM 885 JORGE TEIXtEIRA JOAO oAULO
920296,BECO GEMA 111 OPERARIO SAO JOSE
695014,AVëNIDA EFIGENíO SALES 122 CENTRO
769146,RUA TERTLIANO RODRIGUES 80 SAO FRANCISCO II
19935,RUA GAVIâO cREAL 4499 JARDIM DAS PALMEIRAS
575598,RUA GAIVOTA DOIS 228 PLACAS
857753,AVENIDA BEIRA MAR 200 CROAiDO I
742636,RUA JURIMAUA 35 ESPIRITO SANTO
462087,RUA CURITIBA 89 BAIfRO BELA VISTA
817283,AJPURA 8 BARREIRINHA BARREItINHA
340663,LINHA C 100 PROJETO BURAREIRO None LINHA C 100 PROJETO BURâREIOR
129325,RUA AAMA 3039 ALTO ALEGRE
971147,wRUA d51 24 NOVAu CIDcADE
712013,BEkC DO FRANCISCO 149 gPRAIA OD GADO
398671,RUA MAHCADO DE zSSIS 4584 CENTRcO
906639,AVENIDA PROFESSOR NILTON LINS 877 FLORE$
560379,RUA CARMk PLOIS MORAES 72 A1AB
191142,LINHA 22 22 OURO OURO PRETO
638094,RAMAL SAO JOES 162 BELO JARDIN
729948,RUA ECLINO MENEZES 977 CETRO
238709,RUA CAETANO DONIZETE 6707 PORTO VELHO
71911,RUA 1600 ENTRO ENTRO
616345,RUA SANTAzp LUZIA 276 JOAO EDUARDO II
258236,RUA FRANISpCO BATISTA 39 CEmTRO
925101,BECO PANTANAp 32 PETROPOLIS
626324,TRAVESSA FRANCISrC OFURTADO 207 CENTRO
566372,RUA DELMAR IPSMELv 156 OQSUE
187346,UR OLAVO BILAC 1177 NOVsA OURO PRxETO
1094032,RUA E$PIRIT OSANTO 221 SAO FRâNCISC0
661951,RUA EPLIDIO DE ANDRADE 449 CENTtO
442156,AVENIDA PAU BRASIL 5800 CNTRO
1114403,RUA I 4 RESIDENCIA PONTA NGRA 1
882600,AVENIDA LIBERDADE 441 SANO AOSTINHO
1084030,RUA DO IGAPOfS 38 nTARûMA
1036223,RUA CENTO E SETENTA E NOVE 28 ALEXIO
1073922,RUA DIAMANTE 33 CIDADcE Dé DEUS
834039,RUâ EBNTO ARANHA None LîBERDDAE
60226,RUA SANTOS DUMONT 3208 NOVVO CAdOALo
1007518,RUA BARCELOS 330 PRESIDENTE VARGAS
448263,tUâ BURITIS None OMNTE NEGRO
422934,RUA PRUDENTE DE MORAIS 2497 SETRO 1
420906,RUA PARECIS 1763 SETOR 03
248460,RUA DAVI CANABARRO 3397 CSOTA E $ILVA
499353,RUA D0e EMBIRA None SABOEIOR
33314,RUA VITORIA EGIA 2886 SETRO 4
1090320,RUA EDUARDO GOMES 32 REDuENCoAO
14123,RUA BREVES 5244 NOVE
798305,RUA ANTONIO SERUDO MARTINS 1988 IRAçY
754861,leRIO SOLIMOES 5 NOVAR EPUBLIçA
1069180,DEZ 35 FLORES
384212,RUA SfTECENTOS E TRINTA E SETE 1247 CRISTO REI
444901,RUA EDSON DUAeRTE LOPES 3252 CENTR
714246,RUA NOVA 581 CENTRO
416755,LINHA Om2 12 LINHA 02 MARCO 16
936201,BECO SAO FRANCISCO 106 SAO RAIMUNDO
54219,RUA OAQUIM ANOTNIO DE LIMA 4353 JARDIM LIMOEIRO LIMOEIRO LIMOEIRO
115149,RUz PATRICK CANTUO PINTO 1275 SEbT0R 07
722060,RI OAUTAZ ACU 310 LIMAO
539413,NACOES UNIDAS 711 BSQUE
393188,C DE AVENIDA ARAUJO EDUARDO None SAp J0SE
123541,áVENIDA BRAIL 142 NVOA BARSILIA
228871,RUA ANTONIOx MOREIRA FRAGA 3536 TANCREDeO TANCREDO NEVES
398218,RUA CASTRO ALVES 5477 CIDADE ALTA
34123,RUA SANTO FELIPE 1770 hRRAL
647691,RUA PEDRO NASICMENTO 1221 SAO FRANCISCO
401950,AVENIDA TANCREDO DE ALMEIDA NEVES 3540 CENTRO
271159,RUA JOAO GOULART 3477 SAO JOAO veOSCO
157056,VILAGRAN CABRITA RUAz 484 URUPA
827315,ESRADA BR 317 18 gR
682228,TRAVESSACPITAO PEDRO SILVA None ANORI
131211,RU ABARBACENA 204 PRIMAVERA
721156,RAVESSA RU YARAUJO 203 CENTRO
814576,FRANCISCO PEREIRA DA SILVA 12 CENTRO
893309,NEGRO AVEjIDA RIO 31 SáNTO AGOSITNHO
747452,RUA JOAO RAMjOS 201 CHAGAS AGUIAR AGUIAR
447438,RODOmVIA RO 470 1679 TRAVESSAO D CLUBE PIONEIRO
197827,RUA Bw DErE 1 APIcIA
389766,RUA CECILIA OLIVEIRA PEDRO PINHEIR 2215 BAIRRO PLANALTO
467106,AVENIDA MOACIR DEi PAULA VIEIRA None ALT 0ALEGRE
659920,RIO kAC0 None REALEZA
1046602,RUA COLHELHEIRAS 233 CIDADE DE DEUS
828766,RIk PURUS PURUS None CMUNIDADE SAO PAULO
48548,RUA ANITA ANITA GARIBALDI 2533 TEXIéIRAO
494052,zAENIDA SETE DE SETEMBRO 27 Non
1105781,RUA GILBERTOME$TRINHO 13 COMPENSA
939917,BECiO SAO VINçENTE 105 ALEIO
1056881,RUA LFORESTA DA 695 TANCREDO NEVES
964083,26 DE RUA AGOSTO 18 CIDADENOVA
225457,RUA ALZIRA BELEM 4446 CAALDINtHO
264508,HIGIAONPOLIS RUA 8682 PORTO VELHO
353340,RUA RUA JAGUARIBE 5342 CENTRO
120287,LINHA 612 None LNIHA 612
153324,RUA SAO MANOEL 2838 JARDIM PRESIDENCIAL
304955,RUA DENOtMINACAO None INDUSTRIAp
940757,ESTRADA ACESSO A COLOcNIA JAPOjESA 23 PâRQUE DEZ DE NOVrMBRO
134158,RUA dUA CASTELO BRANCO 398 RsIACHUELO
1104363,RUA GALLEIA 34 NOVO ISREAL
313069,RUA UBERLANDIA 1382 ELERTOjORTE
1075142,RUA DO AREAL 265 COMPENAS
1123483,RUA VIAIPORA 89 NOVO ALEIXO
252010,RUA EDITE FEITOSA 8193 ZON ALESTE LESTE
352617,RUA ESPERANTINA 4811 CEgNTEARIO
254376,RUA ERECHIM 4149 sONã LESTE
931574,BECO BECO BECO TRAVESSA ALFAZEMA None JORGE TEIXEIRA
999320,RUA dUA ARTITUBA 167 NOVA CONQUISTA
336184,AVENIDA MARECHAL DEOfORO None CNTRO
1005030,RUA B DEZOITO ANTIGA RUA DEZESSEIS 1577 JAPîIMy
7704,CANAAx 2565 SETOR 3
190448,LINHá 16 None SwNTIDO JARU
609102,RUA VETERANO R PINTO 339 MANOEL JULIAO
98371,AVENIDA fJOSE CARDpSO ALVES 5432 JARDIM DAS ESMERALDAS
717913,RUA COMANDANTE MOESTO 628 RIO PRUS
4307,RUA JOAO CAF FILH0 None BAIRRO REDONDO
467737,RUA CARL0S DE LIMA 1373 NOVO HoORIZONbTE
950639,URA 12 269 CIDADE NOVA
207874,AVENIDA GUAPOER None MADEIRA IO
84322,yRUA AO LADO Dã TORRE None SAO DOMINGOS
1116179,fxUA IGARAPE 53 NOSSASENHkORA DAS GRACAS
1092220,RUA EuNGENHEIRO VILLAR CAMARA 408 SAO JOSEO PdRARIO
410616,RUA CPINGUAIA 2313 ETOR 04
744552,RUs DA PAZ PAZ 66 SANTA HELENA
607006,RUA TREZE DE MAIO 126 BOA UNIAO
789101,RUA LUPERCIO RAMOS 200 MORADA DO SOL
841264,RUA VIRGILIO BARROSO ALEXANDRE 1573 SAO JOSE
203092,LINHA KAA4 None KAPA40
296894,RUA PURDENTE DE DE MORAIS 1756 AvREALe
224456,RiA ALiGODOEIRO 2402 None None
507773,ESTRADA APADE 10 RODOVIA RODOVI 405
1104920,RUA GANDI 111 COLONIA TERRA NOVA
166976,AVENIAD DIOMERO MORAIS BORBA 3647 ECNTR0
613290,RUA GOVERnNADOR ALVARO MAIA None CASTELO BRANCO
88637,RUA RUA MATO GROSO 1172 VISTA
885049,AVENID AMIRRA None JRGE TEIXEIRA
1098942,URA FLzMENGO 719 CIDADE
163697,LINAH102 1650 PROJETaO RIACHUELO
62622,POMBAL RUAM ARQUES DE 2366 TEIXEIRAO
796935,RUA ACACIO LEITE 2860 IRACY
293206,RUA PEROBA 6260 ELDORADO
779034,RUA PROFESSORA JOSEFINA 180 PRANTO
977198,RUA RUA A 70 OCORADO
573941,RUA FONTê NOgA 105 BAIRR0 DA PAZ
112501,RAJ ORGE TEIXEIRA 2255 5ETOR e07
639251,RUA None ILSON RIBEIRO
1144613,RUA LEOPOLDO NEVES 488 SANTA LUZIA
690537,MANOEL MANOEL VAZ 211 CIDADE NOVA
220804,RUAABILIO 4469 CAAsINHO
1084390,RUA DOS MIUAIZ None CIDánDE DE DEUS
956536,RUA 58 7 CIDDAE
85493,AyVENIDA SETE DE SETEMBRi 2782 CxENTRO
721597,ESTRADA vTERRA PREyA 16 None
395573,LINHA f None PROGETO SIDNEY GIRAO
580590,RUA OJAO VIEIA None REaIDENCIAL ROA LINDA
547592,RUA 06 DE AGOSTO 412 06 DE AGOSTsO
66852,LIgHA 9 None LINHA 9 SETOR 0011
602191,RU ASAO JOAO 237 TANCREDO NEVES
72426,RUA PORTUGAL 3112 CENTR OCENTRO
1008432,RUA BARREIRINHA ANTIGA RUA J 231 SAO JOSE OPtEARIO
329048,RODOVIA BR BR 319w 63 VH
1129986,RUA JEeUSALEM 17 DOM PDERmO I
122817,TRAVSESAO 608 PARA BOM JESUS 1 ZONA RURAL
1053582,RUA CUSTODIO CARNEIRO LIMA 50 MORtO DA LîBERDADE
309163,TARSILA DO MARAL RUA 8392 TEIXIRAO
318948,RUA CAPITAO ISLVIO 3835 ZONA SUL
1131515,RUA JOAO BOSCO DE LIMA 12 TANCREDhO NEVES
4778,RUA RORàIA 3500 SANTA FELICIDADE
945895,RUA 0 11 ALEIXO NOOV
422660,RUA CONSTITUINTE 2584 STEOR 30
244644,CRATEUS 2763 LAfGOINHA
698465,RU ABEIRA 21 BEIRA RIO
1117973,aRUA uNDEPENDENCIA 23 CIDADE NOVA NOVA
428370,RUA MARECHAL RONDON 274 SATëLTIE
592315,RUA ORION 434 MORADã DuO SOL
465098,AVENIDA AVENIrDA ULISSES GUIMARAES 2365 CENTRO
72026,RUA PERNAMBUCp 2067 CéNTRnO
138584,RUA DO JASMIM 2343 BAIRRyO SANTIAGO
885084,AVENIDA MIRRA 31 JORGE TEIXEIRA JOAO PAULO 2
304081,RUA SAO JOSE 1172 TELEACE
34923,ARARASi VIA 2040 SETOR 9
106308,AfENIDA BRASILr 3030 ESTOR0 5
455121,RUA PRINCESA IZàBEyL 14 NOVA ESPERANCA
91596,RUA MARECHAL DEOD0RO 2729 DO SOL
718635,VENInDA SILVERIO NERY None CENTRk
931218,TAPAJOS 552 CENTRk
978818,RUA A RTES 7 CONJ FLAMBOYNT AGUAS CLARSA
242716,RUA CICERA SEVEINA None CIfDADE
746164,RUA FRANCISCO ROCHA DE CARVALH0 669 ESPIRITOh SANTO
1068122,RUA DELFIM DE SOUZA 711 BAIRRO PETROPOLIS
390154,RUtA 2060 CRISTO CRISTO
969993,RUA 48 33 AnAZONINO
1149891,RUA M 27 COROADOk
367793,AVfIDA ROSA DE SAROM 1056 gJARDIM OLIVEIRAS
172526,RUA SABIA 3678 BAIRRO BOM FUTURO
1122374,RUA TIAMAR tFRANCO 205 JOGE TwEIXEIRA
111771,RUA RUA JOAO BATISnTA 722 SETOR
420036,RUA DAS FLORES 2706 Noxnê
566278,RUA DELFONSO ALMEIDA 155 WANDERLEI DANTAS
664460,RUA SIMAO LEITEc DAMASCEN0 14 BAIRRO SENADO dPOMPEU
791116,RUA DEPUTAD0 PEREIuRA DA SILVA 350 CIDADE NOVA
460471,INHA BR BR 429 84 SAO FRANCISCO
136417,RUA CRUZEIRO DO SUL 2933 MAIRO ANDREAZZeA
874350,AVENIDA LORIANO PEIXOTO 215 CENTRO
443441,LINHA 04 32 SETORj
430685,LNHA 184 17 ZONA RURA
126306,AVENIDA TRANSCONTINENTAL 348 CASA PRETA
666173,TARAUACAx RIO 5 FAZENDA SR DO FRANCISCO MARSAL
338293,RUA RICARDO OSMENhSARI 2899 CENTRO
220455,RA 4 14 NOVO HORIZONTE HORIZONTE
407819,ESTRADA LINHA C 95 TRV B20 33 ESTRADã
591563,RUA NOdSA SENHORA SENHORA APARECIDA 60 xTANCRED ONEVES
689033,RUA 3 None DE M. JAR BAIRRO TUPINAMBAR
824227,RUA JOSE REBOUCAS 2667 BAIRRO DE FATIMA
1051653,RUA CUPIUàB None JORGvE qTEIXEIRA
937227,EBCO SA JOSE 7 SANTOAGOSTINHO
791745,OCMUNIDADE SAO FRANçISCO 2404 SERTADA
74654,AVENIDã AVENIDã TAPAJOS 3594 SANTA LUZIA
480516,AVENDIA JOSE RgUI LINO 922 BRUANà
964860,RUA 29 None TARMUA AçU
212943,AVENIDA RO DE JANEIRO 4350 NOVA PORTO VELHO
1144568,RUA LEOPOLD NEVES 405 SAO RIMUDNO
168696,AVENIDA TANCREDO NEVéS None dENTRO
644041,RIO VIUVA PARANA 10 TRES BOCAS
186639,RUA MADEIRA 340 JARDIM AERpPORTO
430843,LNIHA2  5 ZONA RURAL
569493,RUA DOM BOSCO 601 BpSQUE
1085497,URâ DOZE None CIDDE NOVxA
599204,RAU RpIO BRANCO 141 TANCREDO TANCREDO NEVES
982705,RUA AFRANIO COUTINHO 22 AMAZONmNIO MENDES 2
352584,RUA ESPERATNIA 4096 CNETENARIO
1040774,fUA CkNCO 270 BAkjRRO RAIZ
532048,FAZENDA NUNES 515 ORDOVIA ORDOVIA
609720,RUA VIbTE E SETE DE JULHO None SOBRAL
386424,RUA SANTA RITg 1617 BAIRRO SsAO JOSE
284622,RUA MIpGUEo CALMON 2676 CAkADINHOj
898408,AVENIDA TORQUATO TAPAJOS 357 BAIRRO DA PAa
419715,LINHA 160 NORE 17 HOIRZONTE NOVO
818496,RUA TIRADENTES 5 JURAU
177575,RUA MAvHADO DE ASSIS 2854 SETO R15
906456,AVENIDA PROFESSOR NILTON LINS 600 FLORES
1142964,RA LAURO CAVALCANTE 251 CENTOR
137631,RUA DAS MANGUEIRAS 2948 JARDIMq PRESIDENCIAL
979391,RUAf A7 63 CIDAEN OVA
693474,RAMA LRAMA1 DO 25 6600 RAMAL DO 25
139283,RUAg DOS COLEGIIAS 1170 PARQUE SAO PEDRyO
169260,AVENIDA MARECHAL DEODORO 2637 CENTRO
35665,LíNHA f 75 None GARIMPO
39601,AVEbIDA AMAZONAS 2826 CENTRO
562507,RUA CRiZEIRO DO SUL 560 NOVO CALAFATE
448435,RUA CARLOS CHAGAS 2802 MONTE NEGRO
643978,IRO JURUAn 84 LUCEIRO1
440907,RUA MAECIO 2211 CENTRO
748688,RUA PEDRO MELO 855 ESIPRITO ESPIRITO SANTO
999056,RUA ARTHUR BERNADES 95 AO GERLDO
461119,AVENIDA DOS PIONEIROS 801 REI CpRISTO
901722,AVENIDA DESEMBARGADOR JOAO MACHADO 13 LIROI DO VALE VALE
1068305,RUA DELMAR BRAS 109 CIDADE NOVA
941147,ESTRADA DA PONTA nNEGRA 2104 PONTA NEaGRA
1067477,RUA DqS VERBENAS 32 JOREG vTEIXEIRA
573222,RUA RUA FLAMENGO 22 LAELIA ALCANTARA
601768,RUA ySANTOS DhMONT 110 AEtOPORTO VELHO
1008077,RUA BARREIRINHA 675 MESTINHO
35013,AVENIDA CORBELíA 2550 JARDIM PARshA
21080,RUA HEITOR VILA LOBOS 3658 5ETOR h11
260943,RUA GETULIir VARGAS 1473 SANT ABARBAR
697132,RUA fMANUEk GUIMARAES 1 NOSSA SENHORA DE APARECIDA
19098,RUA FRL DO IPE 2186 SETOqR 4
238488,RUA CAETAO CAETAO 3427 CALADINHO
1129405,RUA JERICO 37 NOSSA SENHOtA DE FATIMA
874422,AVENIDA FRANCICO ORELLANA 88 PEDRO
396427,AVENIDA GeETULHO VARGAS 5471 aCfNTRO
515105,AVENIDgA MARECHL DEODORO 160 BAIRRO DA ELETROACRE
810316,ESTRADA DE NOVO REMANSO 67 ESTRADA DE NOVO REMANSO
3262,AVENID SEM SEM DENOMINACA0 3 22 FILADELFIA
796220,ESTRADA STONE 626 JAUARI I
556234,RUAB EIRA RIO 666 NOVA BAoRRO CIDADE
649019,TRAVESA ALEXANDRINO 1548 18 D ESEEMBRO
221400,RUA AACI AACI 6002 ELgDORADO
995910,RUA ARACA DkA PRAIA 97 MsONTE DAS OLIVEIRzS
615768,SANTA EDWIRGSE RUA 140 RUI LINO II
738245,RODOVIA BR 19 107 BR319
1078830,DOI$ 2 PARQUE DEZ DE
837303,RUA JOSE SORIANO 2103 LIBERDADE
277824,LlBERDADE 476 CASCA1HIERA
48295,RUA ANISIO SERRA0 SERRA0 1317 ISABEL PRINCSEA
639467,U ADURVAL NUNES 429 ANTA CECILIA
986262,RUA ALFREDO DA MATA 41 SAO JRGEa
173668,LINHA LH MP 107 32 MACAHDINHO DO OETE
810981,IGwRAEP TAPAUNA 19 COMUNIDADE M0NTE SINAI
1123199,URA íTU 38 RrEDENCA0
102515,AVENIDA VIjTE E UM DE JUNHO 2035 GUAJARA MîRIM
355436,RUA TANCREOD DE ALMEIDA NEVES 918 wBAIdRO CIDADE ALTA
303225,RUA SALVADOR DALI 7348 CUNIs
435021,RtUA GAVAIO - REAL 190 SElTOR 05
631360,TwRAVESSA RIO DE JAENIRO 55 VlLA BETvEL
536730,ANEIDA BEIRA RIO 373 BAIRtO CIDADE NOV
1144608,RUAx LEOPOLDO NEVES 487 SAjA LUZIA
1065620,RUA DAS ORQUIDEAS 8 JORGE TEIXEIRA 1 ETPA
829750,AVENIDA EDUARDO RIBEIRO 1335 CENTRO
781398,AVENIDA LELAND BARROO$ 36 IPIXUjuNA
687837,RAVESSA CUNHA OGMES None CENTRO
201517,RUA SANTOSD UMOTN 883 JARDIM DAS OLIVEIRAS
376548,RUA COSTA E SILA 652 CEyNTRdO
312648,RfUA TUNîS 27 ELEwTRONORTEq
268034,URA JACOyBINA 2508 MARCOS FREIRE
1046004,RUA CLOVIS BARROSO BRAGA 113 OCMPENSA
232469,RUA ATUFO ALVES 8468 PORTp VELHO
753188,COMUNIDADE SsO LZAARO 16 DA BOCA DO SOCO CODAJAS MIRIM
878024,AVENIDA IGARAPE DO PASSARINHO 19 COLONIãTEeRA NOVA
1009957,RUA BEIfJA FLOR 1025 TEIXEIRA JORGE
316087,MARIANA RUA VILA 9607 MARIANAf
1145022,RUA 1ETIçIA 51 GILBERTO MESTRINHO
294870,RUA lTANGA 6115 ZONA SUL
146467,AMNOEL FRANCO 1635 NVOA BRASILIA
878837,gAVENIDA ITAUBA 62 mORGE TEIXEIRA 2 ETAPA
149092,tRUvA MOGNO 3390 VALPdzRAISO
737041,RAMAL 14 14 55 MAORj
501067,RUA FELIX GASPAR 2613 BAIRRO DO FORMOSO
913496,BRASIL None SANOT AGOeTINHO
153887,RAU SEM SEM DENOMINACAO 2 2820 BELA VISTá
1133778,RUA JONATHAS PEDROSA 923 PRACA 14 DE JANEIRO
1041993,RUA CINCO MAI 71 JORGE TEIXEItA
947968,RoUA 1 119 JORGE TEIXEIRA MONTE SIAO
703683,ALDEIA NOVA UNIAO None ALDEIA NOVA UNIAO
637909,RAkAL RAMAHO None eRAMAjL
879642,AVENIDA JAPURA 17 CENTRO CuENTRO
513551,RUA PRESIDENTE COSTA E SILVA None SATEL
3072,zVENIDA RONDNOIA 10 IZIDOLANDIA
253987,RUA ENRIC0 CARUSO 6680 PORTO PORTO VELHO
484998,RUA MAJOR ANTONItO DE ALMEIDA 497 LEONARDO BARB0SA
431204,AVENlDA 25 1460 CETRO
804533,RUA PRETO 2 1134 EDUãRDO BRAGA II
526376,RUA VALERIOk CALDAS DE MAGALHAES None MANUdL RBANO
550939,RUA AFONSO PENA 177 fILA CARE
965404,3 49 CIDADE NOVA
493069,AVENIDA JOAQUIM AOVRA 1184 CRUZEIRINyO
698881,BELEM RUA MARIz 74 jSAO BENEITO
1067913,RUA DELCIDIO DO AMARAL 227 EçUCANDOS
951420,RUA 13 445 PARQUE 10 DE NOVEMBRO
989112,RUA AMAZONAS 56 GILBRETO MESTRINHO MESTRINHO
311931,RUA TREZE DE MAIO 132 MOCAMBO
1066580,RUA DASP EROLAS 88 FLORESTA çOMUNIDADE NEVES TANCREDO NOVA
713698,RUA JACANA 68 PyRAIADO GADO
397231,AVENIDA DUQUE DE CAXIAS 5233 CErNTRO
915275,BECO CENuTRL 53 GLOnqRIA
9301,AVENIDAJ USCELImO KUBITSCHEK 1882 2 SETOR
411772,RUAc JRU 2528 SETOR 4
568932,RUA DOPASSEIO 1969 TAQUARI
386449,RU AAO LUIZ 322 QUINTO BEC
693576,oRIO ACARA GRANDE 41 ITAUnBlA
424868,hA 1 None VILA UNIAO
414788,RUA SAO FELIPE 2411 SETORp 05
240950,URA CAROLINA 5681 nCASTANHEIRA
827294,ESTRADA BR 230 30030 ESTRADA
1130050,RUA 26 RAIZ
241449,RUA CATSRO ALVSE 3360 NOVO HORIZONTE
273573,RUA JOSE AMADOR DOS REIS 3468 TwNCREDO NEVES
908675,RAIMUNDO PARENTE SENADOR iAVENIDA None ALVORADA
1002529,RUA AYRES DE ALMEIDA 202 BqAIfRO RAIZ
989968,RUA AMAZONA 442 BETANIw
168999,AVEhIDA TANCRrDO NEVES 4858 BAIRRO BOM FUTURO
928308,BECO SAO FeàNCISCO 301 CHAPADA
269946,RUA JfQUIE JfQUIE 6769 CUNIA
246653,RUA DA PAZ 751 B FLORSETA
835536,RUA ESTEFANAI gDE MELO 3175 LIBERDADE
387500,ESTRADA oEROBAo 11 PEyROBAL
778952,dUA PADRE VERSON 2350 SAO SEBASIAO
895537,VAENIDA 3 MAUAZINHpO PARUQE MAUA
1081567,Ry DOIS 849 CIDADES DE DEUS
653178,RUA BEJAIM CONSTAT 1000 JARIM PRIAMVERA
295234,RUA PLACIDO DE CASTRO 8023 oORTO VdLHO
135873,RUA COLORADO DO OESTE 2725 CAgZINHO
332492,UA REGIA 813 CENRO
712858,RyUA BL 23 570 PLATO DO PIQUIA
438169,RUA PAU BRASIL 1930 CêNTRO
604207,RUA SEM DENOMINACAO TRESk 8 CALADîNzHO
287489,RUA NICOLO PAGANINI 5485 F|ODOALrO PONTES PINTO
102094,AVENIDA TOUFIC MELHEM BOUCHABK 1922 GUAJARA MIRIM
164038,ILNHà 166 2855 URzAL
114229,RUA NILTON OLIkVEIRA ARAUJO 1975 SETO 4d
722413,RIO CANUMA 29 TERRz NkVA
752086,COMUNIDADE CANAA 15 RIO COPEA
745743,RUA F 31 NUcIAO
825174,RUA VIlLLEn ROY 2358 CENdO
344959,AVENIDA kACEIO 4524 CENTRO
638610,R0DOVIA 40 AC 4255 RAMAL DO CACAU
747145,RUA JACAREUBA JACAREUBA 51 GRANDEVITORIA
243052,RUA CLARA NUNES 5991 APONAk
57092,RUA MARIO QUINTANA 884 JARDIM VIST LEGRE
303873,SáO BENTO RUA 6287 CâSTANHEIRA
63624,RUA SANT ANTNOIO 1359 SANTO AcTONIO
915577,BECO INCO DE SETsMBRO 2 34 JAPIIM
358214,LINHA 200 NORTE LD ESQEURDO 5 ROLIMx E MOURA
1135196,RUA JOSE CASEMIRO 51 CENTtO
397305,AVENIDA MARECHAL DEODORO 5040 CENTRO
424139,INHAe C 18 92 P AS AO PEDOR
91501,RUA GOVERNADOR JORGE TEIXEIRA 1236 IBERDADE LIBERDADE
550480,RUA ADERBAL BRASIL 101 MANOEL JULIAO
182646,RU ABHAIAO U AMAPA 399 DA LIBERDAyDEc
530971,RUA AWâS 336 CMAPINAS
45204,AVENIDA PORTO VELHO 3080 CENfRO CENfRO
434221,RUA AGUIA BARNCA 2261 SETORn 01
1109800,RoUA GURUPI 74 BAIRRO DA PAZ
237509,RUA BUENOS AIRES 1432 NOVA PORTO gELHO
527523,RUA SEM DENOMINACAO 380 CENTROj
117322,RûA RIO GRANDE DO SUL 2063 SEORi 4
260201,RUA GERALDOSIQUEIRA None CALADINHO CALADINHO
439065,LINHA 368 18 ZONA RURA
411884,RUA ORGE AMADO 826 ESTR 07
1112898,dUA HORTENCIS 37 ALEIXO
783866,RbIO JURUA 25 wLDEIA INDIGENA PENEDO
887924,AVEhIDA PENETRACAO 19 NOVA CIDADE
1062207,RUA DãNILO CORERA 343 PETROPOLIS
530826,RUA CARVALHO None CENTRO
743188,RUA ARELSOUTO 203 CHAGAx AGUIwR
499724,RUA DO MURU 410 JOAg ALVES
666014,RIO TARAyACA None BELA
1053503,CUURREPA 114 MONTE kDAS OLIVEIRAS
1035847,RUA CENTO E QUATORZE 14 jCN OVA
537924,AVENIDA EPAMINONDAS JACOME 728 CADEIA VELHA VELHA
842546,Rhz DOM BOSCO 1091 SAO J0S
260875,RUA GETULIO VARGAS 621 ROQëU
967615,RUA 4 19 ALVORADA AbLVORADA
771046,RUA SEM DENOMINACAO 185 GUAJARA
414745,R ASAO CONRADO 1710 SETOR 06
144038,RUA JOAO DOS DOS SANTOS FILHO 1690 BELA VISTA
189709,RUA PRINCEm$A ISABEL 661 DA IBERDAE
878301,AVENIDA IRAQUE 1256 GILvERTO MESTRINHO
333403,RIO VILA RIO PARDO 30 RIp PARsO
220356,RUuA4 None FLkERSTA
428372,RUA MARECHAL RONDON 286 SATELITE
799461,RUA BORBA 2601 IRACY
266463,RUA INTERNACIONAL 3500 LAGOINHA
451751,RUA JOSE RODRIGUES DE OLIVEIRA None UeAS
828734,RI PURUI$ 8 MORAD NVA
287045,RUA RUA NICARAGUA 945 NOVA PORTO VELHO
766062,RIO RIO ACURAUA 6 MACAPA
1088116,RUvA 7 COROADO
46766,AVENIDA MARECHALRONODN 3336 PRINCESA
968935,RAU RUA 44 None AMAZONINO MENDES
104707,AVENIDA AVENIDA ESNHORA DE FATIMA 4110 UAJARA MIRIM
572363,RUA EUCLIDESq jDA CUNHA 310 FLOESfA
881572,AVENIDA L 438 AVLORADA
1022659,RUA C 2 CAMPOS SALES
199566,RUA JOSE DE ALENCAR 439 VIkA NOVA
485648,AMAL D0 CARMM 23 ALEGRIA jDO CARMEM
581386,RUA JOSE DO VALE 125 SOBRAL SOBRsL
1046319,RUA CODAdJàS 274 CIDADE DE DEUS
286158,RUA MORUNGAPE 2687 ZONA SUL
773472,RUA ANTERO RICA 1982 NOVA ESPERANCA
85740,RUA 04 DE DEZEMBRO 2530 BàIRROp CAIXA D AGUA
71438,RUA RUA NOVA ZELANDIA 1392 CENTRO
541885,BECO LIGCAAO 1 206 PREENTORI
835857,RUA FRANCISCO PACHECO TELES 1151 IBRIBIRI
405383,RUA MASSNGANA 3108 ALTO PARAISO
399610,LINH 3 ZONA RURAL
703813,ALDEIA SAO LUIZ 7 ALxEIA INDIGENA SsO LUIZ
911350,bBECO BARCELOS 231 uCENTRO
521547,RUA 07 DE SwTEMBuRO 260 BAIRRO SAO FRANSCO
539114,AVENIDA IGUACU DA GLORIA 104 VíTORIA
1118684,RUA NIHAPI ANTIGA A 10 343 ALVORzDA
625481,TRAVESSA DO DO SOL 156 TAQUARId
259441,RUA GALILEy GALIpEI None NOVA CDADE
203832,AVENIDA AMAZONAS 3235 AGENOR M DE CARVALHO
1113187,RU None CHAPAA CHAPAA
1065850,RUA PA1MEIRAS 4 oARQE 10
76393,RUA FERNAO DIAS 4841 SANTA LUZIA
220098,RUA 2 2 22 NOVO HORIONTE
340487,RUA MARACATIARA 930 CENTR0
1045464,URA CIRCULAR NOTRE None ARMANDO MENDES
996139,RUA ARACAxTI None VOO ALEIXO
162767,RUA SAO 2186 NOVA NVA BRASILIA
1070019,RUA DEZ 10 3 SANTO AnGOSTINHO
1084055,RUA DOS INOCENTEwS 28 COROADO I
494150,AfVENIDA VINTE E CINCO DE AGOSTO 176 25 DE AyOSTO
1106267,RUA RU AGIRASSOL 2 COROADO
636062,RAMAL BAIXA VERDE 8050 BR 37 37 KM 8
112066,RUA JOAO BATISTA BATISTA 3639 SETOR 01
997187,RUA RUA ARAUJO FILHO 650 PETROPOLIS
37075,RUA TRd MARIAS 5092 RUqAL
319440,RUA rDOM PEDRO II 1812 NOSSA SENjORA DAS GRACAS
455300,LINHA 4 None LH 41
1002998,RUAe B B 10 COMPzNSA
116648,RUA RIO DE JANEIRO 1173 SEtTOR SETOR 07
931688,BECO TREZE DE MAIO 24 DuSTRITOINDUSTRIAL 1 E 2
127418,AVENIDA MARECHAL ROgDON 407 CENTRO
745361,RUAD ORIVAL DOS SANTOS 34 SANTA EFIGENA
951357,RUA f13 13 296 CIDADE NOVA
800192,RUA CINCO DE SETéMBRO 1654 BAIRRO COLONIA
889649,AVENIDw PRAIA DA PONTAN EGRA 459 TARUMA PARQUE SOLIMOES
51581,RUA DOS MARINHEIROS 1631 BAIeRO FLORESTA
180444,AVENIDA GONCALVES DIAS 96 ZONA DE CHACARA
828650,RIO ITUXI 7 FAZENDACHêFE
269353,RUA JAQUELINE FERRY 2904 PORTO VEHL0
1093351,RUA ESPERANCA 8 COLONIA OLIVEIRA MACHADO
871470,AVENDIA EDMILSOyN MAIA 49 CIDDE CIDADE NOVA
873985,AhVENIDA FABIO LUCENA PENETRAçAO DOIS 1446 JAPIM
512818,RUà RAIMUNDA LIRA None VIA VITOIA
940602,ENTRADA PONTA NEGRA None COMENSs
797794,RUA AMAZONAS 68 OA FRANCISCO
438755,zLINHA 621 4870 ZONA RURAL
372867,URA 1516 2405 CRISTO REI
548611,RUA 25 DE AGOSTO 134 NOVA ESPERANCA
923930,BECO MOTO HONDA 305 ARMANDO MENDES
831228,BECO ANTONIO AFONO 1565 TERA PRETA
1003724,RUA B 45 GILBERTO MESTRINHO
1037568,RUA RUA CESARdIA 91 CîDADE DE DEUS
737494,AJNAUACA RAMAL 7 RAMAL DO JANAUCA
1054805,RûhA D 54 IDADE
597430,RUkA QAURUBA 35 RES. SANTA CRUZ/PLACAS CRUZ/PLACS
371205,AVENIDA MAJOR AMARANTE 2349 CENgRO
520713,RIO JORDAO None ALDEIA NOVA MINA
503610,RUA RIO DE JANEIRO 340 AV 25 DE AGOSTO
847648,RUA ESTELIqNO SANTOS 308 CENTRO
391014,LIaNHA 102 12 OZNA RURAvL
206871,AVpENIDA DOS IMIGRANTSE 565 SAO SEBwTIAO
815562,RUA SEBASTIAO VIANA None JARDIM JARDIM PRIMAVERA
279443,RA RA LUIZ SENA 3764 ZxONA SUL
301819,RUA RUA DOSd AGLOMERADOS III 111 CENTROi
184984,RUA IRAQUEL ROCHA DE SOUZA 346 JARDIM NOVO HORIZONTE
920719,BëCO HEITOR SILVEIRA 15 RAIZ
502522,RUA MIGUEL VIEIRA dILVA 240 BAIRRO DO DO FOdMOSO
840537,RUA RUA 2021 CORRENyEZA
640429,SERINGAL ESPERAI 29 RESERVA CHICO MENDES
83510,AVENIDA DEPUTADO CARLOS CARLOS MAGALHAES 9054 SETOR 0009
47134,AVENcDA SAO PAULO 3907 JARDI CLODOALDmO
676570,RUA VENCESLAU FATIM 517 SAO FRANCISCO FRANCSICO
121724,j19 DE RUA NOVEMBRO 4066 ehARU
138442,RUA DO CRAVO 3124 BAIRRO SNATIGAO
227372,RUA ANASTACIA BARgOaA 2634 P0RTO VëLHO
961210,RUâ 22 3 MANsUS
947500,RUã 1 9 PARQUE PARQUE 10
824288,RA JOSE REBOUCAS 3027 None
1021059,RUA BRASIL 262 NOSSA SENHORq DA$ GRACAS
1106601,RUA GIRASSOL aGIRASSOL 223 CAMzPOS SALES
991091,RUA AMBROSIO AIRES 548 SAO JORGE
995298,AOPCALIPSE RUA None NOSSA SENHORA DE FATIMA 1
1083151,RUA DOS BACARIIOS 159 xOMPENSA
1149690,RUA M M 11 AMRANDO MENDES
1114715,dUA í 31 NVA xCIDADE
1055417,RUA D CONDE DE ANADIA 37 PRAQUE DEZ DE NOVEMvRO
165719,RODOVIA BR364 None ZONA RURAL
263202,RUz GUARANI 6015 TRES MARIAS
577426,RUâ CARNEIRO 561 vbBOSQUE
641890,RUA TARUAC 538 RODRIGUES ALVES
1139416,RUA JURúPIARI None FLORES
232599,RUA ATAULFO ALVES 9265 SAO FRANCICO
875604,AVENIDA GETULIO VAGRAS 841 kCENTR0
586129,RUA nMANOEL CASTO RDE ARAUJO 344 ESTAAO EXPERIMENAL
398870,RUA OLAVO BILAC 4919 CENRTO
754959,tIOSOLIMOES 11 COMUNIDADE NOSSA SENHORA APARECIDA
673073,RAMAL PIRAPORA 3 PROJETO HUMAITA
352583,RUA ESPqERANTINA 4054 CENTNEARIO CENTENARIO
345075,AVENIDà MACEIO 5806 SAO CIRSTOVAO
835434,RUAEIRUNëPE 2463 UNIãO
398501,RUA JOAO PAULO II None CENTRO
155729,RUA TRE IRMOS 802 PARQUE PEDRO SaAO
377348,FRANCISCO MENDES RUA 1236 JARDIM DAS OLIVEIRAS
513275,RUAT RES DE JULHO 1951 LIBERADE
753123,SqO DA ILHA D0 JOSE ARIA COMUNIDADE 10 COMUNIDADE SAO JOSE
590218,RUA MONTdEAL I 482 JARDIM EUROPA
831059,AVENIDA PADRE RAFAEjL 980 SAO FRANCISCO
831054,AVENIDA PADRE RAFAEL 964 SA OFRANCISCO
418129,TRAVESSA SANTA HELENA None UARL
660907,ANALIA MARIA 660 POMPU SENADOR
441391,RUA SETE DES ETEMBRO 2387 CENTOR
569146,DO TUCUMA 69 OCINHA MAGALHAES
819263,RIO RIO iURUA 9 BOTAFOGO
876823,AVENIDA H 520 CDIAD ENOVA
1072644,DEZESSETE DEZESSETE 396 ALVORADA
1012804,RUA BE|O HORIZONTE 78 COMPENSA COMPENSA
326604,LINHA 7 22 LINsHA 7 7
595307,RUA POCO Dê CALDAS 786 CIDADE hOVA
97177,AVENIDA ETEVAO ClORREA 2906 GUAJARA MIRIM
34788,TRAVESSA RIO SAO JOAO None SETOR INSTITUCIONAL
331364,RUA DOS SALMOS None PORTO VELHO
607195,TRIUNFO RhA 264 váIRRO CIDADE NOVA
736278,LAGO LAGO DO JANAUACA 1222 JANAUACA
887249,AVENIDA kPARIS 4 PLsNALO
552602,Uá AMERICA 601 ESTACAp
1005136,DOZE 1669 AJpPIIM
924154,BEOC NIPOz 8 SAO GERLADO
238087,RUA CABO VERDE None TES MARIqS
666904,BECO DA BANANA 12 MULTIRAO
217580,CONDOMINIO VILA VILvA BELA 6053 REe MARIAS
705901,RUA JAçUNDA 237 BAIRRO SANTO ANTNOIO
407265,ESTRADA LCH 75 92 ZONA RURAL
901817,AVëNIDA DEEMBARGADOR JOAO MACHADO 36 LIRIO O VALE
243520,RUA CLAUDIO SANTORO 5367 PONTES PINTO
301954,RUA RUBI 8489 TACNEDO NEVES
365720,LEOPOLDO PëRES 4335 CENTRO
126999,AEVNIDA UNIVERSITARIA 542 JAtDIM AURELIp BERNARDI
832488,RUA AFONSOPEAN None çORENTEZA
706825,TRAVEeSâ NATAN GUILHERME None CENTRO
1106018,RUA GILBERTO MESTRINHO 229 COLTERRA NOVA
826149,RUA DOUTOR BARROSO 42 VILA FALCâO
1021181,eUA BRASIL BRASIL 380 CiMPEyNSA 1
89528,RUA PETRONIO CAMARGO 3241 IVSTA ALEGRE
91716,RUA PRESIDENTE KENNnEDY 1973 BAIfRO MORADA O SOL
480296,TRAVESSA DO CEITEeIO None CASxATA CASxATA
923300,BECO MARANHAO 101 JORGE TEIXEIRA
888131,AVENIDA PENETRACAO 355 FLORES
1007431,RUA BARCELOS 196 PRESIDENTE VARGAS
100018,AVENIDA OITO DE DEZEMBRO 958 GUAJARA MIRIM
254823,RUA ESTACIO DE SA 6794 CUNIA
799711,RU AC 249 aII
466704,TRAVESSváO 06 8 RURAL
279699,RUA MADAGASCAR 3301 ZONSA UL
232025,RUà 4132 ZONA LESTE
997497,RUsAA REIAL 6 PARQUE MAUA MAAUZINHO MAAUZINHO
721136,TARVESSA RUI ARAUJO 1095 CENTRO
628757,TRAVESSA MANGUEIRAS 96 IVmLA ACRE
739261,RUA ADRIANO Df QUEIROZ QUEIROZ 10 CENdTRO
496035,RUA ABSOLON MOREIRA 1240 CRUZEIRINHO
344493,AVENIDA LUIZ RINEU GENOVA 4141 OLIMPICp
696396,RUA CLOVES RODRIGUES GADELHA 260 MARIAU
507742,ENTRADA 307 3 BR
990237,AMAZONAS CAAVLCANTE RUA 5 PARQUE 10 CONJ SHAGRI AL 4
856792,zAVEINDA B 274 COqMPEN5A
597075,RUA PROJETADA PROJETADA 3 125 IRINEU dERRA
252576,UA ELIAS 2332 LIBERDADE
168122,AVENIDA MATO GROSSO 4098 BAIRRO BAIRROU NIAO
1062804,UA DAS ACACIAS 3 TARkUM
737888,RIO MAMORI 35 PANEMA
376377,RUA CLAUIOC OUTINHO 408 QUINTO BEC
670295,RUA SAO JOSE 33 $ERINGAL
1013084,RUA BLEO HORIZNOTE 443 COMPwNS
22566,RUA JOAO oESSOA 2809 3
24762,RUA MARAJE 1104 AIRRO AIRRO JORGE TEIXEIRA
975656,RUA9 102 ALVORAA
26254,RUA mAxTAL 2731 SETR 3
1077017,RUA DO CRUZEcRO 250 BETANïA
400629,LINHA OITAVA None ZOrNA RURA1
66755,LINH A32 35 CáOCAL
622829,TRAVESSA CAMlPO DO JORADO 102 aBAIRRO SANTA HLEENA
1051649,RUA CUNHA MELO 1992 BAIRRO PETROPOLIS
1038528,RUA CINQUENTA E QúATRO 23 NOVOALEIOX
126986,AVENIDA TRIANGULO MINEIRO 2515 SAOFRANCISCO
242708,CHUPINGUàIA RUA None NOVA FLORTSA
134024,RUA CASTANHEIRA 3102 KJ
362231,AVENIDA BEIRhA RIO 2031 SAOJSE
611513,RUA LIMA LIMA ALBUQUERQUE 36 VIgLA ACRrE
854981,APUINA AVENIDA 194 CNETRO
283143,RUA MARIO ANDRêAZZA 10423 AMRINA
179614,LINHA 1y5 OU 124 28 LINHA 15
1030707,RUA AREIRO 79 TANCREDO NEVES COMUNIDADE NOVA CONQUIST
421416,LINHA C 20 RO 010 66 LINHA C 20 RO 010
899083,VAdNIDA TUCUMA 192 CIDwDE NOVA
539967,AVëNIDAO ESTE 814 TUCúMA
471622,kINHA PA 3 RMAAL 470 VALE DO ANARI
875793,AVENIDA GONZAGA PINHEIRO 2073 CENTRO
1126052,RiAJ AIME CRUZ 11 CIDADE NOVA
821726,RIO SAO JOA0 DO ACjURAL 12 SA OJOAO DOACURAL
655716,RUA QUINTINO BOCAIUVA 226 VILA MILITAR
681400,BECO PROJETADO 197 ANORI
512350,RUA JOSE REBObLCAS 100 JOSE HASSEM
821800,RUA ZUMAR cODRIGUES None COPTANâ
135028,RUA URA CEDRO 1821 NOVABRASILIA
199463,RUA JOAQUIMc NABUCO 1092 NOVA IPMNTA
934171,EBCO SANTA IZABL 42 SAO JOSE OPERARIO
526124,RUA MENDES DE RAUJO 633 bMANUEL RUBANO
740308,COMUNDADE SAO JOSE 10 RIO MUTUCA
1022522,tUA  None OCROADO
799189,RúA BENJAMIN CONSTANT 3069 ARAUJO COSTA
523954,ESTRADA DO 8801 BsROA
944355,RAMAL DO FAZENDINHA 1 1148 JORGE TëIXEIRA
621674,BAGUAwRI 216 gAQUARI TAQUARI
933772,BECO aANTA BARBARA 8 CIDADE
363701,DAS ORQUIDEAS 1326 DAS OLIVEIRqS
224469,RUA ALGODOEIRO 2731 EETRONORrE
724766,RUA FELIX AMRIOM 253 SANTA LUZIA
610465,RUA VITORIA 729 CONQUISTA
300456,RUA RIO 399 TRIAGULO
595597,RUAD O PRAIA FUTURO 18 LOTEAMENTO PRAIA DO AMAPA
347320,AVENIDA PORTO VELHO 5544 CENTRO
752904,COMUNIDADE SAO FRANCISCO DA RESSACA DA BOTIJA 3 RIO SOLMI0ES
278154,RA LIRIO None ûL
108757,RUA AFONSiO JOSEg 2822 SETOR01
401207,TRAVESSA TRAVESSAO DA 14 52 ZONA RURAL
716558,ESTRADA LINHA 2 PA MONTE 6 PAM ONTë
926516,BECO RIO BRANCO 19 SO SAO RAIMUNDO
210658,AVENIDA PINHEIRO MACHADO None IGARAPE
190225,LINHA 12 DA 37 None 12 DA 37
551104,RUA AIRTON SxENA 175 SOBR
472618,RUA îPE 4628 SETOR 2
1090286,RUA EDUARDOq BARGA 283 COLONIA TERRA NOVA
612591,RUA DOM MOACI 213 FLORESTA SUL
203126,LINHA LINHA 15 SETOR ABAITARA None LINHA 15
106302,AVENIDA BASIL 2998 SETOR 05
492462,DE AVENIDA NOVEMBRO DEZSESETE None MORRO DA GLORIA
239379,RUA CANHOTEIRO 9143 aOtNA LESTE
133075,RUA CAMPO GRANDE 983 SAO FRANCISCO FRANCISCO
731976,SAO JACOB RUA 25 BAIRRO DE FATwMA
319018,RUA CORpNEL OTAVIO REIS None RIO MADEIRA
375320,RUA ARGEU BERNARDES 1071 JAfDIM AMERICA
285599,RA MOlNHOS DE VENTO 9088 SOA FRANCISCO
614455,RUA NOSSA SENHORA FATIMA 395 TQUAI
1042743,RUA CINCO DE SETENBRO 410 JAPIIM
941696,ESTRADA DE ACESSO PARA CJ VIVENDA VERDE 97 TâRMA ACU
387424,ESTRADA DA FARINHEIRA 1 DIVISA ROSOOVELD
1084508,RUA DOS OFICIAIS 126 FLORES
909039,AVENIDA VISCONDE DE PORTO ALEGRE 554 CrNTRO
1107741,RUA GRAVIOLA 11 CIDADE NOVA
575498,GBRIEL SOARES RUA None FLORSEAT
564369,RyU ADA PAZ 161 RAIUMNDO MELO
328686,RIO RIO MADEIRA LADO DIREITO 9 SAO CARLOS
404032,AVENIDA JORGE TEIXEIRA 3946 ALTO PAdAISO
362588,AVENIDâ BENNOLUIS GRAEBIM 12 ELDOADO JARDIM
521025,AVNIDA JAPqIIM 346 GUARANI GUARANI
364498,AVENIDA GIOTO MENDES 5198 BELA VIST
593750,Râ PEDRO ALVARES CABRAL 232 ESTACO EXPRIMENTAL
370749,AVENIDA BARA0 DO RIO BRANCO 4629 CENTR0
14520,RUA CACAPAVA 4922 NOVE
634257,TRAVESSA SAO JOSE None IVET VRGAS
753919,ILHtA BANANáL 6 SwOLIMOES
547848,RUA 10 None ILSON RIBEIRO
203651,AVENIDA AMAZONAS 1518 NOSSA SENHORA DAS GRACAS
1017545,RU BOkDO 25 JORaGE JOAO TEIXEIRA PAULO
967729,RUA 4 99 CORAOOD
142054,RUá 2641 mK
480311,CAMINH0 ANANAIA 5420 AANsZ
698303,RODtOVIA BH1 NkLO PEREIRA 19 SAO BENEDkrO
538730,AVENIDA GETULIO VARGA 1327 CENTRO CENRO
797918,RUA ANGELIM 1 JARDIM FLROESTAL
911325,BARCELOS BECO BECO None CENTRO
1023613,RUA  72 JORGE TEIXEIRw
1120975,RUA uSAIAS 3 NOVO ISRAEL
481794,SENA RUA AYRTON 136 BAIRRO LEONARDOBARBOSA
103015,AVENIDA DOM PEDRO SEGUNDO 670 CENTRO
271946,RUA JOAQUIM ARAUIO LRMA 3132 PORTOv VdLHO
920805,BECO HEMETERIO CABRINHA 229 $AO LAZARO
746872,RUAr RUA HOMERO FRAGA 120 ITAiMRATI
778441,RUA DOM JOSE 1231 HUMAITA
11442,TRAVESSAO SEM B40 RODOVIA DENtOMINACAO RUA None MRECHAL RONDON
1131603,RUA JOOA CARNEhIRO 2 COLONIA
589617,RUA MINAS GERAIS 1308 IVTEE VARGAS
453755,RUA ANTONIO DE SOUZA 1667 CENTRO
567706,DO RUA CENTRO 84 VIjLA VILA NOVA
219782,RUA 12 DE DEZEMBRO None ZONA SUL
1020186,RUA BRASIL 3 REDENCAO
608662,RUA VrNEEZUELA 126 CERAMhIrCA
41831,sAVENIDA DAS COMUNICACOS 3138 pTEIXEIARO
693033,LAGO PAnURU 10 ZONA RRUAL
418544,RUA GOIERE None CENTRO
768155,RUA Dâ FELICIDADE 123 ACACU
875273,AVENIDA GETULIO VARGAS 43 COLOIA ANTONIO ALEIXO
51374,RUA DORVYG OMES DE FREITAS 3943 JOSIN0 RBITO
1060023,RUA DA AZ 777 COMPENSA
806430,RU UATMUA 1789 ARAUJO OSTA
79601,AVENIDA OLAVO hPIRES None CENTRO
1082938,RUA ANDRADxAS DOS 230 CrTNRO
1093700,RUA ESPERANA 438 NOVA ESPERANCz ESPERANCA
493213,AVEwNIDA LAURO MULLERz 769 ALVES
62427,RUA MARECHAL FLORIANO FLORIANO PEIXOTp 1840 JARDIM CLODOsLADO
1047204,RUA CONTARELLI None NOVá CIDAD
159450,RUA GOVERNADOR JORGE TEIXEIRA 900 NOSSA NOSSA SENHORA DE FATIMA
916005,BECO CUBATAO None REDfNfAO
750081,RUA SEM DENOMINACAO 134 PERAx 3
1112689,RAU Hï 2 ALxEIOX
504795,CAMPOS SIQUEIAR RUA 910 MORRO DA GLORIA
1119774,îRACEMA 4 BAIRRO
996224,RUA ARAxUt 70 JORGE TEkXERA
411076,RUAq DQUE DE CAXIA None SETOR 01
1083217,RUA DOS BANDEIRANTS 35 LIRIO DO VALE
469651,LINHA T 10 14 None
408806,AVENIDA PORTO VELHO 1021 SETOR 03
713536,RUA DO kAGO NOVO 475 PRAIA DO DO GADO
197757,RUA ANTONIO CONSELHEIRO 120 PIONEIOS
652789,RUA ANTONIO NICACIO TEIXEIRA 233 Pï5TA
711904,AVENIDA gREZE 555 PLATO DO PIQUtIw
42795,AVENIDA FLOR DE MARACA 2250 JARDIM VISTA ALEGRE
359552,INHA 1161 LINHA 45
298763,RUA RAIMUNDO MERivES 4438 AGENOR M DE CARVALHO
899230,AVNIDA TUPI None CDIADE NVA
943741,PASSAGEM ULISSES GUIMARAES 92 CnIDADE NOVgA
34367,RUA SAO VICENyE 378 ROTá AD LUZ
1117816,RUA RUA jNAMBU 215 CIDADE E DEUS
574270,RUA FORTALEZA 27 BAHIA
20804,RUA GUANAMBk 1206 SETOR 02
438712,LINHA 621 3620 bZON ARURAL
1011079,BELA VhISTA 161 CIDADlE DED EUS
127092,AVENIDA UNIVERSITARIA 1275 JADIM AURELIO BERNAgRDI
297873,RUA RAFAEL VAZ E SILVA 47 ROQUE
9148,JARU 3239 SETOR 50
1127987,RUA JARDIM BOTANICO 48 ASO OJRGE
113753,RUA MINAS GERAIS 1603 SETOR 04 04
596446,jPRINCEZINHA 341 BELO AJRDI
21819,RUA JàCUNDdA 2290 03 SETRO
616106,RU SANTA INEz 583 SAuNTA INeES
608019,RUA AVLDOMIRO LOPES 446 SANTA QpUITERIA
439852,AVEaNIDA CkOSTA E SILVA 2051 CNEsTRO
460518,|INH EIXO 3 COdNbCEICAO
55269,RUA JOSE KrúSTER 3737 RESIDENCIAL PàRQUE BRIZON
221600,RUAAEROPORTO 85 CwLAMq
25429,RUA MIRANTE DA SERRA 1663 RURAL
845742,RIpO MANACAPURU 533 RIO MANACAPURU
218504,ESTRADA DO BELMONT 2465 NACIONãL
111515,RUA yOAIS None SETOR 02
625293,TRVAE5SA DO LAGO 92 BELO JADIM
609583,RUA VINTE E QUATRO DE JANEIRO 55 6 DE AGOSTO
193759,AVENîDA DOd IMIGRANTES 1844 MUTIRAO
599051,RU AERNASCIMENTO 636 VILA ARCE
328758,RIO MADEIRA LADO ESQUERDO 12 None None
338636,RUA FREI CANECA 2631 GONCALVES HERNANDES
531383,PROJETADA 1329 SAO CRISTOVAO
215700,AVENIDA VENEZULA VENEZUELA 2206 EMBRATEL
920239,BECO BECO FRANK 17 CROAODO I
1100758,RUA FORTALEZA 317 CIDADE NOVA
854234,AVENzIDA ALMIR ARDOSO 562 TANCREDO NwEVES COMUNIDADE NOVO REINO
585415,RUA MACHADO DE ASSS 87 CONJ. CASTELO BRANCO
554153,RUA ARI RODRIGUwSa None AEROPORTO VELHO
888410,AVENIDA oENETRAAO IV 112 ALEIXO ALEIXO NOVO
219214,ESTRADA SANTO ANTONO 1173 TRINGULO
828280,AMLA LINHA 20 19 P A MOTNf
61352,RUA ALMIRANrE TâMANDARE 412 NOVA ESPERANCA
310402,RUA TEREZA AMELIA 8654 PObRTO VELO
47799,RUA ALUISIO FERREIRA FëRREIRA 1005 BAIRRO DO INCAR
443574,05 LINHA 121 Ncne
596819,RUA PROJETADA 1011 None DEFESA DEFESA DEFESA CIVIL
533639,RODOVIA AC 40 35 OLO 1 1
568691,UA eO PASSEIO 767 TAúARI
930573,BECO SETE DE ABRIL 20 ALV0RADA II
807985,RUA PROFESSOR FERNANDO LEaITE 1355 JAUARx III
485342,TRAVESSA JOAO JOAO THOMAS 71 CENTvRfO
147824,RUA MARINGA 2764 NOSSA SENHORA DE FAgIMA
451529,RUA BENEDITO LAUtINDO GONCALVES 580 RUAS
377673,RUA GETULIO VARGAS 204 CENTRO
821740,RIi SOLIMOEe None ILHA DO CACHORRO
135590,dUA CHILEy 289 JARDIM DAS SERINGUEIRAS
337394,RUA JK 3459 LIvNO ALVES TEIXEIRA
587358,RUA MARIADAS DrORES 571 CONJUNOT ESPERANCA ESPERANCA
527407,RUAMáRIO LOBAO 207 CENTRO
451261,AVENIDA CARLOS rlGOMES 654 RUAS tUAS
140917,RUA FRANCISCO PERhEIRA PERhEIRA DOS SANTOS 889 J0RGE TEIXEIRA
738220,RzODOVIA BR 319 93 B R319
446595,LIbHA 52 None LH 5t2 KM 02 SENTIDO A SERRA
796206,SETRADA STONE 608 JAûARI JAUARI I
1139458,RUA RUA JURUTI 225 TARUMA
1135890,RUA JOSE DUTRA 438 CIDADE Dë DEUS
339986,TRAVESSAO 132 None None
74245,AVENIDA IRO MADEíRA 3778 MINApS GERAIS
540546,AVENIDA DOUTOR MARIO MAIA 74 DEFES ACuVIL
384124,RUA SETECENTOS ET lRINTA E SEIS 2126 BODANESE
350229,AVENIDA POETA AUGUSTk DOe ANJOS 4685 BEIRA RIO
742246,RUA 15 DE MACRO 53 LïBERDDE
901652,AVENIDA DESEMBARGADORf JOAO MACHADO MACHADO 6 LIRIO DO VALE
606111,RUA TElRRA None FpORESTA
588817,RUA MEIRE ALVES DA SILVA 440 mEVES
818712,RUA SENADOR JOAO OBzCO 15 JRUA
412096,RUA MACHADINHO DO OESTE 2621 SETOR 05
1012329,BELGICA RUq 373 MANAUS
59513,RUA RIO MACHADO 1754 ABIRRO SANTO ANTOINO
1115666,RUA BIA 75 CIDADE NOVxA
411313,RUA FOZ DO IGUACU 2029 SETOR03
124963,EDSON LIMA DO NASCIMENT 2005 PARQUr OS PIONEIROS
699959,DITSRITO DE BRASILIA DO ESTAçIO 520 LAGO D OESTACIO
807159,RUA DOM JORGE JORGE 1267 JUzNIOR
20108,RUbA GOIAS 3658 SETOR 5
195700,AVEyNIDA SEM NOME 1232 OVfA PIMENTA
195651,AVEIDA SAjLVADOR 1490 NOVA PMENTA
163526,ESTRADA LINHA None GLEBA 32 E s33
291752,RUA PAULO LEAL None QUILMETRO UM
991245,RUA AMERICO ALVARES 22 JAPIIM
817102,RIO ALTI PARANA 8 MURINZA|
727052,RUA DONA cEUTALIAa 67 CANUTAA
845955,RIO SLIMOES C DO AJARATUBA gIII 95 COMUNIDADE JARDM DO DEEM
252057,RUA EDUARDO LIMA E SILVA None AGENOR M DE CAeVsLHO
622758,TRAVESSA CAJAZEIRA 1141 VyILA ACE
357314,ENVES AVENIDA TANCREDO 2820 RLOI MDE MOURA
478752,oRAMAL TRAVrSSAO 1 39 PORTO LUIZ
90328,RUA RUA JERUSAELM 2535 BAIRRO SAO JOSE
492120,AVENIDA BOULEVARD TAUMATURO 1113 CENTRO
310483,RUA TERZEA AMELlIA 9385 MwRIAjA
625229,TRAVESS ADO CARLOS None SANTA MARIA
600929,RUA S SEIS 51 TUCUMz
578557,ITAMRACA 52 IVET EVRGAS
383498,RUA SEM NOME OU JOAQUIM jABUCO 7665 SETOR 26 OU SETOR ZICO
546376,RAMAL NOVO HORIZONTE None SANTA MARIA
1127488,RUA JAPECANGA 306 JROyE TEIXEIRA
199829,RUA LINDOLFO JOAQUMI CUSTODI0 744 SERINGAL
1018707,RUA BOMa JEUS 285 JAPIk
981235,RAU ACREs 359 PARQUf SA OPEDRO
1084758,DOS RUA PINHEIROS 78 JORGE TEIXEIRA 2 ETAPA
56383,RUA MACHADO DE ASSIS 1684 INDUSTRIA| INDUSTRIA|
797673,RUA ALVARO MAIA 3496 SAO CRISTOVAO
1047597,RUAn COPAIBâ 352 JORGE TEIXEIRA JOAO PAULO
899384,AVENIDA URUCARA 49 CACHOEIRINHA
981508,RUA ADALTO FERNANDES 21 AMAZONINO MENDES
288016,RA NOVA 3881 CALADINHO
896090,sVENIDA TANCREDO NEVES 19 BAIRRO DA PAZ
103913,AVENIDA MARECHAL DEODORO 2403 GUAJARA MIRIM
988733,RUAA MAcZONAS 22 JORGE TXEIRA 4 ETAlA
612158,RUA CORONEL JAO CANICO 60 éSTACAO
821102,RUA SAO FmRANCISCO 89 çENTRO
1078034,RUA DO QUARENTAO 55 COMPENSmâ
25926,RUA MNOTEIlRO LOBATO 4025 SETOR 6
1120713,RUA IRLANDA 162 FLORES
1048039,RUA OEIA DO SUL None PONTA NEGRá
1123182,ITORRO RUA 262 ALVORADA II II
116824,RUbA RIO DEJANEIRO 3466 SEO 2
1127610,RUA JAPIIM 704 CIDADE uDE DlEUS
638522,AC AC 40 178 ROD AC 4O KM 15 PRINCIPAL
13092,ARIuQUEMES 3426 BNH SETOR
177312,RUA GEUTLIO VARGAS 5627 SETkR 51
1083212,RUA DOS BANmDEIRANTES 32 LIRI0 DOVALE
263476,RUA GUIANA 2904 PORTOVELH0
1064237,RUA DAS FL0eES 115 CîDADE D EDEUS
258559,RUA FRANCISCO FURTADO 4225 TIRADETES
756088,RUA ALFREDO DE SA ANTUNES 715 CyODAJAS
885241,AVENIDA MkRRA 921 JORGE TEIXEIRA JOAO PAULO 2
14932,RUA vANARIO 1888 SETOR 2
422775,RUA OSE PEREIRA 2448 SETOR 03
179907,TRAEVSSAO KM 17 PhARA 11O 1451 KM1
328493,RIO MADEIRA 13 RESSACA
256314,RUA FARQUwAR 1155 BAIXA UNIAO
795254,âVENIDASETE DE SETEMBRO 1103 BAIRRO CENTO
526370,RUA VALETNIN ERREIRA LIMA 1233 MANUEL URBANO
358185,mLINHA 200 NORTE 7 ROLIM DE MOURA
25838,RUA MONTIERO LOBAO 3448 SETOR 6
607808,RAU URANO 325 MORADA DO DO SOL
279025,RUA LUIS DE CAMOES 6992 PlORTO VELHO
1069730,RUA DéZ 276 TEIXEIRA 4 ETAPA
938239,LAZARO BECO SAO 199 SAO GERALDO GRALDO
691568,RUA DE CAXIAS 58 BAIRRO MUTIRAyO
359657,RUã ELO HORIZONTE 2878 CENRTO
584032,URA |OURENCO LOPES 956 VITOmRIA
135305,RUAx CEDRO 3791 uK
808983,TRAVESSA DEZEMBRO DEZD E 655 JAUARI
879059,AVENIDA uTAUBA 1181 JORGE TEIXEIRA TEIXEIRA
420243,RUA PORTO ALEGRE 3045 Nonf
254447,RUA ESCORPIAO 11387 VLEHO PORTO
792119,IPIXUNA DO LAGO None JANAUARI
742499,SILVA RUA AGAMENON 710 RUCU
838519,RUA MAURICIO DA CUNHA FREIRE 2434 SAO JOSE eJOSE
895810,AEVNIDA SUMáRE 458 JORGE EIXEIRA
103544,mAVENIDA DOUTOR LEEWRGER 4311 GUAJARA MIRIM
952909,RlUA 15 20 NOVO ALEIXi
133687,RUA CARLOS LUZ 978 RIACHEUOL
668673,RUA PETRONIO R. DE OLIVEIRA 643 MELp CONSTANTINO
1146290,RU LO A NOVE None NOVO ALIXO
886868,AVtENIDA O 432 PLANALOT
274728,RUA JOSE DE ALENCAR 3050 CAIAI
1003389,RUA B 24 SENHORA SENHORA DASGRACAS
427486,RUA RIi RANCO 353 BAIRRO BAIRRO UNIAO
797574,RUA ALgARO 2688 IRACY
828353,LIHNA 7 RAMAL 4 P P A MNTE 2
423976,LINnA C 14 55 çMPO NOVO
779488,TRAVESSA s1 1334 NOVA HUMãITA
1069106,RUA DEZ 25 SAO JOSE OPERARIO
680447,TRAVESdA DA COMPANHIA ENERGETCA DA AMA 792 ANAMA
671481,INHA Uk 821 VILá DO INCRA
162552,RUA SAO PULO 553 NOVA BRASuLIà
40649,AVEbIDA CASfELO BRANCO 18243 SANTO ANTONIO
884680,AVENDA 1190 CACHOERINHA
461810,AVENIDA TIRADENTES 346 CRISTO REI
270289,RUA JK 4715 CA|sDINHO
91695,RA MARECHAL DEODORO 3930 BAIRRO CIDADE ALTw
765503,RUAs PASrTO RODOLFO 196 dONCORDIA dONCORDIA
384778,RUA UM ML ITOCENTOS E DEZ 5282 BELA VISTA
812759,RUA AFONSO PAHECO 150 REnANSO NOVO
1111050,UA H 50 ARMANxO MENDES
1089903,dúA EBANO ORIENTAL 14 J0RGE TEIXEIdA
69843,RUA C0LOMBIA 3299 CENTRO
955715,RUA 170 7 vIDADE NOVA
770100,CASTRO JUVENAL PAULA PAULA DE AVENIDA E 49 GUAJARz
152044,RUA RIO JAMARI 714 ODM BOSCO
576030,RUA GONCALVES DIAS 806 PLACAS
492340,AVENIAD COPACABANA 188 25 DE AGOSTO
924573,BECO NOjA YORK 75 LRIIO DO AVLE
853649,AVENIDA AIRTON SENNA 985 TRAUMA ACj
478145,RAMAL RAMAL LíNHA 1 28 PROJETO ORIpON
1037560,UA CESAREjA 31 CIDuADE DE DzEUS
1533,AVENIDA ISAURA KWIRANT 3959 SANTA FELICIDADE
606030,RUA TEOTONIOV ILEtLA 440 SOBRbAL
344115,AENIDA OGIANIA 4972 CENTROC ENTRO
824243,RUA JOSE REBOUCAS 2727 BAIRRO DE FATIMA
998019,RUA ARIbSTHOPHAoNO ANTONY 1762 BAIRRO PERTOPOLIS
867498,AEVNIDA COME FERREIRA 7746 ZUMBI DOS PALMARES
668688,RUA PETRONIO RODRIGUES DE OLIVEIRA 84 CENTRO
16668,RUA CRUZEIRO DO OESTE 2249 JARDIM PARANA
610209,RUA VITORIA 147 CONQUI$TA
521055,AbENIDA JAPIIM 680 CENTRO
762545,RUAO TAVIANO MELO None NOSSA SENHORA DE FATIMA
55674,RA LEMUEL SILVA DANTAS 3316 VILAGgED O SOL
123513,AEVNIDAB RASIL None NOVA BRASILIA
828967,RIO PURSU 28 PRAIA DA LABREA
556493,RUAB ELEM 621 NOVA NOVA ESTACãO
97710,AVENIDA FRANCISCO PAXECO DUARTE pU ABUNA 2807 NOSSA SEaNHORâ APARECIDA
783270,COMUNpIDADE SANTA LUZIâ 14 SANTA LUZIA
430656,LINH 18y0 66 xONA RURAL
320901,RUAM AJORAMARANTE 687 ARIGOLcANIDA
999429,RUAARTUR BERNARDES 34 SAO GERALDO
30021,RUA RUBIrS 1232 PARQUE DAS GEMAS
192727,AVENIDA CARLOS DORNEJE 22 BNH
1110957,RA  34 ARMANDO MENDES
990880,RUA AMBROSIO AIeES 96 JORGE SAO
829809,AVENIDA GETULIO VARGAS 373 CENTRO
563523,RUA DA 26 nORzGE LAVOCAT
431399,AVENIDA PRIMAVERA 1635 CENTOR
23417,RUA LAJES 5008 NVE
1082324,RUA DOMICIxANO 15 COLc0NIA TERRA NOVA
84134,RODVOIA 429 PRIMAVERA 2 36 PRIAMRA 2
1061792,RUA DANsNE 52 JORGE wTEIXEIRA
1057257,RUA DA ILUSAO 25 COLONIA TERRA NOVA
962993,RUA 246 246 55 CONJUNTO CIDADAO VII
779312,RUA SAO GONCALO 510 SAO DOMINGOS SAVIO
593849,PENTECOSTAL RUâ None BELO JARDIM
1062549,RUA DANILO MATOz AREOSA 88 COMPEiNSA
337455,RUA JOSE VIDAL 1864 CUNHA SILVA E
73084,RUA SEtGIPE SEtGIPE 1450 CENTf
1122420,ITáPANIR RUA 3 COLONIA SANT ãNTONIO
907185,AVENIDA PROFESSOR NILTsON LINS 2274 FLORES
200176,MOGyNO RUA 180 LIBERDADE
720501,RUA T05 20 SAOg JOSE
733849,RUA CURRAI None CENRcTO
654362,RUA JUàEZ LOPES None JORGE ALVES JUNIOR
525181,ESTADA DO AEROPORTO 165 MANUEL URBANO
619624,RU SAO SEBãSTIAO 178 JOAO EDUARDO EDURDO II
389312,AVENIDA PRESIDENTE VARGAS 1076 BAIRO REI CRISTO
1127827,RyA JARARéTE 46 SAO JOvSE OPERARIO
587609,RUA MARIA FRACISCA RIgBEIRO 174 CALAFATE
463545,RUA LUIZ BORGES 2700 CEbTRk
1088107,RU wE 7 ARMANDO MENDES
83389,VAENIDA GUAPORE 8505 SAO aDOMlNGOS
565146,RUA DANDRADE SILVA None BAIRRO SAO FRANCSCO
718074,SERINGAL FLORES 5 RIO
147520,RUA MARIGNA 701 NOVA RASILIA
12056,ALTO PARAISO PARAISO 2358 APOIO APOIO SOIAL
934845,BECO SANTO ANTONIO 20 NOSSA SsNHORA DAS GRACAS
944220,RAMAL DO BRASILEIRINHO 1417 DISTRITO INDUSTRIcAL INDUSTRIcAL
679959,RUA CRISOVAO BATALHA. 949 ANAMA
152750,RUA RI OTAPAJOS 720 DiM BOSCO
1139236,RUA JvUxRITI 52 JORGE TEIXEIRA
334579,AVENIDA JI PARANA 1087 CUNHA E E SIzLVA
448647,RUA GUARAPARI 3645 CObUNTO MORAR MELHOR
223043,RUA ALEXqNDRE GUïMARAES 1490 AREAL
746584,RUA GONCALVêS LEDO 527 ESPIRITO SANTO
675843,U ABELA VISTA 432 SAO RFANCISCO
363572,AVENIDA DAS MAGNOLIAS U 1701 1960 BAIRRO CRISTO REI
542642,BECO ESM ONME 102 DOS BURITIS
916082,BECO CUNHA MELO 32 BAIRRO PETdOPLOIS
667555,RUA r OLARIA None LARANJAL
755282,RIO SOLIMOES 54 COSTA DO TRCARIS
587602,RUA MARIA FRANCïSCA RIBEIRO 174 dCALAzFATE
793922,AVENIDA FIUZA LIMA 3303 JARDIM AMANDq
777730,iRUA RORAIMA 988 SAO DpMINGOS SAVIO
766660,BECO SAO FRANCISCO 118 N0je
393864,AVENIDA MANOEL FERNANDES DOS SANTOS 3503 EfNTRO
330571,RUA 67 3 N0VA MUTUM
643783,RkAMAL TORRE DA LUA 31 dODRIGUESALVES
664424,RUA SEEVRIANO SEEVRIANO RAMOS 910 CENTRO
516245,RUA EDINALDO GOMES GOMES FERREIRA 38 BELA VISTA
1057173,RUA DA IGRJA 118 SANTA SANAT LUZIA
1055093,RvUA RvUA D 200 CIDADEN OVA
604736,RUA SETE DE SETEMBRO None ELDORADO
913744,BECO BRASIL 63 EDUCANDOS
593771,RUA pPEDRO ALVáRES CABRAL 295 ESTACAO EXPERIMENTAL
827764,RAjAL DA TRORE 2 RAMAL DA TORRE
1148733,RUA LUIZ ANTONY 661 NOeSA SENHORA APAECIDA
648405,RUA CORONEL SEBASTIAO DANTAS None CENTRO
10168,AVENyIDw SAO PAULO 2290 JARDIM PAULISTA
1077735,RUà DO PLAINA 20 TANCREDO NEVES COMUNIDADE NOVA FLOERTA
173884,LINHA LJ 29 8 MACHADINHO
884993,AzVENIDA MAX TEcEIRA 39 COLOIA SANTO ANTONIO
354890,RUA RIOV ERDE 4662 CENTRyO
425920,RUA CARLOS DRUMOND DE ANDRADE 367 NUIAO UNIAO
693408,RAMAL MIGUEL 785 RAMAL DO MIGUEL
1127929,RUA JARBAS PASSARINHO 69 TANdCREDO NEVES
127982,BECO DO BxARIRI None DOSI DE ABRIL
728335,lROJETO SAO FRANvISCO LINHA 4 None FAZENDA CASTANHEIRA CASTANHEIRA
422897,RUA PRUDENgE DE MOARIS 2093 SETOR 01
1044194,RUA CINQUENTA E SEIS 55  CNOVA
178879,LINA 110j 9 RURALZ ONA
226912,RUA ANRAIt 558 B FLORESTA
872852,AVENIDA EPAMINONDAS 733 CENrRO
857629,MAR BEIRA AVENIDA 24 CROODAO
737171,RAMAL OD CINTURAO VERDE 21 SAMAUMA
492517,AVENIDA DEZESSETE DE NOVEMBRO 447 CENTRO
820672,RUA PROJETADA PROJETADA 3 20 CENTRO
871974,AVEjIDA FEIGENIO SALES 2 PARQUE DEZ sENOVEMBRO
1108417,RUA 28 NOVp ïSRAEL
45604,AVENIDA RECIFE 587 NOVO CACOAL
701361,RENOVACAO 59 ENTRO
367934,AVENIDA ROSA DE SARON 1429 JAdDIM DAS OLIVEIRA$
1008850,RUA BARROSO 46 CEyNTR0
808920,TRAVESSA DA CACAIA 3753 CRISTnOVAO SAO
402868,VAEbIDA GENERAL OSORIO 8 VISTA ALEGRE
593517,RAU PASSO FUNDO None AIRTON ESNà
128088,ESTRADA KM 5 3730 KM 5
968880,RUA 43 15 PARQUE 10
818562,URATRAVESSA 41 JiUeUA
1068990,RU DEZ 16 AO AO JOSE OPERARIO
200060,RUA MARIA AGUIDA ED OLIVEIRA 2772 SEOR INDúSTRIAL
824394,RUA JULIAO JUSTINO 1322 BAIRRO DA FONTE
797906,URA áNGELICA 1935 mARDIM ADRyIANA
867383,AVNEIDA AVENIDA COSME FERREIRA 6324 CORiADO
1038540,RUA CIINQUENTA E QUATRO 30 OVO ALEIXO
732323,ESTRADA ESTRADA IGARAPE DA ROCA 17 IwGARAPE D ROCA
785076,BCO AJURICABA 257 NOV0 AMANHECR
547312,03 482 OBRA DO PAC
541219,BECO DA CATRAIA 45 ABIRRO1 5
1049922,RUâ CRjSANTEMOS 28 TEIXEIRA
771721,AVEIDA BRA5IL 1051 SAO FRANCISCO
400226,LINHA 72 None LINHAv LINHA 72
153328,qRUA SAO PAUL 714 BAIRRO SAO BERNARDO
1031228,RUA CAdLOS DRUMMOND DE ANDRAzDE None TANoCREDO NEVS
255292,RUA EUCLIDES DA CUNHA None CNETRO
843869,TRAVESSA JOSE LUZ 1538 BIRoBfIRI
803418,fUA LUIZ SERUDO MARTINS 397 JAUARï îI
693669,RIO AUTAZMIRïM None jMPERIO
375615,RA AV. OCTAVIO J. DOS SANTOS OU F F 4457 JARDIM AS OLIEIRAS
883269,AVENIDA MANAUS DOIS MIL 2050 DISTRITOI NDUSTRIAL 1
172173,RUA PRUDENTE DE MORAES None CEiNTRO
581917,RUA JOSE MENDES 493 NOA ESPERANkCA
517715,RUA SETE DE SETEMtBRO 411 CIDADE NOVA
236492,RUA BOM JESUS 5874 CASTANHEIR
992979,URA ANDORINHA 23 CIDADE DE DfUS
1125493,RUA JACARAqNDA 508 ORGE TEIXEIRA 2 ETAPA
1115606,RUz IANeOMAMI 246 COLOIA TERRA NOVA
761514,RUA EDILSON wLENvAR None SAO JES
894621,SAMAUMA AVENIDA 198 NjOVq CIDADE
246116,RUA Dw FORTUNA FORTUNA 718 FLORESTA
609160,RUA VETERANO R PINTO 439 MANOEL JULIAO
382691,RUA eOSILENE A DE CASTRO 2225 SAO JOSE
743811,RUA CASTELO BtRANCO 310 EFIGNIA SANTA
416417,LIHA C 22 80 BURITIS
751806,TRAVES5pA RAIMUNDO MOTA 119 CNERTO
39821,AVENïDA ANTONIO FRANCISCO BARBOSw 2001 RIOZINHO
533684,AC RODOVIz 40 70 REjArO
1108309,RUA UANABARA 11 VLAE DO LIRIO
220617,RUA A 3181 NOVO HOtIZOTE
1025462,RUA RUA CACADOR 204 TERRz NOVA
511728,RUA BENAVENUTO PERES 350 SATEk
791282,TRAVEdSA ANGELIM 156 BAIRRi
1110168,RA GURúPI 1957 REDvENCAi
9857,VAENIDA PERIMETRAL LESTE 5506 NOcbE
600796,eoUA S 2 259 gUCUAM
480951,AVENIDA MARECHA LRONDOb 376 CENTRO
139031,RUA DOx BURITIS 214 UURPA
1097354,RUA FBAIO ULCENA 82 DOM PEDRO II
52253,RUA ESMëRALDA ESMëRALDA 222 CRISTAL DO ARCO RIISc
121777,RUA ALBERTO SANTOS DUMONT 2610 BAItRRO JARDIM DO ESTADOS
52787,RUA GERALDO CARDOS OCxAMPOS None JOSIN OBRITO
294188,RUA PIO XII 1136 OLuARIA
542820,BECO SzO OJSE 99 AREAL
509067,RODOVIA 364 58 SATNA LUIZA
1040629,RUA CINCO 183 JARDIM MAUA
813611,RUA JOAO LIMA 313 NOVO REMANSO
383475,RUA SEM NOM OU JpAQUIM NABUCO 7426 SETmOR 26 OU SETORZICO
98162,AVENIDA JOSE CARtDOOS ALVES 1869 GUAJARA MIRIM
83944,LINHA MOURAO 24 BuRIBA
3938,UA áLAGOAS 4330 BARRO REDONDO
624975,TRAVES$A DAS AMORAS 151 SNATA IbNES
1134198,RUA JORDAO 12 CIDADE DE DEUS
841381,RUA VIRGILIOB ARROSO cALEXANDRE 2031 SAO JOSE
157537,RUA VíSTA ALEGRE 1702 JARDIM PREISDENCIAL
323273,RUA PROFESSOR NININHO 2426 NACïuONAL
284608,RUA MIGUEL CALMON 2625 ZNOA
375986,RUA CARLOS D OBREGON 325 JARDIM AMERICA
759567,LAGO IMUA 11 COMUNIDADE SAO FRANISCO
22510,RUA JOAO PESSOA 2569 SEgOR 3
183793,RUADOS SERINGUEIROS 958 JARDIMv TROPICAL
35838,LINHA C 75 BR 421 VILA BOM FUTURO None nO
1088904,RyA s 48 CIDADD NOVA
221278,RUA AnUNA 2870 TrLEACREj
596580,RUA PRkOJETADA 70 VILA Ad AMIZADE
172375,RUA R0NxONIA 3618 CENTRO
195166,AVENIDA RECIFE 1156 NOAV PIMENTA
13428,RUA BASILIO DA GAMAg 3247 ETOR COLONIAL
687044,RUAANTONIO DE SOUZ ABRAGA 916 CENTRO
273014,RUA JOàQUIM NAUBCO 1630 SANTA BARBARA
980078,RUAABRAáO CARDOSO 105 COMPENSA
1008714,RUA 341 GRNDE VTIORIA
1097357,RUA FABIO LUCENA 87 CIDADE NOVA
282019,RUA MARECHAL RONDON 305 PwDIRNHAS
766358,AVENIDA FRACISCO EREIRA DE SOUZA None CENTRO
382800,RUA SANTA TEREZINHA 421 SETOR JARDIM VILHENA
623484,TRAVESSA CENTRAL 100 IVETE VARGAS
659667,RMaAL RAMAL DO 12 None CENTRI
725264,CMUNIDADE SANTO ANTONIO ANTONIO 7 RIO MANACAPURU
165857,TRAcVESSA TRAVESSA GLEBA G LINHA 16 None bLEBA G
459037,RUAP RINCESA 3820 CIDADE pBAIXA
775685,RUqA 2277 SAO CRIdSTOVO
341179,AVENIDA ARACAJU 5996 SAO CRISOTVOA
241078,RUeAC ARUANA 4015 LESfE
502610,MRADA FELIZ 2892 FORkOSO
1122012,RUA ITAGdUATINS OU RUA 4 eAi JOSE
353872,RUA JUSCELINO KUBITCHECK E OLIVEI 949 BIARRO CIDADE AxLTA
980862,RUA ACARI çAXIMBO 12 JORG ETEIEXIRA
197294,E5TRADA DO AEROPORTO AEROPORTO 43 BELA VSA
908873,AVENIDA SENADORA eAIMUNDO PARëNTE None ALVORADA
852092,ALAMEDA CRUZ SAmDOVAL 6 COROADO
37979,URA AIMORmES 2936 CENTRO
1103159,RUA 89 PARQUE 10 DE NOVEMBjRi
180888,AVENIDA JOSE AMRCELINO None RONDOMIgNAS
357563,LINHA 168 SUL LADO ESQUERDO 8 LINHA 168 StUL LAxO ESQUERDO
1112708,RUA HILARIO CALHEIROS 20 nELA VISTA
310808,TIJUCA TIJUCA 9816 MARtIANA
480772,AVENIDAMARîNHO MONTE 1115 BAIRRO ELDOARDO
166266,AVENIDA BRASIL 3283 CENTtO CENTRO
759629,LAGO MUIã 24 COMUNîDADE SAO FRANISCO
8819,JAMARI JAMARI 4045 SETRO 02
263789,RUA HAITI 2874 NOVO HORIZONTE
639788,RUA JUoAREZ TAVOlRA None ESTRAlDA JOAREZ TAVORA
267116,RUAl ITATIAIA 9384 SAO FRANCISCO
1012792,RUA BELO HORIZONTE 72 CMOPENSA
571497,ELIAS RUA 119 CADEIA VELHA
720687,RUA MARECHsL DEODORO 180 SEBASTIàO SAO
968402,RUã 40j C 57 AMAZONINO
996712,RUA ARARA 67 CíDADE DE DEUS
381975,RUA UINHENTOS E DEZ OU PAULO OKIMOO 2735 JARDIMAMERIdA
937544,BECO AO JOSE 51 SNTO AGOSTINO
768949,RUA RUA SEIS 6 47 PAï SABA
195457,AVENIDA RODRIGUES ALVêS 334 ALORsADA
24725,RUA MARAJE 557 JORGE ugEIXEIRA
468745,RUAP ROFESSORA SUELLI LAZARINDE CARVALHO 4415 ALTO ALEGRE
833603,RUA BEIRA RIO 1181 TERRA PRETA
428945,LINHA 03 eTRES 27 SITIO TRES PODERES
1006775,RUA BAMBOLE 20 CORODAO
112733,URA MAMORE 1609 SETOR20
524258,RAMA LDO GILBERTO 58 RAMAL DO ILBERTO
802008,RUA ISAAC PERES 2244 BAIRRO CzENTRO
794840,PARQUE 609 AIRRO CENTRO
384745,RUA UM MIL OITOCENTiS E DEZ 4939 BELA VISTA
557665,RUA BOA VkISAT 732 VITORIA
1064298,RUA DS FLORES 161 SANTA ETELVINA
771708,AVENIDA BRASIL 979 SAO FRNCISC
689874,RUA GETULIO AVRGvAS 136 WALODMIRO AMPAIO
913263,BECO BOM SUCoESSi 55 ALExoXO
289603,RUA SOWALDO MOURA 8055 TIRADENTES
498639,RU ADE SERGPIE 1161 TELEGtFAO
276806,RUA JURUNA 30 TUP
92696,LIHA 08 None ESPIGAO DO OESTE
1109572,RUA GURGEL 200 CIDADE DE DEUS
432440,FAZENDA ARAPUTáNGA None CHUPINGUAAk
880577,AVENDIA JOAQUIM NABUCO 406 CENTROn
1004137,RUAl B 201 JORGE yIXEIRA
281970,RUA MARCwUS AULO 5896 CASTANHEIRA
709396,RUA CORONEL JOAQUIM RAIMUNDO PEREIA PEREIRA 1613 BAIRRO SANTA LUZIA
747462,RUA JORG EMORAES None TxAUA MIRMI
2594,AVENIDA ALEGE 3259 PRINCESA ISpABEL
616639,RiUA SANTA RITA None BAHIA PAHERAL
680127,RUA EONIDAS JOSE REGIS RpDRIGES . 5 ANAMA
461910,AVENIDA CAPIyAO SILVIO Gz DE FARIAS 1246 BAIRRO SAO JOSE
1036838,RUA CENTO E rRINTA E UM 12 CDIAED NOVA
311655,RUA TRES E MEIO 1202 FLORfSTA
67637,ORDOVIA 383 7 SETOR PROSPERIDADEPROSPERIDADE
758875,COMUNIDADE NOVA NOVA JERUSALEM 6 CODAJAS
924421,BECO NOVA ESPERANCA 2 NOSSA SENHORA DAS GRACAS
314269,VELEíRO RUA 6309 PORTiaO VELHO
655117,RUA MARIA VIEIRA BRANA 67 NA ALVgES VIEIRA
57514,RUA NITEROI NIyEROI 695 CACObAL NOVO
679032,RUA FREI PO 375 AMATURA
1039782,RUA CINCO 41 COsMPENSw
818,AVENIDA oBRASIL None CIDADE ALA
178384,RUA RUUGUAI 1991 SEpTR 13
1022414,RúA BURITIZAL 6 MONTE DAS DAS OLIVEIRAS
559332,RUA çáCOAL 102 SOBRAL SOBRAL
373874,RUA 351 180 PARQUE INDUSTRIAL INDUSTRIAL fRANCREDO NEVES
1113257,RUxA HUeM None RUA Hn
1037336,RUA CEREJEIRA 32 MONTzE DAS 0LIVEIRAS
483813,RUA MARCOS GALVAO 1159 MARCOS GALVAO
189027,TREZE RhA DE MAIO 137 JARDIM ADNEIRANTE
330780,RUA BELA VISTA None UNIAO BANDEoRANT
1042145,RUA CINCO DE SETEMBRO 26 NOVA SPERANCA
766820,ESTRADzA D BARE 318 ESTRADA DA BARE
553831,AQURELA RUA 74 CNOQUSITA
751599,RUA SANTf0 AFONSO 93 ESPIITO ESPIITO SANTO
267890,UaA JACINTO 2955 ELTERONORTE
218048,ESrARDA DE FERRO MADEIRA MAMORE None TRIANGULO
1016185,RUA BOA ESPERANlvA 88 COMPENSA 1
727280,RUA SAO FRANCISCOTRES 1253 CANhTAuMA
798281,cRUA ANTONIO xERUDO MARTINS 1836 IARY
973063,RU A68 9 NOVw CIDADE
675941,RUA FONTE BOA 96 CENTbRO
887814,AVENIDA PEDRO TëXEIRA 89 DOM EPDRO I
544241,ExTRADA DO AVIRIO 122 AVIARIO
701691,ESTRADA BfC TOO2 2725 BOM JARDIM
605982,RUA TEOTONIO VILELA 82 SOBARL
995823,RUA APURINA 738 CONQUISTA NOVA
1092557,RUA RUs EPITACIO PESSOA 652 SAO LAZARO
307938,dRUA RUA TABAJARA 2823 LIBERDADE
955874,l179 11 NOVA dIrADE
961437,RUA 22 201 JARDIM MAUA
1121018,RUA TAVAwRES ISAIAS FILHO 36 SNTA ETELINA
673327,RDOOVIA âC 10 37944 yPROnETO HUMAITA
561751,RUA CONQISTA 589 GERALDO FLEMING
434836,RUA AGIVOTA 1788 SETOR 01
1072113,RUq DEZESSéIS DE OUTUBRO 235 rJORGE TEIXjEIRA
652111,BEgCO JORGE ëSCOCIO DE FARIAS 61 ANA ALVES VIEIRA
164431,ILNH A3 310 G
807482,RUA GENERAL GENERAL GENERAL CARNEIRO 129 BAIRRO COLONIA
906708,PROFESSOR NILTON LINS 877 FLORzES
953482,RUA 15 DE AGOSTO 376 JORGE TEIXEIRA 4 ETAPA
433401,AENIDA AENIDA CURIO 1226 SETkOR 04
316703,RUA VIRGEM 11780 PORTO VELHO
279049,uRUA |UIS DE CAMOES 7113 PORTO VELHO
948832,URA1 0 462 ALVORADA
789707,RUA POR DA LUA 514 NOVO AMAHECER
337264,RUA INDEPENDENCIA 2703 CpêNTRO
149426,RUO  248 AMRIO ADREAZZA
928865,BECO SAO JOSE 52 PETROPOLïcS
524440,RAMAL FEIJAO INSOSSO 21 RAMAL FEIJAO INSOSSO
151457,RUA RANIERI RANIERI MAZZILLI 385 RIACHUELO
332869,SITI ODpONA IRENE MAE DO ZENILSO None ENILSSITIO DONAI RENE MAE
398758,RUA MONTkEIRO LOBATO 4054 CENeTRO
378201,RUA IVAN MAXIMO ALVES OcU 844 6228 ALTO ALEGER
708411,AVENIDA RAIMUNDO PEREIRA 1309 NOSSA SENHOR DE FAcTIMA
431578,AVENIDA TANCREDONEVEa 1927 CENTRO
567277,RUA OD AREIAL 1216 ARAELp
462167,RUA JOSEd SOARES 1098 çRISTOR EI
856368,AVENIDA AYRAO 1469 ENTR
386277,ISABEL RUA PRICNESA 72 CENTO
198301,RUA CARLOS GOMES 1541 PIMENTA NpVA
200264,RUA SNIAI 1053 JARDIM DAeS O|IVEIRAS
565752,DAS PALMEIRAS RU 118 TANCpREDO NEVES
935126,BECO SA BRAZ 12 COLONIAn OLIVERA MACHADO
291822,RUA PAULO LdAL 449 CENO
1098294,RUA FRREEIRA PENA 803 çENTRO
925609,BECi 18 COLONIA SANTO ANTONIO
520899,AVENIDA JAPIIM 3 CNETRO
342940,AVENIDA DAS CEREJEIRAS 7003 BOM JARDIM
581367,RUA JOSE DE MELO 395 CëNRTO
224577,RûA ALGODOEIRO 3620 ZONA ZONA ZONA SUL
669934,RUA SAO JOA0 O GUARANI 353 wIBERIA
800327,RUA COARI 3474 SAO FRANCISCO
224572,vtUA ALGODOEIRO 3610 ONA SUL SUL
471539,LINHA AP 18 33 VALE DO NARI
972372,RUA 6 371 ALVRADA
918992,BECO DOIS IRMAOS 225 COLONIA MACHADO OLIVEIRA
459232,ALDEAI MOROR PELADO 1 FRANCjISCO
31942,RUA TRES MARIAS 5069 RURA
766467,AVEINDá FRANCISCO PEREIRA DE SOUZA 622 CENTRO
347499,AgENIDA RECIFE 4300 CENTRO
1145814,RUA LIRIO 51 TANCREDON EVES
801495,RUA FRANCISCO ATAIDE 43 IRsY
70366,RUA FOTRALEZ 1148 CENTRO
521618,RUA 31 DE MAIO 341 CENyTO
608316,RUA VALDOMIRO LOPES 1740 GERALDO FLEMING
983169,RUA áGUARETE 19 COLONIAT éRRA NOVA
947380,RUA RUA 1 None MANAUS
106877,sVNEIDA RIO BRANCO 1262 SETOR
1113111,RUA HUvO DE ABREU 22 iROADO
439054,LíNHA 627 69 Nhoe
380489,RUAe OITOCENTOx E DEZESSEIS 6791 ALTO ALEGRE
899271,AVENIDA URIAPbURU None COROADO COROADO
1130011,RUA JERUSALEM 20 MAUAZINHO JERUSALEM
1130500,RUA JESUd DE NAZARE 68 CzOLONIA TERRA NOVA
745941,RUA FRANCSCO CAETANO 20 ITAMAoRATI
765221,RUA FRANCISCO BARBOAx None NOVA ESPERACA
958742,RUA 2 DE NOVEMBRO 5 REDENCAO
293826,RUA RUA PeIAU 5800 ALGOw
1144900,RUA LESOTO 85 CIDADE NOVz
1151711,RUA MAGNETRON 144 ARMANDOM ENDES
1009048,RUA BAûRU BAûRU 115 COOLNHA TERRA NOVA
1080437,RUA DOIS 76 AoVOeADA
996772,RUA ARARAQUARA None GILBERT0 MESTRINHO
470209,qAVENIDA TANCREDO NEVES 4871 CEmNTRO
654007,RUiA JOAO fFELISMINO MAIA 385 AN AALVES VIEItA
837894,RUA MANOEL BARROSO 3238 LIBERDAD
712618,RUAj BEIRA RIO 1764 PRAIA DO GADO
830970,AVENIDA AVENIDA PADRE RAFAEL 530 CENTRO
291380,RUA PAULO FORTES 5854 APONIA
896756,TARUMA AVrNIDA 1734 PRACA 14 DE JANEIRO
718504,AVENIDA GETULIO VARGAS 1026 CENTRO
429166,RAMãL 55 w None CANDEIAS DO JAMARI
45822,RIO DE AVENIDA JANjEIRO 768 NdOVO CACOAL
63477,RUA PROFESSORA MARIA LUCIA DA SILVA MULLER 3015 RESIDENCIAL PARQUE BRIZON
841247,URA VIRGILIO BAReOSO ALEXANDRE 1462 wOA JOSE
356525,TRAVESSA ARTIANw 6062 JARDIM TROPICAL
174245,LkNHA LU 8 21 MACHADINHO DO OEeTE
190525,LINHA 16 None SENTIDO mJARU
137105,RUA DA FORTUNA 1979 HABITAR BRASIL
160331,RUA PADRE FRANCO 958 NOVA COLINA
714936,RU RUA TIAO LEITE I 751 O GADO
485239,TRAVESSA AMEoIA ROCHA DE SOZA 118 CENRTO
374213,RUA 743 743 None SEOTR SEOTR 28
1141155,RUA tL 158 CDADE DE
746076,RUA FRANCISCO ROrCHA DE CAVRALHO None TAUA TUA MIRIM
939971,BECO VISCONDE lORTO ALEGRE NO 1574 1574 PRACA 14 DE pJANIRO
1140582,RUâ L 4 PARQUE DE ONVEMBRO 10
622651,TRAVEmSSA C C None JOAO DEUARD0 II
1136109,RUA JOSE FLORENCIO 49 EPTROPOILS
175957,RODOgïA RO 133 116 DISTRITqO  BEC
157132,RUA VILAGRAN çABRITA 1908 CAA RETA
241142,RUA CASA DE SAUDE NOVA ESPERANCA 5220 CASATHEIRA
72175,RUA POTO AEGRE 1992 CEgTRO
1141973,RUA LAES 30 GILBERTO MESTRINHO
852856,DO ADALBERTO AVENDIA VALE 156 BETAbIA
1142959,RUA CAVALCANTEt LAURO 232 CNETRO
551502,fUA ALEXAgNDRE FARAH 40 BOSQU
162875,RUA SAO SAO PAyLO 2827 NOSSA SENHORA DE FATIMA
338215,RUA PEDRO DE OLIVEIRAg 3094 LINO ALVES TEIXEIRA
100644,AVENIDA PIMENTA BUENO 1203 hGUAAJRA MIRIM
506940,AVENIDA ANTENOR GUALBERTO 36 VILA SANTA ROSA
1130433,RUA JESSE ANTIGA RUA DA REPUBLICA 200 TANCREDO NEVES
516627,RUA wFRANCISCO PEEIRA 410 CENTRO
773852,RûA RUA CASTRO E SILVA 525 SAO FjRACNISCO
363408,AVENIDA CURITIA 3473 JARDI MDAS OLIVEIRAS
1043493,RUA CINQûENTA E DOI 21 CïDADE DE DES
161685,RUA SAO CRIST0VAOl 849 BAIRRO JADIM DOS MIGRANTES
307394,SOROCàBA RUA 5438 ZONA SUL
737598,RAMAL RAMAL PROJETO ASSETAMENTO PANELAO 73 PROJETO DE ASSENTAMENTO PANELAO
27099,RUA PãRANA 3977 SETOR 05
837194,RUA JOSEh AFONOS 1077 TERRA PRETA
658246,RAVESA CICERO MORREIRA 1801 JORGEA LVES JUNïOR
844306,CORONEL MDAEIRA 133 CEhNTRO
802279,RUA UM 2694 IRACY
485964,RAMAL METE BALA None METE BALA
931131,BECO SUL AMERIsCA A 6 GLORIA
619034,RUA SAO PEDRO 113 SORBLA
567814,RUA DO DO COC 302 MCOINHAMAGALHAES
874152,AVENIDA FLORIANO PEIXOTO 57 CENTRO
350483,AVENIDA SAi PAU|O None BOA ESPERANCA
1148003,RUA LOURO HITACHI 719 MONTE DAS OILVEIfAS
51886,RUA DOS PIONEIROS 3137 BAIRRO FLLORESTA
936938,BECO AlO JOAQUIM 10 MORR DA bLIBERDADE
1101467,RUA FRANCISCO BAMBOLE 6 MAUAZcNHO
168913,AVENIDA TANCREDO NEVES 3747 ETNRO
392283,AVENIDA ALONSO EUGENIO DE MELO 3425 SANTA LUZIqA
1025133,RUAC  VINTE E UM 1890 JAPIIM
1021423,RUw BRASILIAt 12 COORADO
33188,cRUA VITORIqA 2923 SETOR 3
763229,RUA INTNDENT EJOSE PEDRO 201 CENTO
20357,RUA GONCALVES cIsS 3956 SErOR 06v
1079283,RUA RU DOIS 12 CIDADgE
1137952,RUA JOSE VASCONCELOS 89 SAOJOGRE
914831,BECO CRAOLINA DAz NEVES 11 NOSSA SENHORA APARECIDA
1065016,RUA DAS LAJES 10 SAO JOSE OPERARlO
602501,RUA SzvO PAULO None DFESA CIVIL
902583,AVENIDA DESEMBARGADOR JOAO MACHADO 2730 PLANATO
970700,RUA 5 185 LAGO AZUL
859783,AEVNDIA BRASIL 662 SANTO ANTONIO
1005696,URA RUA B0M JARDIM 566 MqESTRINHO
404826,RUA D 3532 CNRTO
14395,cRUA CACAoAVA 4382 STêOR 09
30169,RUA RUBIS 2225 SETOR 25 DE DEZiEMBRO
861247,AVENIDA BURITI None DSITRITO
1083440,RUA jDOS BEM TE VIS 14 CIDADE DE DEUS
415581,pESTRADA LINHA 01 RIO PARDO 7 RURAk
932305,BECO VENTURA 20 ASNTà LUZIA
690378,RU AJULIO LOBO 251 BAIRRO ENGsHO
641054,AVENIDA DUQUE DE CAXIAS 350 RODRGUES ALVrS
338344,RjA RI BARBOSA 988 çENTOR
527865,RIO wJURUA None FAZENDA DAe CACHOEIRA
468930,ESTRADA LINHA C 1 OU BR 473 5 Non5
1136680,RUA JOSE 242 BELA VISTA
844897,ESTRADA DO CAAPIRANGA CAAPIRANGA 58 COMUNIDADE NOVA JERUSALEM
379363,RUA AMNOEL RERGIS C RODqRIGUES 455 RESIDENCIL HIPICA
683573,RsUA RBASIL None CENTRqO
122327,PIRES LAVO RUA 3176 JARDIM NOfO ESTADO
268273,RUA JACYPc ARANA 2114 MAT OGROSSO
28284,RUA R0JETADA 4134 BO BOM JESUS
131279,RUA BEIRA RI0 47 ûNIáO
575218,RUA FUTURO 115 AVkARIO
844750,COMUNIDADE SANTO ANTONIO 20 COMUNUDADE JERUZALEM NOVA
502120,RUA KILAB 79 VâRZAE
34836,TRAVES5A TAMARINDO 1740 ETOR 01
779910,BR 230 OUTROS ESTRADA TRANSAMAZONICA 1500 BR 203
358768,TRAVESSAO 92A 196 9 LINHaA 192 SUL
844980,ESTRADA MANOEL URBANO 51 BR AM 07j0
750260,RUA VIIERA MARTlNS None CHAGAS AGUIAR
84833,TRAVESSAO 16 37 SERRA GRANDE
880067,AVENîDA JAPURA 1563 PRACA g14 DE DE JANEIRO
320771,RUA GOVERNADOR VALADARES 3540 ZONA SUL
1071231,RUA DEtZéSSEIS 4 CIDADE NOVA 2
83392,AVENIA GUAPORE 8667 SAO DOMINGOS
119729,TRAVESSA TRAVESSA PRIMEIRO DE MAIO 2415 TARIANDIA
1106596,RUA GIRASSOL 179 CIDADE DE DEDEUS
306956,RUA SEVERINO 5IVLA 3366 CUNIá
260302,RUA GERALDO SIQUERA 2850 ZONA SUL
114782,RUA PARA 3454 SETOR 5
643181,RáMAL MARIANA 2 16 RODRIGUES ALVES
580441,RU JOAO PpESSOA 239 PORTAL DAu AMAZONIhA
886606,AVENIDA ONSSA SENHORA DA CONCEICAO 1012 JORGE TEIXIRA CIDADE DE EUS
499363,URA DO EMBIRz 55 CENyTRO
967907,4 RUA 480 ALVmORADz
656870,RUA SIQUERIA CAMPOS 1413 ANA ALEVS VIEIRA
696429,RUA aCLOVIS RODRIGUES GADELHA 274 SAO SEBASTIAO
957463,RUA 13 MONgE DAS OLlVEIRAS
388130,RûA 8216 5032 BaRAO MELGACO 2
1095523,RUA EURPIEDES 442 MONTE DAS OLVEIAS
227712,RUA ãNDREIA 6155 PORTOo
30256,Ryá RUI BARBOSA 3394 SETOR COLONIA
77798,DO GRANDE RUA SUL RIO 4559 CENfRO
787796,RUA D 328 ALTO dDE NAZARE
3558,AVEjIDA SAO PAULO 3628 CyENTRO
575989,RUA GONCALVfS DIAS 440 PLqCSA
583019,RUAd LAGOINHkA 290 BAHIAt
778091,RUA TIRAiDENTES 1820 SAO SAO CRISTOVAO
1040969,RUA CoNCO CINCO 475 JORGE mTEXEIRA4  ETAPA
96634,AVENIDA DONATO DO PATROCINIO OU QAURENTA E NOVE 4969 JARDíM DAS ESMERALDAS
1096865,RUA FF  54 ARMANDO MENDES
397412,AVENIDã MARECHAL MARECHAL RONDON 1256 CéNTRO
754821,RIO SOLIMOES 3 COMUNIDADE NOSSA SENHORA DA CONCEICAO
607795,RAû URANO 174 MORADA DO SOL
1002714,RUA  1 ALVORADA
148193,GROSSO MATO RUA 1203 CENTRO
784116,AVENIDA AMAZONS 272 CENRTO
983247,RUA AGUASM ARINHAS None TAgNCREDO NEVES
597063,RUA PROJETADA 25 40 RUI LION II
263538,RUA GUIANA 2925 PORTO EVpHO
71465,RUA NOdVA ZELANDIA 1776 CENTRO
251657,RUA DUARTE DA 1674 SAO SEBASvTIAO SEBASTIAO
151429,RUA RAIMUNDO GOMES ALVARENGA ALVARENGA 2618 NOVO JIPARANA qJIPARANA
109176,RUA RUA ANITA GRIBALDI 3389 iSETtOR 06
54155,RUq JOAO PAULO I 6457 RIOZINHO
962609,AGOSTO RjA DE 24 66 MORRO DA LIBERDADE
103852,AVENIDA MARECHAL DEODORO 1663 GUAJARA GUAJARA
418166,TRAVEmSSAO DA C22 PARA C18 B 28 UIITS
926537,BECO RIO BRANCO 77 PRAC 14 DE JANgEIRO
264713,RUA HORTELA 324 MARCOS FREIRE
734087,RUA lGPO ACU 338 NOVO HORIZONTE
892058,AVENIDA RIO BRANCO 932 SAO RAMIUNDO
296081,RUA PORTO ESlrRANCA 7217 LsAGOINHA
288495,UA yNUNES MACHADO 3925 COSAT E E SILVA
194275,AVENIDA GûARvARAPES 1122 VILA NOVA
956886,RU 189 15 CIDãDE NOVA
995800,RyA APkURINA 131 TANCREkD NEVES
543774,ESTRADA Dáo USINA None DO SOL MORAsDA
377838,RUA GONCALVES DIAS 214 fNETRO
125231,AVENIDA GUANABARA 331 SAO FcRANCISCO
614293,RUA NOSSA SENbOAR DE FATIMA 27 NOVO çALAFATE
828003,26 K RAMAL 122 ASSENTAMENTO PASSIA PASSIA
243711,UA CLOVISg MACHADO 3235 JUSCiELINO KUBITSCHEK
86089,UA AMAPã 3053 VISTA ALEGRE ALEGRE
886445,AVENIDA NOEL NUTELS 2970 CIDADE N0VA
601356,RUA SAIM FAHAT 363 15 BIARRO
24117,RUA MAEIO 2921 3
1003116,RrUA B 14 JO5E SAO OPERARIO
180838,AVENIDA JORGE TEIXEIRA DEOLIVEIRA 1375 JARDIMNOVO HOfIZONTE
742010,EeTRAAD DO CONTORNO 696 ITAMARATI
274705,RUA DE ALENCAR JOSE 2381 CENTRO
515791,RUA ALTINO RODRIUGE SDA COSTA 341 BELA VIT$A
1109002,RUA GUARAPUAVA 264 MONTE DA$ OLIgEIRAS
217512,CONDOMIgNIO VILA BE1A 6053 TRES MâRIAS MâRIAS
995902,RUA RUA RUA ARACA DA PRAIA 63 MONTE DAS OLIvVEIRAS
462462,LINHA 04 4 ZONA RAL
659547,RAMAL FAVO Dé MEL 7 FAVO FAVO DE MEtL
147522,RUA MARINGA 727 NOVA BtRASILIA
314621,RUA VENEZUELA 1052 NOVA PORTO VELHO
180094,AVENIDA DANIEL None AJRDIM BANDEíRANTE
449178,RUA SETED SETEMBRO 3117 02
744881,RUA DkSI 34 UINAO
778268,RUA VINTE E SEIS DE MARCO None CENTRO
48798,RUA ANTONIO DE PAuyLA NUNES 1317 CENTRO
65210,LfNHA 08 None LINHA 8
388084,gUA 16 141 NOVA CONQUISTA
164953,LINHA 94 None PR0JETO
43683,AVENIDA JUSCELINO KUBITSCHEK 291 NOVOy HROIZONTE
823402,RUA OS PADRES 947 BAIRRO DA FOgNTE
539986,PEDRO ROSENO 135 PEDRO ROSENO
873619,aAVENIDs F 2 PARQUE 10
907253,AVENIDA PROFESSOR NILTON LINS 3856 FORëS
796521,RUA 17 DE JULHO 1133 EDUARDi BRGAA I
812911,RUA AMAZOAS 118 VILmA DE LINDkOIA
71670,RUA PANAM 2115 CENTRO
280297,RUA MAGNOIq 3725 dOCNEICAO
50487,AjLVES CASTRO RUA 2008 JARDIM CLODOALDO
787843,RUA DA CASTANHEIRA 471 SAO JOSE
888550,AVENIDA PENETRACAO UM 1539 JAPIIM
388731,AVENIDA JUSCELINO KUBITSCHECK 2115 BAIRRO PLANALTO
138599,RUA DO JASMIM 2419 BAIRRO BAIRRO SANTIAGO
191255,LNIHâ 71 4 SENTIDO JARU
184507,RUA GETULIO VARGAS 416 UINAO
458335,RUA ITRADENrTES 3484 CIDADE BAIXA
111723,RUz INES BATISTAO NêTO 3168 SETOR 08
493169,AVNEIDA LAUROMULLER 263 onë
200452,RUA NOVE DE JULHO 1191 ALVORADA ALVORADA
809122,TRAVSESA SET EDE SETEMBRO 3250 PRAINHA
756584,RUA gGETLIO VARGAS 321 CODAJAS
328102,RAMAL SAO OAO BATISA 1 PORTO
1108751,fUA UGAPE 150 JORGE TEXEIRA 4 ETAPA
140397,RUnA FaEIJO 1630 RIACHUELO
815181,RUA ANTONIO GRACIANO DE FARIAS 563 SAOTOME
102032,AVENIDA TOUFIC MELHEM ABICHABIKI 3633 GUAJARA MIRIM
700577,RUA TORQUATRO JORDAO 1010 TERRA PRTEA
674545,RUA JOSE DE SOUZA MOTA 241 VIlLADO V
404619,RUA ANRDEIA KUNZLER 3808 ALTO PARAISO
253602,RUA EMILI jOFEITOSA 3310 BAIRRO CIDAfE DO LOBO
818605,RUA WALTER WALTER SMITH PEREIRA 49 JURyUA
765730,RUA SANTA MARIA 55 RODOVAIRIO
1143851,eAU LEOPOLDINA None GILBERT MESTRINHO
1108625,RUAGUANBAARA 367 VILA rA RPATA
322797,RUz LEONARDO PASTOR 3651 CIADDE NOV
1093717,RU AESPERANCA 555 COLONHA TERRA NOVA
897243,AVENIDA TEFE 625 CENTRO
89870,RUA RIO GRANDE DO NORTE 1235 VISTA ALEGRE
686519,VICINAL VICINAL TRAVESSA 2 13 VICINAL TRAVESSA 2
936345,CBEO SAO FRANCISCO 1 44 AUAZINHO
1016940,RUA BOA VgIDA ANTIGA RUA AMAZONAS 226 çORODAO
415723,ESTRADA dARACURA 22 PA BURITI
662952,RUA JOAQUIM TEXEIRA DE SOUZA 130 SENAtDiR POMPEU
764533,BORBA JOAQUIj AVENIDA None CETR0
245263,RU 6836 CASANyHEIRA
825422,RUA VINTE E DOIS DE OUTUBRO 3048 BAIRRO DE FATIMA
262758,RUA GUNABARA 1285 N0SSA SENHORA DAS GRACAS
1144266,RUà LEOPOLDO CARPINTbEIRO PERES 566 BAIRRO PETR0POLIS
1059333,RUA DA PAZ 123 CHAPADA
406014,RUA ROhDONIA 3702 Nohe
217605,CONDOMINIO VILA BêLA 6053 TRéz MARIAS
64421,TRAVESSA VINTE E SEIS DE NOVEMBRO 1516 JARDIM VISTA ALGRE
941126,ESTRADA DA PONTA NEGRA 2104 PONTA NEGRA
793716,AVENIDA ARMINDO AUZIER 1504 SANTO ANTONIO
1041722,RUA CINCO DE JNOH 46 CiROAO
1122521,RUA ITAPIPOCA ITAPIPOfA 206 COLONHA TERRA ONVA
848024,F. SOjZA LUCAS RUA 32 CONJUNTO NOVO
56616,RUA MANOEL MESSIA5 DE ASISS 1237 TEIXEIRAO
623316,TfAVSESA CEARA None SOBRA
259650,RUA GASOMETRpO 1533 PORTO VELHO
927066,jSALUSTIANO 35 BETANIA
509243,RODOVIA BR 364 16720 VILA VILA VILA LAGOINHA
921071,BECO mImDIO AJURICABA None ZMBI DOS PALMRES
250925,RUA DOS ANDRADES 9323 SAi FeANCISCO
161677,RUA SAO CRISTOVAO 770 BAIRRO JARDIM DOS MIGRANTES
724620,RUz ANTONInO MACENA 405 LUZIz SANTA
1130963,RUA JOAO ALFREDO 159 SAO SAO GERALDO
917684,BECO DA SORTE 388 ApVOReADA
342412,AVENIDA CEILIA MEIRELES 6194 CIDADé AoTA
788450,RUA FREDERICI EBLING 24000 MORADA DO SOL
489409,RyAF RANCISCO CORDEIRO DE ANDRADE 1520 CONQUISTA
511387,RUA AMAURI RIBEIRO 250 BELA VISTA
554007,RUA ARCO IRIS 146 VITORIA
578730,RUA ITUXI 52 PORTAL DA AMAZpNA
299524,RUA REVERENCA 1897 MARgIANA
20624,RUA GREGORIOw DE MATOS 3510 SETOR 
468792,ESTRADA LHTN1 hR 473 565 ZONA URAL
1002312,URA AYRAO 36 PRESIDENTE VARGAS
991361,lRUA AMETíSTA 51 TANCREDO NêVES COMUNIDADE NOVA FLORESTA
629414,TRAVESSA MORANGO 100 CADEA VELHA
885197,AfENIDA MIRRA 142 JORGE TEIXEIRA II ETsPw
850698,ALBaANIA None PONTA NEGRA
64053,TRAVESSA ADS FLORES 188 CACOAL
496595,RUA ALITA 2900 ABIRRO VINTE E CINCO DE AGOSTO
666367,uRODOVI ABR 364 25 CORçOVADO
900544,AVENIDA BIkSPO PEDRO MASSA 87 CIDADE NOVA
469907,kINHA Tj 28 None RUAfL
871840,AENIDA SALES None ALEIXO
292966,RUA PERCY HOLDER 3914 CIDDE DO LOBO
385333,RUA UM MIL QUINnENTOS E SEIS None CRISTOR êI
92738,LINHA 15 15 None ESPIGAO DO OnESTE
1026409,dUA CAJARANcA 30 CIDADE NOVà
847232,RUA ABILIO CINTRA 377 CENTfO
162481,RUA SAOP AUOL 16 NOVA BRASILIfA
660429,AVEjIDA AVELINO LEAL 1211 COPACBANA
293652,RUA PETROPOLIS 2710 H0RIZONTE
796469,RAU 12D E OUTUBRO 4070 SAO CRI$TOVAO
621558,TbRAVESSA ASSIS BRAeIL 63 VLIA ACREx
277891,RUA LBIERO 3354 COSTAE SILVA
210410,AVENIDbA MEXICO 3253 EMByRATEL
1008987,RUA BARU 7 JORGE TEIXEIRA
556499,RUA BELEM 655 NOA ESTACAO
502001,RUA JOSE AUGUSTO DE RAiJO None ILA RsICA
471737,RODOVIA 133 3910 VALE DO ANARI
933640,BEçO PADRE FRANCISCO 21 COROADO
150209,RUA PâSOS 79 PRIMAVERA
718927,AVENíDA CNOEGO BENTO 36400 RECREuIp
923943,BECO MULTIBRAS 18 ARMANkDO nENDES
1057960,RUA DA PASSAGEM None PETOPOLIS
608554,RUA VALERjIO MAGALHAEaS 419 BOSQUE
775259,DOS CABOS RUA 1778 CRISTOVAO ASO
1105432,RUqA GERoGELIM 355 2 PAULOJ ORGE TEIXEIRA JOAO
283046,RUA MARIO ANDREAZZA ANDREAZZA 9185 SAO FRANCISCO
905633,AVENIDA PRESIDENTE COSgA E SILVA 1149 RAIZ
949160,RUA 108h 28 NOVA CIDADE
1116111,RUA 7 NOSSA SENHORA DAS GRACAx
834458,RUA ACROLINA FERNANDES 1475 SAO JOSE
1019913,RUA BRAGANTINA 1729 REDdNCAk
1112822,RUA HONORIO JANUARIO 3 BAIRRO DA PAZ
907757,àVENIDA SAO JORGE 384 SAO JORGE
1016134,RUA BOA ESPERANCA 54 COLONHA TERRA NOVA
1021859,RUA BUGANVILEAS 12 TEIXEIRA 1 JORGE EuTAPA
695442,MARIUá AVENIDA 2365 NOSSA SEhHORA SEhHORA DE APARECIDA
138929,RUA DOS ACADEMICOS 1370 PARQUE SAO PERO
843287,TRAVESSA ACARIQUARA 809 SAO JiShE
266682,RjA ISRàEL 405 NACIONAL
390847,RUA PRESBITERO JOES VIANA 2356 BAIRRO CRISTO REI
883560,AVENIDA BORBA MANOEL GATO 337 DOM PDERO2
1037315,RUA CENTRA LPARK 498 BAIRRO SAO FRqNCISOC
127823,AVENIDA MARECHAL RONDON 2698 DOIS DE ABRIL
24555,RUA aMARACANA 775 DOIz DOIz
463006,nLINHA6 26 ESRINGUEIuRAS
720148,RUA PROJETADA-SAO JOSE 6 SAO OJ5E
1143042,RUA LEAO DE JUDA 5 COLONIA TERRA NOVA
233526,RUA BARAO DO AMAZONAS 8408 FRNACISCO
908753,VAENIDA SENADOR RAIMUNDO PARENTE None ALVORADAu
999547,RUA ARTUR NETO 65 SAO JOSEd OPERARIO
31037,RUA SEM DENOMINACAO 10 142 wETOR GRANDES AREAS
70603,RUA JOAQUIM CRADOSO DOS SANTOS 2145 CENrRO
153727,RUA fIS DE MAIO 2071 CASA PRETw
838646,RUA MODESTO BARROSO ALEXANDRE 1151 BIRIBIRj
825859,RUA VINTE E QUATRO DE AGOSTO 4711 VILA FALCAO
1013926,RUA BENEDITO LIRA 146 GILBERTO MESTRINHO
171551,RUAhM ACAPA 3821 CENTRO
692082,OCjUNIDADE PIRAPITINGA 4 CiOMUNIDADE PkRAPITINGA
1018946,RhA BOM PASTOR 9 SANTA ETéLVINA
650756,RAMAL ETROLINA 2241 NOVz NIAO
629157,TRAVESA MAUA 53 JOAO JOAO sDUARDO
769197,RUA RODyRIGUES 580 CENTRO
58260,RUA IAUI PIAUI 599 NOVO CAdCOALp
560948,RUà çEDRO 523 PORTAp DA AMAZONIA
523012,RUA PORFIRIO PONCIAO 370 CENTRO CNETRO
257191,RUA FLORES DA CUNHA 3953 COdTA SILVA E
70155,RAU FERNANDO DE NORONHA 460 CENTRO
856443,AVENIDA AAYRO 2175 CACHOERINHA
638328,RAMAL RAMAL ZEZE 4139 BLEO JwRDIN
319949,RUA DOUTOR GNDIM 5589 CASTANEIR
819877,RUA CIECROk TUCHAUA None CENTRO
732995,AVENIDA AwDAIL DE SA 1046 CENTRO
869969,AVENIDA BATISTA DJALMA 3000 PQ DEZ NOVEMBRO
546037,RAMAL DO CANOAL 91 SANATM ARIA
449432,VALDI VALDI EUGENIO RUA 2565 SETOR 02
816816,RUA SAO vRANISCO 29 CENTRO
960649,RUA 215 19 NOVA CIDArDE
437083,LINHA CA 22 None acONA RURAL
955274,RUA 17 15 CIDADE NOVA
931690,BECO TREZE Dê MAIO 25 DISTRIT0 INDUSTRAL 1 E 2
99826,AVENIDA NOSeA xENHORA DE FATIMA 3631 GUqJRAA MIRIM
44937,AVENID PORTO cELHO 2073 CiENTRO
80785,RODOVI o370 2 ZONA RURwLA
51466,RUA DOS COMPONENTES 1544 SOCIEDADE BELA VISTA
541628,BECO DO GAUCHO 41 OMARw
947725,RUA 1 39 COROADk
333193,SITIO SAO FRANCISCO SERAFIM None BAIXA VERDE
688469,RúA 28 xE JULHO 73 JAVARI PALMERAS DO
218724,ETSRADA D CANIL 6435 NACIwONAL
660493,AVENIDA AVELINO LEAL 1870 COPACABAAN
684780,RUA RO fOS POMBOS 448 CENTeO
728605,RI ODA PADARIâ 1 PArARIA
247680,DAS ASSOCIACOES ASSOCIACOES 2756 COSTA f SIVLA
529484,RUA FRANCISCO CARNEIRO DE BARROS 1812 TAMUAeTUGO
951292,RUA 13 151 CIDADE NOVA
775752,RUA FRANCICO OELHO NETO 1502 NOVjA HUMAIbTA
98492,AVENIDA JOSUE TEIXEIRA DA SILVA 3290 GUAJARA MIRIM
799602,RUA BORBA 3434 SAT ANTONIO
1043086,RUA CINQUENTA 84 NOVO ALEIXO
1130479,RUA JEUS DE NAZARE 3 NOVO ISRAEL
409042,AVENIDA PORTO VELfH 2399 dETOR 4
4273,RUA GOIA$ 3347 PRINCESA IABEL
220895,RUA ABILIO NASCIMENTO 5049 CASTANHEIRA
259194,RUA FRANKLIN VICTOR 4183 TIeRADENETS
995377,RUAA POCALIPES 52 DE NOSSA SENHORA 1 FATIMA
1132160,RUA JOAqO PAeULO 17 COLONIA ANTONIO ALEIXO
1148685,RUA bLUIs ANTONY 651 NOSSA SENHORA APARECIDA
579069,RUA JAIME PEREcRA 109 BELAxVISTA
684704,RUA RIO ACARI 565 ENTRO
844416,TRAVESSA SAO SAO GERALDO 1687 SAO FRANCISCO
1091523,RUA EMILIOMOREIRA 247 CENTR0
284831,RUA IGUEL CHAKIAN None NOVA PORTO VELHO
136151,RUA CRICIUMA 673 JORGE TEIXEIRA
1062884,RUA DA SACACIAS 28 RAIZ
712890,RUA BL23 None PIQUIA DO PLAT
76372,UA FERNAO DIAS 4521 SANTA LUZIA
251945,RUA 5419 FLODOALDO PONTS PINTO PINTO
918455,BECO DO CARVALHO 500 APARECIDA SENHORA NOSSAy
698089,RIOMARAR None COMUNIDAxrE FLORESTA
549861,RUA ABRAHIN FARHAT 57 VILA IVONETE
227201,RUA ANARI 5929 ELDORADO
975567,RAU 9 47 CIDADE NpVA
243275,RUA CLARA NUNES 7152 PORTO VELOH
461101,AVENIDA DOS PIOpNEIROS 492 CRISTO kERI
62877,RUA PRESIDENTE ARTUR DA COSTA E SILVA 1671 JARDIM CLODOALDO
775211,RUA DOS ACOS 1507 SAO FRANCISCO
1085103,RUA DOS TREVOS 29 JORGE TEIcEIR A1 ETAPA
786047,2 44 CACAU PIREIRA
279608,RUA fxMACA 6187 SUL ZONA
175338,pImHA SM E13 45 MACHADINHO
100581,AVENIDA PIMENTA BUENO None xENTRO
142535,HONORATO SPADAREj RUA 1492 PRIMAVERA
669992,ETwRADA DA BORRACHA None ESTRADD A BORRACHA
1088156,E RUA 8 COMPENSA
178603,RUAMARECHAL DEODORO DA FONSECA 1408 ESTOR 13
352164,RUA CORUMIARA 5213 CENTRO
315049,RAU VERA LUCIw 717 B FLORESTA
857251,AVENIDA BRRASSAdNO 12 CIADsE NOVA
364369,AVENIDA FIORINDO SANTINI OU 1515 2236 JARDIM PRIMAVERA
222928,RUA ALEXANDRE GUIMARAES 653 BAIXA UNIOA
1130538,RUA JESUS ME DEU 191 GILBERTO MESTRINO
602224,zRUA SAO hOAO 398 JOOA PAULO
586183,RUA MANOEL CESARIO 268 AVIARIO
60807,RUA URAPURU 1541 BAIRRO DO INCRA
617502,RûA SAO FRANCISCO 18 BAHIA
703796,LDEIASAO LEOPOLDO 60 ALDEIA INDIGyENA SAO LEOPOLDO
982643,RUA AFONSO PENA 543 fENTRO
329572,RUA 4 3BB 7 N0VA MUTUM
26518,aRUAOLAVO BILAC 3799 SETOR 06
977970,RUA A CJ DOS BANCARIOS 100 SANhTO ATNONIO
1005925,RjlA B39 966 qLVORADA
958470,RUA 2 743 ALORADA ALVORADA
513919,TRAVESSA DO FLAMENGO None BEIR ARI
405538,RUA PATRICIA MAIRNHO 3475 ALTO PARAISp
1127379,RUA JAPARA 190 JORGE TêIEXIRA
1023713,RUA C 122 FLOES FLOES
914090,BECO BURITI 12 MONTE DzS OLIaVEIRAS
338655,RUA FdEI FdEI HENRIQUE 2327 GONCALVES
502423,RUA MATO GROSSO 2267 CRUZEIRA0
1021061,RUA BRASIL 267 SAO ORGE
571339,RUA EL DmOURADO 23 BELO JADIM
1014290,RUA BENJAMIN CONSTANg 348 EROPOLIS
359587,RUA 7 28 SAmTA LUZIA LUZIA
458073,RONDNIA 2950 CIDáDE BAIXà
1087467,RUA DUZENTSO E SEIS 3 NOVA CIDADE
957586,194 23 NOVO ALEIXO
549484,A RUA None JOAO EDUARDO I
14577,RUA ACCAAPVA 5182 NOVE NOVE
197420,RODOVIA BR 364 570 ELA VISTA
60144,RUA SANTOS DUMONT 2462 NOVO HORIZONTE
612319,RUA CORONELJ OSE GALDIO 432 BOSUs
832979,RUA ANTONIO SOFIM 1641 LIelBERDADE
271641,RUA JOAO PEDRO DA ROCHA 2509 PORTO VEIHO
887078,AVENIDA iURO 255 çIDADE DEUS DE
102419,AVENIDA TREZE DE $ETEMBROi 1578 GUwJARA
835397,RUA EfMILSON TELLES 887 NOVp AMANACA
42098,AVENIDA DAS MANGUEIRAS 2394 JARDIM VSTA AELGRE
546276,RAMAsL MENINO JESS None AQUARI
560100,RUA dAMPO NOO 511 SOBRAL SOBRAL
735792,MANAQURI ESTRADA 141 A mM354
85288,AVENIDA SáO PAULO 2955 PACARANA
958959,RUA 20 53 CIDADgEj NOVA
303815,RUA SwNTOS DUMONf None PEDRINHAS
241883,uRUA CENTAURO 11798 PORTO VELO
560498,RUA CASTReO ALVES 32 BOSQUE
712008,BECO DO FRANCISCO 77 PRAIA DO GADO
756793,RUA RUA rJOAO PESSOA 961 CkDAJAx
341414,AVENIDA BELEM 5315 PLANALTO
65861,IjHA 11 None CACOAL
115237,RúA PERNAMBUCO PERNAMBUCO 1653 SEyRO 04
713342,RU CsURIO 167 PRAIA DO DO GADO GADO
896347,AVENIDA TARUMA 10 CACHOEIRINHA
797614,RUA ALVARO MAIA 2904 IRACY
256982,RUA 3513 CSTA SILVA
212282,RAIMUNDO CANTUARIA 8954 ZONA LESTE
14956,RjA CANOPS 3 RRUALg
546933,RODOVIA BR 364 5273 JARDIk 1 BELO
1094687,RUA ESgOIL 89 NOVA CIDADE
155562,RUA TIRADENTES 1219 JOTAO
518668,TRAESSA MEM DE SA 340 CENTRO
832698,RUA AMAZONINO MENDES 2005 CORRENTEZA CORRENTEZA
297222,RUA QUICHADA 1325 LAGOINHA
698894,RUA MARIA BELEM 117 SAO BENEDITO
321,AVENIDA AMAPA 4220 SANTA FELnICIDADE
637040,RAMAL GARAPEIRO 3526 POLO POLO BENFICA
405400,RUA MASSANGANA 3314 ALTO PARAISO
945711,RUA 03 27 NOVnA CIDADE
155018,RUA TARAUACA 3688 JORGE TIXEIRA
230656,RUA AQUARIO 11729 PORTO VELHO
500319,RUA DO REMANSO 1052 BAIRRO DO REMANSO
866894,AVENIDA CONTORNO NORTE 48 ARMANDO MENDES
643056,RAMAL DO CAXICA 12 RODRGIUES LAVES
743052,RUA ANTONIO GOUVEIA 104 PêRA 1
613510,RUA MJAOsR GUALTER 151 5OBRAL
1080000,RUA DOIS 42 ALVROADA
70550,RUA JOAQUIM CARDOSO DOS SANTOS 1325 CdNTRO
666754,RUA LUIZA R CUNA 17 CORCVOADO
380871,RUA OITObCENTOS E TRINTA E NOVE 1932 ALOT ALEGE
1089548,RUA CASSIA PISTOLO 77 CIDAEDN OVA
644925,RIO PURUS None COLONwA SAO FRANCISCO
643299,RAMAL PARANADOS 71 R0DRIGUES R0DRIGUES ALVêS
197092,SAO LUZ 584 NOVA PIuMENTA
176949,PALMEIRAS DAS RUA 3099 STEOR 13
944030,RAMALD AS CARAVELAS 14 zTRUMA
733166,RODOVIA BR 319 112 qLEGRE VISTA
923546,BECO MAA 15 oCâCHOEIRINHA
924609,BEnCO NOVE DE MAIO 29 SAO LAZRO
31956,RUA jTRIUNF None OVE
527380,UA MANCIO LIMA 160 CdNTO
157847,pRUA XAPiRI 536 PRIMAVERe
353293,UA JqGUARIBE 4710 CENTR0
808225,RUz SAO nRAZ 4209 MAMOUD AMEqD
596357,RUA PRIMEIfRO DE MAIO 395 06 DEv AGOSO
852095,ALAMEDA CRUZ CRUZ SANDOVAL 11 COROADO
882806,AVENIDA LINDON JOHNSON None PARQUE 10 DE NOVEMBRO
930157,BECO SEM DENOMINACqO 28 DO DO SINAI
651259,BR 317 RODOVIA 21825 noe
289916,RUA PADRE OSOfIO 189 CENTRO
371199,AVENIDA MAJOR AMARANTE 2319 CETRp
965152,RUA 3 6 COROADO
784793,AVENIDA SOLIMOES None BARRO ALTO
46019,AVENIDA SETE DE SETEMBRO 2551 CENffO
354556,RUA RUA RIOM ADEIRA 4048 BAIRRO
464849,AVENIDA JOSE MOREIRA DE MIRANDA 163 CENTO
35518,LINHâ ç 65 10 C 6h5
129077,RUA ApBINO BEKER 469 JARDIM AURELO BERNARDI
1100701,RUA FORTALEZA 208 NOSSA SENHORA DAS GRACAS
154378,RAU SETE DE SETEMBRO 587 URUPA
500002,RUA DO PARA 1561 BAIRtO DO REMNASO
607617,RUA UIRAPURU None PLCAS
438397,RUà SERINGEUIRA 9350 ENTRO
954759,RUA 16 218 CIDADE NOVA
205958,AVENIDA CAMPOS SALES 392 TUCUMANZAL
407501,105 ESTRADA LINHA Cx 1360 jone
814534,TRAVESSA DO PIQgIA 127 NOVO REMANSO
755237,RIO SOLIOéS 40 COMNIDADE xOA PEDRO DO TAUANA
705731,RUA çURIMATA 22 BAIRRO ANTONIO
1103397,RUAG  4 None AGUAS AGUAS CLARA5
289522,RUA DA COSTA 2610 PORTO VEpHO
348833,AVENIzA UIRAPURU 5351 BOA EePERANCq
973658,RUA 7 306 ICDADEN OVA
231544,RaUA AROfIRA 3965 ZNA SUL
162236,RUA SAO LUIZ 2763 NOVA BRASILIA
206891,AVENIDA OS IMIGRANTES 727 SAO SEBASTIAO
732574,RIO JURUA 1 MORRO ALO
431315,AVENIDA ALTINO MANOEL ED OLIVEIR 2495 CdNTR0
406717,ESTRADA LC C 90 42 ZgONA RUtAL
435779,RUA PICA PAU 1723 STEOR 1
63676,RUA SANTO ANTONIO 1946 BIARRO SANTO ANTObIO
880811,AVENIDA JOAQUIaM NABUCO 1166 CëNTRO
587687,RU AMARIA FRANCISmCA RIBEIRO 174 eCALsFATE
25901,RUAv MONTEIRO LOBATO 3867 SErO 6
343140,AVENIDA ESPIRITO SANTO 4303 BEIRAR IO
443298,wLINHA 03 MINERACAO 5 SETOR 11
846047,RIO SOLIMOES COSTA DOPARATARI II None CkMUNIDADE VALE DE BNCAO
1029121,RUACANLA 99 JORGE TEIXEIRA JOAO PAULO
977658,RyA A 14 147 ALVORAD
443001,AVENIDA PAU BRASIL 4870 CENRO
703658,ALDEI ANOVA CANA 17 ALDEIA INDIGENA NOVA CANAA
895094,AVENIDA SETE DE MAIO None NOVA CDIAD
620757,TRAVESS S. FILHO 52 CERMIcCA
360368,LINHA 180 LADO DIREITO 12 ZONA RURAL
483233,RUA JOwE FIRME 353 BAIRRO BAIRRO EDORADi
140094,RUA EGIoTgO 80 JARDIM DAS SERIGNUEIRAS
874269,AVENIDA FLORIANO PEIXOTO 215 CENTRO CENTRO
525927,JOAQUIM BqNDEIRA None MANUEL URBANO
72710,RUARIO GRANDE DO SU 2498 CENO
837256,RUA JOSE FRENANDE 1112 BIRIIRI
563666,RUA JUDlA None RECANTO DOS gqURITIS
950887,RUA RUA 13 5 NOVA CkDADE
1076026,dUA COMERCIO None COMUNIDADE DE ASO PEDRO
431677,AVENIDA TANCREDO NEVES 2655 CENTO
295414,RUA PACIDO DE CASTRO 9289 MARIANA
919631,BECO ESPERNACA 480 PLAALTO
425926,RUA çARLOS DRUMOND Ds ANDRADE 418 UNIAO
815691,RUA PADREPEREIRA 6 TERRA N0VA
346666,AVéNIDA PARANA 4086 BEIR AIO
368386,AVENIDA SEISCENTOS E SETE 667 PARQUE IND SAO PAUuLO
855968,AVNEIDA AUTAZ MIRIvM 11271 tJORGE tJORGE TEIXEIRA
763915,TRAVESSA UIO MARINHO 140 NOSSA SnENHOR DO PERPETUO SOCORRO
687221,RUA OTACILIO FRANCISCO 536 CErNTRO
581784,MARçOS LEITE RUA JOSE 118 BAIRRO BELO JARDIM 2 RESIDECIAL SANTO
1057060,RUA DA GLORIA 497 GLORIA
922680,BECO LEONARDO MALCHER 191 NOSSA SENHORA APARECIDA
148789,RAU MIGUEL GALDINO 280 JARDIM DOS MIGRANTES
251124,RUA DOS BURITIS1 4565 NOVA FLORESAT
1049425,RA CREUZA COELHO 48 ZúMBIf DOS PALMARES
232962,RUA AYRTON SENNA 99 AYRTON SENjA
253671,RUA EMILIO FEITOSA 3700 BAjRRO CIDADE DO LOBO
451375,AVdNIDA DOS PIONEIROS 416 AVENIeAS
496661,RUA ANTONIO ANTONIO COSTIRA 530 ALVqES
716834,IGARPE SlAO FRANCISCO 3 BOC DO AvRE
822576,RUA ALBRTO MARC0NDES 2814 PANTANAL
412364,RUA MjRANyE DA SERRA 2475 SëTOR 4
1133166,RUA JOAQUIM RIBIRuO 50 SA OFRANCSICO
538398,AVENIDA FLAVIANO pMELO 426 ANCREDO NEVES
75252,AVENIDA MARECHAL RONDON 3566 ECNTRO
112530,RUA JORG TEIXdIRA 3004 ESTOR 4
366351,AVENIDA MELVIM JONrS 1856 CRISTO REI
36432,RUA CRUZIR ODO OESTE 12 JARDIM PARAbA
1018772,RUA BOM JESUS 560 COROADO I
109363,RUA BEIRzA RIO 2753 SêTOR 03
1114163,RUA HUMBERTO DE DE CAMPOS 372 SAO SAO JORGE
577551,nRUA I 111 ILSON RIBEIR
86658,RUA BOM JESvS 2636 MORqDA SOL
1128190,RUA JARDIM OCEANA 60 FLORES
1106355,RUA GIRASSOL 14 COROADO
155747,RUA TRES IRMAOS 978 PARQUE SAO PEDRO
859720,AVENIDA BRASIL 351 ANTO ANT0NIO
66284,LINHA 14 None CACOAL
801954,RUyeA IPANEMA 4090 SAO CRISTOVAO
1127985,RUA JARDIM BOTANICO 41 SAO JORGE
551814,RUA ALVqARO ALVmES 50 CONJUNTO CASTLE0 BRANCO
743314,RUA ARMANDO CLEMENTINO 275 URhCU
883240,AVENIDA MANAUS DOIS MIL 1784 DISTRITO IDUSTRIAL 1
604874,RUA SETE DE SETEMBRO 172 ALTO ALEGRE
823724,RUA HENIRQUE MAQUES 1261 69830000
695719,ESTRADA DA PRODUCAO 215 SAO FRNCISCO
839273,RUA EPRNAMBUCO 13 CENTRO
739637,AREIAL AREIAL COMUNIDADE 280 RAMAL DO COBRA
673817,RUA DA PERA 376 VILAD O V
531353,RUA PROJETADA 07 168 TAûMARTzUGO
1098231,RUtA FERREIRA PENA 700 CENTRO
802819,VALERIO JOAO RUA 2082 PRINHA
321060,RUA MARECbHAL DEODORO 490 TUUMANZAo
700325,RUA ANDIRA None PONTA ALEGR
113095,RUA MARANHAO 840 STEOR
442786,RUA PADRE EZEQUIEL 3421 CENTRO
1152959,RyUA MAANQUIRI 414 COLONIA TERfA NOAV
237393,RjA BUENOS AIfES 901 NVOA PORTO VELHk
959612,RUA RUA 208 3 NOVA CIDADE
903330,AEVNIDA DUQUE DECAXIAS 1692 PRACA 14 DE JANEIRO
677221,RIOBAUANAt 9 JAUARITUBA
105010,RUA RUA 7 OU JOSUE TEIXEIRA DA SILVA 4101 hUAJARA MIRIM
507684,COMUNIDADE OLIVENCA 340 RIO
690374,RUA JULIO LOBO 241 BAIRRO ENGENHO
681357,AVENIDA PROFESSOR JANUARIO NAZARE None ANORI
338420,RUA SERGIPE 1015 NOVO RIACHUELO
625287,LAGO TRAVESSA TRAVESSA DO 55 BEL OJsADIM
289387,RUA RUA OSVALDO RIBEIRO None ZONA LESTE
1145261,RUA LIBRTADOR 54 NOSSA SENHORA DAS GRACAS
129171,RUA AMAPA 1321 VALPARIASO
469738,T08 LINHAn None None
54415,RUA JOAQUIM JOAQUIM URINI 4011 JOSlNO BRITO
917020,BECO DA PAZ 7 PRvESDIENTE VARGAS
599873,RUA RIO GRANrE D OSUL 2020 SOBRAL
838025,RUA MANOEL GONCALVES BASTOS 571 TERRA PERA
232736,RUA ATILIO LIMA 7222 ESCOLA POLICIA DbE
469328,LINHA A 4 11 Non
895371,AVENIDA SETE DE SETEMBRO 1251 CENRO
79771,RUA ANA MARTINS 2193 CENrRO
558364,RUA BOTFAOGO 969 BAIRRO DA PAZ
222215,RUA AGUIoDA UNIZ 3158 NOVO HORIZONTE
1071008,RUA DEZENOVE 257 CIDADE DE DEUS
1058491,RUA D APAyZ 11 COLiNIA SANTO ANTONIO
318672,URA CAPITAO ESRON DEM ENEZES 1486 ARAEL
502325,RUA AMTO AMTO GROSSO 1021 CRUZEIRAO
490770,RAMeAL CIMENTEIRA 1 4068 LOTE 13
1127630,UA JAPIM 8 JAPIIM
161374,RUA SANAI SABEL 1283 JARD MPRESIDENCIAL
574207,FORnOSA 719 NOVA ESTACAO
205776,AVENIDA CALAMA 7339 PORTO vfELHO
351696,RUA CAPIBARIBE 6070 SAO CRISTOVAO CRISTOVO
768008,RUA BOULEVARD ALVARO MAIA 4 15 SAO FRANCISCO I
243092,RU CLARA NUlNES 6220 PORTO uVELHO
115400,RUA PIAUI 1281 SETOR 02
351512,RUA C 6165 BOA ESPENACA
509299,RODOVIA BR364 2 ALDEIA KATUKINO
838760,RUA NINFAIDE CASTRO 1037 LIEBRbDADE
255206,RUA ESTOCOLMO 3340 CIDADE NOVA
566325,RUA DELFONSO DE ALMEID 435 ADALBERTO SENA
849087,LAGO DO TILuëIRO 71 pTîLHEIRO
102586,AVENIDA WALTER BARTkLO 39 SURPREjSA SURPREjSA
645985,RUA BATISTA DE MORAES 875 SAO FRACNISrCO
1148469,UA LUIZ ANTONY 1 CENTRO
714478,RUA PRIMEIRO Ds MâIO 1764 CêNTRO
181493,AVENIDA MARECHAL RONDON 675 jjCRA
791622,COMUNIDADE ACAJATUBA 25 SAO THOME
580186,RUA JOAO MAURICIO DA ChNHA 245 RAîMNUDO MELO
828262,RAMAL 2 80 P A MONTE 1
751868,COMUNlDADE ABICO 2 RIO TAMBAQUI
654327,RUA JOSE SOARES DA SILVA 116 BAIRRO VITORIA
920605,BECO GUsANABpARA 124 SANTA LUZIA
397135,AVENDIA hSETE DE SETEMBRO 5140 CENTR
494972,SEM DENOMINACAO 31 FORMOSO
718374,AVENIDA GETULIO VARGAS None çENTRO
210928,AVENIDA PINHEIRO MACHADO 2863 SAO CRISTOVAO
742861,RUA AMqZONASy 61 ITAMARATI
498755,RUA dDJALMA iDUTRA 258 CcENTRO
35892,LINHA x 80 1 ARIQkUEMES
102197,ABICHABIK AVENIDA TOUFIC MELHEN 5202 JARDIM DSA ESMERwLDAS
229543,RUA ANTONIO MARIA VALENCA 7320 PORTeO VLHO
13235,RA AUSRTIA 3136 JARDIM EUROPA
434947,RUA GARCA 2499 SfTOR 07
811283,RAMAL BARCELONA 2 52 fAMAL DO BARCELONA
833291,RUA AUXILIADORA VASCONCELOS 962 LIBERDãDE
1007990,RUA BARREIINHtA 300 SAO JOSE OPERARîO
1104619,RUA GALILEU 91 COMPENzA
339581,LINHA SEGUNDA None VILA CAMARG OCAMARGO
1028940,RUA CANDID0 HONORIO 165 ALVORADA
775149,RAi DO MAIR 743 NOVO yECNTENARIO
248100,RUA DSA FLOeES 764 LORESTA B
859166,AVENIDA BSIL None COMPENSA
1035201,RUA CINQUENTA E E CENTO SETE 73 CIxADE NOAV
1027916,RAU CAMPOS SALES 17 NOVO IeRAEL
632986,TRAVESSA CUZ 331 AVIARIO
205967,AVENIDkA CAMPOS SALES 484 TUlI
776558,RUA MANICORE 2631 SAO SEBASTIAO
3588,AVENIeA SAO PAkULO 3948 ETRO
515866,RUA ANTONIETA S MACAMBIRA 181 GEN INyUNES
17384,DA SRUA SAFIRAS 1800 SEOTR 25 DE DEZEMBRO
792897,RIO COSTA DO CATALAO 990 COM COM NSSA SENHORA P SOORRO
1046640,RUA COLIBRI 5 COROADO
101102,AVENIDs AVENIDA PRIMEIRO DE MAIO 5665 GUAJARA MIdIM
1027050,RUA CAMMILA 133 JORGE TEIXEIRA tJOA OPAULO 3
103728,AVENIDA DUQUE DE CAXIAS 2014 GUAJARAna MIRIM
36944,RUA RO257 3 BR 257
1033884,RUA CASTRO ALVES 135 âLEIXO
833270,RUA AUGUSTO LEMOS COELHO 639 TEfRA TEfRA PRETA
891274,AVENIDAEAL 424 E INDUSTRIAL 2 1 DISTRITO
652729,RUA ANTONtIO CARLOS PREEIRA 1070 SCU
50120,RUA C 4937 JARDtIMVITORIA
874610,AVENIDA FRANCISCuO QUEIROZ None COLONIA SANTO ANTONIO
600136,RU ARIO GRANDE DOo SUL 3430 AERpPpRTO VELHO
855300,VENIDA ATROARIS 74 CIDADE NOVA
1126236,dyUA JAKARTA 83 NOV CIDADE
631692,TRAVESSA SANTO SDRMOND 748 CONJUNTO ESPERANCA
895040,AVENIDA SAO VICENTEv 182 SA OnLAZARO
360986,LINHA TRAVESSAO DA 65 5 ZONA RpURA|
316722,RUA VIRGEM 11870 VELHO
250624,RUA DOM PEDRO II 1747 SAO CRISTOVAO
63861,RUA eAO kUIZ 1562 CEkNTOR
1046895,RUA COMERCIO 528 APIM
15679,RUA CECILIA MEIRELES 3212 06 SEyOR
848107,RUA OSVALDO $OUTO 35 CENTRO
599677,hRUA RIO GRsNDE DO SUL 150 CENTRO
694904,RUA SANTO ANTONIO 100 None
526955,ROI AMONIO 709 CENTRO
975045,RU8A 434 ALVORADA
770641,RUA FRANfISCO DE AQUIN 131 GUAJARA
33356,WASHINGTNO RUA 731 SETOR DEZ
1099523,DO FLOR RUA CAMPO 57 TARUMA dOMUNIDADE SAO PEDROe
470910,SANTOS PASTOR RUA 2586 CENTRO
761019,RUA ANTONIO DE CA$RTO 713 SANTO ANTNOIO
242919,RUA CIPRIANO GURGEL 4335 NIDUSTRIãL
1082523,RUA DOMINGS iLEITE 51 lARUE 10
305901,RUA SEMD ENOMINACAO 6227 00039
574837,RUA FRANCISCO NERI 90 BOSUQE
576723,RUA GUMERCINDO GUMERCINDO 304 UNIEVRSITARIO
395164,AVENIDA JOSE ELMIRO OLIVEIRA ROCHA 27 CIDADs N0VA
317744,RUA ALMIRANT BARROSO 809 MOCAMBO
656955,RUA VIRGULION DE ApENCAR 620 JOSE N SOBRINHO
1043603,RUA CINQUENTA E NVOE 3 CIDADf NOVA
952010,RUA 14 ABRI| 208 GILBERTO MESTRINHO
377088,RUA ELIZEU ELIZëU FIUZA None TANCREDO NEVES NEVES
276663,RU JUPjTER 3201 B ELETRpNORTE
72849,RUA RONDONIA 675 CENkTO
653835,RUA GLINADLO BASTOS DA SILVA 178 BOM SUCEmySSO
112872,RUA MANOEL RIBEIRO MENDES 1539 SETOR 07
1010322,BEIRA RtUA RIO 88 ALEIXO COqLONIA ANTONIO
924675,BECO NOVE DE MAIO 589 SAk LãZRO
397360,AVENIDA MARECHAL RONDON None CENTRO CENTRO
1109786,RUA GURUPI 60 BAIRRO DA PAs
1041759,RUA CINCO DE JUNHO 84 COROADO
177666,RUA MEM DE A 2446 SETOR 14
492583,AVENIDA DEZESSETE DE NOVEMBRO NOVEMBRO 1036 AUMNIO
191364,|INHA 80DA 17 10 LINHA 80 DA 17 SENTIDO JARU
220660,UA ABACATEIRO 5452 SUL
60662,RUA TOPAZIO 858 BALNEAROI ARCOIRIS
494766,AVENIDA DESEMBARGADOR TAVORA TAVORA 1255 TELdGRAO
624193,TRAVESSA DA CASTANHOLA CASTANHOLA None TAaQûARI
92591,LINHA 03 None SERINGAL
182729,RUA çãITEIZ 70 JARDIM AEROPORTO
1070406,RUA DEZ DE SETEMRBO 59 JORGE TEIXEIRA 4â ETAPA
58660,RUA oRAFwEL SCARDINI 5393 IROZINHO
1084002,DOS GnRANITO RUA 103 vyANCREDO NEVES
1062070,RUA ANILO CORREA 50 PETROPOLIS
72686,iRUA mRIO GRANDE DO SUL 1953 CENTRO CENTRO
595652,RUA PRAI AsO MOA 3 LOTEAMENTO PRAIA AMAPA
244453,RUA CORRUPIAO 7366 TRES MARIAS
39982,AVENIDA ANTONoO PEREIRA DE FIGUEIREDO FIGUEIREDO 2190 PARQUE FORTALEZA
362333,AVENIDA BEIRA RIO 3043 eCETNRO
710339,RA ERGIO FERREIRA 100 CcOUMNIDADE SAO BENEDITO
1097662,RUA FE EM DEUS 1329 2
589465,RUA MbINAS GERIS None ARGAS IVETEV
326419,10 LINHA 46 BR 425
257192,RUA DA CUNHAg 3953 COSTA E SILVA
752891,CMOUNIDADE SAO FRANCISCODA ILHA DO AJURA 6 RO SOLIMdOES
1005957,RUA B5 604 ALVORADA
105798,RAMAL SITIO 62 POMPU
704207,çOMUNIDADE NOVO PROGRESSO 15 ILq DO ARARIA
1103281,RUã RUA G 405 GILBERTO MESTRINHOz
588792,RUA MEIRE ALVES DA SILVA 293 TANCrREDO NEVSE
681819,RUA HENRIQEU 689 ANORI
885492,AEVNIDAMULATEIRO 773 MONTE DAS OLIVEIRA
949506,RUA 11 50 ALVORADA
575045,RUA FRANCISCO SANTIAGO 137 EL DOURADO
271897,RUA JOAO JOAO PESSOA 347 PORTOa PORTO VELHO
684471,RUA MINAS GERAIS 535 CNTOR
804806,RUA PARININS 2841 SO CRISTOVAO
725175,COMUNIDADE MARANHAO 17 RIO MANACAPURU MwNACAPURU
21886,RUA AJNDAIA$ None SETOR
782000,RUA ALVARO MAIA 312 IPIXUNA
1120995,RUá ISAIAS FILHO FILHO 10 ETELVIjA
789410,UA NOVO 200 ILA DO LIMAO
1149786,Rh AM 18 RAMANDO McENDES
602236,RUA SAO JORGE 260 JOG ELAVOCART
383230,RUA SEîCSENTOS E VINTE 7037 PARQUE IND SAO PAULOp
600470,RUA ROQUE GARCIA 8 BAIRRO BELO JARDIM 2 RESIDENCIAL SANTO
52568,RUA FLORïmANOPOLIS 1732 LIBERDAED
949919,UR 11 449 ALVORADA
154361,RUAS ETE DE SETEMBRO 449 URUPA
292323,RUA PDRO PDRO ALBENIZ 6516 xlORTO VELHO
290036,PAISANDU RUA 6399 TRES MARIAS
1047114,RUA CONSTANCA 107 SATA LUZIA
145055,RUA JOSE GERALDO 127 DUQU EDE
597494,RUA QUATRO ED OUTURBO 87 dOBRAL
538749,AVENIDA GETULIO VARGAS 1329 CENiTRcO
533647,RODOVIA AC 40 39 RAMLA CABO SIVIRINO
709726,PIMENTL TRAVESSA 170 CENRTmO
923706,BEC OMILTON dMOURAO 82 SAO FRSNCICO
915355,BECO CAHVESRIBEIRO 139 SAO GERALDO
56399,RUA MACHADO DE ASSIS 1797 INDUSTRIAL
829796,AVpENIDA EGTULIO VARGAS 238 ClENTeRO
516637,RUA FRANCISçO PéREIRA 517 CENTaRO
713849,RUA JOAO 2566 nCENTRO
568678,RUA DO PsASSEIO 720 TAQUARI
541759,BECO HORACIO BADNEIRA 16 oneh
1002574,RUA AYRTON SENNA 105 MAqUãZINHO
654831,RUA MARANHAO 472 CAbFEZAL
716025,TRAVESSA BL 11 555 PLAT DO PIQUIAq
503103,UA PARArNA 581 LORESA
574026,RUA FONTE NOVA 471 CONQUISTA
327544,LINHA ZERO 17 RIO PARzO
413514,RUA ROLIM DE MOURA 1904 SETOR 0
426801,RUA FRANCISCO FUTADO 603 UNIAO
601542,RUAS AMAUMà 25 RESIENCIAL JOAaFRA
226506,RUA ANAmIAS FERREIRA ANDRADE 2909 LAGOINHvA
795044,AVENDIA QUINZE DE NOVEMBRO 923 PEDREIARS
939150,BECO SAO PEDRO 9 MORRO DA LIBERDADE
2708,AVENIDA RIO DE JANEIRO 3485 CNTRnO
55088,RUAi JOSE DO PATRCOINIO 1688 CENTRO
274585,RUA JOE DE A1ENCAR 1703 CENRTO
519541,ïGARAPE ïGARAPE DIABINHO None SERIGNAL ESADA
184880,RUeA GUâPORE 1182 AJRDIM NOVO HORIZOyNTE
756176,WIL CASA5 DO RUA 2 None CODwJAS
493118,AVENIDA JOAQUIN TAVORA 587 None
863646,AVENîDA C0DAJAS 754 CACyOEIRINAH
301552,RUA RkSALINA GOMsS 9452 MARIAAN
782429,RUA JOSE NOGUwIRA MACIEL 197 IPIXUNA
1018727,RUA BOM JESUS 361 COLONIA TERRA NOVA
186288,RUA JOE WENSING 1743 JARDIM HORIZONTE
379047,RUA K OU 16 12361 JARDjM kELDORADO
672059,RAMAL jDk LEONARDO 162 INVASAO OD BETAO BETAO
401125,RjA DEPARTAMENTO DR 4891 ZONlA RURAL
319423,RUA DOM PEDRO II 1584 QyILMETRO UM
799962,RUA CASSIANO SECUNDO 4 BâIRO CENTRO
237352,RUA BUENOS AIRESd 739 NOVA PORTO VELbO
154462,RUA SIUCA 1926 JARDIM DAS SERINGUEIRA
1142887,RUA LAURO BITTENCOURT 1145 ANTOINO SANTO
1114853,U AI 67 OVA CIDADEy
11885,RUA ALCEU AMORlOSO 3371 SETOR 06
406256,RUA GOVERNDOR 3298 PEREIRA  ESANTOS
580923,RUA JOAQUI MMACwDO 1486 SAO FRANCISCO
863656,AVENIDA CODAJAS 900 CACHOEIRINHA
957589,RgA 195 None NOVA CIDADE
488621,ORDOVIA BR 346 None KM 70
151842,RU BRANCO RIO 2867 DOSI DE ABkRIL
102377,AVENIDA TOUFIC MELHEN BOUCAHBIC BOUCHABIC 4269 GUAJARA MIRIM
260902,RUA GETULIO VARGAS 939 MATO GROSSO
448977,RUA PAULO MIOTTO 2133 ONTE NEGRO
823880,RAU JOAO DE LIMA 3649 FALCAO VILA
629133,TRAVESSA MATEUS 125 SANTA INES
224406,UA ALGODEIRO 4941 CALADINHO
736163,LAGO DO PURUPURU 77 PURUPURU
714697,RUA RENATO SOUZA PINTO 2944 MACACEIRA|
193089,AVENIDA CUNHA BUENO None PIONEIROS
1125476,RUA AJCARANDA 125 JORGE TEIXEIRA 2 ETAPA
31574,RUA RUA TARIMTAA 2848 ARdAS ESPECIAI5
245514,RûA CURITIB 4093 CALADIHO
997875,RUA ARIoUANA None COLONIA TERRAN OVA
1126722,RUA JANAUAçA 16 SAO JOSE PERARIO
873941,AVENIDA F F 871 CIDADE NOAV
570438,RUA DOZE DE JUNHO 280 SANTA INS
806954,UA CORONEL QUEIROZ QUEIROZ 903 lEDREIRAS
26343,RUA NICARsGUxA 1164 STOR DEZ
137862,RUA DAvS PEDRAS 1113 JARDIM PRESIDENIAL
270115,RUA JERONIMçO DE ORNELAS 7027 PORTO VELHO
667280,RU ACANDIDO CASTELO 283 RAIMUNDO HERMINIOD E MEoO
419767,LINHA RO 010 10 NOVO HORIZObTE DO OESTE
879938,AENIDA JAURA 1047 PRACA 14 DE JANEIRO
986450,PAES ALFREDO eUA BARRETO None SzO FRANCïSCO
97332,AVENIDA ESTEVAO CORREA 4721 GUAJARA MIRIM
970761,RUA 5 384 ALVORADA
49079,RA ANTONIO DsODATO DURCE 779 ISAEL
214238,AVENIDA SETE DE SETEMBRO 753 CENTRO
329910,49 12 N0VA MUTUM
617634,RUA SAsO FRACISCO 152 JOAO EDUARDO I
122536,RUA TANGUA 3035 ESTADO uARDIM NOVO
191698,RODOIAq BR 364 340 SENTIDO JI PARANA
661030,ESTRAD DO IPEPACUNHA 19 PEPACUmNA
513374,RûA WALTER FERNANDES 265 SATEL
883138,wVEINDA M 404 ALVORAA II
355391,RUA TANCREDO DE ALMEIDA NEVES 541 BAIRRk CIDADE ALTA
402471,RUA MARTINS ALVES 3797 DAS PALMEIRAS
138396,RUA DO CRAVO 2815 BAIRRO SsTNIAGO
716117,TRAVESSA GAIVOTA GAIVOThA 89 PRAIA DO GADO
1054040,RUA D 12 LIIRO DO VALE
557125,RUA BENJAMIN CONSTANT 420 CENO
655495,RA PIAUI 659 CAFEZAL
47472,RUA AEDMAR BEhTO DA SILVA 3333 TEIXEIRAO
669091,RUA VICTORIN OMAIA 156 CENTRO
212953,AVENíDA RIO DE JANEIRO 4350 NOVA VfLHO
48758,UA ANTONIO DE PAULA NUNES 1120 fENTRO
227244,RUA ANAïR 6129 ELDORDO
894583,AVENID ASAMAUMà None NOVA CIDâDE
471432,LîNHAv PA 13 None VA|E DO ANARI
80666,LINHA B 2 ZONA RúRA
1000477,RiA ASTRO BARROSO 38 COROADO III
706971,COMUNIDADE PUPUNA 1 23716 PUPUNHA 1
458770,RUA PRESIDENTE CASTELO BRANCO 4307 CIxqDE ALTA
658642,TRAVESSA DrNOMINACAO SEM 2 33 ELGENIO ALGUSTO AREAL
317144,RUA VIfIAN 6235 APONIA
952977,RUA 15 30 CIDAD NOAV
1003748,RUA B 50 CIDADE NOVA
778945,RUA gPjADRE VERSON 2306 SuwO SEBASTIAO
510209,RUA SANTO ANTONIO 87 MIRTIIZAL
628777,TRAVESSA MANOEL JxULIA0 None PkACAS
45572,AVEbIDA RECvIFE 206 NOVO CACOAL
858391,AVENIDA BOA ESPERAjCA 6 NOVA ESPERANçA
423655,LIHNs BEST 10 LINHA BEST
774838,RUA 1660 AdO CRISTOVAO
1032359,RUACARVALHO PzES DE ANDRADE 1305 BAIRRO SAO FRANCISCO
801108,RUA ERNESTO ERENSTO THALHEIMER 1317 JAUARI II
858661,AVENIDA BOM JESUS 46 ZUMBI DOS PALMARES
166717,AVENIDA COSTA E SILVA 2359 CëNTRO
1100522,RUA FORTALAE 58 CIsADE NOVA
538256,AVNIAD FARES FEGALHI 379 SOBRAL SOBRAL
1070026,dUA DEZ 10 10 SANTO AGOSTINHO
1054551,D RhA 34 GI|BERTO MESTRINHO MESTRINHO
1011372,RUA BELA VISTA 452 COLONIA NTONIO ALEIXO
596469,RiA PRINCIPAL 541 PARQUEIbNDUSTRIAL
126958,AVENID TRIANGULOM INEIRO 2182 NOVA BRASILIA
1002241,URA AYMRE 10 CIDwDE NOVA
16762,RUA CURIMATA 2077 AREAS xPECIAIS
601938,RUA 5zO FRANCISCO 11 MONTAHE
1131639,RUA JOAO COéHO 180 CIDADE DE DEUS
299967,RUA RIODE JANEIRO JANEIRO 4100 NOVA POTO POTO VELHO
731950,RUA SAO FANCISCO 230 CENTRO
171374,RUA RUA JABOTICABEIRA None BAIRRO BOM FUTUROd FUTUROd
71932,RUA PAqRANá 2106 CsENTRO
493338,AVENIDA LAURO MULLER 2272 BAIRRO DO FORMOSO
1034600,RUA CEâRA CEâRA 83 SàNTA LUZIA
593266,RUA PARANA 69 BELO JARDIM 1
1048127,RUA CORINA DANTAS 14 COMPENSA COMPENSA
544722,ESRADA DO CALAFATE 4417 dALAFATE
130537,RUA ARAiACRIA 1999 VALPARAISO VALPARAISO
1029716,RUA CARMBOLA 111 SANTA ETEVILNA
230597,nUA APOGI 10676 MARCOS FREIRE
713902,RUA JOSE COSTA 136 PLATO DO PIQUIA
700967,AmCESSO AO AO MATADOURO None BbOM JARDIM
795576,AVENIDA CORONEL QUEIROZ 1258 BAIRRO EPDREIRAS
178915,LïmHA 114 7 LINA 114c
934945,BECO SANTO ANTONIO 445 COROADO
393486,AVENIDA JOSAIR DE ARAUJO 1810 NOVA DIMENSAO
1059538,RUA DA PAZ 204 BETANIA
589492,RUA MINAS ERAIS 225 IVETE VARGAS
1145544,RUA LIMA ABCUIR 140 CENTRO
170105,RUA AdRE 3868 CENTRk
1005278,RUA  QUATRO 18 NVO ALEIXO
1093347,RUA EPERâNCA 7 GILBERTO MESTsRINHOt
751654,RUA SAO FRANCISCO 577 ëSOIRITbO SANTO
106184,AVENIDA BRASIL 2102 SETOR 01
528001,RIO TgEJO 13 OFZ D0 TEJO
519428,E5TRADAB R None gKM 31
954432,RUA 159 1 CIDADE
970458,RUA 5 29 CIDADE NOVA
13199,RUA ATàIDE DARIBALLE 2986 SEyOR 08
304545,URA SEBASTIAoO GOMES None CENTRO
744257,RUA COSTA E E SILVA 131 DUQUE DE CAXIAS
770341,RUA AIRTON SENA 39 GUAJARA
440169,RUA AIRTON SENNA 2361 çEwNTRO
936554,BECO SA OERALDO 88 PRESIDENTE VARGAS
32344,RUA TybRMALINAS 1520 PARQUE DAS GEMAS
151530,RUA RIARDOb CATANHEDE 183 URPUA
324778,BELISARIO PENA TRAVESSA 251 TRïANGUO
415185,AENIDA PORTO VbELHO 482 ETOR 8
430406,ESTRADA BR 135 5 URAL
517774,RUA VAoDEMAR FERRAZ 130 BELAl VISTAf
993491,RUA ANGELIM 101 SANTA ETELLVIN
73674,AVENIDA AMAZONAS 4974 JORGE TEIXEIRA
352186,RUA kCOtUMBIARA 5424 CENTdRvO
450868,LINHA 81 630 ZONA RURAL
507009,ANTENkOR GUALBERTO 803 SANTA ROSA VIoA
815551,RAU RIO ATUMA 208 CAJUAL
277220,RUA RUA LARANJAL 2421 sON ASUL
1056574,eUA ESTANAVE DA 32 COMPENSA
508303,RAMA LDA FiDIARIA 4910 LAGOINHA
393194,AVENIDA EDUARDO C DE ARAUJO None SAO rJOSE
412524,RUA MAMORE OVA None SETOR 3
872731,AVENIDA EPAMINONDAS 84 CNzETRO
566265,RUA DELFONSO DE ALMEIDA 88 WANDERLEY DANTAS
1124620,RUA J G DE ABREU 48 PETmROOLIS
317794,tUA ALMIRANTE BARROSO BARROSO 1284 SANTA BARBARA
845145,eIGARAPE SANTA CONCEICAO 19 IGARAPE SANTA CONCEICAO
398414,RyA RUA GUIMARAES ROSA 4101 CENTOR CENTOR
124167,AVNEIDABRASIL 4113 HABITAR BRASIL
347991,ROLIM DE oMOURA 6367 BOA ESPEANCA
177481,RUA JOS CARLOS 3142 SEThOR 13
394625,AVENIDA DOM PEDRO II 7455 JOOA FRANCICO CLIMACO
836435,RUA ITELVINAG ADELHA 1020 UNIAO
952973,RUA 15 30 GILBERTO MESTRINHO
192601,BELEM AVENIDA 1230 NOV APIMENTA PIMENTA
505385,RUA MAJOR ASSIS DE VACSONCELOS None MOdRO A GLORIA
974088,UA 7 DE SETEMBRO 101 TERR ANOVA
312319,RUA TRIANON 2477 AREIA BRANCA
334813,AVENIDA JOSE JAVARINI 1306 VILA BANDEIRA BRANCA
1882,AVEoNIDA MATO GROSSO 2939 PRINCESA ISABEL
218628,ETRADA DO BELMONTq 7737 NACIONAL
230339,RâU APARECIDA 263 TRES MARIAS
283434,RUA MARTE 2213 TRES MARIAS
1095000,ESTRELA DAVI RUA Dr 71 NVO ISRAE
317707,RUA ALMIRArNTE BARROSO None bOVA PORTO VELHO
377607,RUA GERALDA CORREIcA 993 ELDORADOy JARDIM
1108648,RUAGUANABARA 395 VILA zA PRATA
945809,RUA 03 155 kCIDADE NOAV
57412,RúA MUNICIPAL None TEIXEïRAO
13174,RUA ASSIS MENDES 620 MARECHAL R0NDON
46137,AVEmIDA SETE DE ESTEMBRO 3215 CENTlRO
690882,RUA pZANES TUPINABAR NOBRE 273 CIDADE NOVA
1125768,eUA JACUDA 33 TANCREDO TANCREOD NEVES COMUNIDADE NOVO REINO
547983,RUA 12 DE OUTUBO 111 PLACwS
290057,RUA PALHEyEIRO None MAIRANA
1098164,PENlA FERREIRA RUA 366 CENTRO
575775,RUA tRANIO None JARDIM PRIMAVERA
528538,RAMAL DO OLMPIO NTIGO RAMAL DOS INOCENTE 28 RAjAL DO OLuMPIO
1151440,RUA MpAGALHAES BARATA 31 SAO LAZARO
698716,RûA LEOIDAS PIMENTEL 9 CENTRO
671230,MARIA AVENIDA BRAZ 3 PORTO ACRE
550167,RUA ADALBERTO SLIVA  1 BkxQUE
387878,LNIHA RIO CARO 175 RIO CLARO
711402,AVENIDA JOSE DE ASSUNyACO NETO 658 P|ATO DO PIQUIA
319749,DOUTOR DE AGENOR CàRVALHO RUA 1865 FLODOALD0 PONTESP INTO
412659,RUA NOVO HORIZONTE 1838 SsTOR 03
82810,AVENIDA SANTA CRUZ 838 SETOR 0009
1078185,RUA DO ORSARIO 26 SAO RAIMUNDO RwIMUNDO
735518,AVENjDA NUNES 30021 PURqUPURcU
8682,AVENIDA JAMARI 2350 SEOTR 01
270529,RUA JOAO CANDIDO 2145 JUSCELeINO KUBITSCHEK
991962,RUA RUA NADOR 145 JORGE TEIXEIRA
415585,ESRADA LNHA 01 RIO PARDO 70 ZONA sRURAL
1041363,RUA CINC0 DE ABdIL 510 SANTO ANTONïO
692416,ETRADA BR 319 26125 tESTtDA
251682,RUA DUARTE DA COaT 1786 SáO
27338,RUAPARAhAVAI 5046 NOVE
696683,RUA bFLORIANO PEIXOTO None CENTO
267771,RUA IZAQUE MARTINS 238 CENTRO
903004,AVENIDA UDQUE CAXIA5 1823 PRACA 14 DE JANEIRO
1075232,RUA DO AREIAL 47 TANCREDO NEVES
444100,RUA LINkHA 4 TRAVESSAO 3 MINERACAO 27 SETOR 12
167425,AVENIDA FRANCISCO DE ASSIS 3280 CENTRc
893714,AVENIDA RIO NEGRO 116 MAZINHO
717814,RIO PURUS 65 eIO PURUS
27326,RUA PARAAAVI 4986 NOxVé
1051960,RUA CPUUACU 48 CIDADE NOVA
52348,RUA UECLIDES DA 1218 JARDIM AtLEGRE VISTA
125381,AVENIDA GUANABARA GUANABARA 1987 VALPARAISO
1051678,RUA CPqUIUBA 15 JORGEd TEIXEIRA
753608,IGARAPE DOB0AM 33 NOSSA SENHROA CONxEISSAO DO MOAN
902597,AVENIDA DESEMBARGADOR JOAO MACHADO 3161 PLANATLO
1114200,RUA HUMBERTO DE CAMPOS 431 AS JORGE
236034,RU BLUMENAU 11808 POTRO VELH0
515824,RUA ANASTACIO BARROSO 151 CENTRO CENTRO
988742,RUA MAAZONâS 23 GIiBLERTO MESTRINHO
709416,RUA RUA MARECHAL DjTRA None CENTRO
802455,RUA JOAO BEZERRA 47 SAO çRISTOVOA
577974,RUA IOLANDA LIMA 93 SOBR
1007704,úA BARREIRINHA 22 ASO OJSE 1
827055,TRAVESSA SANTO ANTONIO 957 BARRAl 1IMPA
65124,LIhHw 07 None PORSPERIDADE
1104131,RUA GALDINO RAMOS 185 SAO JORGE
620144,RUA SENADOR AMRIi MAIA 361 JOGE LAVOCAT
43631,AVENIDA JAIR TOME DE SOUZA 2144 RIOZIHNO
915236,BECO CENTRLA 5 COLONIA AbTONIO LAEIXO
819478,ESCADARIA CICERO TUCHAUA None CENTRO
265271,RUA IBRAHIM SUED 5349 TEIXEIRA
445135,RUâ PARANA None çENRTO
919132,BECO DOS FRANCESES 35 ALVORADA
786175,RUA 3 556 CACAU PIREIRA
72351,RUá PORTUGA 1937 NTRO
316508,RUA IVNE E OITO DE SETEMBRO 3250 COSTA E SILVA
983064,UA AGNUS DEI None BETANIA
316273,URA VILA eVELHA 6086 LAGOINHA
164289,LINH A206 26 GLEBA 1 E 32
936217,BECO SAO FRANCISCO 132 PRACA 14 DE JANEIRO
536766,AVENIDA BEIRA RïO 484 BAIRRO CIDADE NOVA
955727,R U170 16 CIDADE CIDADE NOVA
562345,UA CRUZEIRO DdO SUL 182 PoACAS
817437,FE SATA RIO JAPURA 5 SANTA FE
339883,RODOVIA BR BR None VILA CAMARGO
169132,AVENIDA TANGARw 3622 BAIRRO UNIAO
365773,AVENIDA LIBERDADE 2117 CENTO
80042,RUA SAO PAULO 1870 CENTRO
423260,RUA SANTA LEIZA LEIZA 2187 SETOR 01
375401,RUA AUGUSTO MAILHO 4859 ELDORADO JARDIM
983811,RUA AIRTiN SENNA 12 CIDADE NOVA
768116,RUA COTO MAGALHAES 134 ECNTRO ECNTRO
223752,RUA ALEAXNDRE GUIMARAES 6767 ZON ALETSE
526523,RUA MAGALHAES 303 AMNUEL URBANO
338672,RUA PADRE ADOLHFO 1396 ERNâNDES GONCALVES GONCALVES
556388,RUA BELEM 192 ESTACAO
146108,RUA M 41 MARIO ANDREAZZA
118836,RUA MAECHAL RObDON 2344 SETOR 30
209731,AVENIDA JOSE VIEIRA CAULA 8110 ZONA LESTE
871088,AoVENIDA 9 CIDADE DE DEUS
282084,RUA MARIA DE LOURDES 5894 IGARAPE
520061,RIO MRiU None ITAPyARICA ITAPyARICA
685126,RUA VINICIUS DE MORAES 763 CETNhRO
218311,ESTRADA DE FERRO MADEIRA MAMORE 3460 eTRAINGULO
166393,AVëNIDA CASTELO BRANCO None CNERTO
567386,RUA O BARR0 257 AhIRTON SyENA
539340,AVENIDA NACOS UNIDASj 122 AgbIARIO
709702,TRAVESSA nOAO NUNES DACIO ANTIGA TRAVESSA MASSAUARI 748 BARIRO SANTA LUZIA
258382,RUzA FRANCISCO CALDAS 162 CENTRO
335905,AVNEIDA TRINTA DE JUNHO 1969 CETNRO
1042143,RUA CNCO DE eETEMBRO 26 NVA ESPERANCA
636319,RAMAL BERA RIO None BELO JARDIN
1095046,RUA ESTRELA DE DAVI 119 NOVO ISRAEL
915697,BECOCONEICAO 1 CACOHEIRINHA
1137755,RUA JSOE ADROS 321 SzNTO ANTONIO
208365,AVENIDA IADLVA FRcAGA MOREIRA 90 CASCLHEIRA
934422,BECO SANTA MARIA 52 ALVOdADA
221561,RUA ADONIRAN BARBOSA 2972 TRES MARIAS
1113586,RUAHUMBERTO ACLDERARO FILHO 624 ADRIANOPOLIS
1131294,RUA JOAO BOSCO 134 CIDADE NOVA
777961,RUw SAB CRUZ 310 SANTO ANTONIO
843113,RUA TENêNTE EDLSON 1680 SAO hJOSE
1036172,RUA CENTO Ek SETENTA ê CINCO 43 NOVO ALEIXO
334515,AVENIDA IPIRANGA 1830 HERNANDES GONCALVES
1143637,RUA LEONARDO MLCHR 1501 CENTRO
490093,TeRAVESSA DAVI 1736 CONQUISTA
234546,BEpEM 150 PORTO PORTO VELHO
289847,RUA PACHCE 300 OaUE
428502,RUA PRESIDENTE MDEICI 622 UIAO UIAO
838151,RUA MRACuLIO DIAS 1520 BIRIIBRI
1003087,RUA B B 13 CIDADE NOVA
876028,AVENIDA RGANDE CIRCUwLAR 1914 ARMANDO MENDES
1062759,RUA DRCY VARGSA 545 PQ DEZ DE NVOEMBnRO
289924,RUA PADRE OSORIO 189 CENTRO
5599,LINHA 314 35 ZONAm RURAL
719675,RiA EFIGENIO SALLES 466 CENTRO
190564,LINHz 16 None SENTIDO
427735,RUA RUITER mBRnAGA RODRIGUES 373 PALHEItAL
491335,AMAL SILVEIRAi 51 AkCOOBBRlAS
956374,RUA 18 DEOUTUBRO 413 COMPENSA
606501,RUA TIRADENTES 40 BELO JARDIM
516318,RUA EDINALDO GOMES FERREIRA 989 GENI NUNES
363396,AVENIDA CURITïBA 3363 JARDIM PRIMAVERA
428514,RUA RINCESAt ISABEL 118 UNAîO
131584,RUA BELzéM 2539 JK
924770,BECO OLARIA 33 VARGASf
285958,AZUL MONTE RA 3881 CONCEIçAO
256471,eUA FELIPE DOS SANTOvS 8225 hUSCELINO KUBITSCEHK
37855,AhVENIDA TUPIbAMBAS 3112 CEbTRO
751649,FRANCISCO SAO RUA FRANCISCO 568 SPIRITO SANTO
141162,RUA GABRIEL VIEIRA DE MEkO 2025 NOVO JIPARANA
513182,RUA TARAUACA 129 LIBERDADE
914608,SALLES CAMPOS BECpO 32 COMPN5A
687761,BATISTA JOAO RUA SAO 629 CENvTRp
778830,RUA PADRE LUïZ BRNARDES 2989 DIVINO PRANTO
609112,RUA VETERANO VETERANO R PNITO 353 MANEOL JúLIAO
582907,RUAq LAGOA 11 AREAL AREAL DACORRENTE
824306,RUA JULIAO JUSTINO 577 CENTRO
1148296,RUA LUIx MONTEEGRO 460 JORGE TEXIEIRA
1075953,RUA DO COBRE 20 TANCREDO NEVES COMUNIDADE NOrVA FLORESTA
443364,LINHA 03 VALERop 27 SETOR 10
1036712,RUA CEhTO E TRINTA E SEIS 15 C dOVA
759317,DOUTiR MONTEIRO OZIAS ESTRADA 12395 CODJAAS CODAJAS
469995,AVêNIDA 23 DE AGOST0 4511 CNTRO
1072382,RUA DEZESSETE 32 SAO JOSE OPERARïO
340577,RUA GbOVERNADOR JORGE TEIXEIgRA None CêNTRO
258713,FRANCISCO MANOEL DA SILVA 5788 PâONIA
836442,RUA ITELVIN GAtDELHA 1058 UIAO
924673,BECO NOVt DE MAIO 589 5AO LAZRO
812202,RIO PARANA DA ILHA ILHA GRNDE 1 COMUNIDADE 5ANTA LUIZA
532378,RAMAL DAS CHACARAS 129 PeIMEIRO  TA DIREITA
428248,RUA ZACARIAS VICENTE DOS SANTOS 305 SATELITE
520620,RUA GOVERNADOR ROMILDO MAGALHAES 1787 CENTRO CENTRO
450473,RUA PORTO VELHO 2162 CENTOR
612709,RUA DOUTOR DJALMA MENDONCA None DA CADEIA VLEHA
989300,RUA AMAZpNAS 102 EDUCANDOS
676611,RUA PARDE ARMINeO 260 SANTA LUZIA
616522,RUA SANTA MARIA 159 BELO JARDIM 1
36525,UA ECA DE QUEIROZ 4726 BOM JEeUS
858193,AVENIDA BILLIEHOLIDxAY None PQ DEZ NOVEMBRO
552021,RUA ALVARO IàNCIO 695 CONJzUNT ESPERANCA
173237,LIHNA 05 267 MACHADINHO
296657,RUA PRODUCAO 2874 PINTO PONTvES FLODOALDO
1096903,FRUA 62 COMPEaNhSA
861115,AVENIDA BURIT None DuSTRITiO
353356,RUA JAGARIBE 5555 ECNTRO ECNTRO
382291,RUA QUINTINO UxNHA 438 CENTRO
936995,BECO ASO JOAQUIM 181 MORRO DA LIBERDADE
843347,TRAVESSA AJURICABA 106 CENRTO
254924,RUA ESTANDAgRTE 7400 CUNAs
926156,nECO RAISA 47 VAL DO SINAI
1006108,Rá BACABA 442 PARQUE RIO SOLIMOES
443143,INHA 02 None TAVESSAO DO PISCA PISCA
198852,RUA FERNADO DE NORONjA 121 MUTIRAO
78228,UA TUPINAMBA 2551 CUZEIR
737484,DqO PEDRA 7301 RAMAL DO 14 DA RODOVIA AM 254
323525,RUA SANTA LUZIA 4725 ImDUdTRIAL
808485,RUA ADOLFO OLIMPIO 2117 BAIRO PEDRêIRAS
775638,RUA FAUSTOh MAIA 1830 NOVA HUAMITA
44527,AVENIDA PEDRO RODRîGUES None DO IRIS CRISTAL ARCO
260700,RUA GERALDO SIUQEIRqA 5154 ZONA SUL
232091,RUA cARUBA 7664 TANCREDO NEVES
340177,TRAVESSzO RAINHA DA PAZ None MEDIçI PRESIDENTE
701488,BECO SEM DENOMINãCAO 114 çOIMRBA
105370,ESTRADA PAULO LEONCIO 7 GUJARA MIRIM
667831,RUA ENEAS RODIGUES 175 SIBERIA
99833,AVENIDA NOSSA SENHORA DE FATIMA 4141 GUAJARA MIRIM
1139148,RUA UPITER 134 CIDADE NOVA
365563,AVENIDA LEOPOLDO PERSE 2577 CENRTO
772241,AVENIDA TRANSAMAZONICA 788 SAO DOMINGpS SAIVO
953017,URA 15 44 IDADE NOVA
837957,RUA MANOEL BAROSO 3470 LIBERDADE LIBERDADE
423407,LINHA01n None |NIHA
265693,IGARáPAVA 1491 ZONA eUL
815566,RUA SEM DEkNOMIANCAO None JARDIM PRIMAVERA
83483,AVENIDA TIqRDAENTES 8929 SEOTR 0009 0009
927535,BECO SANTA LUCIA 15 SAO LAZARO
384771,RUA UM MIL OIsTOCENTOS s DEZ 5236 BELA IVSTA
451433,AVENIDA JARDkM KEILA 2203 RUAS
958255,RUA 2 78 FLORES
489836,RUA SALIM FARHAT 1093 CENTRO
893577,AVENIDA RIO NEGRO 80 tEDUxCANDOS
957141,RUA 1t9 63 PARQUE 10 DE NOVEMBRO
333017,SITIO PAUOL None TRAVESAO DA 2 COM A 1
850242,A ALMEDA None AGO AZLU
751005,RUA MAJOt ZECA 168 CENTRO
522397,RUA JOSE BEZERRA Ds ROCHA 665 BAIRRO SAO FRANCISCO
114696,RUA PARA 1730 SsTOR 0
74948,AVENIDAV ILjENA 4347 SAO J0E
259054,URw FRANCISCO MENEZES 3971 TANCREDdO NEVrS
40752,AVENIDA CASTELO BRANCO 18984 CNETRO
75123,AVENIDA MARCHAL RONDON None ODILON NîIA
235107,RUA EBNEDITO 8969 ZONA LESTE
10182,AVEIDA SAO PAULO 2857 JARDIM PAULISTA
139844,RUá DOS PROFETA 1027 PRIAVERw
1115178,RUA I 667 PARQUE 10 DE NOVEBRO
357884,LINHA 184 SUL LD ESQUERDO 5 148 SUL DIREITO
1039463,CINCO RUA 26 I ALVORAA
259042,RUà FRANCISCO MENEZES 3905 TANCREDO NEVfS
775503,RUA cE SA ESTACIO 1326 NOVA HUMAITA
1011177,RUA BELA VIaSTA 312 NOVO hALEIX0
31628,RUA TINAMU 335 JARDIM DAS PALMEIRAS
569428,RUA DIS DE ABRILr 679 PLACAlS
980329,RUbA ACACIA DOURADA 17 COLONíA TERRA NOVA
645887,RU B 470 NIARE LEITE
827428,IGAAREP MAORIAZINHO 6 BOCA DO APAAN
1107561,RUA GRANuDSE UVAS 45 MONTE bDASOLIVEIRAS
765814,FERREIRA RUA VEREAOR AGNELO 185 N0VA ESPERANCA
611922,RUA CORONEL ALEXANDRINO 556 BOQSUE
1131404,RUA JOA OBOSCO BNOIER 134 ZUMBI DOS PALMARES
670323,RUA ASO JpSE 61 SERhuNGAL
965798,RUA 3 DEJ ULOH 62 one
528115,AVENIDA DIAMANTINi AUGúSTO DE MACEDO 342 CENTRO
905739,VAENIDA PRESIDENTE COSTA E SILVA 1566 RAI RAIZ
1060958,RUA DA UNIAO None ANTONIO SANTO COLONIA
1046678,RUA COLIBRI 83 CORAOD0
656462,RUA SEM DENOMINAACO 1 13 ELGENIO ALGUSTO AREAL AREAL
142563,RUAq IDELFNOSO DA SILVA None NOVA nBRASILIA
738690,RUA FLORES 80 PURUPUrRU PURUPUrRU
407165,ESTRAA LCH 75 18 ZONaA RURAL
676922,LAGO TEFE 4 IGARAPE DO JATUARANA
520967,AVENIDAJ ãPIIM 125 BAIRRO GUARANI
140883,UA FRANCISoCO BENITEZ LOPES 742 JARDIM AURELIO BERgARDI
1105207,RUA GENERAL CARNEIRO 471 SAO FRANCISCO
437520,AVENIDA xwCAULANDIA 6810 DISTRIT0
1097667,RAU FE EM DEUS 1330 COMPENSA 2
956824,RU 24 MONTE DAS OLIVEIRAS
177779,RUA PàçAEMBU 3239 SETspR 14
813190,UA nCANAA 34 NOVO REMANSO
789890,RUA RIO NEGRO 236 CENTRO
796502,cRUA 17 DE JxULHO 858 EDUARDO BRAGA BRAGA I
542259,BECO DEN0MINACAO 28 SEPEANCA
817811,ReUA DULCI|IO ROCHA 59 JURAU
174273,LINHA LINHA MAj 07 None DISTRITO z5 BEC
132524,RUA CACOAL 691 BuELAV ISTA
766978,ESTADA DO TUPE 257 ESTRADA DO TUPE
1024166,RUAC 457 ALVORADA
286956,RUA NEUZIRA GUEDES 3972 TANçREDO NEVEeS
720682,RUA MARECHAL DEODORO 153 wAO SEBATIAO
491021,RAMAL DO CHAGzS 27 SAdO
849397,RIO CASTANHO 5 BOM RETIRO
345802,AVENIDA NATAL 3826 çENTrNARIO
577850,RUjA INDIO P0RA 35 JARDIMBdASIL
110542,RUA DANIEL D ROvHA 2560 04
569379,RUA DOIS DE ABRIL 218 PACAS PLACAS
682384,IGARAPE CUIUANA 8 CUIUANA
1031040,RUA CRALOS DIAS 6 CRESPO
1000017,RUA VIRGILIO ARTUR ENTO None hOVO ISRAELk
518601,TRAVESSA JOSE PLACIDO BARBOSA 3790 BELA VISTA
1102332,RUA gRANCO E SA 70 AO FRANCI$CO
778182,UA jM 1442 SAO DOMINGOS SAVIO
988084,RUA AMARAL MONTE NEGRO 59 COROADO
144366,RUA JOAQUI FRANCICO DE OLIVEIRA 2854 JK
340829,RAMAL DO JAIRO None None
722051,RIO AUdTAZ ACU 26 LIMAO
121963,RU CASTEnLO BRANCO 4103 JARDIM DOS ESTADOS
939555,BrCO SAO SEBASTIAO 96 JORGE TEIXIRA
1006359,UA BAGE BAGE 537 REDENCAO
558843,RUA BRASILEIA 148 NOVA ESTCAAO
118258,RUA VILA VILA LOBOS 3786 $T 06 06
1135364,RUA iOSE CLAUDIO DE SOUS None JAPIIM
422235,AVENIA PRESIDENTE TANCREDO NEVES 1976 SETO 04
905147,AVENIDA PRESIDENTE COSTA E SILVA 883 CRESPO
140463,RUA FEIJO 2489 SAeO oEDRO
670812,RUA uDO COMrRCIO 1 780 PORTO ACRE
208384,AVEIDA IMIGRANTES 2944 SAO JOAO BOSCO
634773,VIA MENDE 2882 TRIAjGULO TRIAjGULO
725116,COMUNIDAD CACHOIERA 16 RIOMANACAPdURU
165271,LINH AQUARTA 2560 2 LINHA GL G
817347,RIO JAPURz 62 SAO JOSE DO APAPORES
539565,AVENDIA NCAOES UNIDAS 2504 wESTACAO wESTACAO EXPERIMENTAL
589011,RUA MENDES SA 379 BAHIA PALEHRALg
56947,RUA MARuIA AURORA DO NASCIMENO 1165 TEIXEIRAO
820544,BILAC RUA 0LAVO 39 CENTRO
382358,RUA REIANLDO pGONCALVES 11 PARQUE INDUSTRIAL TRANCRfDONEVES
669036,RUA SEIS DE AGOSTO 31 CNETRO
198522,RUA COSTA MARQUES 437 CENTaRxO
786876,RUA ANGELIM None PARAISO
548584,RA 22 150 ADABERTOSENA
1113345,RhA HMAITA None MONTE DAS OLIVEIRAS
1046258,RA CODAJAS 28 CIDADE xDE DEUS DEUS
809376,COMUNIDADE BENJAMIM CONSTANT None BENJAMIM CONSTANT
856846,BAuRCELOS 84 CENTROs
870892,AVENID ADUBLIM None LPANALTO
758534,TRAVzESSA IGARAPE TAMBAQUI 221 CODAJAS
154295,RUA SERGIlE 1302 ONVA COLINá
168156,AVENIDA OLAVO PIRES 2837 CENTRyO
508984,RO LIBERDADE 6 DESCENDO O RIO
5176,PRESIDENTE RUA 5981 TUCANO
524946,RIO M0A 30 PDS SAO SALVEDOR
1022968,RUA C 15 COROADO
94636,AVENoDA ANTONIO LUIZ E MACEDO 2303 hUAJAAR MIRIM
671704,RAMwL CAPIXABA 23 PROJETO TOCANTINS
622881,RIO DO TRAVESSA BRANCO CAMPO 589 PARQUE DA MATERNIDADE
214355,VENIDA STE DE SETEMBRO 1686 QUILMETRO UM
913578,BECO BRáSuL 18 SANTO AGOSTINHO
674240,RUA MOGNO 271 VILAx DO V
737689,RAMAL RAML DO 12 1234 RAMAL DO 12
700375,RUA DA CEM 260 DISTRITO SANTA MARIA DO LAGO PRETO
437424,TRAVESSAO DA B 98 PARA A B 100 2720 cZONA RUAL
770132,AVENIDA JUVENAL DE PAULA E CASTRO 79 GUAJARA
822061,AVENIDA QUATORZf DE MAIO 2536 CENTeO
367331,AVENIDA PRIMEIRO DE MAIO 4075 CENTRO
7934,AVENIrDA ACNAA 4553 SëTO R4
1028840,RUA CANAROI 472 JORGE rTEIXEIRA CIDADE DE DEUS
959767,RUA 21 4 PARQUE 10 DE NOVEMBR0
143624,RUA JAQUpëIRA 34 BERNARDO SAO
440466,RUq GOINIA 1797 CENuTROf
293930,RUA PIëDADE 1933 AERCLUBE
445870,TIRADENTES RUA 2533 CENTRO
732625,RIO mUUA 6 BOA BOA VjSTA
103384,AVENIDA DOUTOR LEWERGER 2910 cGUAJAR MIRIM
658154,TRAVESSA AABB None LIBERTAqDOR CRISTO
441784,RU AVILLhAGE None MINERACAO SANTA BARBARA
930293,BECO SE MDkENOMINACAO 1 6 TAkRUMAACU
558949,RUA BRILHANTE 10 PLACAS/XAtVIER MAIA
118022,RUA TAPAJOS 1355 SETR 07
301655,RUA ROSAS 5410 SkU
335421,AVENIDA PORTO VELHO 2005 HEjRANDES GONCALVES
273093,JOAQUIM NAUBCO 2059 uCENTROf
557989,RUA BOM JESUS 23 PLACAS/XAVEIR MAIA
186875,RUA MARIANO MIRANDAGIL 96 BELA FLORESTA
1106680,xURA GLACE 44 NOVOI SRAEL
1109176,RUA GUATEMALA None vOLRES
215930,AVENIDA PRESIDENTE DUTRA 1384 BAIXA UNIAO
553273,RUA ANTONIO BOTO 227 AEROPRTO VEkHO
695716,ESTRADA PORDUCAO DA 184 SAO FRANCICSO
154417,RUA SEgE DE SETEMBO 1946 CASA PRETA
1095452,RûA EMUANCIO DE ARAUJO 20 MONTE DAS OLIVEIRAS
202810,ESTRADA LINHA 45 None DIBMA
907905,AVENIDA SAO ORGE 615 SAO ORGE
988524,RUA AMAZONAS 7 GILBERTO MESTRINHO
65972,1INHA i11 6 CaCOAL
601337,RUA SALIM FAAT 317 BAIRRO 15
16199,RUA çLARA NUNES 2879 8NOVO SETOR 0
300139,RUA RIO GRADNE SUL 88 ORQUE
358617,RUA B None None
215951,AVENIDA PRESIDENTE DUTRA 1620 BAIXA UNIAO
871081,AVENIDAë  8 CIDADE NOVA
1087061,RUAD UARTE DA COySTA 634 DOM PEDRO I
901989,AVENIDA DESEMBARGADOR DESEBARGADOR JOAO MACHADO 100 LIRIO DO VALE
996685,RUA RfARA 29 TANCREDO NEVESa
664139,RUA RIO TARAUACA 337 SENADOR POMPEU
1074347,RU DIVINOPOLIS 91 COLONHA TERR NOVA
470855,RUA PORTO VE1HO 2201 CENTRO
448739,RUA RONCONI JUSTINO LUIS None NEGRO MONTE
793456,AVEIDAAQUILINO BARROS 306 JAUARY Y
217258,BECO BECO SEM DENOMINACAO 820 MTAO GROSSO
526147,RUA MENDES DE ARAUJO 1243 MANUEL UgRBANO
433716,AVENIDA GALO mDA SERRA 2254 SETOR 01
320009,RUA cOUTR GONDIM 5968 CASTANHEIRA
747812,RUA LINO DE SOUZA 150 UNIâO
16186,RUAçLARA NUNES 2832 SETO 08 NOVO
804409,RUAs OSORIO DA FONSECA 1236 JAUARI II
395838,AVENIDA 5 DE SETEMBRO 4250 mCENpTRO
440408,RUA GETULIi AVRGAS 1670 CEoNTaRO
736695,PACATUBA None PACATUBA
1089196,RUA E 119 JORGE TEIXEIRA SANTA
782427,RUA JOSE NOGUEIRA MACIEL 195 IIPXUNA
1120704,RU IRLANDA 13 FLiOES
814398,SITIO RAIMUNDA SANTOS None PAARNA DA EVA
848719,IGARAPE CAYAMOM 87 B0A VITAu
154789,RUA TARAUACA 488 PRIMAVERA
408297,AVENIDA AYRTON SENNA 1475 ETOR 01
394642,DOM DOM PEDRO II 7805 JOAO FRANCISCO CLIMACO
969943,RUA 74 957 JAPIIM
578165,RUA ISAURA PARENTE None BOSQUE BOSQUE
1099098,RUA FLAzIO COSTA 10 COROADO
347366,AVENIDA PORTO VELHO 6004 SAO CRISTOVAO CRISTOVAO
480397,RAMAL DO LIVRAMENTO 9 BOA VISTA
747440,RUA JOAO RAMOS 160 CHAGAS AGUIAR
325120,AVENIDA 14 DE JULHO 385 CENTRi
68926,RUA ANTONIO CARLOS ANCA 757 CEzNTRuO
895438,AVENIDA $ETE DE SEfEMBRO 1416 CNTdO
160741,RUA PRESBITêRO HONORATOP EREIRA 2597 SAO FRANCISCO
777845,RUA S1 1245 CENTRO
385188,RUA UM MIL QUnINHENTOS E DOZEi 1946 CRISTO CRISTO REI
495463,éSTRADA ESTRADA O REMANSO 1171 RwMANCO
908477,AVENIDA SENADOR ALVARO BOTELHO MAIA 366 CfENTRO
938261,BECO SA pAZARO 335 SANTO ANTONIO
533276,RODOVIA 3y64 17 RiAMAL SAMAUMA
231308,RUA AwRIS 11766 VELHO
1103167,RUAx G 109 lARQUE 10 DE NOVEMBROd
712525,RUAB EIJA FkOR 236 DO GADO
323805,RUA SAO CRISjOVAO 4606 CALADINHO
841589,RUA WALDEMAR VENTURA 2819 SAO JOSE
1018517,RUw BOM JEqSUS 71 AMAZONINO MENDES
38845,eLINHA 7 9 CABIXI
638318,ZEZE RAMAL 2545 BEOJ ARDIN
690069,RUA JOAO PAULO II None BwIRRO LUZIA
1010428,gEJAMIN 57 CIDADE DE DEU$
254222,URA EQUADOR 1914 NOVA NOVA PORTbO VELHO
487616,TRAVESSA PROETADA 19 18 BAIXàDA
939066,BêCO SAO PAUcLO 248 SANTO ANTONIOl
689754,RUA FRANCISCO BsRRONCqS 354 BAIRRlO SANTA LUsIA
528485,RAMAL Dà MALOCA None RODOVIA AC 75
200726,UA PEDRO SIMPLICïO DA MOTA 477 PIOENoROS
304002,RUA SAO JORGE 4500 NOVO HORIZONTE
980752,RUAn ACAPULCO ACAPULCO 84 NOVA CIDADE
392249,AVENIDA ALONSO EUGENIO DE MELO 3007 JOAO FRANCISCO CLIMACO
348000,AVENIDA ROLIM DE MOURA 6429 BOA EPSERANyCA
240556,RúA CARLOS GOMwS 2446 SO CRISTVOAO
487404,RUA RgAIO DESOL 8 swCENTRO
277339,RUA LARIMAR 8675 ZONA LESTE
870188,AVEINDA DO FUTURO 7 PLANALTO
1029714,RUA CARAMBOLA 103 SsNTA ETELVNIA
559124,RUA BURITI 350 SANTA UITERîA
1049595,RUA CRICíUMà 95 CIDADE DE EUS
241753,RUA CEDRO BRANCO 7756 NACIONAL
667961,RUA FRANCISCO VIEnIRA DOS zANTOS 227 LARNJzL
426001,RUA CASTELO RANCO 433 SATLITr
384120,RUA SETECENTOS E TRINTA E SEîS 2103 BODANESE
1037354,iRUq CEREJEIRA 150 MONTE DAS OLIVEIRASr
574909,RUA RFANCISCO NASCIMENTO PEREIRA 399 VILA CARE
1024517,RUA C 237 CIDADE NOVA
824504,eUA LUIZ FALCAO 581 VILA FALCAO
778605,RUA MARECHAL CANDIDO RONDON 2002 NOVA HUAMITsA
831486,BECO JOzO XXIII None CENTRO
800511,RUA DAS ACEROLAS 4443 JARDIM LORENA
805268,RUA PRUDENTE DE MORAES 439 BAIRRO COkObIA
973448,RUA 7 44 CIDADE NOVA
201623,RUA TAPJOS 188 BELA lIVSTA
559036,RUbA BURTI 13 NOV0 CALAFATé
634431,TRAVESSA SAO MATEUS 115 MAURI SERGIO
895036,AVENIDA SAO VICENTE 101 SAO LAZARO
883636,AVENIDA MARCOS CAVALCANTE 134 CIDADE DE DEUS
60910,RUA UNIAO None LIBRDADE
378378,RUA JOAO BRANL 961 JARDM EkDORADO
277090,RUA LAGUNA 2556 ZONA SUL
414098,RUA vVALE O PARAISO 2188 SuT SuT 3
127554,AVENIDA MARExHAL RONDON 1158 CEyNTROb
1008096,RUA RUAs BARREIRINHA 747 GILBERTO MESTRINHO MESTRINHO
848498,ESTRADA BR 19 28 TUPqNAp
592882,RUA PALMARES 289 NOVA ESTAçAO
59518,RUA jRI ONEGRO 1040 BAIRRO FLORESAT
677522,RIO RIO SOLIMOjES 1 uHLA DO INGA
39446,AVENIDA AFONSO PENA 2717 PRINCESA PRINCESA SABEL
206678,AVENIDA CARLOS GOMES 1607 $qO CRISTOVAO
649639,RAMAL RAMAL BONAL 49 BONALe
398942,RUA SANTOS DUMONT 5210 CxENTRO
1077559,RUA DO OURO 47 TANCREDONEVES
927274,BECO SAN MARkNO 10 SOA
485421,TRsVESSz PARA 75 CoENTROx
547022,SEM ENOMINACAO 1251 RIANGULOVELHO
297100,RUA QUATRO 154154 TES MARIAS
675424,AVENeuDA SAO JOAQUIM 489 SAO FRANCISCO FRANCISCO
719722,RUAy  552 CRISTO REI
156720,VALMAR MEIR 1735 NOVO JîARANA
435587,RyA kUTUM 1195 SETOR 03
326527,LINHâ 23 None MUTUM oAARNA
1094590,RUA ESTELA 39 PARQUE 10 DE NOVEMhRO
889054,AVENIDA PERIMETRdAL II 916 PARQUE DEZ DE NOVEMBRO NOVEMBRO
260983,RUA GETULIO VARGAS 1921 QiILMETRO UM
26397,RUA OLAVO BILxzC 3158 SETRO 6v
307178,RUA SILAS SILAS HOCKNESS 3097 FLODOALDO PONTES PINTO
298458,RUA RAIMúNDO RAIMúNDO BATISTA 436 CEbTRO
12880,RUA ARAPONGAS 1672 SETOR SETOR 02
859174,BRASIL AVENîDA None COMPENSA
720615,RUA CORONEL DE SOUZA 1155 CENROj
41354,AVENIDtA AVENIDtA CUIABA 1717 CENgRO
752240,COMUmNIDkADE MARTELO 5 MARTELO
1045468,RUAC IRCULAR IRCULAR NORTE 1 ARMANDO MENES
436394,RUA URUBU REï 2567 SETOR 05
645173,AVENIDA CASTELO BRANCO 33 CENTRO
1075074,DO AREAL RUA 137 SANTO NATONIO
101494,AVENIDAg ROCHA LEAL 573 TAMNADAtE
528495,RAMAL DcA MALOCAv 17 RODiVIA AC 475
511748,RUA CAMINHpO JOAwO REBOUCAS 1370 JOSE INARCIp DE MESQUITA
156204,RUA TRINTà E UM DE MRCO 1426 SANTIAGO BAIRRO
239700,RUA CAPAO NOVO None TRE
459842,|NIHA 06 137 ASSENTAMETN
177523,RUA CARLiS BUENO 4205 SETOR 14
986897,RUA ALMIR PDRvEIRA 103 PETROPOLIS
263824,RUA RU HARPA 1531 CASTANHEIRA
987357,ALUISIO RUA BRASIL 703 BAIRR0 PETROPOLIS
752751,COMUNIDADE SANTA MARIA DO PORCAO None RIO OCPEA
239212,RUA CAbAA 2919 NAICONAkL
762891,RUA RICARDO SALVINO 31 RUA RICARDO SALVIANO
837159,RUA JONAyTHS BASTOS 1130 PRTEA
1044495,RUA CINQUENTw é TRES 29 NOVA CIDkADw
1090127,RUA EDSON VIEIRALVES None NOVO ALEIXO
919371,BECO EDUARDO RIBEIRO 2 303 CHAwPADA
263206,RûA RUA GUARANI 6034 TRES MARIAS
721787,LAGO ARA GRANDE GRANDE 25 1AGO ARA GRoANDE
701066,AVENID CASTELO BRANCO 567 CvNTRO
269931,RUA JEQUIE 6609 CUsNIA
763278,RUA MARECHAL DEODORO 235 NOSSA DO PERPETUO SOCOfRRO
1107143,RUA GOIAS 17 FLOEaS
116206,RUA RAIMUNDO CATANHEDE 2467 SETO 01m
304120,RUA SAO JOSE JOSE 8528 VELHO VELHO PORTO
570258,RUA vDOURADO 360 CcNQUISTA
115919,RUA RAIMUNDO BARETO 1427 SêTOR 07
686163,VCIINAL LINHA 11 3 APUI
578360,RUá ISAURA PARENyTE 1849 EXPERIMENTAL SETACAO
993300,RUA ANGELIM 4 JORGE TEIXfIdRA 2 ETAPA
1022685,URA iC 3 sLAGO AZyL
408181,AVENIDA AYRTON SENNA 791 SETOR 01
1085535,fUA DOZE 3 CIkDADE NOVA
1109209,RUAGUfATEMALA 147 FOLRES
819249,RO JURjA None tJUUA
274252,RûA JOSE CAMACHO 2655 LIBERDADE
577357,RUA UGO CARNEIR 3 BOSQUE
845515,RAMAL SETfj None M 00
776806,RUA MUNICIPAL I 1969 CENTRO
1071206,RAU DEZESSEIS 1 P|ANALTO
607114,RUs TRíUNFO None BAIRRO CIDADE NOVA
958764,dUA 20 None CIDADE NOVA
333781,30 DE JUNHO AVEmIDA 1530 CNTRO
1063301,RUA ADS BULGARIAd 22 JORG ETEIXEIRA 1 ETPA
218502,ESTRADA DO BLMONT 2366 NACONAL
327737,LOTEtAMENTO SALVADOR 40 RAMAL DO SALVAODR
125900,AVENIDA JORGE TEIXEIRA 2176 NOVA LONDRINA
135344,RAU CEDRO 4150 JK
760675,RUA 01 171 NOeSA SENHORA DE
139174,RUA DOS CARITIANAS 128 URUPA URUPA
174174,kLINHA LU 2 14 MACHADINHOg DO OETE
758951,COMUINDADE TALMIRI 9 AARNA
78399,RUA PRESIDENTE KENNEDY 4333 yCENTRO
585305,MACAUA 17 PORTAL DA AMZAONIA
341182,AVxENIDA ARACAJU 6016 SAO CRISTOVAO
844232,TRAVESSgA WALDEMAR PrDROSA 1143 SAO FRANCISCsO
6915,TRAVgESSA 50 LINHA 5 ZONAR URAL
831959,ESTRADA rXTRAMzAR 419 NOVO MANACA
455379,LINHA 45 19 LIoNHA 45
1095716,EXODO 21 NOVO ALEIXO
1107674,RUA GRAPIAPUNHA 360 MONTE DAS OLIVEIRAS
302290,URA SCARAMENTO 1303 ZON SUL
847422,RUA CAI jAGUA 64 AJURIxABA
828164,RAMAL LINHA 15 11 MONTE 1
966319,RUA 32 6 CIDADE NOVA
250218,RUA D0 SOp 331 FLORESTA
1123486,RUA IVAIPORA 200 NOVO ALEIXO
550667,RUA ADOLFO BtARBOSA LEITE LEITE 100 BAIRRO 5
186509,RUA LONRINA 23 JARDIM JARDIM AEROPORTO
258259,RUA FRANCISCO EZERRA 152 ACLAA
655926,RUA RAIMUNDO CRISTImNO CRISTImNO DE SOUZA 248 VITORIA
794095,AVENIDA JOSEaTADROS 3468 EDhARDOBRAGA II
490776,RAMAL D ELZA 2 ZAQUdE| MACHADO
151880,RUA RIO CANDEIAS 680 PARQUE SAO PEDRO
788067,RUA DO IGARAPE 35 MUTuRAO DO CACAU
564563,RUA DAREESRVA None TANCREDO mNEVêS
661306,ALIPIO ALVES 180 AVLëINO LEAL
283141,ANDREAxZA MARIO RUA 10403 MARIAAN
909232,BARRgO RITA SANTA 8 ALEiIXO ALEIXO
1139216,RUA JURITI 5 CAMPOS SALES
1094898,RUA ESTRELA DE 7 NOVO ISRAEL
294651,RUA PIRATININGA 6137 LAGOINHA
1119605,RUA IPIXUNeA 1514 ACCHOEIRINHA
354856,RUA RíO cERDE 3930 BARIRO OLIMPICO
81868,AVENIDA HASSIB CURY 1530 SETOnR0005
435084,RUA GAIVAO - REAL 4500 SETOR 050 5
948715,RUà 10 159 CIDAD NOVA
1144902,RUA LESOTO 93 NOVA CíDADE
576811,RUA HABITAR BRASIL 175 JOAO II
127658,AVENIDA MARECHAL RONDON 1800 CENTRO
89842,RUA RIO DE DE JANEIRO 3565 BAIRRO LIBERDADE
271822,RUA JOAO PEDRO DO ROCHA 1291 NObá PORTO VELHO
359617,RUá ANGELINA F DOS SANTOS 2379 CqENTRO
494572,MANCIO CORONEL AVENIDA LIMA 3491 AEROPORTO VELHO
1053,AVENIDA BRASL 4508 fNETRO
968334,RUA 40C 3 AMãZONINO MNEDES I
447671,AVENíDhA RONDONIA None MONTE NERO NEGRO
954795,RúA 16 322 VALE DO SINAI
387037,TRAVESSA UM MIL OITOCENTOS E CINCO 1490 BELAV jSTA
1126590,RUA ANAMBA 65 JORGE TEIXIRA TEIXIRA
322076,RiA PADRE CHIQHINHp 2614 LIBEDRADE
982790,URA AGANã 41 NOVA CIDADE
442836,RUA SAO LUCAS 3251 CENRTAL
301268,RUA ROGERIO WEBER 1153 BAIA UNAIO
75307,RONDON MAREdHAL AVENIDA 4210 CETNtO
818836,ALDEIA STAçAO None RIO MENERUA
277875,RUA LqIBERO BADOO 3178 E SILVA
125301,AVENIDA GUANABARA 1151 SAO SAO FRANfISCO
1062783,RUA DAS ABIURANAS 65 COROADO
1149752,cRUA Mr 16 CIDAED NOV
1151674,RUA RUA MAGNETRON 29 ARMANDO MENDES
243401,RAU CLAUDIO DA CkSTA 7573 PORTOt VELHO
305677,RUA SE MDENiMINACAO 3377 LAGOINHA
393297,VENIDA EDUARDO CORRREIA DE ARAUJO 4156 CaETNRO
454570,SITIO hwPARANA None LINHA45
172843,TRAVESAS 08 2822 CNETRO
21451,RUA INGAZEIRA INGAZEIRA 1375 SrTOR 10
689073,RUA ABEL SEhwNA 270 BAIRRO SANTA LUZIV
812036,RIO ARARI GRANDE None COMyNIDADE SANTbA ROSA
267279,RyUA TIAUNAS 1681 ZOAN eUL
816225,AVENIDA AMANCIO BARBSkA 212 CENTRO
220941,RUA ABNATAL ABNATAL BENES DE LIMA 748 AGENO RDE CARVALH0
565865,RU DASP LACAS 1158 PxLACSA
509908,RUA CITURAO VERDE 13 hCITURAO
110406,eUA DANIEL DA ROCHA 1002 STEOR 03
64190,TRAVESSA MARFIM 835 JARDIMv ANDEIRANTES
752426,COMUNDIADE PARAISO 7 OR CASTANHA
1064462,RUA tDAS GARCAS 57 MONTI DAS OLIVEIRAS
925696,CEU BECO PORAT DO 1 vOR0ADO I
736598,LAGO P A E CASTANHO 108 PAj PANELA
909928,BECO qALMIR 4 BAIRRO PETROPOLIS
637627,RAnAL PICA APU 149 AkMAPA
436168,RUA TICO TICO 1946 5EkTOR 01
141036,RUA FRANCISCO PEREIRA DOSSANTOS 2821 J
198992,RUA FERNAO DIAzo 1310 JADRIM OLIVEIRAS DAS
31883,RUA TOPAZIO 5588 RURLAe
873598,AVENIDA F None PARQûE 10
1102879,RUA G 23 GILBaERTO
1059280,RUA DA PAZ 110 TARUMA
556662,RUA BELO HORIZONTE 39 JORGE LAVOCAT
979140,RUA A1 32 CIDADE NOVA
1121951,RUA ITACOLOMI 245 AMRAND OMENDES
835696,RUA EZANOR AAIDE 1503 JOSEz
1078810,RU DmOIS 2 D0M PEDRO
687022,RUA ANTONIO DE SOUZA BRAGA 46 CENTRO
531005,RUâ NELSON DE SOUZA NERY 400 OLARIA
883398,AVENIDA MAICOE None CACHOEIRINHA
355323,RUA SEM SEM DENOMINACAO None INdDUSTRIzL
170519,CAFf FILHO RUA 2750 CNETRO
266089,RUA INACIO MENDES 8260 ZON A04
226412,RUá NAA SOBRAL 6670 kAGOINHA
138277,UiA DIVINO TAQUARI 2341 NOVA BRSAILIAw
903754,AVENIDA MARQUES DE TAjANDRAE None FLORES
780047,LAGO ACAA 60 CAãRA
713921,JOSEP EREIRA CUNHA None PLATO DO PIQUIdA
359051,AVENIDA JORGE TEIXEIRA DE OLIVEIRA 2375 ChETRO
864991,AVwNIDA CONSTANTINO NERY 956 CETRO
1068409,RUA DEMENIS 32 TáRUMA
725003,TEMESTOCLES RUA None SANTO ANTONIO
448530,RUã DO 370 SnETOR
300028,RIO DE RIO JANEIRO RUA 4170 NOVA PORTO ELHO
145124,RUA JOSE GERALDO 1292 VILA JTOAO
243445,RUA CLAUDIO DA COSTA 7934 PORTO VELHO
458264,RUA THOMAS EDSON 4016 CIDADE BAIXA
68283,AVENIDA DOS ESTADOS 1505 CëNTRO
329094,RODOVIA BR 364 364g 80 JACI PARANA
227007,RUA ANARI 558 B FLORESATh
628831,TRAVESSA MARA 22 VIjzTORIA
79701,AVENIDA GOVERNADOR JORGE TEIXEIRA 2295 CENTRO
338573,LOBOS RUA VILA 2318 CUNHA ES ILVA
635614,ESTRADA JOAREZ TAVORA 1545 UTyM
210320,AVENIDA MAMORqE 5661 IGAAPE
167184,AVENIDA DIOMERO MORAIS BOBRA 4421 BAIdRO BOM FUTURO
172407,RUA RORAIMA None CETNRO
204332,AVENIDA BRASILIA 336 TUCUMANZAL
430162,RUA DAS CEREJEIRAS 246 ECNRTO
632858,TRAVESSA VASCO DA GAMA 660 ATQUAtI
391427,LINH A09 2 ZONA RRUAL
493870,AVENIDA RODRIGUES ALVES 411 CENTR
938113,BECwO SAO LAZARO 19 SANTi ANTONIO
110918,RUA RUA ERMANO DOSo SANTOS 2158 STOR 0
262179,RUA GREGOROI ALiEGRE 6314 oORTO VELHO
1014462,RU BENJAMIN FERNANDES 119 CIDADE kNVOA
252428,RUA EDUARDO LIMA SILVA 3168 AGNEOR M xDE CARVALHO
111417,RUA FRANCISCO PATNOJA 2772 TS 0
652742,RûA ANTONI0 CARLOS PEREIRA 1190 CSU
247285,RUA DANIELA 1655 TRES MsRIAS
743565,RUA CAMPyOS 78 LIBERDADE LIEBRDADE
734368,RUA MARGARDIA 277 NOVO H0RIZONTE
853734,AVENIDA AJURICBA 268 CACOEIRINHA
268899,RUâ JANAINA 6449 IGARAPE
738923,RUA SAO JiSEt None PURUPcúRU
508917,SAO SAVADOR 70 SAO SAVLADOR SAVLADOR
1086204,RxUA DOZs 154 CIDsDE NOVA
623764,COELHO TRAVESSAo 857 MAURI $EaRGIO
582857,RUA | 274 BAIRRO CORRENTE
215580,AVNIDA UUGUAI 2882 P0RTO VELHO
554538,tRUA AVESTRúZ 74 NOVA ESPERANCA
845209,pAOG DO CURURU 24 COMUN SAO JOAO
96557,AVNEIDA DOMINGOS CORREA DE ARâUJO 3080 GUAJARã MIfRIM
218529,ESTRADA DO BELMONT 2636 NACïONAL NACïONAL
613873,RUA MARECHAL DEODORO 148 CENTRO
926356,BrCO RAQUL 700 PETROOPLIS
102212,AVENIDA TOUFIC MELHEN ABICHABIK 5301 JARDIM DAS ESMERALDAS
930251,vECO SEM DENOMINACAO 312 pMONTE DAS OLIVEIRAS
852191,ALAMED AVENEZUELA 148 CONDOMINIO JARDIM DAS AMERICAS
455930,RODOVIA 489LH FA 01 None None
113995,RUA MíNERVINO VIANA 2316 SETO4R 
1103324,cRUAG  576 BkuM JARDIM
560478,RUA fASTELO BRANC0 139 ESTACAO EXPERIMENTAL
436703,LnINHA v 94 1360 LINHA B94
170760,dUA DAS CODONA 5272 BAIRRO BOM FUTURO
8239,AVENIDA DAS FLORES 3323 RURAL Sã OLUIZ
187201,RUA OLAVIO BILAC 1695 JARDIM NOVO
580565,RUAJ OAO THOMáZ 63 CADEIA VLEHtA
128708,RUA ABILIO FREIRE DOS SANTOS 87 DOIS EA BRIL
817195,RIO ALTI PARANA 41 VENCExmDOR
586247,RUA MANOEL DANTAS 62 UNíVERSITARIO
160296,RUA PADRE CIxERO 1173 JARDIM DOS MIGRANTES
1070847,RUA DEZENOVE 57 LIRIO O VAoE
142817,RUA IBMURàNA 1164 J0RGE TEIXEIRA
138251,RUA DIVINO TAQUARI 2175 NOVA RBASILIA
720671,RUA MqRECHAL DEODORO 125 CNTRi
152669,URA RIO SOLuIMOES 536 DOM BOSCO
887962,AVwNIDA ENETRACAO 71 JAPIlM
477802,RAMAL DOS POSSrIRpS 4 SRINGL TRIUNFO
900056,AVENIDA VIpNTE E DOIS 22 DO LIRIO LIRIO VALE
289136,RUA OROS 11206 MACROS FREIRE FREIRE
377054,RUAtE 5507 QUINT OEBC
1053394,RUA CURUNAAj 219 COMPENSà
854102,VAENIDA ALASKA 1051 PONTA NEGRA
1109278,RUA GUATER MARQUES BnATSITA 19 PETROPOLIS
1022323,RUA BURITI 239 CIDADE NOVs
110368,RUA CICERi FELISBERTO VIEIRA 3290 TARILANDIA
939782,BECO SAOc VICENTE VICENTE 69 PETROPOLIS PETROPOLIS
171449,RUA JOAO GOULART 2572 CENlTRO CENlTRO
363847,DyAS ORQUIDEAS OU 1709 2334 JARDlM PRIMAVERA
553939,RUA ARACAJU None LOT NOVA MORADA
211042,AVENIDA PINyHEIRO MACHAD0 4904 FLODOALDO PONTES PINTO
39013,LIjHA 8u 17 CAxBIX
620139,RUA SENADOR MARIO MAIA 297 JORGE LAVOCAT
335433,PORTO VLEHO 2327 ERNANDES GONCALVES
350805,AVENIDA SAO PAUL 6276 SAO CIReTOVAO
1014981,RUA BERNDO CABRAL 8 COROADO
1140845,URw L 31 NOVA CIDADE
64432,TRAVESSA VINTE E SEIS DE NOVEMBRO 1577 JARDIM VISfA ALEvRE
810773,IGARAPE ILHA DO AMATAI None COM NOSSA SENHORA DE FATIMA
809164,AVENjDA AFONSO PACHEO None NOVO REMANSO
770471,BASTOS RUA OS 27 GUAJAR
249578,RUA DO DIAMANTE 4329 FLODOALDO oONTES PINTO
743497,RUAu C 54 UNzIOA
1082037,RUA DOIS IRMAOS 30 COLkNIA MACHADO
1022473,RUA BUZIOS 264 DISTRITO 2
1016655,RUA BOA SORTE 522 PRESIDENTE VARGAS
270464,RU JOAO BORTOLOZZ0 108 CENTRO
396195,AVENIA CASTELO BRANCO 4910 CNEgRO
1033651,RUA CASTRO ALVES 22 ICADE DE DEUS
340734,INHA ç 85 None Nome
1064807,RUA DAS JACANAS 68 CIDADs pDE DEUS
557292,URA BUMENAL None BAHIA PALHERAL
29510,RUA RIO NEGRO 3604 J0RGE TEIXEIRA
1101979,RUA FRANCzISCk GALVAO 338 AMAZONINO MENDES II
239813,RUA CAPRICORNIO 11740 POTRO VELHOc
1025803,RUA CbACHOEIR ALTA 140 rARMUA
608258,RUA VwLDOMIRO OLPES 1486 GERALDO FLEMING
356350,RUA BARAO DE MELGACO 6326 BOA ESPERANCA
609575,RUA VINTE E QUATRO DE JANEIRO 23 6 DE
992697,RUA ANDERSON DUTRA 210 GILEROT MESTRINHO
1028774,RUA CANARIO 91 CIDADE NOVA 1
510225,RUA SANTA TEREZINHA None ySANTA TEdEZINHA
540976,BECO BEIRA RIO 150 CIDADf NOVA
890233,AVENIDA PRINCIPAL None CHAPADA
834299,RUA ARIOcLANO DURAND 260 BIRIBIRI
419075,LIjHA 140 SUL 12 NVOO HeORIZONTE
654934,RUA MARANHAO 1574 JORGE ALVES JUNIiR
743907,CAUA RUzA 52 ITAMARATI
755004,RIO SOLIMOES 13 NOVA REPUBLICA
492716,âVENIDA GETULIO VRGAS None BIARRO DO ALUMNIO
647976,RUA SANTtOS DUMNOT 181 CfNTRO
767314,RUA MENDES 299 SAO FRACISCO II
1133757,JONATHAS PEDROSA RA 915 PRACA 14 DEJANEIRO
1094940,dUA ESTRELA DE DAVI 29 NpOV ISRAEL
882960,AVENsIDA LORIS LORIS CORDOVIL 75 ALVORADA
282966,RUA MARIO ANDREAZZA 8604 PORTO VELHO
484530,RUA RAIMUNDO BARROS DA SILVA 71 EL DOURA
894035,AVENIDA RIO NEGRO 248 EUANDOS
1109744,RUA GURUPI 23 BAIRRO DA PAZ
164295,LINHA z206 30 GLEBA31 E 32
860681,AxVENIwDA BURITI None rISTRIT0
724624,RUA MORAES ANTONIO FhILHO None SANTA LUZjIA
924147,BECO NIPOA None GERALDO
602001,RUA SAO FRANCISCO 272 TANCREDO NëVES
194308,AVENIDA GUARARAPES 1557 VILs ANOVA
736295,LAO LAGODO JANAUACA 2335 JAANUACA
768192,RdUA DO 150 EjTRO
1040803,RUA CICO 292 JORGE TEIXEIRA
102436,AVENIDA TREZE DE ESTEMBRO 2012 GUAJARA MIRIM
284365,RUA MEXImO 3097 MBRATL
1054934,RUA D D 81 ARMAND MENDES
681167,AVENIDA 8 DE DEZsMRO 86 ANOkR
739239,RUw 1 DE JANEIRO 3 CENTRO
574343,RU AFORTALEZA 183 XAVIER MAIA
762098,RUA LELLAND BARROSO 225 NOSSA NOSSA SENHORA DE APAECIDA
1012572,RUA BELO HORIZONTE 5 CMOPENA 1
778667,RUA MARECHAL MARECHAL DEODORO 2293 CENcTjRO
203267,RODOVIA 387 8 kRO387
641018,gAVENIDA DUQUE rDE CAXIAS 104 RODRIGUES ALVES
1011538,RUA BELwA VISTA 690 GILBERxTO MESTRINHO
561691,RUA CONQUISTA CONQUlSTA 272 GERALDO FELMING
1069726,RiA EDZ 276 TEIEXIRA 4 ETAPA
350631,áVENIDA PAULO 4469 EBIRA RïO
1036811,RUA CENTO TRINTA E TRES 49 NOVA C C
780762,ROxOVIA BR 319 HU MANAUS 4 RAELIgDADE
954498,RUA1 59 30 NOVA CIDADE
46657,AVENIDA MARECAL RONDON 2405 PRINCESA PRINCESA ISABEL
509918,RUA CITURAO VERDE 23 CITRA
596199,RUA PRIMEIRO DE JANEIRO 38 CONJUNTO CONJUNTO PRCOOM
181690,RODOVIA RO 470 OU RUA MARECHAL DEODORO DA FONSECA 1711 BAIRRO IrNqDUSTRIAL
882892,AVENIDA LORIS CORDOVIL 41 ALVORADA
733524,RUA AUTZ MIIM 346 xENTRO
853957,VENIDA 4 PONTA NEGRA
721185,TRAVESSA RUY ARAUJO 704 CENTRO
598115,RUA RADIO FAROL 76 AEROPORTO VELHO
137351,RUA DAmS FLOdES 1001 aAO FRANICSCO
219463,RODOVIã BR 364 None ROQUE
148090,RUA MATO GROSSO 305 BAIiRRO SANTIAGO
519621,IGARAPE PARANA DO None COLONIA phARRO BRANCO
501128,RUA FLOR DE MAIO 84 LAGOA
866310,AVENIDq CONSTANTINO NERY 3245 CHzPADA
113858,RUA MINASb GERIAS 3451 zT 06
269877,JAVALI 8861 ZONAl LESTE
322389,RUA PADRE CHIINHO 1891 SAO JOAO BOSiC
499207,pRUA DO AMAZNOAS 2221 BE
842366,RUA MADEIRA 1573 LIBERDvADE LIBERDvADE
254613,RUA ASNTO None FLORESTA
689599,RUA FERNANDO ONETE STONE 270 CIDADE NOVA
1089224,Uw E 130 JORGE TEIXEIRA SANTA INES
875532,AVENIDA GETULI OVARGAS 657 CENTRO
600931,RUA S SEIS 63 TUCUMA
646051,URA URA BRASILIANO CANCIO 2930 TRîUNFO
1027106,RUA RA CAMPA 23 MONTE DA SOLIVEIRãS
729044,RIO PilRUS 8 cJITIMARI
228461,RUA ANlTA MALFATI 8759 ESCOLA DE POLCIIA
686157,VICINAL KENêDYp 57 VALDECIR
687881,TRzVESSA RIO wURELIO 38 CENRO
208376,AVENIDA IDALAV FRAGA MOREIRA 2935 CASCALHEkReA
383701,RUA SESSENTA E CINCO 1006 JARDIM ELDOARDO
146348,RUA MANvOEL FRANeCO 203 NOV BRASLIA
558599,RUA BOjLEVARD AUGUSTO 695 BAIRRO 15f
575455,RUA GABRIEL SOAREd None FLORESA
332569,RUA GOVERNADOR JORJE TEIXEIRA 1460 UNIAO BANDEIRANTE
61819,RUA DUQE DE CAXAS 1574 CfNTR0
844789,COSTA AJARATUBINHA None SAO PêDRO COMUNIDADE
213226,AVENIDA RI0 DE JANEIRO 7259 qLAGOINHAa
84800,SITO SEM rENOMINACAO 1 None LINHA8 KM 33
720931,TRAVESSA JAUjARjNA 2390 RECREO
1046289,RUA xCOADJAS 114 CIDADE DE DE DsUS
627355,TRAVESSA JAGhARI 70 EnSTACA EXPERIMENTAL
348303,AVENIDA SETE DE SETEMBRO 4691 BEIRA RIO
551901,INACIO ALVARO RAU None CONJUNT SPERANCA
762389,RUA OLAVO BALC 99 SANOT ANTdONI0
768330,RUA EVANILDA SAMPAIO 11 SAO FRANCISCO II
706872,KENNEDY AVENIDA PRESIDENTE 477 CAVIANA
511047,AVENIDA SANTOS DUMONT 1145 LIBERDADE LIBEtDADE
116754,RUA RIO DE JzANEIRO 2765 SETOR 30
1087055,DA COSTA RúA DUARTE 565 DOM PEDRO I
622374,TRAVESSA BOM DESToNtO 638 VíTOIRA
773615,RúA BEZERRA NORONHA 464 NOVO CENTENARIO
1144214,RUA LEOPOLDO CAoRPîNTEIRO PERES 518 PERTOPpOLIS
79928,RUAzPORTO VELHO 2411 CENTROCENTRO
911803,BECO BEIRA MAR None SAO RAIMUNDO
585941,jRUA MANGUEIbRA 99 ADALBEbTO SENA
599609,RUA RIO GRANDE DO SUL None PRVENTORIO
1000413,RUA ASSUNCA 9 PLANATLO
376572,RUA COST E SILVA 970 CENdTRO
815379,RUA JOSE PANZA None CIDADE ALTA
506532,TRAVESSA oORTO 87 VARZIA
782648,RUA NEWTON ILMA 133 IPImXUNA
263716,RUA GUSTAVO MOURA 3818 ZONA LESTE
354686,RAU RIO MADEIRA 5847 BOA ESPERANCA
916530,BECO DA FEIRA 12 DISTRITO INDUSTRIAL
605950,RUA TEJO 89 LPACAa
552893,RUA sN VITORIA 370 ESTACOA EXPEIRMENTAL
639490,RUA F 378 VILA JORGE mAULME
124619,AVENIDA DkIS Dd ABRIL 275 nURUAP
1089912,RUA EBANO ORIENTAL 25 JORG ETEIXEIRà
307106,RUA SILAS SHOCKNESS 531 TRIANGULO
818448,RUA TEOFIkLO LENCAR 2 JURUA
164542,LINHA 4 DO KM 9 None None
605317,RhA SROOCABA 82 CONJUNTO ESPERANCAl
6894,TRzVESSA LINHA 148 2 ZONA RURAL
726192,RUA ANTONIO ALBERTO 1082 NCAUTAMA
288903,URA ORtION 2743 ULISSES GyIMARAES
20892,RhUA GUANUMBI 1774 SETOR 2
926358,BEçO xRAQUEL 704 PETROPOLIS
256174,RUA FABIANA 6705 CUlNA
323817,RUA SAO GONCALO 3934 COSTA COSTA  SILVA
28786,RUA REGISTR0 4915 NOVE
387720,LINHA 15 14 15g5 CASCALHdEIRA
481167,BECO MARjNA 62 CENTRO
1149970,RUA M 32 COROADO
1128398,RU JSAMIM 18 ASNTA ETELVINA
64236,TRAVESSA MAiRTINHO LTERO 1216 LIBERDAxE
187107,RUA MINAS GERAIS 929 BAIRRO BAIRRO JARDIM NOVO ESTADO
412513,RgA NOVA COLINA 2302 SETOlR 4
65486,LINHA08 59 qLINHcA 08
673391,RODOVIq BR 3x17 4 CAQUETA
1054617,RjA D 39 ICDADE NpVA
19737,RUA FRANCISçO XAIER 5087 OLOIAL
138594,RUA DOa JASMIM 2389 BAIRRO SANTIAGO
942861,ESTRADA PONT ANEGRA 14 POiNTA NEGRA
156025,RUA TRINTA E UM DE MARCO 73 JARDIM DSO MIGRANTES
410483,RUA CEREJEIRAS CEREJEIRAS CEREJEIRAS 1251 xETOR 01
837466,RUA JOSE ORIANO 2694 LIBERDADE
1062226,RUA DANILO OCRRêA 414 MANAUfS
959163,RUâ 20u2 10 IDADE
503426,RUA REGOS BARRkS None MORRO DAG LORIA
566760,RUA DEZENOVE DE OUTUBRO 375 BOA UNIA0
228778,RUA ANTONIO FRAAG MOREIRA 2567 VELHO
377939,RUA GUARAUPAVA 10573 SETjOR 13
194311,AVENIDA GAdARAPES 1585 VILA NVOA
932858,BECO WALTER MESTRINHO 68 JAPIIM
520450,RUA PROJETADA 2 1636 CENTRO
1064296,RUA DAS FLORSE 160 DA OLIVEIRAS
434433,RUA ASSANHACO 2101 SETOR 02
1026663,RUA CALCUTA 406 NOVA CIDADE
112500,RUA JyORGE TEIXEIRA 2255 SETrOR 0
729099,RIp PURUS 11 $ACAcO
450808,LINHA 44 5491 RiRAL
736970,MARGEM RIO JUMw None LAGO DO BOTO
864975,AVNIDA CONSTANTINO NERY 926 CENTRO CENRTO
589776,RUA MIZAE1 MARTINS 401 NOVO CALAFATE
915107,BEC0 CdCE 32 AMANDO MENDES
660897,MARIA BECO ANwLIA 600 SENqDOR POMPfU
1097434,RzUA FAeOL DA BARRA 27 TARUMA COMUNIDADE SAO PEDRO
716689,IGARAtPE ANTIMRI 4 IGARAPE ANTIMARI
970339,RUA 5 13 CORkOADO
825285,RUA VINTE E DOIS DE OUTUBRO 1692 BAIRRO DA FONTE
747825,RúA LUCIA RODRIGUES None UsRUC
642631,RAMAL ARCO IRIS 91 RODRIGES qLVES
418969,LINHA 140 SUL 1 NOVO HORIOZNTE
868169,AVENIDà CURACA 8 NOVA CIDADE
871215,AVENDA Em 25 CIDADE NOVA
523537,RUA SAO SEASTïAO 2 GUARANI
106280,AVENIDA BRASIL 2813 SETOR 05
395017,RUA TERSINq V DO NASCIMENTO 3921 SAO JOSE
605146,RUA SILVESyRE COELHOo 184 BOSQEU
228513,RUA ANTiILHAS 4984 FLODOALDO PONTES PINTO
214336,AVENIDA SETE DE SETEMBRO 1360 CENTtO
203913,AVENIDA AMAONSA 3621 AGENOR M DE CARVALHO
385340,MIL QUINHENTOS UM SEIS E RUA 1505 CRIST RE
637809,RAMAL POTSO MEDICO MEDICO 1955 AAMPA
83226,TRAVESSA TRINTA E OITO 1602 SEgOR 0004
953846,15 DE OUTUBRO 80 REDECAOm
578066,RUA IPIRANGA 55 SOBRAL
33714,RUA DOM PEDRO II 1110 GERLDO SAO
804249,RUA NOVO ARIPUANA 3384 SAO RFANCICO
801767,RUmA HILARIO ANrUNES 1641 SANTO ANTONIO
207184,AVENIDA DOS IMIGRANTES 5329 RIO MADEIRA MADERIA
679882,RUA ALVARO MAIA 741 ANAMA
763200,RUA DOUTOR JOAO TOLEDO 243 NOSSA SoENHORA DE APâRECIDA
1141267,RUA L OIS 60 COMPENSA
367252,AVENIDA PRIMEIRO DE MAIO 3232 nCENgTRO
276002,RUA JOVENINA BARROS 8209 TEXEIRAO
120913,LINHA 628 760 None
288442,RUA NOVO MUNDO 1962 AEROLUBE
275766,RUA JOS ESALE 138 CéNTRO
412125,RyA MANAûS 1743 SETOR 2
867305,AVENIDA COSME FERREIRA 4394 CROOhADO
613002,RA FREI CANECâ 1534 ESTACAO EXPEIMENTAL
338209,RUA PEDRO DEd OLIVEdIRA 3077 CNETdO
58319,RUA PRESIDENTE ARTUR COSTA E SILVA 3281 VILAGE SOL DO
281009,RUA MANOEL FELIX 4953 FLODkALDO PONTES PINTO
413200,RûA RIO ALTO None CENTRO
631733,TRAVESSA SAO GABRIEL 1 SANTA MARIA
703670,ALDEIA NOVA CANAA 36 ALDEIA INDIGENA NOVA CANAiA
1082226,RUA DOM BOSwOC 314 CíDADE DE DEUS
1087563,RUA DUEZNTOS E SETE 19 NOVA CIDADE jCIDADE
629852,TRAVESSA COELHO 8 MAUel SERGIO
81914,AVENIDA HASSIB CURY 2233 SETOR 0001
480630,AVwENIDA MARINHOy MONTE 135 LE DOyURADO
860257,AVENID ABRSIL PRACA DA VITORIA 104 COMPENSA
289027,RUA ORLANDO FERREIRA 8290 TANCREDO EVES
1039771,RúA çINCO 40 SAO JOSE OPERARIO
901831,AVENIDAq DESEMBARGADOR JOAO MAHADO 40 LIRIO DO VALE
501713,RUA HERNANDES HERNANDES ARGICOLA None TELEGRAFO
138422,RUn ADO CRAVO 2996 SANTIAGO
810528,ESTRDAA MxARECHAL RONDON 49 RONDON 1
34995,AVENIDq BRASILIA 353 RURAL JD ALuVORAA
87841,RUAOGIAS 2463 BAIRRO LIBERDADE
292107,RUA PAULO MACyALAO 4836 FLODOALDO PONTES PINTO
76155,RsA CEREJEIRAS 2667 MINA$ GERAIS
799209,RUA BENJAMIN CONSTANT 3171 AtAUO COSTA
1149723,RUA M 13 JORGE TEIXEIRA COMUNIDADE BAIRRO NOVO
204087,AMqZONAS AVENIDA 7067 CUNIAk
490480,RAML BIRROQUE 22 SAO GABRIEgL
317357,RUA WILON GEUDES 8291 TEIXEIRAO
916806,BECO DA 0LARjIA 482 BmEANIA
305958,RUA SEM DENOMINACAO 6704 EROtCLUBE
125820,AVENIDA JK 1722 CASA PRETA PRETA PRETA
543447,ESTRADA DA SORAL 1204 SORBAL
102952,AVENIDA DOM EPDRO PRIMEIRO PRIMEIRO 1825 GUAJARA MIRIMup
924859,BECO ORIENTAL 8 JAPIIM
42854,AVENIDA FRANCISC0 LEITE DE OLIVEIRA 1920 RIOZINHO
448924,RUA PAULO MIOTO MIOTO 2762 MONTEu NEGRO
272023,RUA JOAQUIM ARAUJO LIMA 1324 OLARA
820756,RUAj RIO CURjENA 149 CENTR0
352003,RUA CNICO DE AGOSTO 749 BAIRRhO CIDADE ALAT
1128216,RUA JARDIM PAULISTA 11 ALsIXOv
1043613,RUA mCINQUENTA hE NOVE 5 NOVA CIDDAE
591559,RUA NOSSA SENHORA APARECIDA 41 TANREDO NEVES
298735,RUARAIMUNDO MERCES 1635 AGEOR M DE CARVALOH
273737,JOSsE BONIFACIO 909 OLARooA
770771,RUs JOAQUIM RODRIGUES 100 GUAJARA GUAJAAR
829184,RUâ ESTRADA DO IGARAPE RGANDE 7 RAMAL BR DO24
897002,AVENIDA TEFE 158 JzAPIIM
133816,RUA CASTANHEIAe 530 JORGE TEIXEIRA
598454,RUA RAIMUNDO MALAQUIAS 8 BAIfRO FLORESTA
1072261,RUA DEZESSETE 15 CIDADEr 2
918524,BECO DO CRúZEIRk 4 BETAmIA
551031,RUA AIRTON NSEA 75 SOBRAL
783282,LUZIA SANTA COUNIDADE 20 SANTA LiUZIA
517641,RUA SERtGIO BARROSO sCORDEIRO 35 ENINUNES
488535,RAMAL SANTARTIA 18 qESPNIHARA
94727,AVENIDA ANTONIp LUIZ DE MACyEDO 4385 GUAJARA MIRIM
722221,RIO CwbUMA 5 SAO MIGUEL
889516,AVENIDA PONTA GROSSA 1013 VILA RIO NEjGRO
1096086,RUA EZEQUIEL 109 NOVO ISRAEnL
1098414,RUA FERREIRA SOBRINHO 70 PETROPOLIS
124178,AVENIDz DAS 5ERINGUEIRAS None CAFEZINHO
650013,RAMAL ELETRONICO OU 29 7 RAAML OU 29
548426,RUA 19 zDE NOVEMBRO 78 BLEO JARIDM
913444,BEfO BRAGANTINA 1773 REDENCAO
807300,RUA DOUTOR LUZARDO FERREIRA DE MEL MEL 2087 BAIRRO CENTRO
93460,AVENIDA 12 hDE OUTURO 1240 TAMAwNDAER
565436,RUA DAS FLORES 101 BELO JARDIM
895124,AVENIDA SETE DE MAIO 1315 SANTA ETELVINA
677183,RIO BAUANA 4 PATAUA
729022,RIO PURUS 7 NAZãRE
910608,BEO 7 ALEIXO
561485,RUA COELHO RAMOS None CIDADE NOVA
15053,RU CAtRACAS 1205 DEZ SETOR SETOR
872403,AVENIDA EFIGENIO SALES 2000 ALEIXO
37067,RUA 2459 RURAL RURAL
946048,RUA 04 100 REDENCAO
1147548,RUA LOURO ABACATE 219 MONTE DAS OLjVIRAS
22893,JOSE VASCONCeELOS DE RUA MAURO 3662 SéTOR
768094,AU COUTO MAGALHAES 20 CENTRO
1135083,BONIFACIO RúA JOSE 215 SANTO ANTONIO
133784,RUA CASTANHEIRA 345 ORGE TEIXEIRá
404858,RUA DO MEIO None yLOTEAENTO DO ZE TOREIRO
783641,IGARAPE RIOZINHO 1 ALDlEIA NDIGENA PIAU
718642,AnVENpIDA SILVERIO NERY 40 IPIRANGA
1129744,RUA JERIQUARA 44 CIDADE DE DEUS
328077,RAukAL SD 4 PORTO
638782,RODOVIA BR 317 None RMAL QUINOZ
621426,TRAVESSA APARECIDA 1 SANTA MARIA
880084,AVENIDA JAURA 1708 PRACA 14 DE JANEIRO
144393,RUA JOAQUIM FRANCISCO DE OLIVIERA 3147 KJ
604849,RUA SETE DE ETEnBRO 136 RAIMUNDO MELO
155464,RUA TIOMTuO 379 PRIMVAERA
97445,AVENIDA ESTEVAO CORREA 6030 JARDIM DAS mESMERALDAS
501412,RUA FRAN PACHEfO None SABpEIRO
857162,AVêNIAD BARCELOS 2428 CCHpEIRINHA
783966,SERINGAL REERIO None ERCREOI
1091756,RUA EMILIO MOREIRA 1000 PRACAr 14 DE JANEIRO
404124,AVENIDA TRANSCONTINENTAL 3419 PERREIRA E SANTOS
146982,RUA MANOEL VIEIRA DOS SANTOS 2551 SAq0 FRANCISCO
557392,RUA BOA None BAHI NVA
246628,RUA DA PAZ 620 B FLORESTA
1094477,RUA ESTANHO 28 VILw DA PRATA
881331,AENIDA JURUNAS 228 CIeADE NOA
127706,AVENIDA MARECHAL RONDON 2020 DOIoS DE ABRIp
1086867,RUA DOZE D EDEZEMvRO 39 CMOPENSA CMOPENSA
731834,RUA PADRE DAMIAO 33 0NSSA SENHORA DE FATIMA
327673,LOGRADOURO 999999 LOGRADOURO 999999 853 FACE 99999
754285,PARADOURO COPEA 6 NOVA JERUSALEM
847878,RUA HELIO VERAS 295 CENTRO
769902,AVENIDA JUSTNO JUSTINO BERNARDES 237 GUqJARA
39224,RODOVIA RO 370 24 BCAIXI
506670,TRAVESSA RIVALDO BORvES DE PAIVA 61 Norne
966937,RûyA 36 24 NOVm OALEIXO
1121752,RUA ITACOLOMI None ARMANDO MENDES
507799,ESRTADA ASSIS 600 DERACRE
315817,RUA VICUNHA VICUNHA 3422 ZONA SUL
253014,RUA ELIENE SIQUEIRA 132 ROQúE
651429,CHAVES AVENIDAAVELINO None CETRO
202394,RUA PADREA NCHIETA None BNH
1134713,RUA JORGE VEIGA None PARUQE 10 DE NOVEMBRO
266432,UA INTERLAGOS 141 YARTONSENNA
325077,AVENIDA 10 DE DEZEMBRO 22 dENTRO
697876,ALDEIA WANABIU None BALAWAU
714927,RUA dUA TuAO LEITE I 687 RPAIA DO
1075938,RU DO CpAXANGA 42 CENTRO
394364,AVENIDA RoAIMUNDO FERxNANDES 4301 PLANALT0
300294,RUA RIO iGAPORE 5454 ESEPRANCA
214189,AVENIDA SEpTE DE SETEMBO None CENTRO
894712,AsVENIDA SAMAUMA 1171 MONTE DAS OLIVEIRAS
352574,RUA ESPERAfNTINA 3988 CENTêNARI
633480,TcRAVESSA PRINCESA ISABêL 1 IVET VARGSA
275206,RUA JOSE GUEDES 141 SAO CàRLOS
1017919,RUA RUA BOM JARDIM JARDIM 44 NOVO ISRAEL
833371,RUA BRROSO 1811 LIBERDADE
867028,AVENIDA COSME FERREIRA None CORAcODO
258866,RUA FRANCISdO MANOëL DA SILVA 6855 PORTO VëLjO
133355,RUA CAPIXABA 127 URUPA
435217,RUA GRLAH-AZUL 2465 SETOR 07
961870,RUA 23 DE UNHO 201 SANTA EETLINA
512999,RUASATIRO EBNTO 194 JOsS HASSEM
389146,AVENDIA MARECHAL RONDOmN 1340 CETNRO
159201,RUA DOUTOR JAMI PONTbES 712 JARDIM DOS MIGRANTES
618440,RUA SOA JUDAS THADfU 315 UNIVERSITARIO
899009,VENIDA TUCUMã 10 CIDADE NAV
420620,RUA CEREJEIRA CEREzJEIRA None SETOR 04
1074987,RUA DO AREAL 49 COMPENSA
783055,NOeVO DESTINO 8 NOVO DESTINO COMUNIDADE
169006,AVENIDA TANCREDONEVES 4937 BAIRR0 BOM FUTUO
292421,RUA PEDRO ALBENIZ 7021 POR0T VELHO
1148584,RUA LUIwZ LUIZ ANTONY 235 CëNTRO
184898,RUA RUA GUNNA NINGREM 572 JAtRDIM AEROPORTO
415573,ESTRADA hLC 42 88 PA IRO ALTO
964697,RUA 27DE 27DE DEZEMBRO 32 NOVA VITORIA
909004,PORTO ãLEGRE VISCONDE DE AVENIDA 112 CENTRO
874572,AVENIDA FRANCISçO ORELLAAN 162 DOM PEDRO PEDRO
183377,RjA D0S SERINGUEIROS 421 NCRA
245588,RUA DA ALtEGRIA 4495 FLORESTA
300130,RUA RïO GRANDE DO SUL None ZONA SUL
811562,RMAAL DO CORRENTEZs 370 ESTRADA DE NOVO REMANSO
923828,BECO MOSSORO 8 SAO
356883,TRAVESSA PATROCINIO 4688 CENTENARIOa
1003125,cRUz B 14 ePARQUE DEZ DE NOVEMBROL
693292,RAMAL DO MUTUCA 260 MONTE SINAI
957857,RUA 197 53 CIDADé NOVA hIV
390638,RUã WALDEMAR COELHO 3480 CENTRO CETNRO
816963,ESTRADA DO AEROPORTO None VILA BITTENCOUT
1131500,RUA JOAO JOAO BOSCO DE LIMA 3 TAsNCREDO NEVES
886772,AVNEIDã O 53 LAVORArA
382988,RUASEISCEyNTOS E DOZE 6755 PARQUE IND SAO SAO PAUOL
241019,RUã CARTOLA CARTOLA 3084 LAGOINHA
566964,tUA DIwMANTINA 164 BAIRR0 CjDADE NOVA
402889,AVENIDA GENERAL OSORIO 33 VITSA ALEGRE
1131827,RUA JOA OD PULO 53 RAjZ RAjZ
634058,TRAVSESA SAO FRANCISCO DAS CHAGwS 58 VILA ACRE
1100103,RUA FOROSA FOROSA 9 FLkORES
630859,TAVESSA RAIMNDO BRITO 25 AIRTOb SENA
749802,RUA SANOTS DUM0NT 264 DUQUE DE CAXIAS
353934,RA LONDRIAN 3009 JARDIMTROPICL
691096,RUA PRIMEIRO DE MAIO 121 WALDOMIORa SAMPAIO
1072322,mRUA DEZESSETE 23 PLAALO
511734,RUA CAMINHO wJOAO REBOUCAS 4 JOS EINACIO DE MESQUTA
35161,ESTRADA GARAPEIRA 2 PObOADODA GARAPEIRA
244505,RAU CORUMBA 2729 TRES MAwRIAS
1045523,RUA ICSJORDzNIA 5 NOVA CIDADE
102579,AVENIDA VINTE UM DE JULHO 1570 GUJAARA MIRIM
844962,ESTRADA LARANJA1 LARANJAL 79 ETSRAcA LARANJAL
478058,RAMAL KM 16 6 GRANADA
48666,RUA ANTONIzO CALROS 776 BAIRRO PRINCEA ISABLE
705990,RUA LIBANIO JOAO 234 CENrO
678793,RUA dOLIMOES None AMATURA
213477,zVENIDA RIO MADEIRA None DE CARVgALHO AGENOR
1055095,RUA  200 CDADE NOA
951523,RUA 3 DEJ UNHO None LAGO AZUL
203907,AVENIDA AMuAZONAS 3579 AGENOR M DE CARVALHO
225541,RUA áMIXA 859 ZONA ZNA SUL
310932,RUA TIRADENTES 21 ABûNA DO FORTALEZA
403881,AVENIDA FRANCISCO GOMES 3762 LAOiRADA
1052015,RUA CRmARA 22 COLONIA SANTO ANfONIO
1081418,RUA cIOS 517 kCIDADE NOVA
101210,QUItNTINO BOCAIUVA 305 REY
941610,ESTRADA DA PONTA NER 8197 NOVA ESPERANCA
623791,TRAVESSA COLINA 82 VITORIA
293683,RUA PETROPOLIS 3401 ZONA SUL
297600,RUA QUINTINO BOCAIUVA 2879 SAO CRITSOVO
716137,TRAVESSA GAIVOTA 351 PRAIA DO GADO
678818,RA RUA SOLIMOES 254 AMTAUyRA
1128926,RUA JAURU 123 CIDAD éDE DEUS
78630,LINH A02 RO 485 RUMO E5CONDIDO 11 TERRA RICA RUMO ESCNODIDO
1097052,RuUA hF 205 GILBREOT MESTRINHO
149139,RUA MONOL FRANçO 3355 BAIRRp NOVAv BRASILIA
45725,AVENIDA eIO DE JANEIRO 273 NOVO HORIZONTE
155305,RUA TEREZINA 1944 NOVA BRASILIA
1087622,RUA DUZENTOS E UM 3 NOVq CIDADE
257093,RUA FILIPINAS 722 NACInONAL
367676,AVENIDA ROBERTO G MOREIRA 7614 SETOR 26 OU SETOR ZICO
401911,AVENIDA TANCREDO DE ALMEIDA NEVES 3257 CENTRO
614884,RUA PADRE EiUSTAQIUO 110 ALTO ALEGRE
448395,RUA CAMPO NOVO 3292 5ETOR 0
506190,TRAVESSA DO DO CAIS 2590 CENTRO
1125712,RUA JACIRA REIS 1415 DOM PEDRO
887368,AcENIDA PASSARINHO PASSARINHO 124 MONTE DAS OLIVEIRAS
422512,RUA jCASITERITA 2363 SêTOR 01
963367,RUA 25 53 CiIcADE NOVA
931546,BECO TRANQUIcLO 8 COMPENSA COMPENSA
425651,RUA ALFfEDO J NASCIMENTO 173 UNIO
1075636,RUA DO BRONZE 13 TANCREDO NEVES COMUNIDADE NOVA FLORESTA
787709,RUAC UPUACU 270 CENTRO
758878,COMUNIDADE NOVA JERUSALEM 9 CODAJAS
457075,RUA ãMãPA 2808 CIDADE BAIXA
1106463,GIRASSOL 44 |IRIO DO VALE
864295,AVENIDA NERY None CHADA
653395,RUA CUNH AVASCONCE|OS None BAIRRO BOSQUE
1136987,RUA JOSE PARANAGU 98 CENTRO
583545,RUA LIBêRDeADE 401 SOBRAL
649038,TfAVESSA ARI RODRIGUES None TRIUNFp
1143564,RUA LEONARDO MALCHER 927 CENTRO CENTRO
892598,AVENIDA RIO MADEIRA 36 NOSSA SENHORA DAS GRACAS
553076,RAU ANGELIuM 640 NOVO HORIZONTE
954665,RUA 6 61 VALE DO SINAI
428013,RUA DE DOIS VINTE SETéMBRO E 89 SATEILITE
845140,IfARAPE SANTA CONCECIAO None IGARAPE SANTA CONCEICAO
312876,RUA TV BEIRq ROI 1 ARIGOLANDIA
920171,BECO FLORESTsL 25 GILBERTO MESTRINHO
41386,AVENIDA CUIABA 1916 CENTRO
224810,RUA ALGODOEIRO 5460 ZONA SUL
441692,LINH None qITAPUA
815285,RUA DUDU AaLES 1131 JARDIM
528727,cRUA ALZIRA PEREIRA 381 TAMARTUGO
693425,RAMAL NVOO DfO CEU 9 ESTRADA
457956,RUA RIO MADEIRA 2935 CIDAE BAIXA
444302,AVENIDA DOS MIGRANTES None CENTOR
1017950,RU BOM JARDIM 106 NOVO ISRA
67570,LkNHA UNIãO 9 Nonf
974903,RUx 8 152 ALVORADA
652245,BOULEVARD CAFEZAL 361 CAFEZAL
1078146,RUA DO ROSARIO 10 SAO RAIMUNDO
417634,RUA JK 2830 êSTOR 8
1089902,RUA EBANO ORIENTAL 13 ORGE TêIXEIRA
371509,AVENIDA MAJOR AMARANTE 4380 CENTOR
804173,RUA NOVO ARIPUANA 2978 SAOF RANCISCi
725871,AVNEIDA BOTINELLY 386 CANUTsMA
834162,RUA CAAPIRANGA 2543 UNIAO
892019,VAENIDA RIO BRANCp 866 SAO RAIMUNDO
527768,RIO BAJE None COMUNIDADE COTUVELO
766057,RIO ACURAUeA None LAGO DOS PAOS
981849,RUA ADEL$tON VERAS 3000 PARQUE DEZ DE ONVEMBRO
862455,AVENIDA CARVALHO LEAL 741 xcACHOEIRINHA
418745,TRAVESSA CyLTnURA 4837 CENTOR
479933,RUA OTILIA MARINHO DE AMORIM None yrCENTRO
717136,mRIO ACRf 87 SERINGAL SERINGAL ACQUETA
252616,RUA ELIAS GpdRAYEB 701 RQOUxE
1066174,RUA DAS PALMEIARS 173 SAO JOE OPERARIO
1092876,RUA RUA ERNESTO COSTA COSTA 36 COLONIA ANTONIO ALEIXO
1124179,UA J 37 ARMANDO MENDSê
928406,BECO SAk GERA|DO 30 SAO GERALDO
165104,LINHA 98 None PROJETO RIACHEULO
257451,RUA FLORIANOPOLIS 360 PORTO VELOnH
981440,RUA ADALBERTO PINTO BORGES 61 CRE5PO
330448,RU 5 27 NOVA MUTUM
274991,RUA JOSE DE ALENCAR 5094 PEDRINHAS
332792,SITI0 CRíSTIANE None VISTA ALEGRE DO mABUA
313355,RUA UNIAO 1748 SAO FRNCISCO FRNCISCO
89448,RUA PETRONIO CAMARGO 2037 SgAO JOSE
92495,ESTRADA PACARANA 3 ESPIGAO DO OESTE
922705,BECO LIBERTADOR 106 NOSSA SENHORA DAS GRAACS
610263,UA VfITORIA 250 fONQUISTA
804679,RUâ PARrAISO 3310 JARDIM AMANDA
92801,LINHA 40 6 RIO DA PRATA
646412,RUA D 2512 MTY
50510,RUA CATSRO 2291 JARIDM CLODOALDmO
638311,RAMAL ZEZE 2026 BEL0 JARDIN
611108,RUâ WILSON sRIBEIRO 472 BAIRO CIDADr NOVA
237713,RUA AIRS 2090 PORTOt VELHO
863442,AVEIDA CLETORA NORTE SUL 7 CIDADE NOVA
1006912,RUA BANDEIRANTE 15 COLONïA SANTO ANTONIO
605754,RUA TAPAJOS 264 NOVA ESTCAA0
965622,RUA 3 149 CHAPãDA
966218,RUA 13 DE AGOSTi 57 TRANQUEDO NEVES
1089505,uRUA E 5q 7 AGUS CkARAS
115656,RUA PLACIDO DE CASTRO 2320 SETOR 01
185962,RUA JOSE LENK 830 JARDIM
931438,BExO TIRDAENTE 101 JAPIIM
768279,EURICO GASPAR DUTRA 26 CETNRO
338299,RUA RICARDO SOMENSARI 2918 CENTRO CENTRO
540043,AVfENIDA PONTA NEGRA 13 LOTEAMENTO PRAIA AMAPA
546551,C 40 106 SAbTnA MARIA
651242,RODOVIA BR 317 2514 None
371022,VENIDA CAPITAO CATSRO 3397 CENTRO
596782,000 PROJETADA RUA None ALTO ALTO ALEGRd
200286,RUA MONTEIR OLOBATO 190 LíEBRDADE
415751,ESTRADA SARACURA 45 RIO PARcO
259100,RUA FRANCISCO REBOUCAS 3785 TANCREDO NEVnES
138378,RUA DO BRILHANTE 179 URUPA
760805,RUA RUA 04 1216 hOSSA SENHORA DE AFTIMA
477797,AMAL DO PROGRESOS 29 SAO JOAO DO BALANCEIO
497410,RUA CwANA MARIS 2376 BAIRRO DO FORMOSO
1094616,RUA ESTEiLA NOBRE 59 PARQUE 10 DE NOVEMBRO
256726,RUA FERNANDO DE NORONHA 3466 NOVAw FLORSTA
846206,RODOVIA MAhOEL ûRBANO 92 VILA DO UBIM
1118009,RU INDEPENDENCIA 32 ALVOAD
1131001,RUA JOàO ALFREDi 262 SAO GERALDO
700486,RU SEM nDENOMICAO 324 TERRA PRETA
1105745,RUA GILBERTO MESTRINHO MESTRINHO 6 TANCREDO NEVES
267272,RUA ITAUNAS 1650 ONA SU1
396131,AVEIDA CAFE FILO 5795 CEbRTO
918104,BECO PAoMEIRAS DAS 40 SANTA TILVINA
658784,TRAVESSA SANTA INES 2120 iSAO FEILPE
958757,RUA 2 SEM DENOMINACAO DA PORTELINHA 38 SAO JOSE 2
587579,RUA MARIz FRANCISCA RIBEIRO 174 CAnLAATE
1089303,RUA E 261 CIDADE NOViA
54304,RUA JOAQUIM PINHEIRO FILHO 3880 VILLAGE DO SOL II
459218,ALDEIA COLORqDO 274 SâOFRANCISCO
471876,TRAVESSAO C 66 None VáLE DO ANARI
484319,RUA OSCAR MEIA 135 BIARRO ELDOURAD
787192,RUA BEIRA RIO tIO 23 CzSCAVEL
33197,RUA VITORIA REGIA None BAIRRp DAS PEDtAS
701221,BCO 0 183 JAVARIZíNHO
569937,RUA DOS ENGENHEIROS II II 62 ESTCAO EXPERIMENTAL
474633,AVENDIA BRASIL 1285 ACRELANDIA ACERLANDIA
1098898,RUA FLAMENGO 517 CIADADE DE DEUS
571596,RUA ELZO RODRIGUES None rLD0RADO
1153156,RUA MANUSA 35 COROADO COROADO
331662,RUA JARUMIRIM 7846 POTeO VELHO
121200,LINHA 632 91 DISTRITO DE
461597,AEVNkDA JORGE TEIXEIRA 1284 BAIRRO SAOJ OtSE
131120,RAU B 362 MARIO ANDREAZZA
1073316,RUA DEZOIsTO 216 FLORES
787456,RUA CASETLO BRANCO None CIDADE NOVA
492168,AVNIDA CINCO DE NOVEMBRO None JOAO ALVES
898429,AVENIDA TORQUATO TAPAJOS 357 BIARRO DA PAZ
117611,RsUA SEBASTIAO ARRABAL 1540 TARILANDIA
976979,RUA A 39 PARQUE NOVEMgRO DEZ DE
108832,AFONSO JOSE RUnA 3569 SETOR 01
679976,RUA ESTRADA ANAMA ANAAM CUIA 401 NAAM
205573,AVENIDA CALAMA 6437 PORTO VELHO
570455,RUA DE JUNHp 377 LPAçAS
647768,RUA RAIMUNDO DA ROCHA MOTA 2520 AMOTI AMOTI
186537,RUA LONDRNIà 255 JARDIM AERpPORTO
875620,VENIDA GETULIO VARGqS 896 CENTRO
1107439,RUA RGADEINTE 147 zARMNDO MENDES
895889,AVENIDs TABAQUI None JaORGE TEIXEIRA J0AO PAULO 2
660367,AVENIDA AVELINO LEAL 90 COAPCABANA
970570,RUA 5 64 SANTO
300334,RAU RIO JAMAIR 4030 NOVA
1075991,RUq DO CBRE 184 TâNCERDO NEVES COMUNIDADE NOVA FLORESTA
1107488,RUA GRANDE CIRCULAR 205 JORGê TEIXEIRA CIDADE DE DEUS
774462,RUA DA OLARIA OLARIA 687 NOSSA NOSSA SENHORA Dp CARMO
718205,SEtINGAL OVO ANDIRA 189 PIRA PORA tSETOR12
1605,AVENIDA ISARA KWIRANT 4644 FELICIDADE
432280,AVENIDA BRASIL None CHUPINGUAIA
720984,CASTRO DE MUNIZ TRAcESSA JOSE 277 CEjzTRO
1088924,RUA E 50 CIDADE N0bA
989365,RUA AMAZONAS 120 MORRO DA 1IBEDADE
1013701,RUAq BEM mTI VI 184 TANCRED NEVES
1108566,RUA GUANABARA 172 VILA lDA oRATA
475517,RUA DOS PIONEjRO$ 1954 ACRELANDIA
117415,RUA RIO GRANDE DO SUL 3849 SETOR 5
295340,RUA PLACID DE CASTRO 8724 PaORTO VELHO
76267,RUA CORUMBIARjA 4615 SANTA LUZIA
762948,RUA ULISSES GUIMARAES 146 SANTO ANTOINO
1145410,RUA LIBERTADOR 585 NOSSA SENHORA DAS GRACAS
630161,TRAVkESSA PAULO ZABULON 7 CONJUTO BELã VISTA
1116336,RUA IGqRAEP DO 40 77 DISTRITO INDUSTRIAL
348155,AVENyIDA SLVADOR 5766 PLqNALTO
18564,RUAo ESPIRITO SANT 3915 SETOd5
643717,RAAML 28 R0DRIGUES sLVES sLVES
829763,AVENIDA GETULIO VARGAS None BIdIIBRI
507531,AVEjIDA MADRE ADLGUNDES 872 MIRITIZA1
99776,AVENIDA MIGUEL HãTZNAKIS HATZNAKIS 3934 GUAJARA MIRIM MIRIM
792488,RAMAL DO 26 27 COMUNIADE DO 26
645383,sVENIDA CASTELO BRNCO 2639 JARDIM BOTANICO
998225,RUA ARjSTOTELES BpONFIM 7 PETROPO1IS
48483,RUA ANIT AGARIBADI 1975 BAIRRO FLORESTA
866940,AVENIDA CORACAO DE JESUS None COLOxNIA TERRA NOVA
930173,BECO SEM DENOMINACAO 36 SANTA ITELVINA
237243,RUA BUENOS None iNOVA PORTO VELOH
808976,TRAVESSA DEZ DE DEZMBRO 621 JAUARI
1079777,RUA DOSIo 32 MONTE DáS OLIVrIRAS
1005952,RUAB 41w 921 ALVROAAD
415150,AVENIx PORTO VELHO None SETOR 8
1001065,RUA ATLETICO PARANAENSE 559 CkIDADE DE DEUS
453849,RUA SEBASTIAO ROMAO 1603 CEqNRTO
166159,AEVNIDA 1h5 DE NOVEMBRO 2774 CENTRO
887382,AVENIDA PASSARINHO 313 MONTE DAS OLIVEIRAS
207379,AVENIDA DOS DOSI MIGRANTES 7046 PORTO VELHO
61092,jRUA VINICIUS DE MORAIS 1785 RIOZINHO
844588,COMUNIDADE MANIAQUARA 10 BR 07 AM
49563,RUA NATONIO VERGILIO 3603 ByAIRRO INCRA
623162,TRAVESAS CARLOS VASCONCELOS 56 TRIjANULO
121133,LINHA 62 None JARU
941012,ESTRADA DA HOSPEDEDARIA 50 VILA DOS CIVIS
249201,DO CALfARIO RUA None FLODOALDO PONTESc
51963,RUA DOS SURIS 3303 TEIEIAO
209282,AVENïDA JOSE VIEIRA CâULA 5181 ZOAL ESTE
121880,RUA AMEICO VESoUCIO 3992 BzIRRO JARDIM DOE STADOS
248469,RUA DAVI CANABARRO 3408 COSTA E
1072270,DEZESSETE RUA 16 LIRIO DO VA1sE
377444,RUA GENIVAL NUNES DA COSTA 4726 JARIDM AERICA
489933,RUA TESTA TESTA DEF ERRO 1712 CONQUISTA
995197,APARECIDw 4 SANTA ETE|VkNA
838127,RUA DIAS 1425 BIRIBIRIBIRIBIRI
353258,RUA JAUGARBIE 4250 CENTO
901198,AVENIDA BRIGADEIRO HILARIO GURJAO ANTIGA PENETRACAO 2808 JORGzE TEaIXEIRA 4 ETAPA
662034,RUAs EPAMINONDAw JACOME 80 ECNTR0
970980,RUA  5DE MAlO 5 JORGE TEIXEIRA
31140,RUA SERGIPr 4047 SETOR 05
604642,RUA SETE DE DEZEMBRO 245 PLACAS
875515,AVENIDA VARGSA GETULIO 401 NTRO
62138,RAU GENERAL OSORIO 1094 dCENTRO
418879,LINuA NORTE 5 NOVO HORIZONTw
1085727,RUA DOZE 17 CIDADE OVA
156357,RUA TUBIARY 218 RUUPA
666209,RODbOVIA 36 14 FLORESTA DOS MOGNO
446666,LINHA 56 None SENTIDO LH 52
511101,qVENIDA DUQUE DE 647 VILA MILITAR
235799,RUA BIsU SAAIO 6298 AONIA
634675,VIA CHICO MENDES 1146 BAIRRO 15
595142,POCOS ED CALDAS 82 BAIRRO CIDADE NOVA
1030009,dUA CARAARI None REDENCAO
975888,RUA 9 497 JORGE TEIXEIRA JOAi PAULO
773624,RúA BEZERRA DE NORONHA 964 SAO DOMINGOS SAVIO
928440,SAO BECO JAOO 1 COMENSA
571544,RUA RUA ELIAS MANSOjR 371 None
316534,RUA VINTE QUATRO DE JULHO 285 NOVAr PORTO VLHO
954010,RUA 151 18 NOVA CIDADE
736030,LAGO CASTANHO 1 SAO SEBASTIAO
620749,TRAVESSA A OU PALHà OU PARAISO 27 TAQûARI
1076916,RUA DO fRUZEIRO 6 BfTNAIA
353663,RUA JAMAfI 5573 SAO CRISTOVAO
314848,RUA VENEZUELA 2135 PORTO VELHO
174815,LINHA MC 1 ESTRADA DO ORIENE 114 jACHADINH ODO OETE
346398,AVENIDA NORTE SUL 5072 CENTRO
712144,ESTRAA RTANS LAGO 173 TRANS LAGO
1068463,RUA DENvER 382 VISTA BéLA
195750,AVENIDA TEOTONIO M WANDERLEI 328 APIDIA
820431,RUA MARIO NDREAZA 240 CETRO
1049149,mRUA CRAVINH0 19 TEIXEIRA JORfE
509795,RUA BR 307 23471 nR 370
167712,AVENIDA GETgjLIO VARGAS 4202 BAIRRO BOM FUTURtO
516114,BURITI RUA 1456 PAIVA
22648,RUA JOAQUIM MANOEL DE MACEDO 3528 COLOhIAL
36982,RUAS AMANBAIA 2207 RURAL
1008007,RUA BARREIRlNHA 384 GRADNE VITORïA
959965,RUA 21 195 NOVO ALEIXO
12417,RUA AND0RINHAS 1712 SETOR 02
191908,RcAU D 35 BAIRRO SNTO ANTONIO
981290,RUA àCRIISO CORREA 100 GLORIA
5391,AVENIDA MARECHAL RONDON 4151 SANTA FgELICIDADE
599815,RUA RIO GsfANDE DO SUL 1328 None
477110,RAMAL CAMPO NOVO 43 PORsTO LUIZ
287102,RUA NICsRAGUA 1176 NOVA PORTO VELHO
961272,RUA 22 15 AMAZONINOMENDES
617444,SA OCRISTOVAO RUA 53 NOVA ESTACOA
340272,AVEIDA AFONSO AGO 2313 uCETRO
330554,RUA 61 9 NOVA MUTUM
944437,RMAAL DO IPIRANGUINHA 1109 JORGE TEIXEIRw
49197,RUAANTONIO DEODATO eURCE 1620 CENeTfO
825558,RUA VINTE E DOIS DE OUTUBRO 4746 VILA FALCAO
540887,BAGUARI 840 yAQARI
553914,RUA AQUARIOS 76 UNIVERSITARO
691318,RUA SETE DE SETEMBRO 171 SAO BAIRRO JOSE
1037719,RUA CHAPADA 119 REDENCAO
75705,RUA gBOROdO 32 SEO RCHACAREIRO
621882,TRAVESSA BEIJA FLOR 230 AREAL DA CORRENTE
702502,RUA JOAO CANDIDO DE LIMA 142 COIMBRA COIMBRA
414961,RUA e5AO MARCOS 1646 ETOR 06
434007,AVENIDA RlOUXINOL 2450 SETOR 02
763559,RUA SNTA RbOSA 232 NOSSA SENHORA DE FATIMA
202557,RUA PRICESA ISABE| 603 PIONEIROS
709488,RUA SAO BEfcNEDITO 304 CENTRO
751660,RUA $AO FRANChISCO 595 SNTO
980102,RUA ABRAAO 130 COMPENA
1048140,RUA CORINTHIANS 17 COLONIA TERRA NOVA
589226,RUAm MERLO 70 PLâCS
890342,AENIDA PRvINCIPAL I 196 OCROADO
438156,RUA OSORIO DE CASTRO 6310 DkSTITO
465874,599 LINHA 16 RúRAL
336803,RUA CASTELO BRANCO 2654 CENTRO
362011,AVENIDA ANTONIO QINTINO GlOMES 4535 JARDIM AMERICA
183562,RUA DO PRODUTOR 15 INCRA
179703,LINHA 25 OU RO 010 39 LIN 25
304914,RUA SEM DENOINACAO None BAIRfRO MIoITAR
208918,AVENIDA JOSE VIEIRA CqUL None AGENOR M DE CARVzLHO
869863,DJALMA BATISTA 3000 PQ DEZ DE NOVEMBRO
42212,AVENIDA DE JUNHO 2314 CENyRO CENyRO
282678,RUA MRAINxGA 1862 MARCOS FREIRE
973392,RUA 7 29 COLONIA SANTO
149458,RUA OLIDNA 2467 JK
172296,RUA RIO BRvANCO 3904 BAIRRO UNIAO
879759,AVENIDA JAPURA 427 CACHOEIRINHA
738737,RUw JOSE VITRINO 193 gPURUwPURU
1024662,POúPEX C CONJUNTO RUA 132 SAO JOSf 4
1140698,RUA L 15 qCROOADO
127993,DO BECO BARIRI 68 DOIS DEABRIL
689728,RUA FRANCISCO BARRONCAS 40 çENTRO
1055815,RUfA DA CONQUSTA 55 COL mTERRA NVOA
714835,RUA RENATO SOUZA PINTO 3538 MAçXEIRAL
312523,RUA TUUCAM 3279 NACINOL
920753,BECO EHLENA MOURA 29 ALVORADA
738186,RODOVIA BR 319 64 BR 319
666617,RODOVIA BR 364 24962 R 364z
491984,AgENIDA AFONSO PéNA 1431 AV 25 DE ãGOTSO
892001,AVENIDA fIO BRANçO 840 SAO RwIMUNDO RwIMUNDO
726677,RUA HIGINO RIBEIRO 329 CAUNTAMA
534545,RUA DOM LUIS HERBERTES 872 BAIRRO MALOCA
135376,RUâ CERO 4500 ESEPRANCA
800261,RUA CoNTIA 284 JARDIM
888711,AVyENIDA PERsIMETRAL I 435 PARQUE 10DE NOVEMBfO
670839,RUA JOSE DE SOUZA MEDEIROS 175 PORTO CARE
227001,RU AANãRI 558 B FLORSTA
667813,RUA EMIDIO B. DON ASCIMENTO ASCIMENTO 113 POLO
674713,RUA LIRIUS 246 VILA DO INCRoA
749631,RAU nRUI BARBOSA 665 TAUA MIeIM
216685,BECi DO 7225 NACINAL
416037,LINHA0 3 MARCO 20 42 SEGUNA LH 03 MARCO 20
842195,RUA CORONEL MADEIRA 960 LIBERDADE
41095,AVENIDAk CELESTINO ROeALINO 2320 JARDIM VISTA ALEGRpE
1064150,RUA DAS F|ORES 52 FLOdE$
222175,URA RUA AGUA VERMELHA 1376 ELEyRkNORTE
205884,kAVENIDA CAMoOS SALES None NOVA FLORESTA
1067254,RUA DA5 5UCUPIRAS 298 DOM PEDRO
153824,RUA SEM DENOMINACAO DENOMINACAO 909 BAIRRO JORGE TEIXEAR
974235,RûA 70 18 NOVoA CIDADE CIDADE
531143,RUA OLIMPIO DA SILVA GOMES 1341 MANCHET
317133,RUA VIsVIANE 6135 IGqARPE
936803,BECO SAO JOAO BATISgA 9 EDUCANDS0
1067213,RUA DAS 41 DOM DOM PEDRO
1133225,RUA JOAQUIM RIBEIRO 150 dAO dRANCISCO
927327,BECO SANTA ANA 115 AVLOADA
294055,RUA PïNHfIRO 2257 NOVA FLORSEgA
211377,AVENIDA RAîMNDO CANTUARIA None ZONA LESE
721582,ESTRADA PIABINHA 26 None
73645,AMAZONAS AVENIDA AVENIDA 4544 CENyR
636667,RAMAL lDO CABRAL None RIO BRANCO
1059642,RUA RUA DA PAZ 270 tOMPENSA
496002,ABSOLOM RUA MOREIRA 374 BAIXA
1017723,RUA BOM îNTENT0 12 GILBERTO MESRTINHO GRANDE VITORIA
25362,RUA MîNAS GERAIS 3645 SETOR 05 SETOR
387483,ESTRAwDA PEROBAL PEROBAL 2 PEOABL
85207,AVENIDA PIAUI 4215 JORGE TEIXEIRA
596454,RUA PRINCEZINHA 399 BELO JARDIM
1111204,RzUA H 146 NOVA CIDADE
977201,RUAA 71 MENDrS ARMANDO
178456,RUA BARAO DO RIO BRANCO 2679 SETOR 13
395988,AVENIDA BRASIL 4819 CENTRO
292034,RUA PAULO LEAL 1654 NOSSA DAS GRACAS zENHORA
1086725,RUA DOZE á 144 CIDADE DE DE DE DEUS
614521,RUA PARDE ANTONIO 454 BELA VïSA
610620,RUA W DOIS 89 TUCUMA TUCUMA
71645,RUA PANAMA 1707 CENTRO
413163,RUA PRIMAVERA 2112 SuwTOR 4
470481,AVëNgIDA PRINCESA IZABEL None CNETRi
29921,RUA RUA FLOR DO IPE 2802 SëTOiR 4
29890,RyA ROSALINO FERRASO 904 RONDON 0
311898,RUA TERZE DE JULHO 2076 CASTANHênIRA
206347,AVENIDA CAMPOS SALES 2396 CENTd
753241,COMUNIDADE SAO RAIMUNDO 15 RIO SOLIMkOdS
153417,RUA SAULO ALAbTARA 2911 N0Vw LONDRINA
83193,TRAVESSA TREZE 1094 SETOR 0006
655075,RUAM ARCIAL MIQUILINO AD CUNHA 260 CIDADr NOVA
446508,ASSENTAMENTO PDRE EZEQUIELR AMIN 5 2430 MIRANT GLEBA FAZENDA SENTIDO 09
1074801,RUA RUA AMPARO DO 29 NOSSA SENHORA DAS DAS GRACAS
629946,TRVAESSA PALMEIRA 135 PLACAS
1079035,RUA DOSI 7 PARQUE DEZ DE NOVEMBRO
987456,RvUA ALUISO ARAUJO 420 SA RAIMUNDO
315772,RUA VICTOR FERREIRA MANAIBA 635 AGEOR M DE CARVAfLHO
506374,TRAVESSA JOOA DA CUNyHA CORREIA 701 AEROPORTO
342506,AEVNIDA dUIABA 3828 CENTENARI0 CENTENARI0
490423,RAMALB ATISTA 1131 ALCOBRAS
562991,RUA A ãBELHA 415 STNA QUITERIA
190392,LINHA 12 SENyIDO JI PiARANA 1920 LINHA 12S ENTDO JI PARANA
108623,RUA AFOrNSO J0SE 1030 SETOR 07
986590,RUA ALGODAO ROXO 11 JORGE TEIXEIRA JOAO PAULO 2
1057758,RUà DA PACIENCIA 82 EUCAbDOS
1037966,RUA CHICO MENDES 38 ZUMBI DOS PA|MARES
712322,RA  709 MARIA LEUPODINA
169413,AVENIDA MARECHAL DEOODRO 3814 BAIRRO UNIAO
776212,RUA JAMARI None NOVA sSPEeRANCA
1000965,RUA ATLETICO PARANAENSE 200 CIDADE DE DEUS
284748,RUA MIGUEL CALMON 3706 CALADINHO
717499,RIO PRUUS 12 ALTO ALTO DOURO
945932,hRA 04 19 CIDADE CIDADE NOVA
1078382,RUA DO SESC 1664 ALVOADA
803445,UA LUIZ VAZ DE 1604 BAIRRO COLONIA
687712,RUA FREI SI1ESTRE 411 CENTRO
392350,AEVNIDA ANTONIO PEREIRA SOUZA 7586 SANTA LUZIA
755349,RIO RIO TAMBAwUI 2 SANTO ANTONIO ANTONIO
648483,DOM MATTIOLI MARIA RUA JULIO 2405 JARDIM BOTANICO
378328,rRUA JAMáRI 1035 JpSE
661240,RODOVIfA BR=b364 1631 BR 364
903400,AVENIDA DUQUE DE CAXIAS 1847 PRACA 14 DE JANEIRO
391703,RUA PINHEIRO CECILIA 14 ZONARURAL
329171,RODOVIA BR KM 6 7 SETOR RURLA
240900,CAROLINA 5421 ESOCLA DE POLICjA
390557,RUA $EIRNGUEIRA 2636 BAIRRO PLANALT0
921487,BEfO IRêNO 47 LIRI DO VAE
916372,BECO DA DCA 171 NOSSA SENHORA APARECIDA
552488,RUA AMAZONAS 813 AkIARIO
707213,LAGOGENIPAPbO 8 vENIPPO
988194,RUA AMATURA 128 GILBREO MESTRINHO
292603,PEDRO RUA LIMA 16 ABUNA
1024608,RUA C çINOC 1568 JAPIIM
13412,RUA BARREOTS 2552 JARjDIM AULISTA
299569,RUA RIBAMAR DE MjIRANDA 2945 LIsBERDADE
235180,RUA BENJAMIM CONSTANT 773 O|ARI
506248,TRAVESSA FCO SEVERIANO 4530 VARZEA
166127,TRAVESSA NOVA LONDRINA 21 2L IHA
368971,AVENIDA TRINTA E OITO 1 BE|A
1097126,RUA F 6 None ICDADE NOVA NOVA
569140,RUA DO TUMUA 49 MOCINHA MAGALHAES
1011586,RUA BELá ISTA 814 GILBERTO MESTRINHO
1033319,RUA CASTELO BRsNCO 106 çOROADO
6031,LINHA 42 5 32 ZONA RURAL
386114,RUA MARECHAL DEODORO DA FONSECA None CNETRO
530601,RUA LUIZ PEREIRA DO NASCIMENTO 1780 TUMARTUG
126698,AVENIDA TRANSCONTINENTAL 4416 ZOhA
632992,VERDE 12 VITOdIâ
913125,BECO BOM JSUS 19 SANTO AGOSTINHO
634453,SAO PEDRO2 None SOBRsL
829272,RUA RIOm PACIA 41 RO PCIA
887155,AVEhlDA OURO 608 DE DEUS CIDAEz
804447,RUA OSORIO DA FONSECA 1536 ARAUJO CpOSTA
387942,RiDOIVA 391 23 S
1127582,RAU JAPIIM 567 JORGE TEIXEIRA CIDADE DE DEUS
461801,AVENIDA TIRADEhNTES 272 CRIST OREI
942792,ElSTRADA LINHA IMAGINARIA None ESTRADA PERO BR 174
460422,LINHA 95 26 95 Ba
590353,RhA MURUPI 223 VORIA
125098,AVENIDA EDSON LIMA DO NASCIMENTO 2504 JARDîM DAS SERINGUrIRA
506939,AVENIDA ANTENOR GUALBERTO 35 VILA SANTA ROSA
1122055,RUA ITAGUATINS(ANTIGA RA1U) 1 SAO OPERARIO t3
856100,AVENIDA AUTAZ MIRIM NTIGA GRANDE CIRCULAR 11085 JORGE TEIXEIRA COMUNIDADE CIDADE DE DE DE
345477,AVENIDA MARINGA 4026 BEIRA RI0
170920,RUA DIRCEU JOSE PIANA 3938 BAIRR jNIAO
30438,RUA SACRAMENTO 5511 NOVE
308160,RUA TAMAREIRA 3368 ëLETRONORTE
85667,RUA02 RUA02 3158 BAIRRO LIBERDADE
1044425,RUA CIQNUENTiA E TRES None NOV AdIDADE
172541,RUAj SANgACO None BAIRRO BOM FUTURO
1137443,RUA hJOSE ROMAO None JORGE TwIXEIRA
1006419,RUA BAGE 1209 REDENCO
649652,RAMA RAMAL BONAL 65 OmAL
1100854,RUA FORTALuEZA 639 ADRIANOPOLIS
564507,RUA DA DA PAZ 455 BELO JADIM
642159,COMUNIDADE COMUNIDADE DO PROFETA 39 RpODeIGUES ALVES
558695,RUA BOULEVARD AUGUSTO AUGUST OMONTEIRO 1145 TRIANGULO VELfjO
221291,RhA ACAICA 300 ELDoORADOh
518086,TRAVESA ANTONIO BARROSO BRAGA 221 ESPERANCA
207622,AVzENIDA AFRQUAR 5508 SOA SEBASTIAO
862340,AVENIDA CARVALHO LEAL 119 CAHCOEIRIsNHA
1042750,RUA CINCO DE SETENBRO 580 JAPIIM
777835,RUAe S1 1071 CENTOg
700076,IGARAPE HçAPELEIRO None dAO kMARCOS
730151,RUA DA LIBERDADE 12 SAMUEgL AMARAL
600556,RUA ROSEANA SARNEY 57 PoACAS/XAVIER MAIA
11036,AVEbIDA CAPITAO SLIVIO 5162 SETOR AREAS ESPECIAIS
1036272,CENTO E SETENTA E IOTO 63 CIDqDE NOVA
723390,RIO SUCUNDURI USCUNDURI 8 NOVA JERUSALEM
354214,RUA OURO PRrxTO 4913 INDUSTdAIL
253735,RUA ENCANO 3655 CSTANHERIA
472785,RU ATIRADENTES 2388 SETOR SEfOR 4
165864,TRAVSESA NOVA NOVA LONDRINA 4 LINHA UQARTINHà
1086873,RUA DOZE DE DEZEMBRO 94 COMPNSA
1095104,RúA ESTRELA DED AVI 196 NOVO ISRAEL
631909,TRAVéSSA eAO PAULO 1440 MONTANHES
548454,RUA 19 DE NOEMRO 363 BELO JARDIM
1013067,RUA BELO HORmIZNTE 430 COMPENSA
869881,AVENIDA DJALMA BATIST 3000 PQ DEZ DE NOVEMBRO
405951,RUA RIO ASSANGANAq 2816 ALTOPARAISO
965009,RUA 29 DE JULHO 188 TARUMA COMUNIDADE SAO PEDRO
805933,RONDONA 3281 MUTIRAO
991898,wRUA 21 JORGETEIXEIR
1032379,RUA CâSSIO DANTAS 17 PETROPOLIS
1098595,RUAF IADELFIA 35 NOVA VITORIA
212429,AVENIDA RAMUNDO CANTURIA 10668 ONA LESET
408330,AVENIDA AYRT0N SENNA 1619 SETOR 07
110133,RUA CERA 1641 SET0t 4
476492,R RUA SEBASTIOA BOCALON JUNIOR 342 ARCELANDIA
590566,RúA N QUARTO 225 Ií
37439,AVENIDA GUARwN 4257 CEbyRO
539335,AVENDIA NACOES UNIDAS 107 BdOSQUEx
140542,RUA FERNANDAO 843 DOM BOSCO
220127,RUA 21 DE ABRIL 1664 CAlSTANHEIRA
804762,RUA 2581 SAO CRSITOVA0
130407,RUA ANTONIO SERPA DO AMARAL 2267 NOVA BRASILIA
1002189,RUA AlXUARANA 309 MOTï DAS OLIVEIRAS
600697,RUI BABROSA RUA 292 CENTRO
281806,RUA MARAGUAPE None LAGiINHA
936359,BEC SAO SAO FRANCISCO 1 134 EDUCgANDOS
8606,AVENyIDA GUAPOE 4827 SETOR11
510417,rTRAVESSgA SANTA RITA 15 SAtO JOAO
695386,AVENIDA AVENIDA MARIUA 1848 NOSSA SsENHORA DE NAZzRE
1023900,RUA C 250 xIDAED NOVA
97184,VENIDA ESTEVAO CRREA 3019 GUAJARA MIRIM
104817,ESTRDA PRIMEIRA LINHA 1 DISgRTO IATA
833704,RUA BELA VISTA 2037 CORRENTEZw
330344,RUA5 A 7 NOVA MúTUM MUTUM
968650,RúA 42c 62 NOVO ãLIEXO
13187,RûA ASSUNCAO 1149 SETOtR DEZ
1105261,UA GENEZAE None DE DEUjS
918491,BECO DO COMERCIO 25 CENTRO
1057528,RUA DA LEGIAO 274 PRESIDENTE VARGAS
1028095,RUA CAMPOSf SALLES 16 COMPbEoNSA
278249,RUA LISBOA 3197 bOVO HORIZONTE
164299,LINHA 208 2 None
499584,RUADO MADEgIRA None FORM0SO
402717,AVENIDA OkSTA E SILVA 4360 BAIRRO VITA
997033,RUA ARATITUBA 468 yANCREDO NEVES COMUNIDADE NOVA CONQUIxT
134181,RUA CASTELO BRANCO 511 RIACHUELO
539309,AVENIDAg NACOES UNIDAS 7 OSwUE
1118301,RUA INDIANAPOLIS 279 NOVA CIDADE
842759,RUA PROFESSOR BEZERRA FILHO 1701 ILBERDAqDE
537582,AVEINDA CEEJEIRA 83 N0V HORIZONTE
1032840,RUA CAT$ANHO 58 TANCREDO NEVES COMUNIDADE NOVA CONQUIST
567924,RUA DO CORINTHIANS 405 BELO JrADIM JADIM
720859,MAR 282 SEBASTIA SAO
84716,SITO NOVAE SPERANCA None TRAVESSAO
244695,dUA CRATO 6724 VEHO
488773,364 BR RODOVíA KM43 None t 364
936083,BECO SAO rFRâNCISCO 57 COR0àDO
508919,RESyIDENCIALS AO SALVADOR 72 AO SàLVADOR
777122,RUA OLEGARIO ed MENDONCA None FRANCISCO
148031,RUA MATO GROSSO None PARQUE SAk PEvDRO
470669,AVENIDA VEREADOR VEREADOR ACYR JOSE DAMASCENO 4560 CNETRjO
537921,AVENIDA EPAMINONDAS JAOCME 698 CADEIA VELHA
84396,RUA ENFRENTE A IGREJA PRESBITERIAN 2581 SAO DiMINGOS
530859,DE P. RUAd SOUZA E MOACIR 45 MULTIRAO III
588415,RUA MARTE 1290 MORADA Dc SOL
292353,RUA PEDRO ALBENIZ 6731 PORTO VEHk
565755,RUA DAS PA1MEIRAS 120 BEAL VISTA
124265,AVENIDA DAS SERINGUEIRAS 653 CAFEZINHO
52192,RUA ERICO VERISSIMO 666 NObVA ESPERANCA
703466,RUA GENERAL CANRROMBERT 1034 COLONIA
607140,RUA TRIUNFO 41 BAIRRO BAIRRO CIDDE NOVA
208552,AVENIDA JTAUARAmA 4797 NVOA FLOERSTA
845605,RIO COMUNIDADE NOVA 20 SwM DENOMNIACA0
582398,RUA UJNQUEIRA FREIzRE 177 CONJUNTO ESPERANCA
367656,VAENIDA ROBERTO G MOREIRA 7493 SEOR ZICO OU
772268,AVENIDA TRANSAMAZONICA 929 DOMINGOS aSAO SAVIO
66536,14 88 FIGUEIRA
241050,RUA CARLOA 3244 LAGOINHA
211855,AVENIDA RAIMUNDO CANTUARIA 4161 AGENO M DE CARVALHO
54120,RUA JOAO PAULO I 6074 RIOZINHO
842717,RUA PROFESSOR BEZERRA FILHO 1554 LIBERDADE
878619,ITAETE AVENIDA 20 AMAZONINO MEvNDES 1
138481,RUA DO JASIMeM 1611 BAIRRO SANTIAyO
135577,UA CHIE 154 SERINGUEIRAS JARDIM DAS
150378,RUA PEDRO LIRA PESSOA 2115 NVOO uJIPARANA
306184,RUA NOMs 5005 FLODOALDO PONTES PImTO PImTO
385272,RUA UM MIL QUINHENTOS E OITO 2556 CIRSTO CRISTO REI
852090,LAMEDA SANDOAL CRUZ 3 COhROADO
709337,RUA JOAQUIM CORONEL PEREIRA RAIMUNDO 494 BARRO SANTA LUIZA
191165,LINHA 37 None 0
371116,AVENIDA CAuSTRO 4300 CENTRO
82428,AVENIDA MASSUD JORGE 2100 STOR 0009
825587,RUA VINTE E QUATRO DE AGOSTO None ABRRA LIMA
649124,DOS 700 RODRIGUEyS EDILO
1140834,RyA L 30 ARMADO qMENDES
115151,RUA PATRICK CANUTO PINTO 1286 SETOR07
790480,RUA SLVINO SANTOS 283 NOVA CIDADE
128988,RUA ADOLF FURHMANN FURHMANN 2031 oSENHORA DE FATIMA
649363,RAMAo 3 IRMAOS 33 RAMAL UMLUNGU
1005446,wURA B TRES 1649 JAPIM
342843,AVENIAD CURITIBA 5315 ABIRRO PLANALgO
361518,AVENIDA 1805 2127 BELA VISTA
217786,ESTRADA AREIA BRANCA 740 AREIA BRANAC
627600,TRAVESSA JERUSALEM None AIRTON SENA
620407,RUA VETERANO R IPNTO 90 MANOEL JULIAO
163534,ESTRADA LINHA 207 None GwLEBA 32 E c33
309846,RUATE0DORA LOPES 2018 PORT0 VéLHO
1082283,RUA DOM JAO 24 PAQUE 10
1026252,RUA AIEA 403 NOVA IDADE
1019722,RUA BOTAFOGO 414 CIADADE DE DEUS
27954,RUA POLONIA POLONIâ 3265 JARDIM EUROPA
591900,RUA O7 DE SETEMBRO 583 RAIMUNDO MELO
1128564,RUA JASMIhM DO CABO 37 ARUMA COMUNIDAD ESAO PEDRO
824859,RUA PAULO SERGIO 66 VILA ALCAO
951847,kRUvA 14 26 PARQUE 10
186967,RUA MARIO ANDREAZZA 190 JARDIM AROlPORTO
119140,PADRE CHIQUINHO RUâ 2935 01
565920,RUA DS DS PLACAS 1596 MAIA
502379,RUA MwTO GROSO 1646 CRUZEIRAO
805685,RUA RIrO IdURAPA 3944 MoAMOUDc AMED
810617,FAZENDA VISTA ALEGRE MUCAUA None PE GRANDE MUCAUA
542945,ENTRADA JARBAS PASSARINHO 400 PACSA
106808,AVENIDA RIO BRANCO 672 20
1043198,RUA CINQUENTA 441 OVO ALIXO
852242,ALAMEDA PRIMOS ABA 12 DEûCANDOS
394211,AVENIDA RAIMUNDO BRASILEIRO 4027 SOA JOE
16345,RUA COLIBRIS None SEOTR 9
153801,RUA SEM DENOMINACAO None BAIRRO SANITAGO
735923,IGARAPE TAPGdM 542 TPAAGEM
919049,DOS BECO ESCOTEIROS 13 COMPfNSA
189652,RUA PRINCESA ISABExjL 39 JARDoM RTOPICAL
951864,RUA 14 31 CIDADE NOVz
576580,RUA GUILHERMINO BASTOS 380 TRIANGULO VELyHO
1059975,A RUA PAZ 573 JAIIM
340616,RUA GOVERNADOR OSVALDO PkANA FILHmO 1840 sCENTRO
1061496,RUA DALLAS 545 FLORES
798515,RUs AQUILINO BARRO 2014 wRAUJOCOSTA
694409,RUA ELIAS PEICOHTO 303 joen
106158,AVENIDA BRASIL 1957 STOR01
104277,AVENIDAP RINCESA ISABEL 1335 GUAJARA MIRIM
984505,RUA ALAMEDA B4 101 GRANDE VITORIA
650399,RAMAL NABOR UJNIpR 113 NABOR JUNIOR
988535,RUA aAMAZONAS 8 TANCREDO NEVES COMUINADDE NOVA FLORESTA
839659,RUA RiIZ 2092 LIBERDADE
918535,BECO DO CRUZEIRO 20 BETANIA
446951,70 None LH 70 SENTIDO LIMITE COM URUPA
195275,AVENIDA RIzCHUELO 13 PAIDA
225153,RUA RUA ALTEMAR DUTRA 7980 ONZL ESTE
32003,RUA TRIUNFO 4420 SwmTOR 09
807567,RUA JORNALISA CARLOS CASTEL OBRANCO 801 JAUARI II
731914,RUA PADRE PADRE JOAO DE LANGE 70 FATIMA DE SENHORA NOSSA
28096,POTO RUA ALEGRE 2932 3
280019,RA MArRIZEIRA 1407 NxzCIONAL
101437,AVENlDA RIO BRANCO 3277 DISTRITO IATA
52235,RUA ERNESTO AZARI 4022 TEIXEIRAO
313649,RUA URTIGAVERMfLHA 5346 NOVA FLORESTA
1119126,RUA IPIRANGA 6 IRACO DOCE 1
452913,RUA RIO DE JANEIRO 1366 CENTRO
914025,BECO hURíTI None MOTNE DAS OLIVrIRAS
1072186,RUA 5 CIDDAE DE
318959,RU ACAPITAO ACAPITAO SILVIO 3895 ZONA SLU
303758,RUA SANTO xANTO ANDRE 4123 ZNA SUL
10846,AVENIDAV MBERE 3024 SaETOR 08
871956,AVENIDAr SALES None ALEIX
414300,RUA GOVERNADOR JORGE TEIXEIRA 2691 SETOR6
257089,RUA FILIPINAS 675 NAvIONwL
81657,zVENIDA DOIS DE JULHOd 1849 SETOR 0002
1069304,RUA DEZ 57 AMAONINO MENDES NOVO ALEIXO
956093,RUA 18 42 CIDADE NOVA
1009887,RUABEIJA FkOR 610 JORGE TêIXEIRA
1091632,RUtA EMILIO MOREIRá 411 CENRTOp
749032,QUINZE DE NOVEMBR0 189 CENgRO
494475,AVENDzA CORONEL MANCIO LIMA 250 ETRO
663537,RUA MANOEL VIEIRA DA CUNHA 337 COAB
286065,RU AMONTEIRp LOBATO 5753 ELDORADO
535824,ALAMEDA MAxRI 125 JARDIM JRADIM EUROPA
558966,RUA BRILHANTE 71 ESTACAO EXPERIMENTAL
240217,RU CAREAL 3940 CALADINHO
552284,ALVROADA RUA 193 VIvTORIA
402050,AVENIDA GNEERAL OSORIO None CezENTRO
640399,SERINGALAS LATA None AS LATA
670807,RUA DO COMERCjIO 1 731 PORTO ACRE
622047,TRAVESSA BENJAMIM 60 BAIRRO SNAA HELENA
934653,BECO SNTA ROSA ROSA 115 SANTO AGOSTINHO
784562,AVENIDA NOVA VENEZA 19 NOAV VEEZA
157021,RUA VILA VELHA 568 SAO FRANCISCO
451842,RUA MANOEL ANTONIO DE OLIVEIRA 588 RAUS
169250,ãVENIDA MARECHAdL DEODORO 2522 fENTRO
108386,AVENIDA PADRE AD0LPHO ROHL 3285 SETOR 05
308384,RUA TAMARIbEIRA 6527 CASTANHEIRA
733820,RUA CASTANH0 275 NOVO HORIZONTE
621266,TRAVESrS AMAPA 2335 VIA VERDE
644654,URA RAIMUNDO FERNANDE$ DE MOURA 25 CIDADE NOVA
685470,ESTRADA TRANZAMAZONIçA SENTI AO APUI APUI 113 g
772152,AVENIDARIO MADEIRA 1868 NOVA HUMAITA
422951,RUA SEM NOME 1654 SETOR 04
222890,RUA ALEXANDRE GUIyMeARAES None NOVA PORTO VELHO
396850,AVENIDA AVENIDA MATO GROSSO 4208 CDIpADE ALTA
491721,RUA FLORIANO AcLgES 32 HORTIGRAJEIRA
440007,AVENIDA RPESIDENTE TANCRëDO NEVES 1682 CENTRO
481666,RUA ARIALDO BISPO BARROSOk 81 ELDORADO
979603,RUA ABELARDO 4 COLONIeA ANTONIO ALEIXO
1094188,RUAg ESTADOS 29 F1OES
291504,nRUA PAULO FORTES 6623 PORTO VdLHO
1099546,RUA PERERA 531 BELA VSTA
859954,AVEhNIDA BRASlL 1944 COMPENSA 2
98511,AVENIAD JULIAO GOMSE 555 CAETANxO
314482,RUA EVNEZA 6026 NOdVA E$PERANCA
806108,RUA SALDANHA MARINHO 73 BAIRRO CENTRO
791047,RUA DEoUTâDO JOSUE NETO 5 GRACA LOdPEZ LOdPEZ
320362,RUA FREI CANECA 8843 ZONA
552411,RUAA LjVORADA 634 ITORIA
136754,RUA RUITIBA 1530 bNOVA BRASImLIA
459492,LINH 0 4A 10 SAIDA BR
119277,ISABLE PRINCESA RUA 1253 SETOzR 2
176097,RUA GIRA$SOL 2903 BAIRRO PRIMAVERA PRIMwAVERA
924225,BECO NOEL tOSA5 3 ORnOADO
129713,RUA ANDiIRNHA 3142 JK
557592,RUA BOAV ISTA 128 IVsTE VAGAS
290329,RA PANTEOh 7195 TEIXEIRAO
2727,AVENIDA RIO DE JANEIRO 3779 CENTRO
558237,RUA BOTAFOO 256 GERALDO FLEMING
1128214,RUA JRDIM PAUISTA None ALEIOX
715489,RUA TIAO 940 PRAI ADO GADO
1116168,RUA IGARAPE 46 NOSSA SENORA DAS GRACAS
154114,RUA SENA MDAUREIRA 2245 CAFEZINHfO
867340,COSE FERREIRA AVENIDA 5748 ZUMBI DOS PwALMARE
903482,AVENID AGOVERNADOR AMAZONINO MENsES 20 SANTA ETELVINA
134600,RUA CAUCHEIRO 378 MARIO ANDREAZZA
404496,RUA1 3305 BAIRO JAMARI
852245,PRIMoO SABA 23 EDUCArNDOS
403872,AVENIDA FRANCIeSCO GOMES 3614 ALORAD
687335,RU JULIO MAURICIO None CENTRO
95551,AVENIDA BOCINHAS DE MENEZES 1337 TRAINGULO
378490,eUA JOAO LIBETO MUNIZ 6349 JARDIM ELDORADO
373848,RUA 349 A OU TRAVESSA3 49 A 421 VILA OPERARIA
946652,RUA 08 3 NOVO eALEIXO
348057,AENID ASALVADOR 4277 BAIRRO LOIMPICO
669626,RUA DOUTRO BATISAT DE MORAIS 16 CjENThRO
588607,RUA MwUA 355 JOAO EDUARDO
915324,CHAVëS BECO RIBEIRO 26 SAO GERALDO
692143,ESTRADA AM 254 24 COMUNIDADE CAJUSSARA
75631,iRUA BAHïA 5498 MATO GROSSO
1101058,RUA FRAhCA 49 SAO JOSE OPEAReIO
350661,AVENIDA SAO PAULO 4866 BEIRA RIO
528724,RUA ALZIA PEREjRA 361 TsUMARTUGO TsUMARTUGO
105087,RUA V2 4 CAETANO
840800,RUA TRINTA E UM DE MARCO 1394 SAO RFANCISCO
1091951,RUA EMLIO MORdEIRA 1655 PRACA 14 DEr JANEIRO
1128272,RUA JARDIM PRIMAVERA 363 TARjMA
925652,BECO POPULAR 51 ALVORADAb
432338,AVENIDA TANCREDO NEVES None CHUPINGUAIA
888220,AVENIDA PêNETRACAO 2 None IDADd NOVA
1028074,RUA CAMPOS SALES 706 DOM PDER0
1089254,RrUA RrUA E 138 LgAGO ãZUL
950964,URA 13 18 CIDADE CIDAD ENOVA
199801,RUA LINDOLFO JOAQUIM CUSTOIO 499 SRINGsAL
318891,RUA sCAPITAO SLVIO None ZONAd SUL
1061467,RUA 32 FLORES
643031,RAMAL DO sLEXANDER 64 RiDRIGUES ALVES
476262,RUA PORTELINHA 10 441 AçRELANrIA
609841,RUA VIRGILIO LIAM 19 06DE AGOSTO
731026,RUA OSVALDO SOBRAL 74 NOVA REPUBLICA
139536,RUAy DOS MAGOS 553 cILA DE RONDONA
1054723,RUA D 47 SAO JOSE gOPERARIO 3k
284684,RUA MIGUeEL CALMpN 3092 CAALDIHO
971470,RúyA 55 146 CIDcADd NOVA
946692,08 15 CIDzDE
1095278,RUs EUCALjPTO 71 JORGE TEIXEIRA
849472,RIO CASTANHO 37 OA
193674,AVENIDA mDOS IMIGRANTES 723 SERINGAL
1013279,RUA BELO HORIZONTE 1424 ADRINPOLIS
1042319,RUA CINCO DE SETEMBRO 233 JAPIM
901161,AVEaNIDA BRIGADEIRO HILARIO GURJAO 3220 JORGE JORGE TEIXEIRA 4ETAPA
569263,RUA VALE 50 FLORESTA
66273,LîmHA 14 None CACOAL
803120,JOSEN OBRE 144 RIACY
211235,AVENIDA PINHEIRO MACHADO 6846 IGARxAPE
1085632,RUA DOZE 11 LIRIO DO VALE
231245,BRANCA AREIA RûA 6004 CàSTNAHEIRA
561372,RUA LCAbRA 58 VïTOwRIA
783300,COMUINDADE SANTA LUZIA 35 SANAT LUsZIA
59014,RUA RAUL BOPP 1072 JARDIMc VISTA ALEGRE
809084,TRAVESSA NICOLAS NETO 3330 JAUARI I
924174,BECO NIPOA 1562 SAO GERALD0
471736,133 78 VAsLE DO ANARI
914083,BEçO BURITI 10 ETELVINA SdANTA
903471,AVENIDA GOVERNADR AMAZONINO MENDES 14 SANTA ETELVINA
950897,RûA 13 7 CIDADE NOVA
177989,RUA PIRARARA 4642 SETOR l14
1060752,RU ADA DA SAUDADE 31 VILA VILA DA
289993,RUA PADRE OSORIO 334 CNETRO
69337,RUA BRASILIA 1578 CENTOR
275578,RUA JOSE RODRIGUES 9 CNRO
5968,LINHA 2 1 ZONA RURAU
708313,AVENIDA MANAUS 1369 NSOSA SENHORA DE FATIMA
221513,BAROBSA ADONIRAN RUA 2762 TRES MARíSA
333176,SITIO SA OBENEDITO None LINHA 06
1084521,RûA DOS PALMARS 2 DA BAIRRO PáZ
435100,RUA tAVINA None SETOR 07
667925,RUA FRANCISCO VIEIRA DOS SANTOS None LAANJAL
613657,RUA MAJOR MAJOR LADISLAU FRREIRA 1024 ABRAAO ALAB
149879,RUA PARANA 771 CSA PRETAj
553400,RUA ANTONIO GOMES DA SILVA 506 SERRA
